#
# There is insufficient memory for the Java Runtime Environment to continue.
# Native memory allocation (mmap) failed to map 65536 bytes. Error detail: Failed to commit metaspace.
# Possible reasons:
#   The system is out of physical RAM or swap space
#   This process is running with CompressedOops enabled, and the Java Heap may be blocking the growth of the native heap
# Possible solutions:
#   Reduce memory load on the system
#   Increase physical memory or swap space
#   Check if swap backing store is full
#   Decrease Java heap size (-Xmx/-Xms)
#   Decrease number of Java threads
#   Decrease Java thread stack sizes (-Xss)
#   Set larger code cache with -XX:ReservedCodeCacheSize=
#   JVM is running with Unscaled Compressed Oops mode in which the Java heap is
#     placed in the first 4GB address space. The Java Heap base address is the
#     maximum limit for the native heap growth. Please use -XX:HeapBaseMinAddress
#     to set the Java Heap base and to place the Java Heap above 4GB virtual address.
# This output file may be truncated or incomplete.
#
#  Out of Memory Error (virtualSpaceNode.cpp:113), pid=16076, tid=17768
#
# JRE version: OpenJDK Runtime Environment Temurin-21.0.9+10 (21.0.9+10) (build 21.0.9+10-LTS)
# Java VM: OpenJDK 64-Bit Server VM Temurin-21.0.9+10 (21.0.9+10-LTS, mixed mode, sharing, tiered, compressed oops, compressed class ptrs, g1 gc, windows-amd64)
# No core dump will be written. Minidumps are not enabled by default on client versions of Windows
#

---------------  S U M M A R Y ------------

Command Line: --add-opens=java.base/java.lang=ALL-UNNAMED --add-opens=java.base/java.lang.invoke=ALL-UNNAMED --add-opens=java.base/java.util=ALL-UNNAMED --add-opens=java.prefs/java.util.prefs=ALL-UNNAMED --add-exports=jdk.compiler/com.sun.tools.javac.api=ALL-UNNAMED --add-exports=jdk.compiler/com.sun.tools.javac.util=ALL-UNNAMED --add-opens=java.base/java.util=ALL-UNNAMED --add-opens=java.prefs/java.util.prefs=ALL-UNNAMED --add-opens=java.base/java.nio.charset=ALL-UNNAMED --add-opens=java.base/java.net=ALL-UNNAMED --add-opens=java.base/java.util.concurrent=ALL-UNNAMED --add-opens=java.base/java.util.concurrent.atomic=ALL-UNNAMED --add-opens=java.xml/javax.xml.namespace=ALL-UNNAMED --add-opens=java.base/java.time=ALL-UNNAMED -XX:MaxMetaspaceSize=512m -XX:ReservedCodeCacheSize=256m -XX:+HeapDumpOnOutOfMemoryError -Xmx1G -Dfile.encoding=UTF-8 -Duser.country=LY -Duser.language=ar -Duser.variant -javaagent:C:\Users\moner\.gradle\wrapper\dists\gradle-9.3.1-all\9ot9r568e8zfvvd4mn8rbu1j0\gradle-9.3.1\lib\agents\gradle-instrumentation-agent-9.3.1.jar org.gradle.launcher.daemon.bootstrap.GradleDaemon 9.3.1

Host: Intel(R) Core(TM) m5-6Y54 CPU @ 1.10GHz, 4 cores, 7G,  Windows 11 , 64 bit Build 22621 (10.0.22621.1194)
Time: Tue Sep 22 00:02:17 2026 elapsed time: 339.640866 seconds (0d 0h 5m 39s)

---------------  T H R E A D  ---------------

Current thread (0x00000269f979c430):  JavaThread "Daemon worker"        [_thread_in_vm, id=17768, stack(0x0000009767700000,0x0000009767800000) (1024K)]

Stack: [0x0000009767700000,0x0000009767800000]
Native frames: (J=compiled Java code, j=interpreted, Vv=VM code, C=native code)
V  [jvm.dll+0x6d6e29]
V  [jvm.dll+0x8b4b76]
V  [jvm.dll+0x8b712e]
V  [jvm.dll+0x8b7813]
V  [jvm.dll+0x283d86]
V  [jvm.dll+0x8b08be]
V  [jvm.dll+0x678824]
V  [jvm.dll+0x1e80ab]
V  [jvm.dll+0x1e7e6e]
V  [jvm.dll+0x67b122]
V  [jvm.dll+0x67af52]
V  [jvm.dll+0x6791fe]
V  [jvm.dll+0x26f054]
V  [jvm.dll+0x219d5f]
V  [jvm.dll+0x20f44e]
V  [jvm.dll+0x5b5a0f]
V  [jvm.dll+0x82dee6]
V  [jvm.dll+0x478438]
V  [jvm.dll+0x47e268]
C  [java.dll+0x17ec]

Java frames: (J=compiled Java code, j=interpreted, Vv=VM code)
J 856  java.lang.ClassLoader.defineClass1(Ljava/lang/ClassLoader;Ljava/lang/String;[BIILjava/security/ProtectionDomain;Ljava/lang/String;)Ljava/lang/Class; java.base@21.0.9 (0 bytes) @ 0x00000269e7e70791 [0x00000269e7e706c0+0x00000000000000d1]
J 8578 c2 java.security.SecureClassLoader.defineClass(Ljava/lang/String;[BIILjava/security/CodeSource;)Ljava/lang/Class; java.base@21.0.9 (16 bytes) @ 0x00000269e8261e4c [0x00000269e8261720+0x000000000000072c]
J 4799 c2 java.lang.ClassLoader.loadClass(Ljava/lang/String;Z)Ljava/lang/Class; java.base@21.0.9 (121 bytes) @ 0x00000269e808041c [0x00000269e807f700+0x0000000000000d1c]
J 3428 c2 java.lang.ClassLoader.loadClass(Ljava/lang/String;)Ljava/lang/Class; java.base@21.0.9 (7 bytes) @ 0x00000269e8000c6c [0x00000269e8000c20+0x000000000000004c]
v  ~StubRoutines::call_stub 0x00000269e787100d
j  org.jetbrains.kotlin.com.intellij.openapi.vfs.VirtualFileManager.<clinit>()V+0
v  ~StubRoutines::call_stub 0x00000269e787100d
j  org.jetbrains.kotlin.com.intellij.core.CoreApplicationEnvironment.<init>(Lorg/jetbrains/kotlin/com/intellij/openapi/Disposable;Z)V+191
j  org.jetbrains.kotlin.com.intellij.core.JavaCoreApplicationEnvironment.<init>(Lorg/jetbrains/kotlin/com/intellij/openapi/Disposable;Z)V+11
j  org.jetbrains.kotlin.cli.jvm.compiler.KotlinCoreApplicationEnvironment.<init>(Lorg/jetbrains/kotlin/com/intellij/openapi/Disposable;Lorg/jetbrains/kotlin/cli/jvm/compiler/KotlinCoreApplicationEnvironmentMode;)V+9
j  org.jetbrains.kotlin.cli.jvm.compiler.KotlinCoreApplicationEnvironment.<init>(Lorg/jetbrains/kotlin/com/intellij/openapi/Disposable;Lorg/jetbrains/kotlin/cli/jvm/compiler/KotlinCoreApplicationEnvironmentMode;Lkotlin/jvm/internal/DefaultConstructorMarker;)V+3
j  org.jetbrains.kotlin.cli.jvm.compiler.KotlinCoreApplicationEnvironment$Companion.create(Lorg/jetbrains/kotlin/com/intellij/openapi/Disposable;Lorg/jetbrains/kotlin/cli/jvm/compiler/KotlinCoreApplicationEnvironmentMode;)Lorg/jetbrains/kotlin/cli/jvm/compiler/KotlinCoreApplicationEnvironment;+19
j  org.jetbrains.kotlin.cli.jvm.compiler.KotlinCoreEnvironment$Companion.createApplicationEnvironment(Lorg/jetbrains/kotlin/com/intellij/openapi/Disposable;Lorg/jetbrains/kotlin/config/CompilerConfiguration;Lorg/jetbrains/kotlin/cli/jvm/compiler/KotlinCoreApplicationEnvironmentMode;)Lorg/jetbrains/kotlin/cli/jvm/compiler/KotlinCoreApplicationEnvironment;+5
j  org.jetbrains.kotlin.cli.jvm.compiler.KotlinCoreEnvironment$Companion.getOrCreateApplicationEnvironment(Lorg/jetbrains/kotlin/com/intellij/openapi/Disposable;Lorg/jetbrains/kotlin/config/CompilerConfiguration;Lorg/jetbrains/kotlin/cli/jvm/compiler/KotlinCoreApplicationEnvironmentMode;)Lorg/jetbrains/kotlin/cli/jvm/compiler/KotlinCoreApplicationEnvironment;+66
j  org.jetbrains.kotlin.cli.jvm.compiler.KotlinCoreEnvironment$Companion.getOrCreateApplicationEnvironment(Lorg/jetbrains/kotlin/com/intellij/openapi/Disposable;Lorg/jetbrains/kotlin/config/CompilerConfiguration;)Lorg/jetbrains/kotlin/cli/jvm/compiler/KotlinCoreApplicationEnvironment;+62
j  org.jetbrains.kotlin.cli.jvm.compiler.KotlinCoreEnvironment$Companion.createForProduction(Lorg/jetbrains/kotlin/com/intellij/openapi/Disposable;Lorg/jetbrains/kotlin/config/CompilerConfiguration;Lorg/jetbrains/kotlin/cli/jvm/compiler/EnvironmentConfigFiles;)Lorg/jetbrains/kotlin/cli/jvm/compiler/KotlinCoreEnvironment;+27
j  org.gradle.kotlin.dsl.support.KotlinCompilerKt$kotlinCoreEnvironmentFor$1.create()Lorg/jetbrains/kotlin/cli/jvm/compiler/KotlinCoreEnvironment;+14
j  org.gradle.kotlin.dsl.support.KotlinCompilerKt$kotlinCoreEnvironmentFor$1.create()Ljava/lang/Object;+1
j  org.gradle.internal.SystemProperties.withSystemProperty(Ljava/lang/String;Ljava/lang/String;Lorg/gradle/internal/Factory;)Ljava/lang/Object;+9
j  org.gradle.kotlin.dsl.support.KotlinCompilerKt.kotlinCoreEnvironmentFor(Lorg/jetbrains/kotlin/com/intellij/openapi/Disposable;Lorg/jetbrains/kotlin/config/CompilerConfiguration;)Lorg/jetbrains/kotlin/cli/jvm/compiler/KotlinCoreEnvironment;+27
j  org.gradle.kotlin.dsl.support.KotlinCompilerKt.compileKotlinScriptModuleTo(Ljava/io/File;Lorg/gradle/kotlin/dsl/support/KotlinCompilerOptions;Ljava/lang/String;Ljava/util/Collection;Lorg/jetbrains/kotlin/scripting/definitions/ScriptDefinition;Ljava/lang/Iterable;Lorg/gradle/kotlin/dsl/support/LoggingMessageCollector;)V+779
j  org.gradle.kotlin.dsl.support.KotlinCompilerKt.compileKotlinScriptToDirectory(Ljava/io/File;Lorg/gradle/kotlin/dsl/support/KotlinCompilerOptions;Ljava/io/File;Lorg/jetbrains/kotlin/scripting/definitions/ScriptDefinition;Ljava/util/List;Lorg/slf4j/Logger;Lkotlin/jvm/functions/Function1;)Ljava/lang/String;+76
j  org.gradle.kotlin.dsl.execution.ResidualProgramCompiler.compileScript_C5AE47M$lambda$0(Lorg/gradle/kotlin/dsl/execution/ResidualProgramCompiler;Ljava/io/File;Lorg/jetbrains/kotlin/scripting/definitions/ScriptDefinition;Lorg/gradle/internal/classpath/ClassPath;Ljava/lang/String;)Ljava/lang/String;+35
j  org.gradle.kotlin.dsl.execution.ResidualProgramCompiler$$Lambda+0x0000026981ca5ed0.invoke()Ljava/lang/Object;+20
j  org.gradle.kotlin.dsl.provider.StandardKotlinScriptEvaluator$InterpreterHost$runCompileBuildOperation$1.call(Lorg/gradle/internal/operations/BuildOperationContext;)Ljava/lang/String;+10
j  org.gradle.kotlin.dsl.provider.StandardKotlinScriptEvaluator$InterpreterHost$runCompileBuildOperation$1.call(Lorg/gradle/internal/operations/BuildOperationContext;)Ljava/lang/Object;+2
J 9319 c1 org.gradle.internal.operations.DefaultBuildOperationRunner$CallableBuildOperationWorker.execute(Lorg/gradle/internal/operations/BuildOperation;Lorg/gradle/internal/operations/BuildOperationContext;)V (10 bytes) @ 0x00000269e09c2d4c [0x00000269e09c2ae0+0x000000000000026c]
J 8282 c1 org.gradle.internal.operations.DefaultBuildOperationRunner$2.execute(Lorg/gradle/internal/operations/BuildOperationDescriptor;Lorg/gradle/internal/operations/BuildOperationState;Lorg/gradle/internal/operations/BuildOperationState;Lorg/gradle/internal/operations/DefaultBuildOperationRunner$ReadableBuildOperationContext;Lorg/gradle/internal/operations/DefaultBuildOperationRunner$BuildOperationExecutionListener;)Lorg/gradle/internal/operations/BuildOperation; (110 bytes) @ 0x00000269e0164b44 [0x00000269e0164940+0x0000000000000204]
J 8281 c1 org.gradle.internal.operations.DefaultBuildOperationRunner$2.execute(Lorg/gradle/internal/operations/BuildOperationDescriptor;Lorg/gradle/internal/operations/BuildOperationState;Lorg/gradle/internal/operations/BuildOperationState;Lorg/gradle/internal/operations/DefaultBuildOperationRunner$ReadableBuildOperationContext;Lorg/gradle/internal/operations/DefaultBuildOperationRunner$BuildOperationExecutionListener;)Ljava/lang/Object; (12 bytes) @ 0x00000269e016583c [0x00000269e01657c0+0x000000000000007c]
J 9149 c1 org.gradle.internal.operations.DefaultBuildOperationRunner.execute(Lorg/gradle/internal/operations/BuildOperationDescriptor$Builder;Lorg/gradle/internal/operations/DefaultBuildOperationRunner$BuildOperationExecution;)Ljava/lang/Object; (147 bytes) @ 0x00000269e09602bc [0x00000269e095f440+0x0000000000000e7c]
J 7834 c1 org.gradle.internal.operations.DefaultBuildOperationRunner.execute(Lorg/gradle/internal/operations/BuildOperation;Lorg/gradle/internal/operations/BuildOperationWorker;)V (22 bytes) @ 0x00000269dfc30184 [0x00000269dfc2fee0+0x00000000000002a4]
J 9317 c1 org.gradle.internal.operations.DefaultBuildOperationRunner.call(Lorg/gradle/internal/operations/CallableBuildOperation;)Ljava/lang/Object; (20 bytes) @ 0x00000269e09c2204 [0x00000269e09c2060+0x00000000000001a4]
j  org.gradle.kotlin.dsl.provider.StandardKotlinScriptEvaluator$InterpreterHost.runCompileBuildOperation(Ljava/lang/String;Ljava/lang/String;Lkotlin/jvm/functions/Function0;)Ljava/lang/String;+38
j  org.gradle.kotlin.dsl.execution.Interpreter$compile$1$1$1$1.invoke(Ljava/lang/String;Ljava/lang/String;Lkotlin/jvm/functions/Function0;)Ljava/lang/String;+28
j  org.gradle.kotlin.dsl.execution.Interpreter$compile$1$1$1$1.invoke(Ljava/lang/Object;Ljava/lang/Object;Ljava/lang/Object;)Ljava/lang/Object;+13
j  org.gradle.kotlin.dsl.execution.ResidualProgramCompiler.compileScript-C5AE47M(Ljava/io/File;Ljava/lang/String;Lorg/jetbrains/kotlin/scripting/definitions/ScriptDefinition;Ljava/lang/String;Lorg/gradle/internal/classpath/ClassPath;)Ljava/lang/String;+21
j  org.gradle.kotlin.dsl.execution.ResidualProgramCompiler.compileStage1-EfyMToc(Lorg/gradle/kotlin/dsl/execution/ProgramSource;Lorg/jetbrains/kotlin/scripting/definitions/ScriptDefinition;Lorg/gradle/internal/classpath/ClassPath;)Ljava/lang/String;+82
j  org.gradle.kotlin.dsl.execution.ResidualProgramCompiler.compileStage1-EfyMToc$default(Lorg/gradle/kotlin/dsl/execution/ResidualProgramCompiler;Lorg/gradle/kotlin/dsl/execution/ProgramSource;Lorg/jetbrains/kotlin/scripting/definitions/ScriptDefinition;Lorg/gradle/internal/classpath/ClassPath;ILjava/lang/Object;)Ljava/lang/String;+16
j  org.gradle.kotlin.dsl.execution.ResidualProgramCompiler.emitEval(Lorg/jetbrains/org/objectweb/asm/MethodVisitor;Lorg/gradle/kotlin/dsl/execution/ProgramSource;)V+11
j  org.gradle.kotlin.dsl.execution.ResidualProgramCompiler.emit(Lorg/jetbrains/org/objectweb/asm/MethodVisitor;Lorg/gradle/kotlin/dsl/execution/ResidualProgram$Instruction;)V+48
j  org.gradle.kotlin.dsl.execution.ResidualProgramCompiler.emit(Lorg/jetbrains/org/objectweb/asm/MethodVisitor;Ljava/util/List;)V+49
j  org.gradle.kotlin.dsl.execution.ResidualProgramCompiler.emitStaticProgram$lambda$0$0(Lorg/gradle/kotlin/dsl/execution/ResidualProgramCompiler;Lorg/gradle/kotlin/dsl/execution/ResidualProgram$Static;Lorg/jetbrains/org/objectweb/asm/MethodVisitor;)Lkotlin/Unit;+13
j  org.gradle.kotlin.dsl.execution.ResidualProgramCompiler$$Lambda+0x0000026981c9ef08.invoke(Ljava/lang/Object;)Ljava/lang/Object;+12
j  org.gradle.kotlin.dsl.execution.ResidualProgramCompiler.overrideExecute$lambda$0(Lkotlin/jvm/functions/Function1;Lorg/jetbrains/org/objectweb/asm/MethodVisitor;)Lkotlin/Unit;+9
j  org.gradle.kotlin.dsl.execution.ResidualProgramCompiler$$Lambda+0x0000026981c9f130.invoke(Ljava/lang/Object;)Ljava/lang/Object;+8
j  org.gradle.kotlin.dsl.support.bytecode.AsmExtensionsKt.method(Lorg/jetbrains/org/objectweb/asm/ClassVisitor;ILjava/lang/String;Ljava/lang/String;Ljava/lang/String;[Ljava/lang/String;Lkotlin/jvm/functions/Function1;Lkotlin/jvm/functions/Function1;)V+76
j  org.gradle.kotlin.dsl.support.bytecode.AsmExtensionsKt.publicMethod(Lorg/jetbrains/org/objectweb/asm/ClassVisitor;Ljava/lang/String;Ljava/lang/String;Ljava/lang/String;[Ljava/lang/String;Lkotlin/jvm/functions/Function1;Lkotlin/jvm/functions/Function1;)V+43
j  org.gradle.kotlin.dsl.support.bytecode.AsmExtensionsKt.publicMethod$default(Lorg/jetbrains/org/objectweb/asm/ClassVisitor;Ljava/lang/String;Ljava/lang/String;Ljava/lang/String;[Ljava/lang/String;Lkotlin/jvm/functions/Function1;Lkotlin/jvm/functions/Function1;ILjava/lang/Object;)V+45
j  org.gradle.kotlin.dsl.execution.ResidualProgramCompiler.overrideExecute(Lorg/jetbrains/org/objectweb/asm/ClassVisitor;Lkotlin/jvm/functions/Function1;)V+22
j  org.gradle.kotlin.dsl.execution.ResidualProgramCompiler.emitStaticProgram$lambda$0(Lorg/gradle/kotlin/dsl/execution/ResidualProgramCompiler;Lorg/gradle/kotlin/dsl/execution/ResidualProgram$Static;Lorg/jetbrains/org/objectweb/asm/ClassWriter;)Lkotlin/Unit;+19
j  org.gradle.kotlin.dsl.execution.ResidualProgramCompiler$$Lambda+0x0000026981c9b478.invoke(Ljava/lang/Object;)Ljava/lang/Object;+12
j  org.gradle.kotlin.dsl.execution.ResidualProgramCompiler.program_5oOsWEo$lambda$1(Ljava/lang/String;Lkotlin/jvm/functions/Function1;Lorg/jetbrains/org/objectweb/asm/ClassWriter;)Lkotlin/Unit;+14
j  org.gradle.kotlin.dsl.execution.ResidualProgramCompiler$$Lambda+0x0000026981c9b6a0.invoke(Ljava/lang/Object;)Ljava/lang/Object;+12
j  org.gradle.kotlin.dsl.support.bytecode.AsmExtensionsKt.publicClass-7y5yvvE(Ljava/lang/String;Ljava/lang/String;Ljava/util/List;Lkotlin/jvm/functions/Function1;)[B+26
j  org.gradle.kotlin.dsl.execution.ResidualProgramCompiler.program-5oOsWEo(Ljava/lang/String;Lkotlin/jvm/functions/Function1;)V+19
j  org.gradle.kotlin.dsl.execution.ResidualProgramCompiler.access$program-5oOsWEo(Lorg/gradle/kotlin/dsl/execution/ResidualProgramCompiler;Ljava/lang/String;Lkotlin/jvm/functions/Function1;)V+3
j  org.gradle.kotlin.dsl.execution.ResidualProgramCompiler.emitStaticProgram(Lorg/gradle/kotlin/dsl/execution/ResidualProgram$Static;)V+23
j  org.gradle.kotlin.dsl.execution.ResidualProgramCompiler.compile(Lorg/gradle/kotlin/dsl/execution/ResidualProgram;)V+20
j  org.gradle.kotlin.dsl.execution.Interpreter.compile$lambda$0(Lorg/gradle/kotlin/dsl/execution/Interpreter;Lorg/gradle/groovy/scripts/ScriptSource;Lorg/gradle/kotlin/dsl/execution/ProgramId;Ljava/lang/String;Lorg/gradle/kotlin/dsl/execution/ProgramKind;Lorg/gradle/kotlin/dsl/execution/ProgramTarget;Lorg/gradle/internal/classpath/ClassPath;Lorg/gradle/api/internal/file/temp/TemporaryFileProvider;Lorg/gradle/internal/classpath/ClassPath;Ljava/io/File;)Lkotlin/Unit;+187
j  org.gradle.kotlin.dsl.execution.Interpreter$$Lambda+0x0000026981663610.invoke(Ljava/lang/Object;)Ljava/lang/Object;+40
j  org.gradle.kotlin.dsl.provider.StandardKotlinScriptEvaluator$KotlinScriptCompilationAndInstrumentation.compile(Ljava/io/File;)Ljava/io/File;+32
j  org.gradle.internal.scripts.BuildScriptCompilationAndInstrumentation.execute(Lorg/gradle/internal/execution/ExecutionContext;)Lorg/gradle/internal/execution/WorkOutput;+9
j  org.gradle.internal.execution.steps.ExecuteStep.executeInternal(Lorg/gradle/internal/execution/UnitOfWork;Lorg/gradle/internal/execution/steps/InputChangesContext;)Lorg/gradle/internal/execution/steps/Result;+16
j  org.gradle.internal.execution.steps.ExecuteStep.access$000(Lorg/gradle/internal/execution/UnitOfWork;Lorg/gradle/internal/execution/steps/InputChangesContext;)Lorg/gradle/internal/execution/steps/Result;+2
j  org.gradle.internal.execution.steps.ExecuteStep$1.call(Lorg/gradle/internal/operations/BuildOperationContext;)Lorg/gradle/internal/execution/steps/Result;+8
j  org.gradle.internal.execution.steps.ExecuteStep$1.call(Lorg/gradle/internal/operations/BuildOperationContext;)Ljava/lang/Object;+2
J 9319 c1 org.gradle.internal.operations.DefaultBuildOperationRunner$CallableBuildOperationWorker.execute(Lorg/gradle/internal/operations/BuildOperation;Lorg/gradle/internal/operations/BuildOperationContext;)V (10 bytes) @ 0x00000269e09c2d4c [0x00000269e09c2ae0+0x000000000000026c]
J 8282 c1 org.gradle.internal.operations.DefaultBuildOperationRunner$2.execute(Lorg/gradle/internal/operations/BuildOperationDescriptor;Lorg/gradle/internal/operations/BuildOperationState;Lorg/gradle/internal/operations/BuildOperationState;Lorg/gradle/internal/operations/DefaultBuildOperationRunner$ReadableBuildOperationContext;Lorg/gradle/internal/operations/DefaultBuildOperationRunner$BuildOperationExecutionListener;)Lorg/gradle/internal/operations/BuildOperation; (110 bytes) @ 0x00000269e0164b44 [0x00000269e0164940+0x0000000000000204]
J 8281 c1 org.gradle.internal.operations.DefaultBuildOperationRunner$2.execute(Lorg/gradle/internal/operations/BuildOperationDescriptor;Lorg/gradle/internal/operations/BuildOperationState;Lorg/gradle/internal/operations/BuildOperationState;Lorg/gradle/internal/operations/DefaultBuildOperationRunner$ReadableBuildOperationContext;Lorg/gradle/internal/operations/DefaultBuildOperationRunner$BuildOperationExecutionListener;)Ljava/lang/Object; (12 bytes) @ 0x00000269e016583c [0x00000269e01657c0+0x000000000000007c]
J 9149 c1 org.gradle.internal.operations.DefaultBuildOperationRunner.execute(Lorg/gradle/internal/operations/BuildOperationDescriptor$Builder;Lorg/gradle/internal/operations/DefaultBuildOperationRunner$BuildOperationExecution;)Ljava/lang/Object; (147 bytes) @ 0x00000269e09602bc [0x00000269e095f440+0x0000000000000e7c]
J 7834 c1 org.gradle.internal.operations.DefaultBuildOperationRunner.execute(Lorg/gradle/internal/operations/BuildOperation;Lorg/gradle/internal/operations/BuildOperationWorker;)V (22 bytes) @ 0x00000269dfc30184 [0x00000269dfc2fee0+0x00000000000002a4]
J 9317 c1 org.gradle.internal.operations.DefaultBuildOperationRunner.call(Lorg/gradle/internal/operations/CallableBuildOperation;)Ljava/lang/Object; (20 bytes) @ 0x00000269e09c2204 [0x00000269e09c2060+0x00000000000001a4]
j  org.gradle.internal.execution.steps.ExecuteStep.execute(Lorg/gradle/internal/execution/UnitOfWork;Lorg/gradle/internal/execution/steps/ChangingOutputsContext;)Lorg/gradle/internal/execution/steps/Result;+28
j  org.gradle.internal.execution.steps.ExecuteStep.execute(Lorg/gradle/internal/execution/UnitOfWork;Lorg/gradle/internal/execution/steps/Context;)Lorg/gradle/internal/execution/steps/Result;+6
j  org.gradle.internal.execution.steps.CancelExecutionStep.execute(Lorg/gradle/internal/execution/UnitOfWork;Lorg/gradle/internal/execution/steps/Context;)Lorg/gradle/internal/execution/steps/Result;+35
j  org.gradle.internal.execution.steps.TimeoutStep.executeWithoutTimeout(Lorg/gradle/internal/execution/UnitOfWork;Lorg/gradle/internal/execution/steps/Context;)Lorg/gradle/internal/execution/steps/Result;+6
j  org.gradle.internal.execution.steps.TimeoutStep.execute(Lorg/gradle/internal/execution/UnitOfWork;Lorg/gradle/internal/execution/steps/Context;)Lorg/gradle/internal/execution/steps/Result;+92
j  org.gradle.internal.execution.steps.PreCreateOutputParentsStep.execute(Lorg/gradle/internal/execution/UnitOfWork;Lorg/gradle/internal/execution/steps/ChangingOutputsContext;)Lorg/gradle/internal/execution/steps/Result;+24
j  org.gradle.internal.execution.steps.PreCreateOutputParentsStep.execute(Lorg/gradle/internal/execution/UnitOfWork;Lorg/gradle/internal/execution/steps/Context;)Lorg/gradle/internal/execution/steps/Result;+6
j  org.gradle.internal.execution.steps.BroadcastChangingOutputsStep.execute(Lorg/gradle/internal/execution/UnitOfWork;Lorg/gradle/internal/execution/steps/InputChangesContext;)Lorg/gradle/internal/execution/steps/Result;+53
j  org.gradle.internal.execution.steps.BroadcastChangingOutputsStep.execute(Lorg/gradle/internal/execution/UnitOfWork;Lorg/gradle/internal/execution/steps/Context;)Lorg/gradle/internal/execution/steps/Result;+6
j  org.gradle.internal.execution.steps.CaptureOutputsAfterExecutionStep.execute(Lorg/gradle/internal/execution/UnitOfWork;Lorg/gradle/internal/execution/steps/WorkspaceContext;)Lorg/gradle/internal/execution/steps/AfterExecutionResult;+6
j  org.gradle.internal.execution.steps.CaptureOutputsAfterExecutionStep.execute(Lorg/gradle/internal/execution/UnitOfWork;Lorg/gradle/internal/execution/steps/Context;)Lorg/gradle/internal/execution/steps/Result;+6
j  org.gradle.internal.execution.steps.NoInputChangesStep.execute(Lorg/gradle/internal/execution/UnitOfWork;Lorg/gradle/internal/execution/steps/ValidationFinishedContext;)Lorg/gradle/internal/execution/steps/Result;+23
j  org.gradle.internal.execution.steps.NoInputChangesStep.execute(Lorg/gradle/internal/execution/UnitOfWork;Lorg/gradle/internal/execution/steps/Context;)Lorg/gradle/internal/execution/steps/Result;+6
j  org.gradle.internal.execution.steps.BuildCacheStep.executeWithoutCache(Lorg/gradle/internal/execution/UnitOfWork;Lorg/gradle/internal/execution/steps/WorkspaceContext;)Lorg/gradle/internal/execution/steps/AfterExecutionResult;+6
j  org.gradle.internal.execution.steps.BuildCacheStep.lambda$execute$1(Lorg/gradle/internal/execution/UnitOfWork;Lorg/gradle/internal/execution/steps/WorkspaceContext;Lorg/gradle/internal/execution/caching/CachingState$Disabled;)Lorg/gradle/internal/execution/steps/AfterExecutionResult;+3
j  org.gradle.internal.execution.steps.BuildCacheStep$$Lambda+0x0000026981bba4d8.apply(Ljava/lang/Object;)Ljava/lang/Object;+16
j  org.gradle.internal.Either$Right.fold(Ljava/util/function/Function;Ljava/util/function/Function;)Ljava/lang/Object;+5
j  org.gradle.internal.execution.caching.CachingState.fold(Ljava/util/function/Function;Ljava/util/function/Function;)Ljava/lang/Object;+6
j  org.gradle.internal.execution.steps.BuildCacheStep.execute(Lorg/gradle/internal/execution/UnitOfWork;Lorg/gradle/internal/execution/steps/WorkspaceContext;)Lorg/gradle/internal/execution/steps/AfterExecutionResult;+25
j  org.gradle.internal.execution.steps.BuildCacheStep.execute(Lorg/gradle/internal/execution/UnitOfWork;Lorg/gradle/internal/execution/steps/Context;)Lorg/gradle/internal/execution/steps/Result;+6
j  org.gradle.internal.execution.steps.NeverUpToDateStep.execute(Lorg/gradle/internal/execution/UnitOfWork;Lorg/gradle/internal/execution/steps/NonIncrementalCachingContext;)Lorg/gradle/internal/execution/steps/UpToDateResult;+6
j  org.gradle.internal.execution.steps.NeverUpToDateStep.execute(Lorg/gradle/internal/execution/UnitOfWork;Lorg/gradle/internal/execution/steps/Context;)Lorg/gradle/internal/execution/steps/Result;+6
j  org.gradle.internal.execution.steps.legacy.MarkSnapshottingInputsFinishedStep.execute(Lorg/gradle/internal/execution/UnitOfWork;Lorg/gradle/internal/execution/steps/CachingContext;)Lorg/gradle/internal/execution/steps/Result;+18
j  org.gradle.internal.execution.steps.legacy.MarkSnapshottingInputsFinishedStep.execute(Lorg/gradle/internal/execution/UnitOfWork;Lorg/gradle/internal/execution/steps/Context;)Lorg/gradle/internal/execution/steps/Result;+6
j  org.gradle.internal.execution.steps.ResolveNonIncrementalCachingStateStep.executeDelegate(Lorg/gradle/internal/execution/UnitOfWork;Lorg/gradle/internal/execution/steps/ValidationFinishedContext;Lorg/gradle/internal/execution/caching/CachingState;)Lorg/gradle/internal/execution/steps/UpToDateResult;+14
j  org.gradle.internal.execution.steps.AbstractResolveCachingStateStep.execute(Lorg/gradle/internal/execution/UnitOfWork;Lorg/gradle/internal/execution/steps/ValidationFinishedContext;)Lorg/gradle/internal/execution/steps/CachingResult;+51
j  org.gradle.internal.execution.steps.AbstractResolveCachingStateStep.execute(Lorg/gradle/internal/execution/UnitOfWork;Lorg/gradle/internal/execution/steps/Context;)Lorg/gradle/internal/execution/steps/Result;+6
j  org.gradle.internal.execution.steps.ValidateStep.execute(Lorg/gradle/internal/execution/UnitOfWork;Lorg/gradle/internal/execution/steps/BeforeExecutionContext;)Lorg/gradle/internal/execution/steps/Result;+67
j  org.gradle.internal.execution.steps.ValidateStep.execute(Lorg/gradle/internal/execution/UnitOfWork;Lorg/gradle/internal/execution/steps/Context;)Lorg/gradle/internal/execution/steps/Result;+6
j  org.gradle.internal.execution.steps.AbstractCaptureStateBeforeExecutionStep.execute(Lorg/gradle/internal/execution/UnitOfWork;Lorg/gradle/internal/execution/steps/PreviousExecutionContext;)Lorg/gradle/internal/execution/steps/CachingResult;+49
j  org.gradle.internal.execution.steps.AbstractCaptureStateBeforeExecutionStep.execute(Lorg/gradle/internal/execution/UnitOfWork;Lorg/gradle/internal/execution/steps/Context;)Lorg/gradle/internal/execution/steps/Result;+6
j  org.gradle.internal.execution.steps.legacy.MarkSnapshottingInputsStartedStep.execute(Lorg/gradle/internal/execution/UnitOfWork;Lorg/gradle/internal/execution/steps/Context;)Lorg/gradle/internal/execution/steps/Result;+12
j  org.gradle.internal.execution.steps.AssignImmutableWorkspaceStep.executeInWorkspace(Lorg/gradle/internal/execution/UnitOfWork;Lorg/gradle/internal/execution/steps/IdentityContext;Ljava/io/File;)Lorg/gradle/internal/execution/steps/WorkspaceResult;+48
j  org.gradle.internal.execution.steps.AssignImmutableWorkspaceStep.lambda$execute$0(Lorg/gradle/internal/execution/workspace/ImmutableWorkspaceProvider$LockingImmutableWorkspace;Lorg/gradle/internal/execution/UnitOfWork;Lorg/gradle/internal/execution/steps/IdentityContext;)Lorg/gradle/internal/execution/steps/WorkspaceResult;+19
j  org.gradle.internal.execution.steps.AssignImmutableWorkspaceStep$$Lambda+0x000002698159ebb0.get()Ljava/lang/Object;+16
J 10408 c1 org.gradle.internal.execution.steps.AssignImmutableWorkspaceStep.lambda$execute$1(Lorg/gradle/internal/execution/UnitOfWork;Lorg/gradle/internal/execution/workspace/ImmutableWorkspaceProvider$LockingImmutableWorkspace;Lorg/gradle/internal/execution/steps/IdentityContext;)Lorg/gradle/internal/execution/steps/WorkspaceResult; (22 bytes) @ 0x00000269e0b9f4ec [0x00000269e0b9eee0+0x000000000000060c]
J 10173 c1 org.gradle.internal.execution.steps.AssignImmutableWorkspaceStep$$Lambda+0x0000026981582d08.get()Ljava/lang/Object; (20 bytes) @ 0x00000269e0b2255c [0x00000269e0b224c0+0x000000000000009c]
J 10171 c1 org.gradle.internal.execution.workspace.impl.CacheBasedImmutableWorkspaceProvider$CacheContainer$$Lambda+0x0000026981583c90.get()Ljava/lang/Object; (12 bytes) @ 0x00000269e0b2085c [0x00000269e0b204e0+0x000000000000037c]
J 6252 c1 org.gradle.cache.internal.LockOnDemandCrossProcessCacheAccess.withFileLock(Ljava/util/function/Supplier;)Ljava/lang/Object; (24 bytes) @ 0x00000269e05ead24 [0x00000269e05eabe0+0x0000000000000144]
J 10158 c1 org.gradle.cache.internal.DefaultCacheFactory$ReferenceTrackingCache.withFileLock(Ljava/util/function/Supplier;)Ljava/lang/Object; (14 bytes) @ 0x00000269e0b12e4c [0x00000269e0b12be0+0x000000000000026c]
J 10156 c1 org.gradle.internal.execution.workspace.impl.CacheBasedImmutableWorkspaceProvider$2.withWorkspaceLock(Ljava/util/function/Supplier;)Ljava/lang/Object; (36 bytes) @ 0x00000269e0b117fc [0x00000269e0b10cc0+0x0000000000000b3c]
J 10400 c1 org.gradle.internal.execution.steps.AssignImmutableWorkspaceStep.execute(Lorg/gradle/internal/execution/UnitOfWork;Lorg/gradle/internal/execution/steps/IdentityContext;)Lorg/gradle/internal/execution/steps/WorkspaceResult; (96 bytes) @ 0x00000269e0b9aadc [0x00000269e0b99e00+0x0000000000000cdc]
J 10153 c1 org.gradle.internal.execution.steps.AssignImmutableWorkspaceStep.execute(Lorg/gradle/internal/execution/UnitOfWork;Lorg/gradle/internal/execution/steps/Context;)Lorg/gradle/internal/execution/steps/Result; (10 bytes) @ 0x00000269e0b0fd3c [0x00000269e0b0fbc0+0x000000000000017c]
J 10393 c1 org.gradle.internal.execution.steps.ChoosePipelineStep.execute(Lorg/gradle/internal/execution/UnitOfWork;Lorg/gradle/internal/execution/steps/IdentityContext;)Lorg/gradle/internal/execution/steps/Result; (71 bytes) @ 0x00000269e0b97704 [0x00000269e0b97020+0x00000000000006e4]
J 10392 c1 org.gradle.internal.execution.steps.ChoosePipelineStep.execute(Lorg/gradle/internal/execution/UnitOfWork;Lorg/gradle/internal/execution/steps/Context;)Lorg/gradle/internal/execution/steps/Result; (10 bytes) @ 0x00000269e0b96bbc [0x00000269e0b96a40+0x000000000000017c]
j  org.gradle.internal.execution.steps.ExecuteWorkBuildOperationFiringStep.lambda$execute$2(Lorg/gradle/internal/execution/UnitOfWork;Lorg/gradle/internal/execution/steps/IdentityContext;)Lorg/gradle/internal/execution/steps/CachingResult;+6
j  org.gradle.internal.execution.steps.ExecuteWorkBuildOperationFiringStep$$Lambda+0x0000026981581fd0.get()Ljava/lang/Object;+12
J 10131 c1 org.gradle.internal.execution.steps.ExecuteWorkBuildOperationFiringStep.execute(Lorg/gradle/internal/execution/UnitOfWork;Lorg/gradle/internal/execution/steps/Context;)Lorg/gradle/internal/execution/steps/Result; (10 bytes) @ 0x00000269e0b03374 [0x00000269e0b023c0+0x0000000000000fb4]
J 10130 c1 org.gradle.internal.execution.steps.IdentityCacheStep.execute(Lorg/gradle/internal/execution/UnitOfWork;Lorg/gradle/internal/execution/steps/IdentityContext;)Lorg/gradle/internal/execution/steps/WorkspaceResult; (15 bytes) @ 0x00000269e0b01dcc [0x00000269e0b01cc0+0x000000000000010c]
j  org.gradle.internal.execution.steps.IdentityCacheStep.execute(Lorg/gradle/internal/execution/UnitOfWork;Lorg/gradle/internal/execution/steps/Context;)Lorg/gradle/internal/execution/steps/Result;+6
j  org.gradle.internal.execution.steps.IdentifyStep.execute(Lorg/gradle/internal/execution/UnitOfWork;Lorg/gradle/internal/execution/steps/ExecutionRequestContext;)Lorg/gradle/internal/execution/steps/Result;+11
j  org.gradle.internal.execution.steps.IdentifyStep.execute(Lorg/gradle/internal/execution/UnitOfWork;Lorg/gradle/internal/execution/steps/Context;)Lorg/gradle/internal/execution/steps/Result;+6
j  org.gradle.internal.execution.impl.DefaultExecutionEngine$1.execute()Lorg/gradle/internal/execution/ExecutionEngine$Result;+15
j  org.gradle.kotlin.dsl.provider.StandardKotlinScriptEvaluator$InterpreterHost.cachedDirFor(Lorg/gradle/kotlin/dsl/support/KotlinScriptHost;Lorg/gradle/kotlin/dsl/execution/ProgramId;Lorg/gradle/internal/classpath/ClassPath;Lorg/gradle/internal/classpath/ClassPath;Lkotlin/jvm/functions/Function1;)Ljava/io/File;+131
j  org.gradle.kotlin.dsl.execution.Interpreter.compile(Lorg/gradle/kotlin/dsl/support/KotlinScriptHost;Lorg/gradle/kotlin/dsl/execution/ProgramId;Ljava/lang/String;Lorg/gradle/groovy/scripts/ScriptSource;Lorg/gradle/kotlin/dsl/execution/ProgramKind;Lorg/gradle/kotlin/dsl/execution/ProgramTarget;Lorg/gradle/internal/classpath/ClassPath;Lorg/gradle/internal/classpath/ClassPath;Lorg/gradle/api/internal/file/temp/TemporaryFileProvider;)Ljava/io/File;+38
j  org.gradle.kotlin.dsl.execution.Interpreter.emitSpecializedProgramFor(Lorg/gradle/kotlin/dsl/support/KotlinScriptHost;Lorg/gradle/groovy/scripts/ScriptSource;Lorg/gradle/kotlin/dsl/execution/ProgramId;Lorg/gradle/api/internal/initialization/ClassLoaderScope;Lorg/gradle/api/internal/initialization/ClassLoaderScope;Lorg/gradle/kotlin/dsl/execution/ProgramKind;Lorg/gradle/kotlin/dsl/execution/ProgramTarget;)Lorg/gradle/kotlin/dsl/execution/CompiledScript;+82
j  org.gradle.kotlin.dsl.execution.Interpreter.eval(Ljava/lang/Object;Lorg/gradle/groovy/scripts/ScriptSource;Lorg/gradle/internal/hash/HashCode;Lorg/gradle/api/initialization/dsl/ScriptHandler;Lorg/gradle/api/internal/initialization/ClassLoaderScope;Lorg/gradle/api/internal/initialization/ClassLoaderScope;ZLjava/util/EnumSet;)V+189
j  org.gradle.kotlin.dsl.provider.StandardKotlinScriptEvaluator.evaluate(Ljava/lang/Object;Lorg/gradle/groovy/scripts/ScriptSource;Lorg/gradle/api/initialization/dsl/ScriptHandler;Lorg/gradle/api/internal/initialization/ClassLoaderScope;Lorg/gradle/api/internal/initialization/ClassLoaderScope;ZLjava/util/EnumSet;)V+167
j  org.gradle.kotlin.dsl.provider.KotlinScriptPluginFactory.create$lambda$0(Lorg/gradle/kotlin/dsl/provider/KotlinScriptPluginFactory;Lorg/gradle/groovy/scripts/ScriptSource;Lorg/gradle/api/internal/initialization/ClassLoaderScope;Lorg/gradle/api/initialization/dsl/ScriptHandler;Lorg/gradle/api/internal/initialization/ClassLoaderScope;ZLjava/lang/Object;)Lkotlin/Unit;+48
j  org.gradle.kotlin.dsl.provider.KotlinScriptPluginFactory$$Lambda+0x000002698165e000.invoke(Ljava/lang/Object;)Ljava/lang/Object;+25
j  org.gradle.kotlin.dsl.provider.KotlinScriptPlugin.apply(Ljava/lang/Object;)V+22
j  org.gradle.configuration.BuildOperationScriptPlugin$1.run(Lorg/gradle/internal/operations/BuildOperationContext;)V+11
J 8375 c1 org.gradle.internal.operations.DefaultBuildOperationRunner$1.execute(Lorg/gradle/internal/operations/BuildOperation;Lorg/gradle/internal/operations/BuildOperationContext;)V (10 bytes) @ 0x00000269dfe561c4 [0x00000269dfe55f60+0x0000000000000264]
J 8282 c1 org.gradle.internal.operations.DefaultBuildOperationRunner$2.execute(Lorg/gradle/internal/operations/BuildOperationDescriptor;Lorg/gradle/internal/operations/BuildOperationState;Lorg/gradle/internal/operations/BuildOperationState;Lorg/gradle/internal/operations/DefaultBuildOperationRunner$ReadableBuildOperationContext;Lorg/gradle/internal/operations/DefaultBuildOperationRunner$BuildOperationExecutionListener;)Lorg/gradle/internal/operations/BuildOperation; (110 bytes) @ 0x00000269e0164b44 [0x00000269e0164940+0x0000000000000204]
J 8281 c1 org.gradle.internal.operations.DefaultBuildOperationRunner$2.execute(Lorg/gradle/internal/operations/BuildOperationDescriptor;Lorg/gradle/internal/operations/BuildOperationState;Lorg/gradle/internal/operations/BuildOperationState;Lorg/gradle/internal/operations/DefaultBuildOperationRunner$ReadableBuildOperationContext;Lorg/gradle/internal/operations/DefaultBuildOperationRunner$BuildOperationExecutionListener;)Ljava/lang/Object; (12 bytes) @ 0x00000269e016583c [0x00000269e01657c0+0x000000000000007c]
J 9149 c1 org.gradle.internal.operations.DefaultBuildOperationRunner.execute(Lorg/gradle/internal/operations/BuildOperationDescriptor$Builder;Lorg/gradle/internal/operations/DefaultBuildOperationRunner$BuildOperationExecution;)Ljava/lang/Object; (147 bytes) @ 0x00000269e09602bc [0x00000269e095f440+0x0000000000000e7c]
J 7834 c1 org.gradle.internal.operations.DefaultBuildOperationRunner.execute(Lorg/gradle/internal/operations/BuildOperation;Lorg/gradle/internal/operations/BuildOperationWorker;)V (22 bytes) @ 0x00000269dfc30184 [0x00000269dfc2fee0+0x00000000000002a4]
J 8374 c1 org.gradle.internal.operations.DefaultBuildOperationRunner.run(Lorg/gradle/internal/operations/RunnableBuildOperation;)V (9 bytes) @ 0x00000269dfb6955c [0x00000269dfb694c0+0x000000000000009c]
j  org.gradle.configuration.BuildOperationScriptPlugin.lambda$apply$0(Ljava/lang/Object;Lorg/gradle/internal/code/UserCodeApplicationId;)V+14
j  org.gradle.configuration.BuildOperationScriptPlugin$$Lambda+0x0000026981577a98.execute(Ljava/lang/Object;)V+12
j  org.gradle.internal.code.DefaultUserCodeApplicationContext.apply(Lorg/gradle/internal/code/UserCodeSource;Lorg/gradle/api/Action;)V+37
j  org.gradle.configuration.BuildOperationScriptPlugin.apply(Ljava/lang/Object;)V+71
j  org.gradle.api.internal.plugins.DefaultObjectConfigurationAction.applyScript(Ljava/lang/Object;)V+170
j  org.gradle.api.internal.plugins.DefaultObjectConfigurationAction.access$000(Lorg/gradle/api/internal/plugins/DefaultObjectConfigurationAction;Ljava/lang/Object;)V+2
j  org.gradle.api.internal.plugins.DefaultObjectConfigurationAction$1.run()V+8
j  org.gradle.api.internal.plugins.DefaultObjectConfigurationAction.execute()V+58
j  org.gradle.api.internal.project.AbstractPluginAware.apply(Lorg/gradle/api/Action;)V+13
j  com.flutter.gradle.FlutterAppPluginLoaderPlugin.apply(Lorg/gradle/api/initialization/Settings;)V+296
j  com.flutter.gradle.FlutterAppPluginLoaderPlugin.apply(Ljava/lang/Object;)V+5
j  org.gradle.api.internal.plugins.ImperativeOnlyPluginTarget.applyImperative(Ljava/lang/String;Lorg/gradle/api/Plugin;)V+13
j  org.gradle.api.internal.plugins.ProjectFeatureDeclarationPluginTarget.applyImperative(Ljava/lang/String;Lorg/gradle/api/Plugin;)V+48
j  org.gradle.api.internal.plugins.DefaultPluginManager.addPlugin(Ljava/lang/Runnable;Lorg/gradle/api/internal/plugins/PluginImplementation;Ljava/lang/String;Ljava/lang/Class;)V+54
j  org.gradle.api.internal.plugins.DefaultPluginManager.access$100(Lorg/gradle/api/internal/plugins/DefaultPluginManager;Ljava/lang/Runnable;Lorg/gradle/api/internal/plugins/PluginImplementation;Ljava/lang/String;Ljava/lang/Class;)V+6
j  org.gradle.api.internal.plugins.DefaultPluginManager$AddPluginBuildOperation.run(Lorg/gradle/internal/operations/BuildOperationContext;)V+20
J 8375 c1 org.gradle.internal.operations.DefaultBuildOperationRunner$1.execute(Lorg/gradle/internal/operations/BuildOperation;Lorg/gradle/internal/operations/BuildOperationContext;)V (10 bytes) @ 0x00000269dfe561c4 [0x00000269dfe55f60+0x0000000000000264]
J 8282 c1 org.gradle.internal.operations.DefaultBuildOperationRunner$2.execute(Lorg/gradle/internal/operations/BuildOperationDescriptor;Lorg/gradle/internal/operations/BuildOperationState;Lorg/gradle/internal/operations/BuildOperationState;Lorg/gradle/internal/operations/DefaultBuildOperationRunner$ReadableBuildOperationContext;Lorg/gradle/internal/operations/DefaultBuildOperationRunner$BuildOperationExecutionListener;)Lorg/gradle/internal/operations/BuildOperation; (110 bytes) @ 0x00000269e0164b44 [0x00000269e0164940+0x0000000000000204]
J 8281 c1 org.gradle.internal.operations.DefaultBuildOperationRunner$2.execute(Lorg/gradle/internal/operations/BuildOperationDescriptor;Lorg/gradle/internal/operations/BuildOperationState;Lorg/gradle/internal/operations/BuildOperationState;Lorg/gradle/internal/operations/DefaultBuildOperationRunner$ReadableBuildOperationContext;Lorg/gradle/internal/operations/DefaultBuildOperationRunner$BuildOperationExecutionListener;)Ljava/lang/Object; (12 bytes) @ 0x00000269e016583c [0x00000269e01657c0+0x000000000000007c]
J 9149 c1 org.gradle.internal.operations.DefaultBuildOperationRunner.execute(Lorg/gradle/internal/operations/BuildOperationDescriptor$Builder;Lorg/gradle/internal/operations/DefaultBuildOperationRunner$BuildOperationExecution;)Ljava/lang/Object; (147 bytes) @ 0x00000269e09602bc [0x00000269e095f440+0x0000000000000e7c]
J 7834 c1 org.gradle.internal.operations.DefaultBuildOperationRunner.execute(Lorg/gradle/internal/operations/BuildOperation;Lorg/gradle/internal/operations/BuildOperationWorker;)V (22 bytes) @ 0x00000269dfc30184 [0x00000269dfc2fee0+0x00000000000002a4]
J 8374 c1 org.gradle.internal.operations.DefaultBuildOperationRunner.run(Lorg/gradle/internal/operations/RunnableBuildOperation;)V (9 bytes) @ 0x00000269dfb6955c [0x00000269dfb694c0+0x000000000000009c]
j  org.gradle.api.internal.plugins.DefaultPluginManager.lambda$doApply$0(Ljava/lang/Runnable;Lorg/gradle/api/internal/plugins/PluginImplementation;Ljava/lang/String;Ljava/lang/Class;Lorg/gradle/internal/code/UserCodeApplicationId;)V+20
j  org.gradle.api.internal.plugins.DefaultPluginManager$$Lambda+0x0000026981758670.execute(Ljava/lang/Object;)V+24
j  org.gradle.internal.code.DefaultUserCodeApplicationContext.apply(Lorg/gradle/internal/code/UserCodeSource;Lorg/gradle/api/Action;)V+37
j  org.gradle.api.internal.plugins.DefaultPluginManager.doApply(Lorg/gradle/api/internal/plugins/PluginImplementation;)V+144
j  org.gradle.api.internal.plugins.DefaultPluginManager.apply(Ljava/lang/String;)V+52
j  org.gradle.composite.internal.plugins.CompositeBuildPluginResolverContributor$LocalPluginResolution.applyTo(Lorg/gradle/api/internal/plugins/PluginManagerInternal;)V+10
j  org.gradle.plugin.use.internal.DefaultPluginRequestApplicator$ApplyAction.apply(Lorg/gradle/api/internal/plugins/PluginManagerInternal;)V+21
j  org.gradle.plugin.use.internal.DefaultPluginRequestApplicator.lambda$applyPlugins$1(Lorg/gradle/api/internal/plugins/PluginManagerInternal;Lorg/gradle/plugin/use/internal/DefaultPluginRequestApplicator$ApplyAction;)V+2
j  org.gradle.plugin.use.internal.DefaultPluginRequestApplicator$$Lambda+0x000002698181ef98.accept(Ljava/lang/Object;)V+8
j  java.util.ArrayList.forEach(Ljava/util/function/Consumer;)V+46 java.base@21.0.9
j  org.gradle.plugin.use.internal.DefaultPluginRequestApplicator.applyPlugins(Lorg/gradle/plugin/management/internal/PluginRequests;Lorg/gradle/api/internal/initialization/ScriptHandlerInternal;Lorg/gradle/api/internal/plugins/PluginManagerInternal;Lorg/gradle/api/internal/initialization/ClassLoaderScope;)V+375
j  org.gradle.kotlin.dsl.provider.PluginRequestsHandler.handle(Lorg/gradle/plugin/management/internal/PluginRequests;Lorg/gradle/api/internal/initialization/ScriptHandlerInternal;Lorg/gradle/api/internal/plugins/PluginAwareInternal;Lorg/gradle/api/internal/initialization/ClassLoaderScope;)V+71
j  org.gradle.kotlin.dsl.provider.StandardKotlinScriptEvaluator$InterpreterHost.applyPluginsTo(Lorg/gradle/kotlin/dsl/support/KotlinScriptHost;Lorg/gradle/plugin/management/internal/PluginRequests;)V+53
j  org.gradle.kotlin.dsl.execution.Interpreter$ProgramHost.applyPluginsTo(Lorg/gradle/kotlin/dsl/support/KotlinScriptHost;Lorg/gradle/plugin/management/internal/PluginRequests;)V+21
j  Program.execute(Lorg/gradle/kotlin/dsl/execution/ExecutableProgram$Host;Lorg/gradle/kotlin/dsl/support/KotlinScriptHost;)V+45
j  org.gradle.kotlin.dsl.execution.Interpreter$ProgramHost.eval(Lorg/gradle/kotlin/dsl/execution/CompiledScript;Lorg/gradle/kotlin/dsl/support/KotlinScriptHost;)V+89
j  org.gradle.kotlin.dsl.execution.Interpreter.eval(Ljava/lang/Object;Lorg/gradle/groovy/scripts/ScriptSource;Lorg/gradle/internal/hash/HashCode;Lorg/gradle/api/initialization/dsl/ScriptHandler;Lorg/gradle/api/internal/initialization/ClassLoaderScope;Lorg/gradle/api/internal/initialization/ClassLoaderScope;ZLjava/util/EnumSet;)V+213
j  org.gradle.kotlin.dsl.provider.StandardKotlinScriptEvaluator.evaluate(Ljava/lang/Object;Lorg/gradle/groovy/scripts/ScriptSource;Lorg/gradle/api/initialization/dsl/ScriptHandler;Lorg/gradle/api/internal/initialization/ClassLoaderScope;Lorg/gradle/api/internal/initialization/ClassLoaderScope;ZLjava/util/EnumSet;)V+167
j  org.gradle.kotlin.dsl.provider.KotlinScriptPluginFactory.create$lambda$0(Lorg/gradle/kotlin/dsl/provider/KotlinScriptPluginFactory;Lorg/gradle/groovy/scripts/ScriptSource;Lorg/gradle/api/internal/initialization/ClassLoaderScope;Lorg/gradle/api/initialization/dsl/ScriptHandler;Lorg/gradle/api/internal/initialization/ClassLoaderScope;ZLjava/lang/Object;)Lkotlin/Unit;+48
j  org.gradle.kotlin.dsl.provider.KotlinScriptPluginFactory$$Lambda+0x000002698165e000.invoke(Ljava/lang/Object;)Ljava/lang/Object;+25
j  org.gradle.kotlin.dsl.provider.KotlinScriptPlugin.apply(Ljava/lang/Object;)V+22
j  org.gradle.configuration.BuildOperationScriptPlugin$1.run(Lorg/gradle/internal/operations/BuildOperationContext;)V+11
j  org.gradle.internal.operations.DefaultBuildOperationRunner$1.execute(Lorg/gradle/internal/operations/RunnableBuildOperation;Lorg/gradle/internal/operations/BuildOperationContext;)V+2
j  org.gradle.internal.operations.DefaultBuildOperationRunner$1.execute(Lorg/gradle/internal/operations/BuildOperation;Lorg/gradle/internal/operations/BuildOperationContext;)V+6
j  org.gradle.internal.operations.DefaultBuildOperationRunner$2.execute(Lorg/gradle/internal/operations/BuildOperationDescriptor;Lorg/gradle/internal/operations/BuildOperationState;Lorg/gradle/internal/operations/BuildOperationState;Lorg/gradle/internal/operations/DefaultBuildOperationRunner$ReadableBuildOperationContext;Lorg/gradle/internal/operations/DefaultBuildOperationRunner$BuildOperationExecutionListener;)Lorg/gradle/internal/operations/BuildOperation;+22
j  org.gradle.internal.operations.DefaultBuildOperationRunner$2.execute(Lorg/gradle/internal/operations/BuildOperationDescriptor;Lorg/gradle/internal/operations/BuildOperationState;Lorg/gradle/internal/operations/BuildOperationState;Lorg/gradle/internal/operations/DefaultBuildOperationRunner$ReadableBuildOperationContext;Lorg/gradle/internal/operations/DefaultBuildOperationRunner$BuildOperationExecutionListener;)Ljava/lang/Object;+8
j  org.gradle.internal.operations.DefaultBuildOperationRunner.execute(Lorg/gradle/internal/operations/BuildOperationDescriptor$Builder;Lorg/gradle/internal/operations/DefaultBuildOperationRunner$BuildOperationExecution;)Ljava/lang/Object;+141
j  org.gradle.internal.operations.DefaultBuildOperationRunner.execute(Lorg/gradle/internal/operations/BuildOperation;Lorg/gradle/internal/operations/BuildOperationWorker;)V+17
j  org.gradle.internal.operations.DefaultBuildOperationRunner.run(Lorg/gradle/internal/operations/RunnableBuildOperation;)V+5
j  org.gradle.configuration.BuildOperationScriptPlugin.lambda$apply$0(Ljava/lang/Object;Lorg/gradle/internal/code/UserCodeApplicationId;)V+14
j  org.gradle.configuration.BuildOperationScriptPlugin$$Lambda+0x0000026981577a98.execute(Ljava/lang/Object;)V+12
j  org.gradle.internal.code.DefaultUserCodeApplicationContext.apply(Lorg/gradle/internal/code/UserCodeSource;Lorg/gradle/api/Action;)V+37
j  org.gradle.configuration.BuildOperationScriptPlugin.apply(Ljava/lang/Object;)V+71
j  org.gradle.initialization.ScriptEvaluatingSettingsProcessor.applySettingsScript(Lorg/gradle/groovy/scripts/TextResourceScriptSource;Lorg/gradle/api/internal/SettingsInternal;)V+32
j  org.gradle.initialization.ScriptEvaluatingSettingsProcessor.process(Lorg/gradle/api/internal/GradleInternal;Lorg/gradle/initialization/SettingsLocation;Lorg/gradle/api/internal/initialization/ClassLoaderScope;Lorg/gradle/StartParameter;)Lorg/gradle/initialization/SettingsState;+90
j  org.gradle.initialization.SettingsEvaluatedCallbackFiringSettingsProcessor.process(Lorg/gradle/api/internal/GradleInternal;Lorg/gradle/initialization/SettingsLocation;Lorg/gradle/api/internal/initialization/ClassLoaderScope;Lorg/gradle/StartParameter;)Lorg/gradle/initialization/SettingsState;+9
j  org.gradle.initialization.RootBuildCacheControllerSettingsProcessor.process(Lorg/gradle/api/internal/GradleInternal;Lorg/gradle/initialization/SettingsLocation;Lorg/gradle/api/internal/initialization/ClassLoaderScope;Lorg/gradle/StartParameter;)Lorg/gradle/initialization/SettingsState;+9
j  org.gradle.initialization.BuildOperationSettingsProcessor$2.call(Lorg/gradle/internal/operations/BuildOperationContext;)Lorg/gradle/initialization/SettingsState;+23
j  org.gradle.initialization.BuildOperationSettingsProcessor$2.call(Lorg/gradle/internal/operations/BuildOperationContext;)Ljava/lang/Object;+2
j  org.gradle.internal.operations.DefaultBuildOperationRunner$CallableBuildOperationWorker.execute(Lorg/gradle/internal/operations/CallableBuildOperation;Lorg/gradle/internal/operations/BuildOperationContext;)V+3
j  org.gradle.internal.operations.DefaultBuildOperationRunner$CallableBuildOperationWorker.execute(Lorg/gradle/internal/operations/BuildOperation;Lorg/gradle/internal/operations/BuildOperationContext;)V+6
j  org.gradle.internal.operations.DefaultBuildOperationRunner$2.execute(Lorg/gradle/internal/operations/BuildOperationDescriptor;Lorg/gradle/internal/operations/BuildOperationState;Lorg/gradle/internal/operations/BuildOperationState;Lorg/gradle/internal/operations/DefaultBuildOperationRunner$ReadableBuildOperationContext;Lorg/gradle/internal/operations/DefaultBuildOperationRunner$BuildOperationExecutionListener;)Lorg/gradle/internal/operations/BuildOperation;+22
j  org.gradle.internal.operations.DefaultBuildOperationRunner$2.execute(Lorg/gradle/internal/operations/BuildOperationDescriptor;Lorg/gradle/internal/operations/BuildOperationState;Lorg/gradle/internal/operations/BuildOperationState;Lorg/gradle/internal/operations/DefaultBuildOperationRunner$ReadableBuildOperationContext;Lorg/gradle/internal/operations/DefaultBuildOperationRunner$BuildOperationExecutionListener;)Ljava/lang/Object;+8
j  org.gradle.internal.operations.DefaultBuildOperationRunner.execute(Lorg/gradle/internal/operations/BuildOperationDescriptor$Builder;Lorg/gradle/internal/operations/DefaultBuildOperationRunner$BuildOperationExecution;)Ljava/lang/Object;+141
j  org.gradle.internal.operations.DefaultBuildOperationRunner.execute(Lorg/gradle/internal/operations/BuildOperation;Lorg/gradle/internal/operations/BuildOperationWorker;)V+17
j  org.gradle.internal.operations.DefaultBuildOperationRunner.call(Lorg/gradle/internal/operations/CallableBuildOperation;)Ljava/lang/Object;+12
j  org.gradle.initialization.BuildOperationSettingsProcessor.process(Lorg/gradle/api/internal/GradleInternal;Lorg/gradle/initialization/SettingsLocation;Lorg/gradle/api/internal/initialization/ClassLoaderScope;Lorg/gradle/StartParameter;)Lorg/gradle/initialization/SettingsState;+17
j  org.gradle.initialization.DefaultSettingsLoader.findSettingsAndLoadIfAppropriate(Lorg/gradle/api/internal/GradleInternal;Lorg/gradle/StartParameter;Lorg/gradle/initialization/SettingsLocation;Lorg/gradle/api/internal/initialization/ClassLoaderScope;)Lorg/gradle/initialization/SettingsState;+9
j  org.gradle.initialization.DefaultSettingsLoader.findAndLoadSettings(Lorg/gradle/api/internal/GradleInternal;)Lorg/gradle/initialization/SettingsState;+99
j  org.gradle.initialization.SettingsAttachingSettingsLoader.findAndLoadSettings(Lorg/gradle/api/internal/GradleInternal;)Lorg/gradle/initialization/SettingsState;+5
j  org.gradle.internal.composite.CommandLineIncludedBuildSettingsLoader.findAndLoadSettings(Lorg/gradle/api/internal/GradleInternal;)Lorg/gradle/initialization/SettingsState;+5
j  org.gradle.internal.composite.ChildBuildRegisteringSettingsLoader.findAndLoadSettings(Lorg/gradle/api/internal/GradleInternal;)Lorg/gradle/initialization/SettingsState;+5
j  org.gradle.internal.composite.CompositeBuildSettingsLoader.findAndLoadSettings(Lorg/gradle/api/internal/GradleInternal;)Lorg/gradle/initialization/SettingsState;+5
j  org.gradle.initialization.InitScriptHandlingSettingsLoader.findAndLoadSettings(Lorg/gradle/api/internal/GradleInternal;)Lorg/gradle/initialization/SettingsState;+13
j  org.gradle.api.internal.initialization.CacheConfigurationsHandlingSettingsLoader.findAndLoadSettings(Lorg/gradle/api/internal/GradleInternal;)Lorg/gradle/initialization/SettingsState;+15
j  org.gradle.initialization.DaemonJvmToolchainsValidatingSettingsLoader.findAndLoadSettings(Lorg/gradle/api/internal/GradleInternal;)Lorg/gradle/initialization/SettingsState;+14
j  org.gradle.initialization.GradlePropertiesHandlingSettingsLoader.findAndLoadSettings(Lorg/gradle/api/internal/GradleInternal;)Lorg/gradle/initialization/SettingsState;+49
j  org.gradle.initialization.DefaultSettingsPreparer.prepareSettings(Lorg/gradle/api/internal/GradleInternal;)V+33
j  org.gradle.initialization.BuildOperationFiringSettingsPreparer$LoadBuild.doLoadBuild()V+11
j  org.gradle.initialization.BuildOperationFiringSettingsPreparer$LoadBuild.run(Lorg/gradle/internal/operations/BuildOperationContext;)V+1
j  org.gradle.internal.operations.DefaultBuildOperationRunner$1.execute(Lorg/gradle/internal/operations/RunnableBuildOperation;Lorg/gradle/internal/operations/BuildOperationContext;)V+2
j  org.gradle.internal.operations.DefaultBuildOperationRunner$1.execute(Lorg/gradle/internal/operations/BuildOperation;Lorg/gradle/internal/operations/BuildOperationContext;)V+6
j  org.gradle.internal.operations.DefaultBuildOperationRunner$2.execute(Lorg/gradle/internal/operations/BuildOperationDescriptor;Lorg/gradle/internal/operations/BuildOperationState;Lorg/gradle/internal/operations/BuildOperationState;Lorg/gradle/internal/operations/DefaultBuildOperationRunner$ReadableBuildOperationContext;Lorg/gradle/internal/operations/DefaultBuildOperationRunner$BuildOperationExecutionListener;)Lorg/gradle/internal/operations/BuildOperation;+22
j  org.gradle.internal.operations.DefaultBuildOperationRunner$2.execute(Lorg/gradle/internal/operations/BuildOperationDescriptor;Lorg/gradle/internal/operations/BuildOperationState;Lorg/gradle/internal/operations/BuildOperationState;Lorg/gradle/internal/operations/DefaultBuildOperationRunner$ReadableBuildOperationContext;Lorg/gradle/internal/operations/DefaultBuildOperationRunner$BuildOperationExecutionListener;)Ljava/lang/Object;+8
j  org.gradle.internal.operations.DefaultBuildOperationRunner.execute(Lorg/gradle/internal/operations/BuildOperationDescriptor$Builder;Lorg/gradle/internal/operations/DefaultBuildOperationRunner$BuildOperationExecution;)Ljava/lang/Object;+141
j  org.gradle.internal.operations.DefaultBuildOperationRunner.execute(Lorg/gradle/internal/operations/BuildOperation;Lorg/gradle/internal/operations/BuildOperationWorker;)V+17
j  org.gradle.internal.operations.DefaultBuildOperationRunner.run(Lorg/gradle/internal/operations/RunnableBuildOperation;)V+5
j  org.gradle.initialization.BuildOperationFiringSettingsPreparer.prepareSettings(Lorg/gradle/api/internal/GradleInternal;)V+31
j  org.gradle.initialization.VintageBuildModelController.lambda$prepareSettings$1()V+8
j  org.gradle.initialization.VintageBuildModelController$$Lambda+0x000002698146f800.run()V+4
j  org.gradle.internal.model.StateTransitionController.lambda$doTransition$14(Ljava/lang/Runnable;)Lorg/gradle/internal/build/ExecutionResult;+1
j  org.gradle.internal.model.StateTransitionController$$Lambda+0x000002698146fc50.get()Ljava/lang/Object;+4
j  org.gradle.internal.model.StateTransitionController.doTransition(Lorg/gradle/internal/model/StateTransitionController$State;Lorg/gradle/internal/model/StateTransitionController$State;Ljava/util/function/Supplier;)Lorg/gradle/internal/build/ExecutionResult;+24
j  org.gradle.internal.model.StateTransitionController.doTransition(Lorg/gradle/internal/model/StateTransitionController$State;Lorg/gradle/internal/model/StateTransitionController$State;Ljava/lang/Runnable;)V+9
j  org.gradle.internal.model.StateTransitionController.lambda$transitionIfNotPreviously$11(Lorg/gradle/internal/model/StateTransitionController$State;Lorg/gradle/internal/model/StateTransitionController$State;Ljava/lang/Runnable;)V+16
j  org.gradle.internal.model.StateTransitionController$$Lambda+0x000002698146fa28.run()V+16
j  org.gradle.internal.work.DefaultSynchronizer.withLock(Ljava/lang/Runnable;)V+6
j  org.gradle.internal.model.StateTransitionController.transitionIfNotPreviously(Lorg/gradle/internal/model/StateTransitionController$State;Lorg/gradle/internal/model/StateTransitionController$State;Ljava/lang/Runnable;)V+13
j  org.gradle.initialization.VintageBuildModelController.prepareSettings()V+16
j  org.gradle.initialization.VintageBuildModelController.getConfiguredModel()Lorg/gradle/api/internal/GradleInternal;+1
j  org.gradle.internal.build.DefaultBuildLifecycleController.lambda$withProjectsConfigured$1(Ljava/util/function/Function;)Ljava/lang/Object;+5
j  org.gradle.internal.build.DefaultBuildLifecycleController$$Lambda+0x000002698146f3b0.get()Ljava/lang/Object;+8
j  org.gradle.internal.model.StateTransitionController.lambda$notInState$3(Lorg/gradle/internal/model/StateTransitionController$State;Ljava/util/function/Supplier;)Ljava/lang/Object;+11
j  org.gradle.internal.model.StateTransitionController$$Lambda+0x000002698146f5d8.create()Ljava/lang/Object;+12
j  org.gradle.internal.work.DefaultSynchronizer.withLock(Lorg/gradle/internal/Factory;)Ljava/lang/Object;+6
j  org.gradle.internal.model.StateTransitionController.notInState(Lorg/gradle/internal/model/StateTransitionController$State;Ljava/util/function/Supplier;)Ljava/lang/Object;+12
j  org.gradle.internal.build.DefaultBuildLifecycleController.withProjectsConfigured(Ljava/util/function/Function;)Ljava/lang/Object;+14
j  org.gradle.internal.build.DefaultBuildToolingModelController.locateBuilderForTarget(Ljava/lang/String;Z)Lorg/gradle/tooling/provider/model/internal/ToolingModelScope;+38
j  org.gradle.internal.buildtree.DefaultBuildTreeModelCreator$DefaultBuildTreeModelController.lambda$locateBuilderForBuildTarget$0(Ljava/lang/String;ZLorg/gradle/internal/build/BuildToolingModelController;)Lorg/gradle/tooling/provider/model/internal/ToolingModelScope;+3
j  org.gradle.internal.buildtree.DefaultBuildTreeModelCreator$DefaultBuildTreeModelController$$Lambda+0x00000269814613d8.apply(Ljava/lang/Object;)Ljava/lang/Object;+12
j  org.gradle.internal.build.DefaultBuildLifecycleController.withToolingModels(Ljava/util/function/Function;)Ljava/lang/Object;+15
j  org.gradle.internal.build.AbstractBuildState.withToolingModels(Ljava/util/function/Function;)Ljava/lang/Object;+5
j  org.gradle.internal.buildtree.DefaultBuildTreeModelCreator$DefaultBuildTreeModelController.locateBuilderForBuildTarget(Lorg/gradle/internal/build/BuildState;Ljava/lang/String;Z)Lorg/gradle/tooling/provider/model/internal/ToolingModelScope;+8
j  org.gradle.internal.buildtree.DefaultBuildTreeModelCreator$DefaultBuildTreeModelController.locateBuilderForDefaultTarget(Ljava/lang/String;Z)Lorg/gradle/tooling/provider/model/internal/ToolingModelScope;+10
j  org.gradle.internal.buildtree.DefaultBuildTreeModelCreator$DefaultBuildTreeModelController.locateBuilderForTarget(Lorg/gradle/internal/buildtree/BuildTreeModelTarget;Ljava/lang/String;Z)Lorg/gradle/tooling/provider/model/internal/ToolingModelScope;+10
j  org.gradle.internal.buildtree.DefaultBuildTreeModelCreator$DefaultBuildTreeModelController.access$200(Lorg/gradle/internal/buildtree/DefaultBuildTreeModelCreator$DefaultBuildTreeModelController;Lorg/gradle/internal/buildtree/BuildTreeModelTarget;Ljava/lang/String;Z)Lorg/gradle/tooling/provider/model/internal/ToolingModelScope;+4
j  org.gradle.internal.buildtree.DefaultBuildTreeModelCreator$DefaultBuildTreeModelController$1.call(Lorg/gradle/internal/operations/BuildOperationContext;)Ljava/lang/Object;+24
j  org.gradle.internal.operations.DefaultBuildOperationRunner$CallableBuildOperationWorker.execute(Lorg/gradle/internal/operations/CallableBuildOperation;Lorg/gradle/internal/operations/BuildOperationContext;)V+3
j  org.gradle.internal.operations.DefaultBuildOperationRunner$CallableBuildOperationWorker.execute(Lorg/gradle/internal/operations/BuildOperation;Lorg/gradle/internal/operations/BuildOperationContext;)V+6
j  org.gradle.internal.operations.DefaultBuildOperationRunner$2.execute(Lorg/gradle/internal/operations/BuildOperationDescriptor;Lorg/gradle/internal/operations/BuildOperationState;Lorg/gradle/internal/operations/BuildOperationState;Lorg/gradle/internal/operations/DefaultBuildOperationRunner$ReadableBuildOperationContext;Lorg/gradle/internal/operations/DefaultBuildOperationRunner$BuildOperationExecutionListener;)Lorg/gradle/internal/operations/BuildOperation;+22
j  org.gradle.internal.operations.DefaultBuildOperationRunner$2.execute(Lorg/gradle/internal/operations/BuildOperationDescriptor;Lorg/gradle/internal/operations/BuildOperationState;Lorg/gradle/internal/operations/BuildOperationState;Lorg/gradle/internal/operations/DefaultBuildOperationRunner$ReadableBuildOperationContext;Lorg/gradle/internal/operations/DefaultBuildOperationRunner$BuildOperationExecutionListener;)Ljava/lang/Object;+8
j  org.gradle.internal.operations.DefaultBuildOperationRunner.execute(Lorg/gradle/internal/operations/BuildOperationDescriptor$Builder;Lorg/gradle/internal/operations/DefaultBuildOperationRunner$BuildOperationExecution;)Ljava/lang/Object;+141
j  org.gradle.internal.operations.DefaultBuildOperationRunner.execute(Lorg/gradle/internal/operations/BuildOperation;Lorg/gradle/internal/operations/BuildOperationWorker;)V+17
j  org.gradle.internal.operations.DefaultBuildOperationRunner.call(Lorg/gradle/internal/operations/CallableBuildOperation;)Ljava/lang/Object;+12
j  org.gradle.internal.buildtree.DefaultBuildTreeModelCreator$DefaultBuildTreeModelController.getModel(Lorg/gradle/internal/buildtree/BuildTreeModelTarget;Ljava/lang/String;Ljava/lang/Object;)Ljava/lang/Object;+18
j  org.gradle.tooling.internal.provider.runner.BuildModelActionRunner$ModelCreateAction.fromBuildModel(Lorg/gradle/internal/buildtree/BuildTreeModelController;)Ljava/lang/Object;+14
j  org.gradle.internal.buildtree.DefaultBuildTreeModelCreator.fromBuildModel(Lorg/gradle/internal/buildtree/BuildTreeModelAction;)Ljava/lang/Object;+10
j  org.gradle.internal.cc.impl.barrier.BarrierAwareBuildTreeModelCreator.fromBuildModel$lambda$0(Lorg/gradle/internal/cc/impl/barrier/BarrierAwareBuildTreeModelCreator;Lorg/gradle/internal/buildtree/BuildTreeModelAction;)Ljava/lang/Object;+5
j  org.gradle.internal.cc.impl.barrier.BarrierAwareBuildTreeModelCreator$$Lambda+0x00000269814475c8.invoke()Ljava/lang/Object;+8
j  org.gradle.internal.cc.impl.barrier.VintageConfigurationTimeActionRunner.runConfigurationTimeAction(Lkotlin/jvm/functions/Function0;)Ljava/lang/Object;+25
j  org.gradle.internal.cc.impl.barrier.BarrierAwareBuildTreeModelCreator.fromBuildModel(Lorg/gradle/internal/buildtree/BuildTreeModelAction;)Ljava/lang/Object;+17
j  org.gradle.internal.buildtree.DefaultBuildTreeLifecycleController.lambda$fromBuildModel$2(Lorg/gradle/internal/buildtree/BuildTreeModelAction;Z)Lorg/gradle/internal/build/ExecutionResult;+57
j  org.gradle.internal.buildtree.DefaultBuildTreeLifecycleController$$Lambda+0x000002698145ba50.get()Ljava/lang/Object;+12
j  org.gradle.internal.buildtree.DefaultBuildTreeLifecycleController.lambda$runBuild$4(Ljava/util/function/Supplier;)Ljava/lang/Object;+1
j  org.gradle.internal.buildtree.DefaultBuildTreeLifecycleController$$Lambda+0x000002698145bc78.get()Ljava/lang/Object;+8
j  org.gradle.internal.model.StateTransitionController.lambda$transition$6(Ljava/util/function/Supplier;)Lorg/gradle/internal/build/ExecutionResult;+1
j  org.gradle.internal.model.StateTransitionController$$Lambda+0x0000026981460228.get()Ljava/lang/Object;+4
j  org.gradle.internal.model.StateTransitionController.doTransition(Lorg/gradle/internal/model/StateTransitionController$State;Lorg/gradle/internal/model/StateTransitionController$State;Ljava/util/function/Supplier;)Lorg/gradle/internal/build/ExecutionResult;+24
j  org.gradle.internal.model.StateTransitionController.lambda$transition$7(Lorg/gradle/internal/model/StateTransitionController$State;Lorg/gradle/internal/model/StateTransitionController$State;Ljava/util/function/Supplier;)Ljava/lang/Object;+9
j  org.gradle.internal.model.StateTransitionController$$Lambda+0x0000026981460000.create()Ljava/lang/Object;+16
j  org.gradle.internal.work.DefaultSynchronizer.withLock(Lorg/gradle/internal/Factory;)Ljava/lang/Object;+6
j  org.gradle.internal.model.StateTransitionController.transition(Lorg/gradle/internal/model/StateTransitionController$State;Lorg/gradle/internal/model/StateTransitionController$State;Ljava/util/function/Supplier;)Ljava/lang/Object;+13
j  org.gradle.internal.buildtree.DefaultBuildTreeLifecycleController.runBuild(Ljava/util/function/Supplier;)Ljava/lang/Object;+17
j  org.gradle.internal.buildtree.DefaultBuildTreeLifecycleController.fromBuildModel(ZLorg/gradle/internal/buildtree/BuildTreeModelAction;)Ljava/lang/Object;+9
j  org.gradle.tooling.internal.provider.runner.BuildModelActionRunner.run(Lorg/gradle/internal/invocation/BuildAction;Lorg/gradle/internal/buildtree/BuildTreeLifecycleController;)Lorg/gradle/internal/buildtree/BuildActionRunner$Result;+40
j  org.gradle.launcher.exec.ChainingBuildActionRunner.run(Lorg/gradle/internal/invocation/BuildAction;Lorg/gradle/internal/buildtree/BuildTreeLifecycleController;)Lorg/gradle/internal/buildtree/BuildActionRunner$Result;+34
j  org.gradle.internal.buildtree.ProblemReportingBuildActionRunner.run(Lorg/gradle/internal/invocation/BuildAction;Lorg/gradle/internal/buildtree/BuildTreeLifecycleController;)Lorg/gradle/internal/buildtree/BuildActionRunner$Result;+12
j  org.gradle.launcher.exec.BuildOutcomeReportingBuildActionRunner.run(Lorg/gradle/internal/invocation/BuildAction;Lorg/gradle/internal/buildtree/BuildTreeLifecycleController;)Lorg/gradle/internal/buildtree/BuildActionRunner$Result;+69
j  org.gradle.tooling.internal.provider.FileSystemWatchingBuildActionRunner.run(Lorg/gradle/internal/invocation/BuildAction;Lorg/gradle/internal/buildtree/BuildTreeLifecycleController;)Lorg/gradle/internal/buildtree/BuildActionRunner$Result;+317
j  org.gradle.launcher.exec.BuildCompletionNotifyingBuildActionRunner.run(Lorg/gradle/internal/invocation/BuildAction;Lorg/gradle/internal/buildtree/BuildTreeLifecycleController;)Lorg/gradle/internal/buildtree/BuildActionRunner$Result;+6
j  org.gradle.launcher.exec.RootBuildLifecycleBuildActionExecutor.lambda$execute$0(Lorg/gradle/internal/invocation/BuildAction;Lorg/gradle/internal/buildtree/BuildTreeLifecycleController;)Lorg/gradle/internal/buildtree/BuildActionRunner$Result;+6
j  org.gradle.launcher.exec.RootBuildLifecycleBuildActionExecutor$$Lambda+0x00000269814432e0.apply(Ljava/lang/Object;)Ljava/lang/Object;+12
j  org.gradle.composite.internal.DefaultRootBuildState.run(Ljava/util/function/Function;)Ljava/lang/Object;+92
j  org.gradle.launcher.exec.RootBuildLifecycleBuildActionExecutor.execute(Lorg/gradle/internal/invocation/BuildAction;)Lorg/gradle/internal/buildtree/BuildActionRunner$Result;+91
j  org.gradle.launcher.exec.BuildTreeLifecycleBuildActionExecutor.runRootBuildAction(Lorg/gradle/internal/invocation/BuildAction;Lorg/gradle/internal/service/ServiceRegistry;Lorg/gradle/internal/buildtree/BuildTreeModelControllerServices$Supplier;)Lorg/gradle/internal/buildtree/BuildActionRunner$Result;+39
j  org.gradle.launcher.exec.BuildTreeLifecycleBuildActionExecutor.execute(Lorg/gradle/internal/invocation/BuildAction;Lorg/gradle/internal/session/BuildSessionContext;)Lorg/gradle/internal/buildtree/BuildActionRunner$Result;+44
j  org.gradle.launcher.exec.RunAsBuildOperationBuildActionExecutor$2.call(Lorg/gradle/internal/operations/BuildOperationContext;)Lorg/gradle/internal/buildtree/BuildActionRunner$Result;+25
j  org.gradle.launcher.exec.RunAsBuildOperationBuildActionExecutor$2.call(Lorg/gradle/internal/operations/BuildOperationContext;)Ljava/lang/Object;+2
j  org.gradle.internal.operations.DefaultBuildOperationRunner$CallableBuildOperationWorker.execute(Lorg/gradle/internal/operations/CallableBuildOperation;Lorg/gradle/internal/operations/BuildOperationContext;)V+3
j  org.gradle.internal.operations.DefaultBuildOperationRunner$CallableBuildOperationWorker.execute(Lorg/gradle/internal/operations/BuildOperation;Lorg/gradle/internal/operations/BuildOperationContext;)V+6
j  org.gradle.internal.operations.DefaultBuildOperationRunner$2.execute(Lorg/gradle/internal/operations/BuildOperationDescriptor;Lorg/gradle/internal/operations/BuildOperationState;Lorg/gradle/internal/operations/BuildOperationState;Lorg/gradle/internal/operations/DefaultBuildOperationRunner$ReadableBuildOperationContext;Lorg/gradle/internal/operations/DefaultBuildOperationRunner$BuildOperationExecutionListener;)Lorg/gradle/internal/operations/BuildOperation;+22
j  org.gradle.internal.operations.DefaultBuildOperationRunner$2.execute(Lorg/gradle/internal/operations/BuildOperationDescriptor;Lorg/gradle/internal/operations/BuildOperationState;Lorg/gradle/internal/operations/BuildOperationState;Lorg/gradle/internal/operations/DefaultBuildOperationRunner$ReadableBuildOperationContext;Lorg/gradle/internal/operations/DefaultBuildOperationRunner$BuildOperationExecutionListener;)Ljava/lang/Object;+8
j  org.gradle.internal.operations.DefaultBuildOperationRunner.execute(Lorg/gradle/internal/operations/BuildOperationDescriptor$Builder;Lorg/gradle/internal/operations/DefaultBuildOperationRunner$BuildOperationExecution;)Ljava/lang/Object;+141
j  org.gradle.internal.operations.DefaultBuildOperationRunner.execute(Lorg/gradle/internal/operations/BuildOperation;Lorg/gradle/internal/operations/BuildOperationWorker;)V+17
j  org.gradle.internal.operations.DefaultBuildOperationRunner.call(Lorg/gradle/internal/operations/CallableBuildOperation;)Ljava/lang/Object;+12
j  org.gradle.launcher.exec.RunAsBuildOperationBuildActionExecutor.execute(Lorg/gradle/internal/invocation/BuildAction;Lorg/gradle/internal/session/BuildSessionContext;)Lorg/gradle/internal/buildtree/BuildActionRunner$Result;+23
j  org.gradle.launcher.exec.RunAsWorkerThreadBuildActionExecutor.lambda$execute$0(Lorg/gradle/internal/invocation/BuildAction;Lorg/gradle/internal/session/BuildSessionContext;)Lorg/gradle/internal/buildtree/BuildActionRunner$Result;+6
j  org.gradle.launcher.exec.RunAsWorkerThreadBuildActionExecutor$$Lambda+0x0000026981291170.create()Ljava/lang/Object;+12
j  org.gradle.internal.work.DefaultWorkerLeaseService.lambda$withLocksAcquired$0(Lorg/gradle/internal/Factory;Ljava/util/Collection;)Ljava/lang/Object;+1
j  org.gradle.internal.work.DefaultWorkerLeaseService$$Lambda+0x0000026981292d30.create()Ljava/lang/Object;+12
j  org.gradle.internal.work.ResourceLockStatistics$1.measure(Ljava/lang/String;Ljava/lang/Iterable;Lorg/gradle/internal/Factory;)Ljava/lang/Object;+1
j  org.gradle.internal.work.DefaultWorkerLeaseService.withLocksAcquired(Ljava/util/Collection;Lorg/gradle/internal/Factory;)Ljava/lang/Object;+21
j  org.gradle.internal.work.DefaultWorkerLeaseService.withLocks(Ljava/util/Collection;Lorg/gradle/internal/Factory;)Ljava/lang/Object;+25
j  org.gradle.internal.work.DefaultWorkerLeaseService.runAsWorkerThread(Lorg/gradle/internal/Factory;)Ljava/lang/Object;+33
j  org.gradle.launcher.exec.RunAsWorkerThreadBuildActionExecutor.execute(Lorg/gradle/internal/invocation/BuildAction;Lorg/gradle/internal/session/BuildSessionContext;)Lorg/gradle/internal/buildtree/BuildActionRunner$Result;+12
j  org.gradle.tooling.internal.provider.continuous.ContinuousBuildActionExecutor.execute(Lorg/gradle/internal/invocation/BuildAction;Lorg/gradle/internal/session/BuildSessionContext;)Lorg/gradle/internal/buildtree/BuildActionRunner$Result;+58
j  org.gradle.tooling.internal.provider.SubscribableBuildActionExecutor.execute(Lorg/gradle/internal/invocation/BuildAction;Lorg/gradle/internal/session/BuildSessionContext;)Lorg/gradle/internal/buildtree/BuildActionRunner$Result;+30
j  org.gradle.internal.session.DefaultBuildSessionContext.execute(Lorg/gradle/internal/invocation/BuildAction;)Lorg/gradle/internal/buildtree/BuildActionRunner$Result;+64
j  org.gradle.internal.buildprocess.execution.BuildSessionLifecycleBuildActionExecutor$ActionImpl.apply(Lorg/gradle/internal/session/BuildSessionContext;)Lorg/gradle/launcher/exec/BuildActionResult;+6
j  org.gradle.internal.buildprocess.execution.BuildSessionLifecycleBuildActionExecutor$ActionImpl.apply(Ljava/lang/Object;)Ljava/lang/Object;+5
j  org.gradle.internal.session.BuildSessionState.run(Ljava/util/function/Function;)Ljava/lang/Object;+5
j  org.gradle.internal.buildprocess.execution.BuildSessionLifecycleBuildActionExecutor.execute(Lorg/gradle/internal/invocation/BuildAction;Lorg/gradle/launcher/exec/BuildActionParameters;Lorg/gradle/initialization/BuildRequestContext;)Lorg/gradle/launcher/exec/BuildActionResult;+105
j  org.gradle.internal.buildprocess.execution.BuildSessionLifecycleBuildActionExecutor.execute(Lorg/gradle/internal/invocation/BuildAction;Ljava/lang/Object;Ljava/lang/Object;)Lorg/gradle/launcher/exec/BuildActionResult;+10
j  org.gradle.internal.buildprocess.execution.StartParamsValidatingActionExecutor.execute(Lorg/gradle/internal/invocation/BuildAction;Lorg/gradle/launcher/exec/BuildActionParameters;Lorg/gradle/initialization/BuildRequestContext;)Lorg/gradle/launcher/exec/BuildActionResult;+142
j  org.gradle.internal.buildprocess.execution.StartParamsValidatingActionExecutor.execute(Lorg/gradle/internal/invocation/BuildAction;Ljava/lang/Object;Ljava/lang/Object;)Lorg/gradle/launcher/exec/BuildActionResult;+10
j  org.gradle.internal.buildprocess.execution.SessionFailureReportingActionExecutor.execute(Lorg/gradle/internal/invocation/BuildAction;Lorg/gradle/launcher/exec/BuildActionParameters;Lorg/gradle/initialization/BuildRequestContext;)Lorg/gradle/launcher/exec/BuildActionResult;+7
j  org.gradle.internal.buildprocess.execution.SessionFailureReportingActionExecutor.execute(Lorg/gradle/internal/invocation/BuildAction;Ljava/lang/Object;Ljava/lang/Object;)Lorg/gradle/launcher/exec/BuildActionResult;+10
j  org.gradle.internal.buildprocess.execution.SetupLoggingActionExecutor.execute(Lorg/gradle/internal/invocation/BuildAction;Lorg/gradle/launcher/exec/BuildActionParameters;Lorg/gradle/initialization/BuildRequestContext;)Lorg/gradle/launcher/exec/BuildActionResult;+50
j  org.gradle.internal.buildprocess.execution.SetupLoggingActionExecutor.execute(Lorg/gradle/internal/invocation/BuildAction;Ljava/lang/Object;Ljava/lang/Object;)Lorg/gradle/launcher/exec/BuildActionResult;+10
j  org.gradle.launcher.daemon.server.exec.ExecuteBuild.doBuild(Lorg/gradle/launcher/daemon/server/api/DaemonCommandExecution;Lorg/gradle/launcher/daemon/protocol/Build;)V+147
j  org.gradle.launcher.daemon.server.exec.BuildCommandOnly.execute(Lorg/gradle/launcher/daemon/server/api/DaemonCommandExecution;)V+49
j  org.gradle.launcher.daemon.server.api.DaemonCommandExecution.proceed()Z+23
j  org.gradle.launcher.daemon.server.exec.WatchForDisconnection.execute(Lorg/gradle/launcher/daemon/server/api/DaemonCommandExecution;)V+19
j  org.gradle.launcher.daemon.server.api.DaemonCommandExecution.proceed()Z+23
j  org.gradle.launcher.daemon.server.exec.ResetDeprecationLogger.execute(Lorg/gradle/launcher/daemon/server/api/DaemonCommandExecution;)V+7
j  org.gradle.launcher.daemon.server.api.DaemonCommandExecution.proceed()Z+23
j  org.gradle.launcher.daemon.server.exec.RequestStopIfSingleUsedDaemon.execute(Lorg/gradle/launcher/daemon/server/api/DaemonCommandExecution;)V+33
j  org.gradle.launcher.daemon.server.api.DaemonCommandExecution.proceed()Z+23
j  org.gradle.launcher.daemon.server.exec.ForwardClientInput.lambda$execute$0(Lorg/gradle/launcher/daemon/server/api/DaemonCommandExecution;Lorg/gradle/internal/daemon/clientinput/StdinHandler;)Ljava/lang/Object;+11
j  org.gradle.launcher.daemon.server.exec.ForwardClientInput$$Lambda+0x000002698118eba8.apply(Ljava/lang/Object;)Ljava/lang/Object;+8
j  org.gradle.internal.daemon.clientinput.ClientInputForwarder.forwardInput(Ljava/util/function/Function;)Ljava/lang/Object;+46
j  org.gradle.launcher.daemon.server.exec.ForwardClientInput.execute(Lorg/gradle/launcher/daemon/server/api/DaemonCommandExecution;)V+10
j  org.gradle.launcher.daemon.server.api.DaemonCommandExecution.proceed()Z+23
j  org.gradle.launcher.daemon.server.exec.LogAndCheckHealth.execute(Lorg/gradle/launcher/daemon/server/api/DaemonCommandExecution;)V+51
j  org.gradle.launcher.daemon.server.api.DaemonCommandExecution.proceed()Z+23
j  org.gradle.launcher.daemon.server.exec.LogToClient.doBuild(Lorg/gradle/launcher/daemon/server/api/DaemonCommandExecution;Lorg/gradle/launcher/daemon/protocol/Build;)V+87
j  org.gradle.launcher.daemon.server.exec.BuildCommandOnly.execute(Lorg/gradle/launcher/daemon/server/api/DaemonCommandExecution;)V+49
j  org.gradle.launcher.daemon.server.api.DaemonCommandExecution.proceed()Z+23
j  org.gradle.launcher.daemon.server.exec.EstablishBuildEnvironment.doBuild(Lorg/gradle/launcher/daemon/server/api/DaemonCommandExecution;Lorg/gradle/launcher/daemon/protocol/Build;)V+356
j  org.gradle.launcher.daemon.server.exec.BuildCommandOnly.execute(Lorg/gradle/launcher/daemon/server/api/DaemonCommandExecution;)V+49
j  org.gradle.launcher.daemon.server.api.DaemonCommandExecution.proceed()Z+23
j  org.gradle.launcher.daemon.server.exec.StartBuildOrRespondWithBusy$1.run()V+44
j  org.gradle.launcher.daemon.server.DaemonStateCoordinator.lambda$runCommand$0(Ljava/lang/Runnable;)V+1
j  org.gradle.launcher.daemon.server.DaemonStateCoordinator$$Lambda+0x000002698118b598.run()V+8
j  org.gradle.internal.concurrent.ExecutorPolicy$CatchAndRecordFailures.onExecute(Ljava/lang/Runnable;)V+1
j  org.gradle.internal.concurrent.AbstractManagedExecutor$1.run()V+25
j  java.util.concurrent.ThreadPoolExecutor.runWorker(Ljava/util/concurrent/ThreadPoolExecutor$Worker;)V+92 java.base@21.0.9
j  java.util.concurrent.ThreadPoolExecutor$Worker.run()V+5 java.base@21.0.9
j  java.lang.Thread.runWith(Ljava/lang/Object;Ljava/lang/Runnable;)V+5 java.base@21.0.9
j  java.lang.Thread.run()V+19 java.base@21.0.9
v  ~StubRoutines::call_stub 0x00000269e787100d

Compiled method (n/a) 339829  856     n 0       java.lang.ClassLoader::defineClass1 (native)
 total in heap  [0x00000269e7e70510,0x00000269e7e70aa8] = 1432
 relocation     [0x00000269e7e70670,0x00000269e7e706a8] = 56
 main code      [0x00000269e7e706c0,0x00000269e7e70aa1] = 993
 stub code      [0x00000269e7e70aa1,0x00000269e7e70aa8] = 7

[Constant Pool (empty)]

[MachCode]
[Entry Point]
  # {method} {0x00000269804368f8} 'defineClass1' '(Ljava/lang/ClassLoader;Ljava/lang/String;[BIILjava/security/ProtectionDomain;Ljava/lang/String;)Ljava/lang/Class;' in 'java/lang/ClassLoader'
  # parm0:    rdx:rdx   = 'java/lang/ClassLoader'
  # parm1:    r8:r8     = 'java/lang/String'
  # parm2:    r9:r9     = '[B'
  # parm3:    rdi       = int
  # parm4:    rsi       = int
  # parm5:    rcx:rcx   = 'java/security/ProtectionDomain'
  # parm6:    [sp+0xa0]   = 'java/lang/String'  (sp of caller)
  0x00000269e7e706c0: 448b 5208 | 49bb 0000 | 0080 6902 | 0000 4d03 | d349 3bc2 | 0f84 0600 

  0x00000269e7e706d8: ;   {runtime_call ic_miss_stub}
  0x00000269e7e706d8: 0000 e9a1 | e0a4 ff90 
[Verified Entry Point]
  0x00000269e7e706e0: 8984 2400 | 80ff ff55 | 488b ec48 | 81ec 9000 | 0000 6690 | 4181 7f20 | 1300 0000 

  0x00000269e7e706fc: ;   {runtime_call StubRoutines (final stubs)}
  0x00000269e7e706fc: 7405 e89d | 5da3 ff48 | 837d 1000 | 488d 4510 | 480f 4445 | 1048 8944 | 2440 4889 | 4c24 7048 
  0x00000269e7e7071c: 83f9 0048 | 8d44 2470 | 480f 4444 | 2470 4889 | 4424 3848 | 8974 2430 | 4889 7c24 | 284c 894c 
  0x00000269e7e7073c: 2458 4983 | f900 488d | 4424 5848 | 0f44 4424 | 5848 8944 | 2420 4c89 | 4424 5049 | 83f8 004c 
  0x00000269e7e7075c: 8d4c 2450 | 4c0f 444c | 2450 4889 | 5424 4848 | 83fa 004c | 8d44 2448 | 4c0f 4444 

  0x00000269e7e70778: ;   {oop(a 'java/lang/Class'{0x00000000c0ae8c48} = 'java/lang/ClassLoader')}
  0x00000269e7e70778: 2448 49be | 488c aec0 | 0000 0000 | 4c89 7424 | 784c 8d74 | 2478 498b | d6c5 f877 

  0x00000269e7e70794: ;   {internal_word}
  0x00000269e7e70794: 49ba 9107 | e7e7 6902 | 0000 4d89 | 97a0 0300 | 0049 89a7 | 9803 0000 

  0x00000269e7e707ac: ;   {external_word}
  0x00000269e7e707ac: 49ba cf4d | e2d7 ff7f | 0000 4180 | 3a00 0f84 | 4e00 0000 | 5241 5041 

  0x00000269e7e707c4: ;   {metadata({method} {0x00000269804368f8} 'defineClass1' '(Ljava/lang/ClassLoader;Ljava/lang/String;[BIILjava/security/ProtectionDomain;Ljava/lang/String;)Ljava/lang/Class;' in 'java/lang/ClassLoader')}
  0x00000269e7e707c4: 5148 baf0 | 6843 8069 | 0200 0049 | 8bcf 4883 | ec20 40f6 | c40f 0f84 | 1900 0000 | 4883 ec08 
  0x00000269e7e707e4: ;   {runtime_call}
  0x00000269e7e707e4: 48b8 40d5 | 8bd7 ff7f | 0000 ffd0 | 4883 c408 | e90c 0000 

  0x00000269e7e707f8: ;   {runtime_call}
  0x00000269e7e707f8: 0048 b840 | d58b d7ff | 7f00 00ff | d048 83c4 | 2041 5941 | 585a 498d | 8fb8 0300 | 0041 c787 
  0x00000269e7e70818: 4404 0000 | 0400 0000 

  0x00000269e7e70820: ;   {runtime_call}
  0x00000269e7e70820: 48b8 ac16 | f43e f87f | 0000 ffd0 | c5f8 7741 | c787 4404 | 0000 0500 | 0000 f083 | 4424 c000 
  0x00000269e7e70840: 493b af48 | 0400 000f | 870e 0000 | 0041 83bf | 4004 0000 | 000f 842b | 0000 00c5 | f877 4889 
  0x00000269e7e70860: 45f8 498b | cf4c 8be4 | 4883 ec20 | 4883 e4f0 

  0x00000269e7e70870: ;   {runtime_call}
  0x00000269e7e70870: 48b8 e04b | 57d7 ff7f | 0000 ffd0 | 498b e44d | 33e4 488b | 45f8 41c7 | 8744 0400 | 0008 0000 
  0x00000269e7e70890: 0041 83bf | c004 0000 | 020f 84d5 

  0x00000269e7e7089c: ;   {external_word}
  0x00000269e7e7089c: 0100 0049 | bacf 4de2 | d7ff 7f00 | 0041 803a | 000f 844c | 0000 0048 

  0x00000269e7e708b4: ;   {metadata({method} {0x00000269804368f8} 'defineClass1' '(Ljava/lang/ClassLoader;Ljava/lang/String;[BIILjava/security/ProtectionDomain;Ljava/lang/String;)Ljava/lang/Class;' in 'java/lang/ClassLoader')}
  0x00000269e7e708b4: 8945 f848 | baf0 6843 | 8069 0200 | 0049 8bcf | 4883 ec20 | 40f6 c40f | 0f84 1900 | 0000 4883 
  0x00000269e7e708d4: ;   {runtime_call}
  0x00000269e7e708d4: ec08 48b8 | 40d5 8bd7 | ff7f 0000 | ffd0 4883 | c408 e90c 

  0x00000269e7e708e8: ;   {runtime_call}
  0x00000269e7e708e8: 0000 0048 | b840 d58b | d7ff 7f00 | 00ff d048 | 83c4 2048 | 8b45 f849 | c787 9803 | 0000 0000 
  0x00000269e7e70908: 0000 49c7 | 87a0 0300 | 0000 0000 | 00c5 f877 | 4885 c00f | 8430 0100 | 00a8 030f | 8508 0000 
  0x00000269e7e70928: 0048 8b00 | e920 0100 | 00a8 010f | 8509 0000 | 0048 8b40 | fee9 0f01 | 0000 488b | 40ff 4180 
  0x00000269e7e70948: 7f40 000f | 8400 0100 | 0048 83f8 | 000f 84f6 | 0000 0049 | 8b4f 2848 | 83f9 000f | 8414 0000 
  0x00000269e7e70968: 0048 83e9 | 0849 894f | 2849 034f | 3848 8901 | e9d4 0000 | 0048 83ec | 7048 8904 | 2448 894c 
  0x00000269e7e70988: 2408 4889 | 5424 104c | 8944 2418 | 4c89 4c24 | 204c 8954 | 2428 4c89 | 5c24 30c5 | fb11 4424 
  0x00000269e7e709a8: 40c5 fb11 | 4c24 48c5 | fb11 5424 | 50c5 fb11 | 5c24 58c5 | fb11 6424 | 60c5 fb11 | 6c24 6849 
  0x00000269e7e709c8: 8bd7 488b | c848 83ec | 2040 f6c4 | 0f0f 8419 | 0000 0048 

  0x00000269e7e709dc: ;   {runtime_call}
  0x00000269e7e709dc: 83ec 0848 | b820 9b4a | d7ff 7f00 | 00ff d048 | 83c4 08e9 | 0c00 0000 

  0x00000269e7e709f4: ;   {runtime_call}
  0x00000269e7e709f4: 48b8 209b | 4ad7 ff7f | 0000 ffd0 | 4883 c420 | c5fb 106c | 2468 c5fb | 1064 2460 | c5fb 105c 
  0x00000269e7e70a14: 2458 c5fb | 1054 2450 | c5fb 104c | 2448 c5fb | 1044 2440 | 4c8b 5c24 | 304c 8b54 | 2428 4c8b 
  0x00000269e7e70a34: 4c24 204c | 8b44 2418 | 488b 5424 | 1048 8b4c | 2408 488b | 0424 4883 | c470 c5f8 | 7749 8b8f 
  0x00000269e7e70a54: 2804 0000 | c781 0001 | 0000 0000 | 0000 c949 | 837f 0800 | 0f85 0100 

  0x00000269e7e70a6c: ;   {runtime_call StubRoutines (initial stubs)}
  0x00000269e7e70a6c: 0000 c3e9 | 8c04 a0ff | c5f8 7748 | 8945 f84c | 8be4 4883 | ec20 4883 

  0x00000269e7e70a84: ;   {runtime_call}
  0x00000269e7e70a84: e4f0 48b8 | 900c 8cd7 | ff7f 0000 | ffd0 498b | e44d 33e4 | 488b 45f8 | e9fe fdff | fff4 f4f4 
  0x00000269e7e70aa4: f4f4 f4f4 
[/MachCode]


Compiled method (c2) 339888 8578       4       java.security.SecureClassLoader::defineClass (16 bytes)
 total in heap  [0x00000269e8261490,0x00000269e82634a8] = 8216
 relocation     [0x00000269e82615f0,0x00000269e8261718] = 296
 main code      [0x00000269e8261720,0x00000269e8262818] = 4344
 stub code      [0x00000269e8262818,0x00000269e8262878] = 96
 oops           [0x00000269e8262878,0x00000269e8262890] = 24
 metadata       [0x00000269e8262890,0x00000269e82629c0] = 304
 scopes data    [0x00000269e82629c0,0x00000269e82630c8] = 1800
 scopes pcs     [0x00000269e82630c8,0x00000269e8263368] = 672
 dependencies   [0x00000269e8263368,0x00000269e8263378] = 16
 handler table  [0x00000269e8263378,0x00000269e8263468] = 240
 nul chk table  [0x00000269e8263468,0x00000269e82634a8] = 64

[Constant Pool (empty)]

[MachCode]
[Entry Point]
  # {method} {0x000002698004ddb0} 'defineClass' '(Ljava/lang/String;[BIILjava/security/CodeSource;)Ljava/lang/Class;' in 'java/security/SecureClassLoader'
  # this:     rdx:rdx   = 'java/security/SecureClassLoader'
  # parm0:    r8:r8     = 'java/lang/String'
  # parm1:    r9:r9     = '[B'
  # parm2:    rdi       = int
  # parm3:    rsi       = int
  # parm4:    rcx:rcx   = 'java/security/CodeSource'
  #           [sp+0xc0]  (sp of caller)
  0x00000269e8261720: 448b 5208 | 49bb 0000 | 0080 6902 | 0000 4d03 | d349 3bc2 

  0x00000269e8261734: ;   {runtime_call ic_miss_stub}
  0x00000269e8261734: 0f85 46d0 | 65ff 6690 | 0f1f 4000 
[Verified Entry Point]
  0x00000269e8261740: 8984 2400 | 80ff ff55 | 4881 ecb0 | 0000 0090 | 4181 7f20 | 1300 0000 | 0f85 b010 | 0000 8974 
  0x00000269e8261760: 2444 897c | 2440 4c89 | 4c24 384c | 8944 2430 | 4889 5424 | 2848 8be9 | 0f1f 8400 | 0000 0000 
  0x00000269e8261780: 4885 c90f | 84c7 0c00 | 004d 8b87 | b801 0000 | 4d8b d049 | 83c2 1066 | 0f1f 8400 | 0000 0000 
  0x00000269e82617a0: 4d3b 97c8 | 0100 000f | 8341 0800 | 004d 8997 | b801 0000 | 410f 0d8a | c000 0000 | 49c7 0001 
  0x00000269e82617c0: ;   {metadata('java/security/SecureClassLoader$CodeSourceKey')}
  0x00000269e82617c0: 0000 0041 | c740 0838 | ce11 004c | 8bdd 4589 | 580c 4d8b | 8fb8 0100 | 004c 8b54 | 2428 418b 
  0x00000269e82617e0: 6a50 4d8b | d149 83c2 | 104d 3b97 | c801 0000 | 0f83 2608 | 0000 4d89 | 97b8 0100 | 0041 0f0d 
  0x00000269e8261800: 8ac0 0000 | 0049 c701 | 0100 0000 

  0x00000269e826180c: ;   {metadata('java/security/SecureClassLoader$1')}
  0x00000269e826180c: 41c7 4108 | d0d3 1100 | 4c8b 5424 | 284d 8bda | 4589 590c 

  0x00000269e8261820: ; implicit exception: dispatches to 0x00000269e826262c
  0x00000269e8261820: 448b 5d08 

  0x00000269e8261824: ;   {metadata('java/util/concurrent/ConcurrentHashMap')}
  0x00000269e8261824: 4181 fb98 | 4006 000f | 854b 0a00 | 0048 8bd5 

  0x00000269e8261834: ;   {optimized virtual_call}
  0x00000269e8261834: c5f8 77e8 

  0x00000269e8261838: ; ImmutableOopMap {[40]=Oop [48]=Oop [56]=Oop }
                      ;*invokeinterface computeIfAbsent {reexecute=0 rethrow=0 return_oop=1}
                      ; - java.security.SecureClassLoader::getProtectionDomain@28 (line 222)
                      ; - java.security.SecureClassLoader::defineClass@9 (line 150)
  0x00000269e8261838: c49c 96f8 

  0x00000269e826183c: ;   {other}
  0x00000269e826183c: 0f1f 8400 | ac03 0000 

  0x00000269e8261844: ; implicit exception: dispatches to 0x00000269e826264c
  0x00000269e8261844: 448b 5008 

  0x00000269e8261848: ;   {metadata('java/security/ProtectionDomain')}
  0x00000269e8261848: 4181 fae8 | 5800 000f | 855b 0d00 | 0048 8984 | 2488 0000 | 004c 8b54 | 2430 458b | 5214 458b 
  0x00000269e8261868: 5a0c 4585 | db0f 8665 | 0a00 004c | 8b44 2430 | 450f be48 | 1066 6690 | 4585 c90f | 854e 0b00 
  0x00000269e8261888: 00c4 4232 | f7c3 453b | c341 8bd8 | 410f 4fdb | 4d8b ea4d | 8d4a 1090 | 85db 0f8e | cf00 0000 
  0x00000269e82618a8: 443b db0f | 8267 0a00 | 00b8 2f00 | 0000 498b | f98b d348 | 8bdf 83fa | 100f 8c79 | 0000 0083 
  0x00000269e82618c8: fa20 0f8c | 3600 0000 | c5f9 6ec8 | c4e2 7d78 | c9c5 edef | d28b ca83 | e1e0 83e2 | 1fc5 fe6f 
  0x00000269e82618e8: 03c5 fd74 | c1c4 e27d | 17d0 0f83 | 6900 0000 | 4883 c320 | 83e9 2075 | e4e9 0d00 | 0000 c5f9 
  0x00000269e8261908: 6ec8 c5e9 | efd2 c4e2 | 7100 ca83 | fa10 0f8c | 2400 0000 | 8bca 83e1 | f083 e20f | c5fa 6f03 
  0x00000269e8261928: c5f9 74c1 | c4e2 7917 | d00f 832a | 0000 0048 | 83c3 1083 | e910 75e4 | 85d2 0f84 

  0x00000269e8261944: ;   {no_reloc}
  0x00000269e8261944: 1200 0000 | 0fb6 0b3b | c174 1c48 | 83c3 0183 | ea01 7402 | ebee bbff | ffff ffeb | 0dc5 fdd7 
  0x00000269e8261964: c80f bcc1 | 4803 d848 | 2bdf 83fb | ff0f 85b9 | 0a00 0041 | 0fb6 290f | 1f44 0000 | 83fd 5b0f 
  0x00000269e8261984: 84fb 0a00 | 0041 8d48 | fb85 c90f | 8c5f 0000 | 0041 0fbe | 190f 1f80 | 0000 0000 | 83fb 6a0f 
  0x00000269e82619a4: 854b 0000 | 0041 83fb | 040f 86b2 | 0b00 0041 | 807a 1161 | 0f85 3600 | 0000 6690 | 4180 7a12 
  0x00000269e82619c4: 7675 2d41 | 807a 1361 | 7526 4180 | 7a14 2e75 

  0x00000269e82619d4: ;   {oop(a 'jdk/internal/loader/ClassLoaders$PlatformClassLoader'{0x00000000c0802158})}
  0x00000269e82619d4: 1f48 b958 | 2180 c000 | 0000 0048 | 8b5c 2428 | 483b d90f | 859f 0b00 | 0048 894c | 2450 eb0a 
  0x00000269e82619f4: 48ff 7424 | 2848 8f44 | 2450 488b | 8c24 8800 | 0000 448b | 7110 418b | dbff cb41 | 8bf8 ffcf 
  0x00000269e8261a14: 3bfb 0f4f | fb0f 1f80 | 0000 0000 | 85ff 0f8c | de00 0000 | 413b fb0f | 8327 0800 | 0085 ff0f 
  0x00000269e8261a34: 8ebb 0800 | 008b cfff | c933 f641 | 0fbe 5c3a | 1083 fb2e | 0f84 5004 | 0000 ffcf | 3bf9 7feb 
  0x00000269e8261a54: 83ff 020f | 8e8c 0000 | 00bb a00f | 0000 8d4f | fe83 ff02 | 0f4c ce81 | f9a0 0f00 | 000f 47cb 
  0x00000269e8261a74: 8bd7 2bd1 | 0f1f 8400 | 0000 0000 | 4863 cf41 | 0fbe 440a | 1083 f82e | 0f84 7b00 | 0000 410f 
  0x00000269e8261a94: be44 0a0f | 0f1f 8400 | 0000 0000 | 83f8 2e0f | 8468 0000 | 008d 4ffe | 410f be6c | 0a10 83fd 
  0x00000269e8261ab4: 2e0f 845a | 0000 008d | 4ffd 410f | be6c 0a10 | 83fd 2e0f | 8448 0000 | 0083 c7fc | 3bfa 7fac 
  0x00000269e8261ad4: ;   {no_reloc}
  0x00000269e8261ad4: 498b af50 

  0x00000269e8261ad8: ; ImmutableOopMap {r10=NarrowOop r13=Oop r9=Derived_oop_r13 r14=NarrowOop [40]=Oop [48]=Oop [56]=Oop [80]=Oop [136]=Oop }
                      ;*goto {reexecute=1 rethrow=0 return_oop=0}
                      ; - (reexecute) java.lang.StringLatin1::lastIndexOf@35 (line 285)
                      ; - java.lang.String::lastIndexOf@13 (line 2573)
                      ; - java.lang.String::lastIndexOf@8 (line 2535)
                      ; - java.lang.ClassLoader::checkCerts@3 (line 1163)
                      ; - java.lang.ClassLoader::preDefineClass@113 (line 917)
                      ; - java.lang.ClassLoader::defineClass@4 (line 1025)
                      ; - java.security.SecureClassLoader::defineClass@12 (line 150)
                      ;   {poll}
  0x00000269e8261ad8: 0400 0085 | 4500 6690 | 83ff 020f | 8f79 ffff | ff83 ffff | 7e18 6690 | 410f be5c | 3a10 83fb 
  0x00000269e8261af8: 2e0f 84d1 | 0800 00ff | cf83 ffff | 7fea b9ff | ffff ffeb | 088b cfeb | 048b cfff | c983 f9ff 
  0x00000269e8261b18: 0f84 8703 | 0000 6690 | 85c9 0f8c | e008 0000 | 413b c80f | 8fe3 0900 | 0041 3bc8 | 0f84 5a03 
  0x00000269e8261b38: 0000 660f | 1f44 0000 | 85c9 0f84 | 6c03 0000 | 498b 9fb8 | 0100 004c | 8bc3 4983 | c018 6666 
  0x00000269e8261b58: 0f1f 8400 | 0000 0000 | 4d3b 87c8 | 0100 000f | 83dc 0400 | 004d 8987 | b801 0000 | 410f 0d88 
  0x00000269e8261b78: c000 0000 | 48c7 0301 

  0x00000269e8261b80: ;   {metadata('java/lang/String')}
  0x00000269e8261b80: 0000 00c7 | 4308 78e8 | 0000 4489 | 630c 4c89 | 6310 413b | cb0f 859b | 0000 0049 | 63fb 6690 
  0x00000269e8261ba0: 4181 fb00 | 0010 000f | 87df 0500 | 0049 8bb7 | b801 0000 | 4c8d 4717 | 4983 e0f8 | 488b ce49 
  0x00000269e8261bc0: 03c8 493b | 8fc8 0100 | 000f 83bd | 0500 0049 | 898f b801 | 0000 0f0d | 89c0 0000 | 0048 c706 
  0x00000269e8261be0: 0100 0000 | 0f0d 8900 

  0x00000269e8261be8: ;   {metadata({type array byte})}
  0x00000269e8261be8: 0100 00c7 | 4608 1823 | 0000 4489 | 5e0c 0f0d | 8940 0100 | 000f 0d89 | 8001 0000 | 488b d648 
  0x00000269e8261c08: 83c2 1048 | 83c7 0748 | c1ef 0349 | 8bc9 4c8b | c7c5 f877 | 49ba 604b | 8ae7 6902 | 0000 41ff 
  0x00000269e8261c28: ;   {other}
  0x00000269e8261c28: d20f 1f84 | 0000 0000 | 00e9 f800 | 0000 6666 | 0f1f 8400 | 0000 0000 | 81f9 0000 | 1000 0f87 
  0x00000269e8261c48: e806 0000 | 4863 c144 | 3bd9 418b | eb0f 4fe9 | 0f1f 8400 | 0000 0000 | 443b dd0f | 823f 0700 
  0x00000269e8261c68: 003b cd0f | 8237 0700 | 0048 83c0 | 174c 8bc0 | 4983 e0f8 | 0f1f 4000 | 81f9 0000 | 1000 0f87 
  0x00000269e8261c88: 4e04 0000 | 498b b7b8 | 0100 004c | 8bd6 4d03 | d00f 1f80 | 0000 0000 | 4d3b 97c8 | 0100 000f 
  0x00000269e8261ca8: 832d 0400 | 004d 8997 | b801 0000 | 410f 0d8a | c000 0000 | 48c7 0601 | 0000 0041 | 0f0d 8a00 
  0x00000269e8261cc8: ;   {metadata({type array byte})}
  0x00000269e8261cc8: 0100 00c7 | 4608 1823 | 0000 894e | 0c41 0f0d | 8a40 0100 | 0041 0f0d | 8a80 0100 | 004c 8bd6 
  0x00000269e8261ce8: 4983 c210 | 48c1 e803 | 85ed 0f84 | 4406 0000 | 0f1f 8400 | 0000 0000 | 3be9 0f8c | 4802 0000 
  0x00000269e8261d08: 4983 c0f0 | 49c1 e803 | 498b c949 | 8bd2 c5f8 | 7749 ba60 | 4b8a e769 | 0200 0041 

  0x00000269e8261d24: ;   {other}
  0x00000269e8261d24: ffd2 0f1f | 8400 0000 | 0000 4180 | 7f40 000f | 858c 0100 | 004c 8bd3 | 4c8b de44 | 895b 144c 
  0x00000269e8261d44: 8bde 4d33 | da49 c1eb | 144d 85db | 741a 49c1 | ea09 48b9 | 0000 74ef | 6902 0000 | 4903 ca80 
  0x00000269e8261d64: 3902 0f85 | 9301 0000 | 4488 6310 

  0x00000269e8261d70: ; implicit exception: dispatches to 0x00000269e82626ac
  0x00000269e8261d70: 418b 6e14 | 85ed 0f85 | 2007 0000 | 418b 6e10 | 85ed 0f85 | 4007 0000 | 4c8b 5424 | 5045 8b52 
  0x00000269e8261d90: 2c45 85d2 | 0f84 8b04 | 0000 498b 

  0x00000269e8261d9c: ;   {oop(a 'java/security/cert/Certificate'[0] {0x00000000c083a798})}
  0x00000269e8261d9c: d249 b998 | a783 c000 | 0000 00bf | 0100 0000 | 4c8b c390 

  0x00000269e8261db0: ;   {optimized virtual_call}
  0x00000269e8261db0: c5f8 77e8 

  0x00000269e8261db4: ; ImmutableOopMap {[40]=Oop [48]=Oop [56]=Oop [80]=Oop [136]=Oop }
                      ;*invokevirtual putVal {reexecute=0 rethrow=0 return_oop=1}
                      ; - java.util.concurrent.ConcurrentHashMap::putIfAbsent@4 (line 1541)
                      ; - java.lang.ClassLoader::checkCerts@62 (line 1171)
                      ; - java.lang.ClassLoader::preDefineClass@113 (line 917)
                      ; - java.lang.ClassLoader::defineClass@4 (line 1025)
                      ; - java.security.SecureClassLoader::defineClass@12 (line 150)
  0x00000269e8261db4: a808 faff 

  0x00000269e8261db8: ;   {other}
  0x00000269e8261db8: 0f1f 8400 | 2809 0002 | 4885 c074 | 2344 8b58 

  0x00000269e8261dc8: ;   {metadata('java/security/cert/Certificate'[])}
  0x00000269e8261dc8: 0841 81fb | a042 1000 | 0f85 0e08 | 0000 8b68 | 0c0f 1f80 | 0000 0000 | 85ed 0f87 | 0c07 0000 
  0x00000269e8261de8: 4c8b 9424 | 8800 0000 | 458b 5a10 

  0x00000269e8261df4: ; implicit exception: dispatches to 0x00000269e82626f8
  0x00000269e8261df4: 418b 6b0c 

  0x00000269e8261df8: ; implicit exception: dispatches to 0x00000269e8262740
  0x00000269e8261df8: 448b 5d38 | 0f1f 4000 | 4585 db0f | 8437 0400 | 0049 8bd3 | 4c8b c590 

  0x00000269e8261e10: ;   {optimized virtual_call}
  0x00000269e8261e10: c5f8 77e8 

  0x00000269e8261e14: ; ImmutableOopMap {[40]=Oop [48]=Oop [56]=Oop [136]=Oop }
                      ;*invokevirtual toExternalForm {reexecute=0 rethrow=0 return_oop=1}
                      ; - java.net.URL::toExternalForm@5 (line 1203)
                      ; - java.net.URL::toString@1 (line 1189)
                      ; - java.lang.ClassLoader::defineClassSourceLocation@22 (line 927)
                      ; - java.lang.ClassLoader::defineClass@12 (line 1026)
                      ; - java.security.SecureClassLoader::defineClass@12 (line 150)
  0x00000269e8261e14: c86f daff 

  0x00000269e8261e18: ;   {other}
  0x00000269e8261e18: 0f1f 8400 | 8809 0003 | 488b 5424 | 284c 8b44 | 2430 4c8b | 4c24 388b | 7c24 408b | 7424 4448 
  0x00000269e8261e38: 8b8c 2488 | 0000 0048 | 8904 2490 

  0x00000269e8261e44: ;   {static_call}
  0x00000269e8261e44: c5f8 77e8 

  0x00000269e8261e48: ; ImmutableOopMap {[40]=Oop [136]=Oop }
                      ;*invokestatic defineClass1 {reexecute=0 rethrow=0 return_oop=1}
                      ; - java.lang.ClassLoader::defineClass@27 (line 1027)
                      ; - java.security.SecureClassLoader::defineClass@12 (line 150)
  0x00000269e8261e48: 94e8 c0ff 

  0x00000269e8261e4c: ;   {other}
  0x00000269e8261e4c: 0f1f 8400 | bc09 0004 | 488b e848 | 8b54 2428 | 4c8b c04c | 8b8c 2488 | 0000 0090 

  0x00000269e8261e68: ;   {optimized virtual_call}
  0x00000269e8261e68: c5f8 77e8 

  0x00000269e8261e6c: ; ImmutableOopMap {rbp=Oop }
                      ;*invokevirtual postDefineClass {reexecute=0 rethrow=0 return_oop=0}
                      ; - java.lang.ClassLoader::defineClass@37 (line 1028)
                      ; - java.security.SecureClassLoader::defineClass@12 (line 150)
  0x00000269e8261e6c: d041 efff 

  0x00000269e8261e70: ;   {other}
  0x00000269e8261e70: 0f1f 8400 | e009 0005 | 488b c5c5 | f877 4881 | c4b0 0000 

  0x00000269e8261e84: ;   {poll_return}
  0x00000269e8261e84: 005d 493b | a748 0400 | 000f 8765 | 0900 00c3 | 488b 5c24 | 30e9 d2fe | ffff 8bcf | e970 fcff 
  0x00000269e8261ea4: ;   {oop(""{0x00000000c083af60})}
  0x00000269e8261ea4: ff48 bb60 | af83 c000 | 0000 00e9 | bcfe ffff 

  0x00000269e8261eb4: ;   {oop(""{0x00000000c083af60})}
  0x00000269e8261eb4: 48bb 60af | 83c0 0000 | 0000 6690 | e9ab feff | ff44 8b5b | 1445 85db | 0f84 67fe | ffff 4d8b 
  0x00000269e8261ed4: 5728 498b | cb0f 1f80 | 0000 0000 | 4d85 d20f | 8457 0600 | 004d 8b5f | 384b 894c | 13f8 4983 
  0x00000269e8261ef4: c2f8 4d89 | 5728 e93a | feff ff4d | 8b57 484d | 8b5f 58f0 | 8344 24c0 | 0080 3900 | 0f84 56fe 
  0x00000269e8261f14: ffff 4488 | 214d 85d2 | 7520 498b | d7c5 f877 | 49ba 009b | 4ad7 ff7f | 0000 41ff 

  0x00000269e8261f30: ;   {other}
  0x00000269e8261f30: d20f 1f84 | 0000 0000 | 00e9 2efe | ffff 4b89 | 4c13 f849 | 83c2 f84d | 8957 48e9 | 1cfe ffff 
  0x00000269e8261f50: 4c63 c54d | 8d58 1049 | 8bcb 4883 | e1f8 488b | fe48 03f9 | 49c1 eb03 | 492b c348 | 8bc8 4833 
  0x00000269e8261f70: c048 83f9 | 087f 1048 | ffc9 784f | 4889 04cf | 48ff c97d | f7eb 44c5 | fdef c0e9 | 0d00 0000 
  0x00000269e8261f90: c5fe 7f07 | c5fe 7f47 | 2048 83c7 | 4048 83e9 | 087d ed48 | 83c1 047c | 0cc5 fe7f | 0748 83c7 
  0x00000269e8261fb0: 2048 83e9 | 0448 83c1 | 047e 1048 | ffc9 c5f9 | d607 4883 | c708 48ff | c97d f349 | 8bc9 498b 
  0x00000269e8261fd0: d2c5 f877 | 49ba c044 | 8ae7 6902 | 0000 41ff 

  0x00000269e8261fe0: ;   {other}
  0x00000269e8261fe0: d20f 1f84 | 0000 0000 | 00e9 40fd 

  0x00000269e8261fec: ;   {metadata('java/security/SecureClassLoader$CodeSourceKey')}
  0x00000269e8261fec: ffff 48ba | 38ce 1180 | 6902 0000 | 48ff 7424 | 2848 8f44 | 2420 6690 

  0x00000269e8262004: ;   {runtime_call _new_instance_Java}
  0x00000269e8262004: c5f8 77e8 

  0x00000269e8262008: ; ImmutableOopMap {rbp=Oop [32]=Oop [40]=Oop [48]=Oop [56]=Oop }
                      ;*new {reexecute=0 rethrow=0 return_oop=1}
                      ; - java.security.SecureClassLoader::getProtectionDomain@6 (line 221)
                      ; - java.security.SecureClassLoader::defineClass@9 (line 150)
  0x00000269e8262008: f49b 68ff 

  0x00000269e826200c: ;   {other}
  0x00000269e826200c: 0f1f 8400 | 7c0b 0006 | 4c8b c0e9 | aff7 ffff 

  0x00000269e826201c: ;   {metadata('java/security/SecureClassLoader$1')}
  0x00000269e826201c: 48ba d0d3 | 1180 6902 | 0000 4c89 | 4424 5090 

  0x00000269e826202c: ;   {runtime_call _new_instance_Java}
  0x00000269e826202c: c5f8 77e8 

  0x00000269e8262030: ; ImmutableOopMap {rbp=NarrowOop [40]=Oop [48]=Oop [56]=Oop [80]=Oop }
                      ;*new {reexecute=0 rethrow=0 return_oop=1}
                      ; - java.security.SecureClassLoader::getProtectionDomain@20 (line 222)
                      ; - java.security.SecureClassLoader::defineClass@9 (line 150)
  0x00000269e8262030: cc9b 68ff 

  0x00000269e8262034: ;   {other}
  0x00000269e8262034: 0f1f 8400 | a40b 0007 | 4c8b c84c | 8b44 2450 | e9cb f7ff | ff89 4c24 | 7444 8974 | 2470 48ff 
  0x00000269e8262054: 7424 5048 | 8f44 2468 | 4c89 4c24 | 604c 896c | 2458 4489 | 5c24 5444 | 8954 2450 | 48ff 7424 
  0x00000269e8262074: 3048 8f44 | 2420 488b 

  0x00000269e826207c: ;   {metadata('java/lang/String')}
  0x00000269e826207c: 6c24 2848 | ba78 e800 | 8069 0200 | 0066 6690 

  0x00000269e826208c: ;   {runtime_call _new_instance_Java}
  0x00000269e826208c: c5f8 77e8 

  0x00000269e8262090: ; ImmutableOopMap {rbp=Oop [32]=Oop [56]=Oop [80]=NarrowOop [88]=Oop [96]=Derived_oop_[88] [104]=Oop [112]=NarrowOop [136]=Oop }
                      ;*new {reexecute=0 rethrow=0 return_oop=1}
                      ; - java.lang.StringLatin1::newString@7 (line 752)
                      ; - java.lang.String::substring@41 (line 2839)
                      ; - java.lang.ClassLoader::checkCerts@21 (line 1164)
                      ; - java.lang.ClassLoader::preDefineClass@113 (line 917)
                      ; - java.lang.ClassLoader::defineClass@4 (line 1025)
                      ; - java.security.SecureClassLoader::defineClass@12 (line 150)
  0x00000269e8262090: 6c9b 68ff 

  0x00000269e8262094: ;   {other}
  0x00000269e8262094: 0f1f 8400 | 040c 0008 | 4889 6c24 | 2848 ff74 | 2420 488f | 4424 3044 | 8b54 2450 | 448b 5c24 
  0x00000269e82620b4: 544c 8b6c | 2458 4c8b | 4c24 6048 | ff74 2468 | 488f 4424 | 5044 8b74 | 2470 8b4c | 2474 488b 
  0x00000269e82620d4: d8e9 b8fa | ffff 4c89 | 8424 8000 | 0000 4889 | 4424 7848 | 895c 2470 | 894c 246c | 4489 7424 
  0x00000269e82620f4: 6848 ff74 | 2450 488f | 4424 604c | 894c 2458 | 4c89 6c24 | 5048 ffb4 | 2488 0000 | 0048 8f44 
  0x00000269e8262114: 2448 48ff | 7424 2848 | 8f44 2420 

  0x00000269e8262120: ;   {metadata({type array byte})}
  0x00000269e8262120: 48ba 1823 | 0080 6902 | 0000 448b | c166 6690 

  0x00000269e8262130: ;   {runtime_call _new_array_nozero_Java}
  0x00000269e8262130: c5f8 77e8 

  0x00000269e8262134: ; ImmutableOopMap {[32]=Oop [48]=Oop [56]=Oop [72]=Oop [80]=Oop [88]=Derived_oop_[80] [96]=Oop [104]=NarrowOop [112]=Oop }
                      ;*newarray {reexecute=0 rethrow=0 return_oop=1}
                      ; - java.util.Arrays::copyOfRangeByte@10 (line 3863)
                      ; - java.util.Arrays::copyOfRange@13 (line 3854)
                      ; - java.lang.StringLatin1::newString@16 (line 752)
                      ; - java.lang.String::substring@41 (line 2839)
                      ; - java.lang.ClassLoader::checkCerts@21 (line 1164)
                      ; - java.lang.ClassLoader::preDefineClass@113 (line 917)
                      ; - java.lang.ClassLoader::defineClass@4 (line 1025)
                      ; - java.security.SecureClassLoader::defineClass@12 (line 150)
  0x00000269e8262134: 4894 68ff 

  0x00000269e8262138: ;   {other}
  0x00000269e8262138: 0f1f 8400 | a80c 0009 | 4c8b d048 | ff74 2420 | 488f 4424 | 2848 ff74 | 2448 488f | 8424 8800 
  0x00000269e8262158: 0000 4c8b | 4c24 5848 | ff74 2460 | 488f 4424 | 5044 8b74 | 2468 8b4c | 246c 488b | 5c24 7048 
  0x00000269e8262178: 8b44 2478 | 4c8b 8424 | 8000 0000 | 498b f2e9 | 59fb ffff | 4889 7c24 | 7848 895c | 2470 4489 
  0x00000269e8262198: 7424 6848 | ff74 2450 | 488f 4424 | 604c 894c | 2458 4c89 | 6c24 5041 | 8bea 48ff | b424 8800 
  0x00000269e82621b8: 0000 488f | 4424 4848 | ff74 2428 | 488f 4424 

  0x00000269e82621c8: ;   {metadata({type array byte})}
  0x00000269e82621c8: 2048 ba18 | 2300 8069 | 0200 0045 | 8bc3 6690 

  0x00000269e82621d8: ;   {runtime_call _new_array_nozero_Java}
  0x00000269e82621d8: c5f8 77e8 

  0x00000269e82621dc: ; ImmutableOopMap {rbp=NarrowOop [32]=Oop [48]=Oop [56]=Oop [72]=Oop [80]=Oop [88]=Derived_oop_[80] [96]=Oop [104]=NarrowOop [112]=Oop }
                      ;*invokevirtual clone {reexecute=1 rethrow=0 return_oop=1}
                      ; - (reexecute) java.util.Arrays::copyOfRange@18 (line 3856)
                      ; - java.lang.StringLatin1::newString@16 (line 752)
                      ; - java.lang.String::substring@41 (line 2839)
                      ; - java.lang.ClassLoader::checkCerts@21 (line 1164)
                      ; - java.lang.ClassLoader::preDefineClass@113 (line 917)
                      ; - java.lang.ClassLoader::defineClass@4 (line 1025)
                      ; - java.security.SecureClassLoader::defineClass@12 (line 150)
  0x00000269e82621dc: a093 68ff 

  0x00000269e82621e0: ;   {other}
  0x00000269e82621e0: 0f1f 8400 | 500d 000a | 48ff 7424 | 2048 8f44 | 2428 48ff | 7424 4848 | 8f84 2488 | 0000 004c 
  0x00000269e8262200: 8b4c 2458 | 48ff 7424 | 6048 8f44 | 2450 448b | 7424 6848 | 8b5c 2470 | 488b 7c24 | 7848 8bf0 
  0x00000269e8262220: e9df f9ff | ffba f6ff | ffff 488b | eb66 6690 

  0x00000269e8262230: ;   {runtime_call UncommonTrapBlob}
  0x00000269e8262230: c5f8 77e8 

  0x00000269e8262234: ; ImmutableOopMap {rbp=Oop }
                      ;*invokevirtual putIfAbsent {reexecute=0 rethrow=0 return_oop=0}
                      ; - java.lang.ClassLoader::checkCerts@62 (line 1171)
                      ; - java.lang.ClassLoader::preDefineClass@113 (line 917)
                      ; - java.lang.ClassLoader::defineClass@4 (line 1025)
                      ; - java.security.SecureClassLoader::defineClass@12 (line 150)
  0x00000269e8262234: 4821 66ff 

  0x00000269e8262238: ;   {other}
  0x00000269e8262238: 0f1f 8400 | a80d 000b | baf6 ffff | ff66 6690 

  0x00000269e8262248: ;   {runtime_call UncommonTrapBlob}
  0x00000269e8262248: c5f8 77e8 

  0x00000269e826224c: ; ImmutableOopMap {rbp=NarrowOop }
                      ;*invokevirtual toExternalForm {reexecute=0 rethrow=0 return_oop=0}
                      ; - java.net.URL::toExternalForm@5 (line 1203)
                      ; - java.net.URL::toString@1 (line 1189)
                      ; - java.lang.ClassLoader::defineClassSourceLocation@22 (line 927)
                      ; - java.lang.ClassLoader::defineClass@12 (line 1026)
                      ; - java.security.SecureClassLoader::defineClass@12 (line 150)
  0x00000269e826224c: 3021 66ff 

  0x00000269e8262250: ;   {other}
  0x00000269e8262250: 0f1f 8400 | c00d 000c | ba76 ffff | ff41 8bea | 897c 2424 | 4489 7424 | 6066 6690 

  0x00000269e826226c: ;   {runtime_call UncommonTrapBlob}
  0x00000269e826226c: c5f8 77e8 

  0x00000269e8262270: ; ImmutableOopMap {rbp=NarrowOop [40]=Oop [48]=Oop [56]=Oop [80]=Oop [96]=NarrowOop [136]=Oop }
                      ;*iflt {reexecute=1 rethrow=0 return_oop=0}
                      ; - (reexecute) java.lang.StringLatin1::lastIndexOf@19 (line 285)
                      ; - java.lang.String::lastIndexOf@13 (line 2573)
                      ; - java.lang.String::lastIndexOf@8 (line 2535)
                      ; - java.lang.ClassLoader::checkCerts@3 (line 1163)
                      ; - java.lang.ClassLoader::preDefineClass@113 (line 917)
                      ; - java.lang.ClassLoader::defineClass@4 (line 1025)
                      ; - java.security.SecureClassLoader::defineClass@12 (line 150)
  0x00000269e8262270: 0c21 66ff 

  0x00000269e8262274: ;   {other}
  0x00000269e8262274: 0f1f 8400 | e40d 000d | bade ffff | ff4c 8954 | 2420 48ff | 7424 3048 | 8f44 2428 | 48ff 7424 
  0x00000269e8262294: 3848 8f44 | 2430 4889 | 4424 f88b | 4424 4089 | 4424 3848 | 8b44 24f8 | 4889 4424 | f88b 4424 
  0x00000269e82622b4: 4489 4424 | 3c48 8b44 | 24f8 4c89 | 4424 404c | 894c 2448 

  0x00000269e82622c8: ;   {runtime_call UncommonTrapBlob}
  0x00000269e82622c8: c5f8 77e8 

  0x00000269e82622cc: ; ImmutableOopMap {rbp=NarrowOop [32]=Oop [40]=Oop [48]=Oop [64]=Oop [72]=Oop }
                      ;*invokeinterface computeIfAbsent {reexecute=0 rethrow=0 return_oop=0}
                      ; - java.security.SecureClassLoader::getProtectionDomain@28 (line 222)
                      ; - java.security.SecureClassLoader::defineClass@9 (line 150)
  0x00000269e82622cc: b020 66ff 

  0x00000269e82622d0: ;   {other}
  0x00000269e82622d0: 0f1f 8400 | 400e 000e | ba45 ffff | ff48 8b6c | 2428 6690 

  0x00000269e82622e4: ;   {runtime_call UncommonTrapBlob}
  0x00000269e82622e4: c5f8 77e8 

  0x00000269e82622e8: ; ImmutableOopMap {rbp=Oop [48]=Oop [56]=Oop [136]=Oop }
                      ;*ifeq {reexecute=1 rethrow=0 return_oop=0}
                      ; - (reexecute) java.lang.ClassLoader::checkName@8 (line 1155)
                      ; - java.lang.ClassLoader::preDefineClass@1 (line 900)
                      ; - java.lang.ClassLoader::defineClass@4 (line 1025)
                      ; - java.security.SecureClassLoader::defineClass@12 (line 150)
  0x00000269e82622e8: 9420 66ff 

  0x00000269e82622ec: ;   {other}
  0x00000269e82622ec: 0f1f 8400 | 5c0e 000f | ba6e ffff | ff41 8bea | 897c 2424 | 4489 7424 | 6066 6690 

  0x00000269e8262308: ;   {runtime_call UncommonTrapBlob}
  0x00000269e8262308: c5f8 77e8 

  0x00000269e826230c: ; ImmutableOopMap {rbp=NarrowOop [40]=Oop [48]=Oop [56]=Oop [80]=Oop [96]=NarrowOop [136]=Oop }
                      ;*iflt {reexecute=1 rethrow=0 return_oop=0}
                      ; - (reexecute) java.lang.StringLatin1::lastIndexOf@19 (line 285)
                      ; - java.lang.String::lastIndexOf@13 (line 2573)
                      ; - java.lang.String::lastIndexOf@8 (line 2535)
                      ; - java.lang.ClassLoader::checkCerts@3 (line 1163)
                      ; - java.lang.ClassLoader::preDefineClass@113 (line 917)
                      ; - java.lang.ClassLoader::defineClass@4 (line 1025)
                      ; - java.security.SecureClassLoader::defineClass@12 (line 150)
  0x00000269e826230c: 7020 66ff 

  0x00000269e8262310: ;   {other}
  0x00000269e8262310: 0f1f 8400 | 800e 0010 | bace ffff | ff41 8bea | 895c 2460 

  0x00000269e8262324: ;   {runtime_call UncommonTrapBlob}
  0x00000269e8262324: c5f8 77e8 

  0x00000269e8262328: ; ImmutableOopMap {rbp=NarrowOop [40]=Oop [48]=Oop [56]=Oop [136]=Oop }
                      ;*invokestatic indexOfChar {reexecute=0 rethrow=0 return_oop=0}
                      ; - java.lang.StringLatin1::indexOf@33 (line 204)
                      ; - java.lang.String::indexOf@17 (line 2461)
                      ; - java.lang.String::indexOf@3 (line 2405)
                      ; - java.lang.ClassLoader::checkName@16 (line 1157)
                      ; - java.lang.ClassLoader::preDefineClass@1 (line 900)
                      ; - java.lang.ClassLoader::defineClass@4 (line 1025)
                      ; - java.security.SecureClassLoader::defineClass@12 (line 150)
  0x00000269e8262328: 5420 66ff 

  0x00000269e826232c: ;   {other}
  0x00000269e826232c: 0f1f 8400 | 9c0e 0011 | 4863 c1e9 | 13f9 ffff | 4883 c0fe | 488b c849 | 8bfa 4833 | c048 83f9 
  0x00000269e826234c: 087f 1048 | ffc9 784f | 4889 04cf | 48ff c97d | f7eb 44c5 | fdef c0e9 | 0d00 0000 | c5fe 7f07 
  0x00000269e826236c: c5fe 7f47 | 2048 83c7 | 4048 83e9 | 087d ed48 | 83c1 047c | 0cc5 fe7f | 0748 83c7 | 2048 83e9 
  0x00000269e826238c: 0448 83c1 | 047e 1048 | ffc9 c5f9 | d607 4883 | c708 48ff | c97d f3e9 | 86f9 ffff | bacc ffff 
  0x00000269e82623ac: ff41 8bea | 894c 2424 | 4489 7424 | 6048 895c | 2470 6690 

  0x00000269e82623c0: ;   {runtime_call UncommonTrapBlob}
  0x00000269e82623c0: c5f8 77e8 

  0x00000269e82623c4: ; ImmutableOopMap {rbp=NarrowOop [40]=Oop [48]=Oop [56]=Oop [80]=Oop [96]=NarrowOop [112]=Oop [136]=Oop }
                      ;*newarray {reexecute=1 rethrow=0 return_oop=0}
                      ; - (reexecute) java.util.Arrays::copyOfRangeByte@10 (line 3863)
                      ; - java.util.Arrays::copyOfRange@13 (line 3854)
                      ; - java.lang.StringLatin1::newString@16 (line 752)
                      ; - java.lang.String::substring@41 (line 2839)
                      ; - java.lang.ClassLoader::checkCerts@21 (line 1164)
                      ; - java.lang.ClassLoader::preDefineClass@113 (line 917)
                      ; - java.lang.ClassLoader::defineClass@4 (line 1025)
                      ; - java.security.SecureClassLoader::defineClass@12 (line 150)
  0x00000269e82623c4: b81f 66ff 

  0x00000269e82623c8: ;   {other}
  0x00000269e82623c8: 0f1f 8400 | 380f 0012 | 8bcf e93e | f7ff ff45 | 33d2 4585 | c941 0f94 | c2ba 45ff | ffff 488b 
  0x00000269e82623e8: 6c24 284c | 8944 2420 | 4489 5424 | 6066 6690 

  0x00000269e82623f8: ;   {runtime_call UncommonTrapBlob}
  0x00000269e82623f8: c5f8 77e8 

  0x00000269e82623fc: ; ImmutableOopMap {rbp=Oop [32]=Oop [56]=Oop [136]=Oop }
                      ;*ifeq {reexecute=1 rethrow=0 return_oop=0}
                      ; - (reexecute) java.lang.String::indexOf@4 (line 2461)
                      ; - java.lang.String::indexOf@3 (line 2405)
                      ; - java.lang.ClassLoader::checkName@16 (line 1157)
                      ; - java.lang.ClassLoader::preDefineClass@1 (line 900)
                      ; - java.lang.ClassLoader::defineClass@4 (line 1025)
                      ; - java.security.SecureClassLoader::defineClass@12 (line 150)
  0x00000269e82623fc: 801f 66ff 

  0x00000269e8262400: ;   {other}
  0x00000269e8262400: 0f1f 8400 | 700f 0013 | ba45 ffff | ff89 4c24 | 2089 4c24 | 2444 8974 | 2460 4489 | 4424 7090 
  0x00000269e8262420: ;   {runtime_call UncommonTrapBlob}
  0x00000269e8262420: c5f8 77e8 

  0x00000269e8262424: ; ImmutableOopMap {[40]=Oop [48]=Oop [56]=Oop [80]=Oop [96]=NarrowOop [136]=Oop }
                      ;*if_icmpgt {reexecute=1 rethrow=0 return_oop=0}
                      ; - (reexecute) jdk.internal.util.Preconditions::checkFromToIndex@6 (line 348)
                      ; - java.lang.String::checkBoundsBeginEnd@6 (line 4865)
                      ; - java.lang.String::substring@8 (line 2834)
                      ; - java.lang.ClassLoader::checkCerts@21 (line 1164)
                      ; - java.lang.ClassLoader::preDefineClass@113 (line 917)
                      ; - java.lang.ClassLoader::defineClass@4 (line 1025)
                      ; - java.security.SecureClassLoader::defineClass@12 (line 150)
  0x00000269e8262424: 581f 66ff 

  0x00000269e8262428: ;   {other}
  0x00000269e8262428: 0f1f 8400 | 980f 0014 | ba45 ffff | ff48 8b6c | 2428 895c | 2450 6690 

  0x00000269e8262440: ;   {runtime_call UncommonTrapBlob}
  0x00000269e8262440: c5f8 77e8 

  0x00000269e8262444: ; ImmutableOopMap {rbp=Oop [48]=Oop [56]=Oop [136]=Oop }
                      ;*if_icmpne {reexecute=1 rethrow=0 return_oop=0}
                      ; - (reexecute) java.lang.ClassLoader::checkName@20 (line 1157)
                      ; - java.lang.ClassLoader::preDefineClass@1 (line 900)
                      ; - java.lang.ClassLoader::defineClass@4 (line 1025)
                      ; - java.security.SecureClassLoader::defineClass@12 (line 150)
  0x00000269e8262444: 381f 66ff 

  0x00000269e8262448: ;   {other}
  0x00000269e8262448: 0f1f 8400 | b80f 0015 | ba45 ffff | ff48 ff74 | 2428 488f | 4424 204c | 8944 2428 | 4c89 4c24 
  0x00000269e8262468: 3089 7c24 | 3889 7424 | 3c66 6690 

  0x00000269e8262474: ;   {runtime_call UncommonTrapBlob}
  0x00000269e8262474: c5f8 77e8 

  0x00000269e8262478: ; ImmutableOopMap {rbp=Oop [32]=Oop [40]=Oop [48]=Oop }
                      ;*ifnonnull {reexecute=1 rethrow=0 return_oop=0}
                      ; - (reexecute) java.security.SecureClassLoader::getProtectionDomain@1 (line 213)
                      ; - java.security.SecureClassLoader::defineClass@9 (line 150)
  0x00000269e8262478: 041f 66ff 

  0x00000269e826247c: ;   {other}
  0x00000269e826247c: 0f1f 8400 | ec0f 0016 | ba45 ffff | ff66 6690 

  0x00000269e826248c: ;   {runtime_call UncommonTrapBlob}
  0x00000269e826248c: c5f8 77e8 

  0x00000269e8262490: ; ImmutableOopMap {[40]=Oop [48]=Oop [56]=Oop [136]=Oop }
                      ;*if_icmpne {reexecute=1 rethrow=0 return_oop=0}
                      ; - (reexecute) java.lang.ClassLoader::checkName@30 (line 1157)
                      ; - java.lang.ClassLoader::preDefineClass@1 (line 900)
                      ; - java.lang.ClassLoader::defineClass@4 (line 1025)
                      ; - java.security.SecureClassLoader::defineClass@12 (line 150)
  0x00000269e8262490: ec1e 66ff 

  0x00000269e8262494: ;   {other}
  0x00000269e8262494: 0f1f 8400 | 0410 0017 | ba45 ffff | ff48 ff74 | 2428 488f | 4424 2048 | 895c 2458 | 4489 7424 
  0x00000269e82624b4: 6066 6690 

  0x00000269e82624b8: ;   {runtime_call UncommonTrapBlob}
  0x00000269e82624b8: c5f8 77e8 

  0x00000269e82624bc: ; ImmutableOopMap {rbp=NarrowOop [32]=Oop [48]=Oop [56]=Oop [80]=Oop [88]=Oop [96]=NarrowOop [136]=Oop }
                      ;*ifnull {reexecute=1 rethrow=0 return_oop=0}
                      ; - (reexecute) java.security.CodeSource::getCertificates@4 (line 204)
                      ; - java.lang.ClassLoader::checkCerts@34 (line 1168)
                      ; - java.lang.ClassLoader::preDefineClass@113 (line 917)
                      ; - java.lang.ClassLoader::defineClass@4 (line 1025)
                      ; - java.security.SecureClassLoader::defineClass@12 (line 150)
  0x00000269e82624bc: c01e 66ff 

  0x00000269e82624c0: ;   {other}
  0x00000269e82624c0: 0f1f 8400 | 3010 0018 | ba45 ffff | ff48 ff74 | 2428 488f | 4424 2048 | 895c 2458 | 4489 7424 
  0x00000269e82624e0: 6066 6690 

  0x00000269e82624e4: ;   {runtime_call UncommonTrapBlob}
  0x00000269e82624e4: c5f8 77e8 

  0x00000269e82624e8: ; ImmutableOopMap {rbp=NarrowOop [32]=Oop [48]=Oop [56]=Oop [80]=Oop [88]=Oop [96]=NarrowOop [136]=Oop }
                      ;*ifnull {reexecute=1 rethrow=0 return_oop=0}
                      ; - (reexecute) java.security.CodeSource::getCertificates@22 (line 207)
                      ; - java.lang.ClassLoader::checkCerts@34 (line 1168)
                      ; - java.lang.ClassLoader::preDefineClass@113 (line 917)
                      ; - java.lang.ClassLoader::defineClass@4 (line 1025)
                      ; - java.security.SecureClassLoader::defineClass@12 (line 150)
  0x00000269e82624e8: 941e 66ff 

  0x00000269e82624ec: ;   {other}
  0x00000269e82624ec: 0f1f 8400 | 5c10 0019 | ba45 ffff | ff48 ff74 | 2428 488f | 4424 2090 

  0x00000269e8262504: ;   {runtime_call UncommonTrapBlob}
  0x00000269e8262504: c5f8 77e8 

  0x00000269e8262508: ; ImmutableOopMap {[32]=Oop [48]=Oop [56]=Oop [136]=Oop }
                      ;*ifne {reexecute=1 rethrow=0 return_oop=0}
                      ; - (reexecute) java.lang.ClassLoader::compareCerts@7 (line 1186)
                      ; - java.lang.ClassLoader::checkCerts@80 (line 1172)
                      ; - java.lang.ClassLoader::preDefineClass@113 (line 917)
                      ; - java.lang.ClassLoader::defineClass@4 (line 1025)
                      ; - java.security.SecureClassLoader::defineClass@12 (line 150)
  0x00000269e8262508: 741e 66ff 

  0x00000269e826250c: ;   {other}
  0x00000269e826250c: 0f1f 8400 | 7c10 001a | ba45 ffff | ff89 4c24 | 2089 4c24 | 2444 8974 | 2460 4489 | 4424 7044 
  0x00000269e826252c: 8944 2474 

  0x00000269e8262530: ;   {runtime_call UncommonTrapBlob}
  0x00000269e8262530: c5f8 77e8 

  0x00000269e8262534: ; ImmutableOopMap {[40]=Oop [48]=Oop [56]=Oop [80]=Oop [96]=NarrowOop [136]=Oop }
                      ;*if_icmple {reexecute=1 rethrow=0 return_oop=0}
                      ; - (reexecute) jdk.internal.util.Preconditions::checkFromToIndex@11 (line 348)
                      ; - java.lang.String::checkBoundsBeginEnd@6 (line 4865)
                      ; - java.lang.String::substring@8 (line 2834)
                      ; - java.lang.ClassLoader::checkCerts@21 (line 1164)
                      ; - java.lang.ClassLoader::preDefineClass@113 (line 917)
                      ; - java.lang.ClassLoader::defineClass@4 (line 1025)
                      ; - java.security.SecureClassLoader::defineClass@12 (line 150)
  0x00000269e8262534: 481e 66ff 

  0x00000269e8262538: ;   {other}
  0x00000269e8262538: 0f1f 8400 | a810 001b | 498b d7c5 | f877 49ba | 209b 4ad7 | ff7f 0000 

  0x00000269e8262550: ;   {other}
  0x00000269e8262550: 41ff d20f | 1f84 0000 | 0000 000f | 1f44 0000 | e9d4 f7ff | ffba e4ff | ffff 4489 | 5424 2044 
  0x00000269e8262570: 8b5c 2440 | 4489 5c24 | 2466 6690 

  0x00000269e826257c: ;   {runtime_call UncommonTrapBlob}
  0x00000269e826257c: c5f8 77e8 

  0x00000269e8262580: ; ImmutableOopMap {[32]=NarrowOop [40]=Oop [48]=Oop [56]=Oop [136]=Oop }
                      ;*baload {reexecute=0 rethrow=0 return_oop=0}
                      ; - jdk.internal.util.ArraysSupport::mismatch@82 (line 402)
                      ; - java.lang.String::startsWith@70 (line 2297)
                      ; - java.lang.String::startsWith@3 (line 2327)
                      ; - java.lang.ClassLoader::preDefineClass@43 (line 906)
                      ; - java.lang.ClassLoader::defineClass@4 (line 1025)
                      ; - java.security.SecureClassLoader::defineClass@12 (line 150)
  0x00000269e8262580: fc1d 66ff 

  0x00000269e8262584: ;   {other}
  0x00000269e8262584: 0f1f 8400 | f410 001c | ba37 0100 | 0048 8beb | 4c8b 5424 | 384c 8954 | 2428 6690 

  0x00000269e82625a0: ;   {runtime_call UncommonTrapBlob}
  0x00000269e82625a0: c5f8 77e8 

  0x00000269e82625a4: ; ImmutableOopMap {rbp=Oop [40]=Oop [48]=Oop }
                      ;*new {reexecute=0 rethrow=0 return_oop=0}
                      ; - java.lang.ClassLoader::preDefineClass@56 (line 908)
                      ; - java.lang.ClassLoader::defineClass@4 (line 1025)
                      ; - java.security.SecureClassLoader::defineClass@12 (line 150)
  0x00000269e82625a4: d81d 66ff 

  0x00000269e82625a8: ;   {other}
  0x00000269e82625a8: 0f1f 8400 | 1811 001d | bade ffff | ff48 8b6c | 2428 4c8b | 5424 304c | 8954 2420 | 4c8b 5424 
  0x00000269e82625c8: 384c 8954 | 2428 4889 | 4424 3890 

  0x00000269e82625d4: ;   {runtime_call UncommonTrapBlob}
  0x00000269e82625d4: c5f8 77e8 

  0x00000269e82625d8: ; ImmutableOopMap {rbp=Oop [32]=Oop [40]=Oop [56]=Oop }
                      ;*checkcast {reexecute=0 rethrow=0 return_oop=0}
                      ; - java.security.SecureClassLoader::getProtectionDomain@33 (line 222)
                      ; - java.security.SecureClassLoader::defineClass@9 (line 150)
  0x00000269e82625d8: a41d 66ff 

  0x00000269e82625dc: ;   {other}
  0x00000269e82625dc: 0f1f 8400 | 4c11 001e | bade ffff | ff48 8b6c | 2428 4c8b | 5424 384c | 8954 2428 | 448b 5424 
  0x00000269e82625fc: 4044 8954 | 2438 448b | 5c24 4444 | 895c 243c | 48ff 7424 | 5048 8f44 | 2448 4889 | 4424 5090 
  0x00000269e826261c: ;   {runtime_call UncommonTrapBlob}
  0x00000269e826261c: c5f8 77e8 

  0x00000269e8262620: ; ImmutableOopMap {rbp=Oop [40]=Oop [48]=Oop [72]=Oop [80]=Oop [136]=Oop }
                      ;*checkcast {reexecute=0 rethrow=0 return_oop=0}
                      ; - java.lang.ClassLoader::checkCerts@65 (line 1171)
                      ; - java.lang.ClassLoader::preDefineClass@113 (line 917)
                      ; - java.lang.ClassLoader::defineClass@4 (line 1025)
                      ; - java.security.SecureClassLoader::defineClass@12 (line 150)
  0x00000269e8262620: 5c1d 66ff 

  0x00000269e8262624: ;   {other}
  0x00000269e8262624: 0f1f 8400 | 9411 001f | baf6 ffff | ff49 8be8 | 4c89 4c24 | 2066 6690 

  0x00000269e826263c: ;   {runtime_call UncommonTrapBlob}
  0x00000269e826263c: c5f8 77e8 

  0x00000269e8262640: ; ImmutableOopMap {rbp=Oop [32]=Oop }
                      ;*invokeinterface computeIfAbsent {reexecute=0 rethrow=0 return_oop=0}
                      ; - java.security.SecureClassLoader::getProtectionDomain@28 (line 222)
                      ; - java.security.SecureClassLoader::defineClass@9 (line 150)
  0x00000269e8262640: 3c1d 66ff 

  0x00000269e8262644: ;   {other}
  0x00000269e8262644: 0f1f 8400 | b411 0020 | baf4 ffff | ff48 8b6c | 2428 4c8b | 5424 304c | 8954 2420 

  0x00000269e8262660: ;   {runtime_call UncommonTrapBlob}
  0x00000269e8262660: c5f8 77e8 

  0x00000269e8262664: ; ImmutableOopMap {rbp=Oop [32]=Oop [56]=Oop }
                      ;*checkcast {reexecute=0 rethrow=0 return_oop=0}
                      ; - java.security.SecureClassLoader::getProtectionDomain@33 (line 222)
                      ; - java.security.SecureClassLoader::defineClass@9 (line 150)
  0x00000269e8262664: 181d 66ff 

  0x00000269e8262668: ;   {other}
  0x00000269e8262668: 0f1f 8400 | d811 0021 | baf6 ffff | ff66 6690 

  0x00000269e8262678: ;   {runtime_call UncommonTrapBlob}
  0x00000269e8262678: c5f8 77e8 

  0x00000269e826267c: ; ImmutableOopMap {}
                      ;*arraylength {reexecute=0 rethrow=0 return_oop=0}
                      ; - java.lang.String::isEmpty@4 (line 1532)
                      ; - java.lang.ClassLoader::checkName@5 (line 1155)
                      ; - java.lang.ClassLoader::preDefineClass@1 (line 900)
                      ; - java.lang.ClassLoader::defineClass@4 (line 1025)
                      ; - java.security.SecureClassLoader::defineClass@12 (line 150)
  0x00000269e826267c: 001d 66ff 

  0x00000269e8262680: ;   {other}
  0x00000269e8262680: 0f1f 8400 | f011 0022 | ba45 ffff | ff48 8b6c | 2428 48ff | 7424 3048 | 8f44 2420 

  0x00000269e826269c: ;   {runtime_call UncommonTrapBlob}
  0x00000269e826269c: c5f8 77e8 

  0x00000269e82626a0: ; ImmutableOopMap {rbp=Oop [32]=Oop [56]=Oop [136]=Oop }
                      ;*ifnull {reexecute=1 rethrow=0 return_oop=0}
                      ; - (reexecute) java.lang.ClassLoader::checkName@1 (line 1155)
                      ; - java.lang.ClassLoader::preDefineClass@1 (line 900)
                      ; - java.lang.ClassLoader::defineClass@4 (line 1025)
                      ; - java.security.SecureClassLoader::defineClass@12 (line 150)
  0x00000269e82626a0: dc1c 66ff 

  0x00000269e82626a4: ;   {other}
  0x00000269e82626a4: 0f1f 8400 | 1412 0023 | ba45 ffff | ff48 8b6c | 2428 4c8b | 5424 384c | 8954 2428 | 448b 5c24 
  0x00000269e82626c4: 4044 895c | 2438 448b | 5424 4444 | 8954 243c | 48ff 7424 | 5048 8f44 | 2448 4889 | 5c24 5844 
  0x00000269e82626e4: 8974 2454 

  0x00000269e82626e8: ;   {runtime_call UncommonTrapBlob}
  0x00000269e82626e8: c5f8 77e8 

  0x00000269e82626ec: ; ImmutableOopMap {rbp=Oop [40]=Oop [48]=Oop [72]=Oop [84]=NarrowOop [88]=Oop [136]=Oop }
                      ;*ifnull {reexecute=1 rethrow=0 return_oop=0}
                      ; - (reexecute) java.lang.ClassLoader::checkCerts@30 (line 1167)
                      ; - java.lang.ClassLoader::preDefineClass@113 (line 917)
                      ; - java.lang.ClassLoader::defineClass@4 (line 1025)
                      ; - java.security.SecureClassLoader::defineClass@12 (line 150)
  0x00000269e82626ec: 901c 66ff 

  0x00000269e82626f0: ;   {other}
  0x00000269e82626f0: 0f1f 8400 | 6012 0024 | ba45 ffff | ff48 8b6c | 2428 48ff | 7424 3048 | 8f44 2420 | 4c8b 5424 
  0x00000269e8262710: 384c 8954 | 2428 448b | 5424 4044 | 8954 2430 | 448b 4424 | 4444 8944 | 2434 4489 | 5c24 4490 
  0x00000269e8262730: ;   {runtime_call UncommonTrapBlob}
  0x00000269e8262730: c5f8 77e8 

  0x00000269e8262734: ; ImmutableOopMap {rbp=Oop [32]=Oop [40]=Oop [68]=NarrowOop [136]=Oop }
                      ;*ifnull {reexecute=1 rethrow=0 return_oop=0}
                      ; - (reexecute) java.lang.ClassLoader::defineClassSourceLocation@8 (line 926)
                      ; - java.lang.ClassLoader::defineClass@12 (line 1026)
                      ; - java.security.SecureClassLoader::defineClass@12 (line 150)
  0x00000269e8262734: 481c 66ff 

  0x00000269e8262738: ;   {other}
  0x00000269e8262738: 0f1f 8400 | a812 0025 | ba45 ffff | ff48 ff74 | 2428 488f | 4424 2048 | ff74 2430 | 488f 4424 
  0x00000269e8262758: 2848 ff74 | 2438 488f | 4424 3048 | 8944 24f8 | 8b44 2440 | 8944 2438 | 488b 4424 | f848 8944 
  0x00000269e8262778: 24f8 8b44 | 2444 8944 | 243c 488b | 4424 f890 

  0x00000269e8262788: ;   {runtime_call UncommonTrapBlob}
  0x00000269e8262788: c5f8 77e8 

  0x00000269e826278c: ; ImmutableOopMap {rbp=NarrowOop [32]=Oop [40]=Oop [48]=Oop [136]=Oop }
                      ;*ifnull {reexecute=1 rethrow=0 return_oop=0}
                      ; - (reexecute) java.lang.ClassLoader::defineClassSourceLocation@15 (line 926)
                      ; - java.lang.ClassLoader::defineClass@12 (line 1026)
                      ; - java.security.SecureClassLoader::defineClass@12 (line 150)
  0x00000269e826278c: f01b 66ff 

  0x00000269e8262790: ;   {other}
  0x00000269e8262790: 0f1f 8400 | 0013 0026 | e90d 0000 | 00eb 0b90 | eb0d eb0b | eb04 eb02 | eb00 488b | d0eb 0348 
  0x00000269e82627b0: 8bd0 c5f8 | 7748 81c4 | b000 0000 

  0x00000269e82627bc: ;   {runtime_call _rethrow_Java}
  0x00000269e82627bc: 5de9 3ef4 | 68ff ba97 | ffff ff4c | 8b54 2460 | 4c89 5424 | 5044 8b54 | 2468 4489 | 5424 584c 
  0x00000269e82627dc: 8b54 2470 | 4c89 5424 | 6866 6690 

  0x00000269e82627e8: ;   {runtime_call UncommonTrapBlob}
  0x00000269e82627e8: c5f8 77e8 

  0x00000269e82627ec: ; ImmutableOopMap {rbp=NarrowOop [32]=Oop [48]=Oop [56]=Oop [72]=Oop [80]=Oop [88]=NarrowOop [104]=Oop [112]=Oop }
                      ;*invokevirtual clone {reexecute=1 rethrow=0 return_oop=0}
                      ; - (reexecute) java.util.Arrays::copyOfRange@18 (line 3856)
                      ; - java.lang.StringLatin1::newString@16 (line 752)
                      ; - java.lang.String::substring@41 (line 2839)
                      ; - java.lang.ClassLoader::checkCerts@21 (line 1164)
                      ; - java.lang.ClassLoader::preDefineClass@113 (line 917)
                      ; - java.lang.ClassLoader::defineClass@4 (line 1025)
                      ; - java.security.SecureClassLoader::defineClass@12 (line 150)
  0x00000269e82627ec: 901b 66ff 

  0x00000269e82627f0: ;   {other}
  0x00000269e82627f0: 0f1f 8400 | 6013 0027 

  0x00000269e82627f8: ;   {internal_word}
  0x00000269e82627f8: 49ba 861e | 26e8 6902 | 0000 4d89 | 9760 0400 

  0x00000269e8262808: ;   {runtime_call SafepointBlob}
  0x00000269e8262808: 00e9 722c 

  0x00000269e826280c: ;   {runtime_call StubRoutines (final stubs)}
  0x00000269e826280c: 66ff e88d | 3c64 ffe9 | 46ef ffff 
[Stub Code]
  0x00000269e8262818: ;   {no_reloc}
  0x00000269e8262818: 48bb 2852 | 0680 6902 

  0x00000269e8262820: ;   {runtime_call I2C/C2I adapters}
  0x00000269e8262820: 0000 e944 

  0x00000269e8262824: ;   {static_stub}
  0x00000269e8262824: 8665 ff48 | bb00 0000 | 0000 0000 

  0x00000269e8262830: ;   {runtime_call nmethod}
  0x00000269e8262830: 00e9 fbff 

  0x00000269e8262834: ;   {static_stub}
  0x00000269e8262834: ffff 48bb | 0000 0000 | 0000 0000 

  0x00000269e8262840: ;   {runtime_call nmethod}
  0x00000269e8262840: e9fb ffff 

  0x00000269e8262844: ;   {static_stub}
  0x00000269e8262844: ff48 bb00 | 0000 0000 

  0x00000269e826284c: ;   {runtime_call nmethod}
  0x00000269e826284c: 0000 00e9 | fbff ffff 

  0x00000269e8262854: ;   {static_stub}
  0x00000269e8262854: 48bb 0000 | 0000 0000 

  0x00000269e826285c: ;   {runtime_call nmethod}
  0x00000269e826285c: 0000 e9fb 

  0x00000269e8262860: ;   {runtime_call ExceptionBlob}
  0x00000269e8262860: ffff ffe9 | 9896 68ff 
[Deopt Handler Code]
  0x00000269e8262868: e800 0000 | 0048 832c 

  0x00000269e8262870: ;   {runtime_call DeoptimizationBlob}
  0x00000269e8262870: 2405 e9a9 | 1e66 fff4 
[/MachCode]


Compiled method (c2) 340083 4799   !   4       java.lang.ClassLoader::loadClass (121 bytes)
 total in heap  [0x00000269e807ed90,0x00000269e8092558] = 79816
 relocation     [0x00000269e807eef0,0x00000269e807f6d0] = 2016
 constants      [0x00000269e807f6e0,0x00000269e807f700] = 32
 main code      [0x00000269e807f700,0x00000269e808a7e8] = 45288
 stub code      [0x00000269e808a7e8,0x00000269e808aa68] = 640
 oops           [0x00000269e808aa68,0x00000269e808aac8] = 96
 metadata       [0x00000269e808aac8,0x00000269e808af38] = 1136
 scopes data    [0x00000269e808af38,0x00000269e8090c58] = 23840
 scopes pcs     [0x00000269e8090c58,0x00000269e8091ac8] = 3696
 dependencies   [0x00000269e8091ac8,0x00000269e8091b60] = 152
 handler table  [0x00000269e8091b60,0x00000269e8092478] = 2328
 nul chk table  [0x00000269e8092478,0x00000269e8092558] = 224


[Constant Pool]
             Address          hex4                    hex8      
  0x00000269e807f6e0:   0x3f400000      0xf4f4f4f43f400000      
  0x00000269e807f6e4:   0xf4f4f4f4                              
  0x00000269e807f6e8:   0xf4f4f4f4      0xf4f4f4f4f4f4f4f4      
  0x00000269e807f6ec:   0xf4f4f4f4                              
  0x00000269e807f6f0:   0xf4f4f4f4      0xf4f4f4f4f4f4f4f4      
  0x00000269e807f6f4:   0xf4f4f4f4                              
  0x00000269e807f6f8:   0xf4f4f4f4      0xf4f4f4f4f4f4f4f4      
  0x00000269e807f6fc:   0xf4f4f4f4                              

[MachCode]
[Entry Point]
  # {method} {0x0000026980014398} 'loadClass' '(Ljava/lang/String;Z)Ljava/lang/Class;' in 'java/lang/ClassLoader'
  # this:     rdx:rdx   = 'java/lang/ClassLoader'
  # parm0:    r8:r8     = 'java/lang/String'
  # parm1:    r9        = boolean
  #           [sp+0x160]  (sp of caller)
  0x00000269e807f700: ;   {no_reloc}
  0x00000269e807f700: 448b 5208 | 49bb 0000 | 0080 6902 | 0000 4d03 | d349 3bc2 

  0x00000269e807f714: ;   {runtime_call ic_miss_stub}
  0x00000269e807f714: 0f85 66f0 | 83ff 6690 | 0f1f 4000 
[Verified Entry Point]
  0x00000269e807f720: 8984 2400 | 80ff ff55 | 4881 ec50 | 0100 0090 | 4181 7f20 | 1300 0000 | 0f85 9fb0 | 0000 4489 
  0x00000269e807f740: 4c24 2c4c | 8984 24d8 | 0000 0048 | 8954 2450 | 448b 4228 | 4585 c00f | 8488 4300 | 0049 8b87 
  0x00000269e807f760: b801 0000 | 4c8b d049 | 83c2 104d | 3b97 c801 | 0000 0f83 | 9947 0000 | 4d89 97b8 | 0100 0041 
  0x00000269e807f780: 0f0d 8ac0 | 0000 0048 | c700 0100 

  0x00000269e807f78c: ;   {metadata('java/lang/Object')}
  0x00000269e807f78c: 0000 c740 | 0890 0e00 | 0044 8960 | 0c44 8944 | 2440 488b | e844 8b54 | 2440 498b | d24c 8b84 
  0x00000269e807f7ac: 24d8 0000 | 004c 8bcd | bf01 0000 | 0066 6690 

  0x00000269e807f7bc: ;   {optimized virtual_call}
  0x00000269e807f7bc: c5f8 77e8 

  0x00000269e807f7c0: ; ImmutableOopMap {rbp=Oop [80]=Oop [216]=Oop }
                      ;*invokevirtual putVal {reexecute=0 rethrow=0 return_oop=1}
                      ; - java.util.concurrent.ConcurrentHashMap::putIfAbsent@4 (line 1541)
                      ; - java.lang.ClassLoader::getClassLoadingLock@23 (line 681)
                      ; - java.lang.ClassLoader::loadClass@2 (line 573)
  0x00000269e807f7c0: 9c2e 1800 

  0x00000269e807f7c4: ;   {other}
  0x00000269e807f7c4: 0f1f 8400 | 340a 0000 | 4885 c00f | 85ea 2a00 | 0048 896c | 2458 488d | 9c24 3001 | 0000 4c8b 
  0x00000269e807f7e4: 5c24 5849 | 8b03 a802 | 0f85 2300 | 0000 4883 | c801 4889 | 03f0 490f | b11b 0f84 | 3700 0000 
  0x00000269e807f804: 482b c448 | 2507 f0ff | ff48 8903 | e924 0000 | 004c 8bd0 | 4833 c0f0 | 4d0f b17a | 3e48 c703 
  0x00000269e807f824: 0300 0000 | 7411 4c3b | f875 1549 | ff82 8600 | 0000 4833 | c075 0949 | ff87 4805 | 0000 33c0 
  0x00000269e807f844: 0f85 6160 | 0000 4c8b | 9424 d800 | 0000 458b | 5a14 458b | 4b0c 660f | 1f44 0000 | 4585 c90f 
  0x00000269e807f864: 866c 6000 | 0045 0fbe | 4210 4585 | c00f 8521 | 6300 00c4 | c23a f7d1 | 413b d141 | 0f4f d14d 
  0x00000269e807f884: 8bd3 4d8d | 5310 b82f | 0000 0085 | d20f 8ed2 | 0000 0066 | 0f1f 8400 | 0000 0000 | 443b ca0f 
  0x00000269e807f8a4: 8263 6000 | 0049 8bfa | 488b df83 | fa10 0f8c | 7900 0000 | 83fa 200f | 8c36 0000 

  0x00000269e807f8c0: ;   {no_reloc}
  0x00000269e807f8c0: 00c5 f96e | c8c4 e27d | 78c9 c5ed | efd2 8bca | 83e1 e083 | e21f c5fe | 6f03 c5fd | 74c1 c4e2 
  0x00000269e807f8e0: 7d17 d00f | 8369 0000 | 0048 83c3 | 2083 e920 | 75e4 e90d | 0000 00c5 | f96e c8c5 | e9ef d2c4 
  0x00000269e807f900: e271 00ca | 83fa 100f | 8c24 0000 | 008b ca83 | e1f0 83e2 | 0fc5 fa6f | 03c5 f974 | c1c4 e279 
  0x00000269e807f920: 17d0 0f83 | 2a00 0000 | 4883 c310 | 83e9 1075 | e485 d20f | 8412 0000 | 000f b60b | 3bc1 741c 
  0x00000269e807f940: 4883 c301 | 83ea 0174 | 02eb eebb | ffff ffff | eb0d c5fd | d7c8 0fbc | c148 03d8 | 482b df90 
  0x00000269e807f960: 83fb ff0f | 856f 6200 | 0045 0fb6 | 1a41 83fb | 5b0f 8499 | 6200 0048 | 8b54 2450 | 4c8b 8424 
  0x00000269e807f980: d800 0000 

  0x00000269e807f984: ;   {optimized virtual_call}
  0x00000269e807f984: c5f8 77e8 

  0x00000269e807f988: ; ImmutableOopMap {[80]=Oop [88]=Oop [216]=Oop }
                      ;*invokevirtual findLoadedClass0 {reexecute=0 rethrow=0 return_oop=1}
                      ; - java.lang.ClassLoader::findLoadedClass@11 (line 1300)
                      ; - java.lang.ClassLoader::loadClass@10 (line 575)
  0x00000269e807f988: 54b8 daff 

  0x00000269e807f98c: ;   {other}
  0x00000269e807f98c: 0f1f 8400 | fc0b 0001 | 488b d866 | 0f1f 8400 | 0000 0000 | 4885 c00f | 85f4 0a00 | 00c5 f877 
  0x00000269e807f9ac: 49ba 101b | 85d7 ff7f | 0000 41ff 

  0x00000269e807f9b8: ;   {other}
  0x00000269e807f9b8: d20f 1f84 | 0000 0000 | 0048 8944 | 2440 4c8b | 5424 5045 | 8b5a 1845 | 85db 0f84 | 7062 0000 
  0x00000269e807f9d8: 498b d34c | 8b84 24d8 | 0000 0045 | 33c9 c5f8 | 7748 b8ff | ffff ffff 

  0x00000269e807f9f0: ;   {virtual_call}
  0x00000269e807f9f0: ffff ffe8 

  0x00000269e807f9f4: ; ImmutableOopMap {[80]=Oop [88]=Oop [216]=Oop }
                      ;*invokevirtual loadClass {reexecute=0 rethrow=0 return_oop=1}
                      ; - java.lang.ClassLoader::loadClass@38 (line 580)
  0x00000269e807f9f4: 989b 91ff 

  0x00000269e807f9f8: ;   {other}
  0x00000269e807f9f8: 0f1f 8400 | 680c 0002 | 488b d848 | 85c0 0f85 | 910a 0000 | c5f8 7749 | ba10 1b85 | d7ff 7f00 
  0x00000269e807fa18: 0041 ffd2 

  0x00000269e807fa1c: ;   {other}
  0x00000269e807fa1c: 0f1f 8400 | 0000 0000 | 4889 4424 | 484c 8b54 | 2450 458b 

  0x00000269e807fa30: ;   {metadata('org/gradle/internal/classloader/VisitableURLClassLoader')}
  0x00000269e807fa30: 5a08 4181 | fb08 3a00 | 010f 8595 | 2800 004c | 8994 24e0 | 0000 0045 | 8b5a 5845 | 85db 0f84 
  0x00000269e807fa50: a63f 0000 | 498b eb48 | 8bd5 4c8b | 9424 d800 | 0000 4c89 | 5424 304c | 8b94 24e0 | 0000 004c 
  0x00000269e807fa70: 8954 2438 

  0x00000269e807fa74: ;   {static_call}
  0x00000269e807fa74: c5f8 77e8 

  0x00000269e807fa78: ; ImmutableOopMap {rbp=Oop [48]=Oop [56]=Oop [80]=Oop [88]=Oop [216]=Oop [224]=Oop }
                      ;*invokestatic ensureMaterializedForStackWalk {reexecute=0 rethrow=0 return_oop=0}
                      ; - java.security.AccessController::executePrivileged@5 (line 805)
                      ; - java.security.AccessController::doPrivileged@13 (line 714)
                      ; - java.net.URLClassLoader::findClass@13 (line 420)
                      ; - java.lang.ClassLoader::loadClass@69 (line 593)
  0x00000269e807fa78: 64e0 ddff 

  0x00000269e807fa7c: ;   {other}
  0x00000269e807fa7c: 0f1f 8400 | ec0c 0003 | 488b dd4c | 8b94 24d8 | 0000 0045 | 0fbe 5210 | 4585 d20f | 85d7 6100 
  0x00000269e807fa9c: 004c 8b94 | 24d8 0000 | 0045 8b52 | 1445 8b5a | 0c45 85db | 0f86 9316 | 0000 418b | d3ff ca0f 
  0x00000269e807fabc: 1f44 0000 | 413b d30f | 83e3 5e00 | 0041 8d73 | fd4d 8bf2 | 4180 7a10 | 2e0f 84de | 3f00 000f 
  0x00000269e807fadc: 1f44 0000 | 83fe 010f | 8e05 4100 | 00bd 0100 | 0000 4533 | c04c 8944 | 2420 418b | cb2b cd83 
  0x00000269e807fafc: c1fd 4533 | c03b f541 | 0f4c c881 | f9a0 0f00 | 0041 b9a0 | 0f00 0041 | 0f47 c903 | cdeb 080f 
  0x00000269e807fb1c: 1f44 0000 | 418b e948 | 63fd 450f | be4c 3a10 | 4183 f92e | 0f84 1913 | 0000 450f | be44 3a11 
  0x00000269e807fb3c: 0f1f 4000 | 4183 f82e | 0f84 fe12 | 0000 450f | be4c 3a12 | 4183 f92e | 0f84 f212 | 0000 450f 
  0x00000269e807fb5c: be44 3a13 | 4183 f82e | 0f84 db12 | 0000 448d | 4d04 443b | c97c ad49 | 8bbf 5004 

  0x00000269e807fb78: ;   {no_reloc}
  0x00000269e807fb78: 0000 83c5 | 0348 8b84 | 24d8 0000 | 00c5 fb10 | 8424 e000 

  0x00000269e807fb8c: ; ImmutableOopMap {r10=NarrowOop rbx=Oop rax=Oop r14=Oop xmm0=Oop [80]=Oop [88]=Oop [216]=Oop [224]=Oop }
                      ;*if_icmpne {reexecute=1 rethrow=0 return_oop=0}
                      ; - (reexecute) java.lang.StringLatin1::replace@28 (line 298)
                      ; - java.lang.String::replace@18 (line 2933)
                      ; - java.net.URLClassLoader$1::run@8 (line 423)
                      ; - java.net.URLClassLoader$1::run@1 (line 421)
                      ; - java.security.AccessController::executePrivileged@29 (line 809)
                      ; - java.security.AccessController::doPrivileged@13 (line 714)
                      ; - java.net.URLClassLoader::findClass@13 (line 420)
                      ; - java.lang.ClassLoader::loadClass@69 (line 593)
                      ;   {poll}
  0x00000269e807fb8c: 0000 8507 | 443b ce0f | 8d63 4000 | 0041 8be9 | 0f1f 4000 | e951 ffff | ffc4 c1f9 | 7ec6 c4c1 
  0x00000269e807fbac: 797e cac5 | f97e e148 | 8bf5 8b69 | 140f 1f80 | 0000 0000 | 85ed 0f85 | b510 0000 | 418b 6938 
  0x00000269e807fbcc: 498b 8fb8 | 0100 004c | 8bc1 4983 | c018 660f | 1f44 0000 | 4d3b 87c8 | 0100 000f | 830b 5800 
  0x00000269e807fbec: 004d 8987 | b801 0000 | 410f 0d88 | c000 0000 | 48c7 0101 

  0x00000269e807fc00: ;   {metadata('java/lang/ClassLoader$$Lambda+0x0000026981066a70')}
  0x00000269e807fc00: 0000 00c7 | 4108 706a | 0601 4c89 | 6110 498b | d989 590c | 4489 5110 | 0f1f 8400 | 0000 0000 
  0x00000269e807fc20: 85ed 0f84 | 7072 0000 | 4c89 b424 | a000 0000 | 4c89 9c24 | 9800 0000 | 4889 7424 | 304c 898c 
  0x00000269e807fc40: 24e0 0000 | 0048 8bd5 | 4d8b c34c | 8bc9 4c8b | 9424 e000 | 0000 4c89 | 5424 384c | 8b94 24d8 
  0x00000269e807fc60: 0000 004c | 8954 2468 | 4c89 5c24 | 7848 8b6c | 2438 6690 

  0x00000269e807fc74: ;   {optimized virtual_call}
  0x00000269e807fc74: c5f8 77e8 

  0x00000269e807fc78: ; ImmutableOopMap {rbp=Oop [48]=Oop [56]=Oop [80]=Oop [88]=Oop [96]=Oop [104]=Oop [120]=Oop [136]=Oop [144]=Oop [152]=Oop [160]=Oop [176]=NarrowOop [216]=Oop [224]=Oop }
                      ;*invokevirtual compute {reexecute=0 rethrow=0 return_oop=1}
                      ; - java.lang.ClassLoader::definePackage@78 (line 2129)
                      ; - java.lang.ClassLoader::getDefinedPackage@32 (line 2267)
                      ; - java.net.URLClassLoader::getAndVerifyPackage@2 (line 457)
                      ; - java.net.URLClassLoader::defineClass@46 (line 492)
                      ; - java.net.URLClassLoader$1::run@43 (line 427)
                      ; - java.net.URLClassLoader$1::run@1 (line 421)
                      ; - java.security.AccessController::executePrivileged@29 (line 809)
                      ; - java.security.AccessController::doPrivileged@13 (line 714)
                      ; - java.net.URLClassLoader::findClass@13 (line 420)
                      ; - java.lang.ClassLoader::loadClass@69 (line 593)
  0x00000269e807fc78: 04ee 83ff 

  0x00000269e807fc7c: ;   {other}
  0x00000269e807fc7c: 0f1f 8400 | ec0e 0005 

  0x00000269e807fc84: ; implicit exception: dispatches to 0x00000269e80896fc
  0x00000269e807fc84: 448b 5808 

  0x00000269e807fc88: ;   {metadata('java/lang/Package')}
  0x00000269e807fc88: 4181 fbe8 | bd01 000f | 8517 8f00 | 004c 8bd0 | 4c8b cd4c | 8b5c 2478 | 4c8b b424 | a000 0000 
  0x00000269e807fca8: 488b 7424 | 30e9 dd0f | 0000 458b | d0eb 0645 | 8bd0 41ff | ca4c 8b84 | 2488 0000 | 0041 8b58 
  0x00000269e807fcc8: ;   {metadata('jdk/internal/loader/URLClassPath$JarLoader$2')}
  0x00000269e807fcc8: 0881 fbb0 | 3b21 000f | 8522 3e00 | 0041 8b50 | 208b 5a1c | 899c 24b0 | 0000 008b | 9c24 b000 
  0x00000269e807fce8: 0000 488b | f341 83fa | ff0f 84e5 | 3e00 0066 | 0f1f 8400 | 0000 0000 | 4585 d20f | 8c1b 6800 
  0x00000269e807fd08: 0044 3bd1 | 0f8f b66f | 0000 443b | d10f 844a | 1a00 000f | 1f44 0000 | 4585 d20f | 8401 3f00 
  0x00000269e807fd28: 0049 8b9f | b801 0000 | 4c8b c349 | 83c0 1866 | 0f1f 8400 | 0000 0000 | 4d3b 87c8 | 0100 000f 
  0x00000269e807fd48: 8340 4600 | 004d 8987 | b801 0000 | 410f 0d88 | c000 0000 | 48c7 0301 

  0x00000269e807fd60: ;   {metadata('java/lang/String')}
  0x00000269e807fd60: 0000 00c7 | 4308 78e8 | 0000 4489 | 630c 4c89 | 6310 498d | 5110 453b | d30f 85c6 | 0000 004d 
  0x00000269e807fd80: 63d3 4181 | fb00 0010 | 000f 8703 | 5600 0049 | 8baf b801 | 0000 4d8d | 4217 4983 | e0f8 488b 
  0x00000269e807fda0: cd49 03c8 | 493b 8fc8 | 0100 000f | 83e1 5500 | 0049 898f | b801 0000 | 0f0d 89c0 | 0000 0048 
  0x00000269e807fdc0: c745 0001 | 0000 000f | 0d89 0001 

  0x00000269e807fdcc: ;   {metadata({type array byte})}
  0x00000269e807fdcc: 0000 c745 | 0818 2300 | 0044 895d | 0c0f 0d89 | 4001 0000 | 0f0d 8980 | 0100 0048 | 8974 2430 
  0x00000269e807fdec: 4889 9c24 | 9800 0000 | 4889 5424 | 384c 8954 | 2468 488b | d548 83c2 | 104c 8b44 | 2468 4983 
  0x00000269e807fe0c: c007 49c1 | e803 488b | 4c24 38c5 | f877 49ba | 604b 8ae7 | 6902 0000 

  0x00000269e807fe24: ;   {other}
  0x00000269e807fe24: 41ff d20f | 1f84 0000 | 0000 0048 | 8b9c 2498 | 0000 004c | 8bed 488b | 7424 3090 | e9ea 0000 
  0x00000269e807fe44: 0041 81fa | 0000 1000 | 0f87 4a65 | 0000 4963 | ca45 3bda | 418b eb41 | 0f4f ea90 | 443b dd0f 
  0x00000269e807fe64: 82a5 6500 | 0044 3bd5 | 0f82 9c65 | 0000 4883 | c117 4c8b | c149 83e0 | f866 6690 | 4181 fa00 
  0x00000269e807fe84: 0010 000f | 8750 4700 | 004d 8baf | b801 0000 | 4d8b dd4d | 03d8 660f | 1f44 0000 | 4d3b 9fc8 
  0x00000269e807fea4: 0100 000f | 8330 4700 | 004d 899f | b801 0000 | 410f 0d8b | c000 0000 | 49c7 4500 | 0100 0000 
  0x00000269e807fec4: 410f 0d8b | 0001 0000 

  0x00000269e807fecc: ;   {metadata({type array byte})}
  0x00000269e807fecc: 41c7 4508 | 1823 0000 | 4589 550c | 410f 0d8b | 4001 0000 | 410f 0d8b | 8001 0000 | 4d8b dd49 
  0x00000269e807feec: 83c3 1048 | c1e9 0385 | ed0f 84aa | 6400 000f | 1f44 0000 | 413b ea0f | 8c67 3e00 | 0048 8bca 
  0x00000269e807ff0c: 4983 c0f0 | 49c1 e803 | 498b d3c5 | f877 49ba | 604b 8ae7 | 6902 0000 

  0x00000269e807ff24: ;   {other}
  0x00000269e807ff24: 41ff d20f | 1f84 0000 | 0000 0041 | 807f 4000 | 0f85 ab3d | 0000 4c8b | d34d 8bdd | 4489 5b14 
  0x00000269e807ff44: 4d8b dd4d | 33da 49c1 | eb14 4d85 | db74 1a49 | c1ea 0948 | b900 0074 | ef69 0200 | 0049 03ca 
  0x00000269e807ff64: 8039 020f | 85b2 3d00 | 0044 8863 | 1048 899c | 24f8 0000 | 004c 8b94 | 2488 0000 | 0045 8b52 
  0x00000269e807ff84: ;   {metadata('jdk/internal/loader/URLClassPath$JarLoader$2')}
  0x00000269e807ff84: 0841 81fa | b03b 2100 | 0f85 3a5f | 0000 4c8b | 9424 8800 | 0000 4c89 | 9424 9000 

  0x00000269e807ffa0: ;   {oop(a 'java/lang/Class'{0x00000000c0ae8a60} = 'jdk/internal/access/SharedSecrets')}
  0x00000269e807ffa0: 0000 49ba | 608a aec0 | 0000 0000 | 458b 92d4 | 0000 0045 | 8b5a 084c | 8b84 2490 | 0000 0045 
  0x00000269e807ffc0: 8b48 2041 

  0x00000269e807ffc4: ;   {metadata('java/util/jar/JavaUtilJarAccessImpl')}
  0x00000269e807ffc4: 8b69 1841 | 81fb 8874 | 3100 0f85 | 705f 0000 | 85ed 0f84 | 6c5d 0000 | 4c8b dd48 | 8d9c 2438 
  0x00000269e807ffe4: 0100 0049 | 8b03 a802 | 0f85 2300 | 0000 4883 | c801 4889 | 03f0 490f | b11b 0f84 | 3700 0000 
  0x00000269e8080004: 482b c448 | 2507 f0ff | ff48 8903 | e924 0000 | 004c 8bd0 | 4833 c0f0 | 4d0f b17a | 3e48 c703 
  0x00000269e8080024: 0300 0000 | 7411 4c3b | f875 1549 | ff82 8600 | 0000 4833 | c075 0949 | ff87 4805 | 0000 33c0 
  0x00000269e8080044: 0f85 725f | 0000 443b | 6530 0f85 | 063f 0000 | 440f b655 | 120f 1f80 | 0000 0000 | 4585 d20f 
  0x00000269e8080064: 85a5 3900 | 0048 8d84 | 2438 0100 | 0048 8338 | 000f 8479 | 0000 004d | 8b13 41f6 | c202 0f84 
  0x00000269e8080084: 6200 0000 | 4983 ba86 | 0000 0000 | 7409 49ff | 8a86 0000 | 00eb 4b49 | 8b82 9600 | 0000 490b 
  0x00000269e80800a4: 828e 0000 | 0075 0a49 | c742 3e00 | 0000 00eb | 3d49 83ba | 9e00 0000 | 0074 2248 | 33c0 49c7 
  0x00000269e80800c4: ;   {no_reloc}
  0x00000269e80800c4: 423e 0000 | 0000 f083 | 0424 0049 | 83ba 9e00 | 0000 0075 | 0df0 4d0f | b17a 3e75 | 0583 c801 
  0x00000269e80800e4: eb0c a800 | eb08 4c8b | 10f0 4d0f | b113 750a | 49ff 8f48 | 0500 0045 | 33d2 6690 | 0f85 545f 
  0x00000269e8080104: 0000 4c8b | 9424 9000 | 0000 458b | 5220 418b | 6a18 448b | 5d08 660f | 1f44 0000 

  0x00000269e8080120: ;   {metadata('java/util/jar/JarFile')}
  0x00000269e8080120: 4181 fbc0 | e816 000f | 8558 5f00 | 004c 8bc5 | 418b 5828 | 85db 0f84 | 9a23 0000 | 8b6b 0c90 
  0x00000269e8080140: 4180 7f40 | 000f 856a | 3b00 0044 | 8b55 084c 

  0x00000269e8080150: ;   {oop(a 'java/lang/Class'{0x00000000c06fd0c0} = 'java/lang/ref/SoftReference')}
  0x00000269e8080150: 8b5b 2049 | b9c0 d06f | c000 0000 | 004d 8b49 | 704d 3bd9 | 0f85 9b38 

  0x00000269e8080168: ;   {metadata('java/util/jar/Manifest')}
  0x00000269e8080168: 0000 4181 | fab8 fa04 | 000f 8515 | 8c00 004c | 8bf5 4c8b | 8c24 e000 | 0000 418b | 4938 85c9 
  0x00000269e8080188: 0f84 3a5c | 0000 4c8b | 9c24 f800 | 0000 418b | 430c 660f | 1f44 0000 | 85c0 0f84 | dd14 0000 
  0x00000269e80801a8: 8b59 2885 | db74 3a8b | 4b0c 85c9 | 0f86 e269 | 0000 448b | d041 c1ea | 1044 33d0 | ffc9 4181 
  0x00000269e80801c8: e2ff ffff | 7f41 23ca | 4c63 c146 | 8b44 8310 | 0f1f 8400 | 0000 0000 | 4585 c00f | 857e 0300 
  0x00000269e80801e8: ;   {metadata('java/lang/IllegalArgumentException')}
  0x00000269e80801e8: 0048 bdd8 | b306 8069 | 0200 004d | 85f6 0f84 | 3d3a 0000 | 4c89 7424 | 384c 895c | 2468 4889 
  0x00000269e8080208: 7424 304c | 898c 24e0 | 0000 0049 | 8bd1 4d8b | c34d 8bce | 488b fe48 | 8954 2478 | 4c8b 9424 
  0x00000269e8080228: d800 0000 | 4c89 9424 | 9800 0000 | 4c89 9424 | a000 0000 | 4889 9424 | a800 0000 

  0x00000269e8080244: ;   {optimized virtual_call}
  0x00000269e8080244: c5f8 77e8 

  0x00000269e8080248: ; ImmutableOopMap {[48]=Oop [56]=Oop [80]=Oop [88]=Oop [96]=Oop [104]=Oop [120]=Oop [136]=Oop [144]=Oop [152]=Oop [160]=Oop [168]=Oop [176]=NarrowOop [216]=Oop [224]=Oop }
                      ;*invokevirtual definePackage {reexecute=0 rethrow=0 return_oop=1}
                      ; - java.net.URLClassLoader::defineClass@64 (line 495)
                      ; - java.net.URLClassLoader$1::run@43 (line 427)
                      ; - java.net.URLClassLoader$1::run@1 (line 421)
                      ; - java.security.AccessController::executePrivileged@29 (line 809)
                      ; - java.security.AccessController::doPrivileged@13 (line 714)
                      ; - java.net.URLClassLoader::findClass@13 (line 420)
                      ; - java.lang.ClassLoader::loadClass@69 (line 593)
  0x00000269e8080248: d49b fbf7 

  0x00000269e808024c: ;   {other}
  0x00000269e808024c: 0f1f 8400 | bc14 0006 | 4c8b 8c24 | e000 0000 | 4c89 8c24 | e000 0000 | 488b 9424 | 8800 0000 
  0x00000269e808026c: 4c8b 9424 | d800 0000 | 4c89 5424 | 6849 8be9 

  0x00000269e808027c: ;   {optimized virtual_call}
  0x00000269e808027c: c5f8 77e8 

  0x00000269e8080280: ; ImmutableOopMap {rbp=Oop [48]=Oop [80]=Oop [88]=Oop [96]=Oop [104]=Oop [136]=Oop [176]=NarrowOop [216]=Oop [224]=Oop }
                      ;*invokevirtual getByteBuffer {reexecute=0 rethrow=0 return_oop=1}
                      ; - java.net.URLClassLoader::defineClass@132 (line 511)
                      ; - java.net.URLClassLoader$1::run@43 (line 427)
                      ; - java.net.URLClassLoader$1::run@1 (line 421)
                      ; - java.security.AccessController::executePrivileged@29 (line 809)
                      ; - java.security.AccessController::doPrivileged@13 (line 714)
                      ; - java.net.URLClassLoader::findClass@13 (line 420)
                      ; - java.lang.ClassLoader::loadClass@69 (line 593)
  0x00000269e8080280: 3c1c dcff 

  0x00000269e8080284: ;   {other}
  0x00000269e8080284: 0f1f 8400 | f414 0007 | 4885 c00f | 85bf 6900 | 0048 8b94 | 2488 0000 | 0044 8b52 

  0x00000269e80802a0: ;   {metadata('jdk/internal/loader/URLClassPath$JarLoader$2')}
  0x00000269e80802a0: 0841 81fa | b03b 2100 | 0f85 7138 | 0000 4889 | 5424 7090 

  0x00000269e80802b4: ;   {optimized virtual_call}
  0x00000269e80802b4: c5f8 77e8 

  0x00000269e80802b8: ; ImmutableOopMap {rbp=Oop [48]=Oop [80]=Oop [88]=Oop [96]=Oop [104]=Oop [112]=Oop [136]=Oop [176]=NarrowOop [216]=Oop [224]=Oop }
                      ;*invokevirtual getBytes {reexecute=0 rethrow=0 return_oop=1}
                      ; - java.net.URLClassLoader::defineClass@179 (line 519)
                      ; - java.net.URLClassLoader$1::run@43 (line 427)
                      ; - java.net.URLClassLoader$1::run@1 (line 421)
                      ; - java.security.AccessController::executePrivileged@29 (line 809)
                      ; - java.security.AccessController::doPrivileged@13 (line 714)
                      ; - java.net.URLClassLoader::findClass@13 (line 420)
                      ; - java.lang.ClassLoader::loadClass@69 (line 593)
  0x00000269e80802b8: 2433 ffff 

  0x00000269e80802bc: ;   {other}
  0x00000269e80802bc: 0f1f 8400 | 2c15 0008 | 4889 8424 | 9000 0000 | 4c8b 9c24 | 8800 0000 | 458b 5308 | 0f1f 8400 
  0x00000269e80802dc: 0000 0000 

  0x00000269e80802e0: ;   {metadata('jdk/internal/loader/URLClassPath$JarLoader$2')}
  0x00000269e80802e0: 4181 fab0 | 3b21 000f | 8568 3800 | 0048 8b94 | 2488 0000 | 004c 8b94 | 24d8 0000 | 004c 8954 
  0x00000269e8080300: 2438 4c89 | 5424 6890 

  0x00000269e8080308: ;   {optimized virtual_call}
  0x00000269e8080308: c5f8 77e8 

  0x00000269e808030c: ; ImmutableOopMap {rbp=Oop [48]=Oop [56]=Oop [80]=Oop [88]=Oop [96]=Oop [104]=Oop [136]=Oop [144]=Oop [176]=NarrowOop [216]=Oop [224]=Oop }
                      ;*invokevirtual getCodeSigners {reexecute=0 rethrow=0 return_oop=1}
                      ; - java.net.URLClassLoader::defineClass@185 (line 521)
                      ; - java.net.URLClassLoader$1::run@43 (line 427)
                      ; - java.net.URLClassLoader$1::run@1 (line 421)
                      ; - java.security.AccessController::executePrivileged@29 (line 809)
                      ; - java.security.AccessController::doPrivileged@13 (line 714)
                      ; - java.net.URLClassLoader::findClass@13 (line 420)
                      ; - java.lang.ClassLoader::loadClass@69 (line 593)
  0x00000269e808030c: d0e4 f1ff 

  0x00000269e8080310: ;   {other}
  0x00000269e8080310: 0f1f 8400 | 8015 0009 | 4889 4424 | 204c 8b9c | 2488 0000 | 0049 8b87 | b801 0000 | 4c8b d049 
  0x00000269e8080330: 83c2 2866 | 0f1f 8400 | 0000 0000 | 6666 6690 | 4d3b 97c8 | 0100 000f | 83f8 3f00 | 004d 8997 
  0x00000269e8080350: b801 0000 | 410f 0d8a | c000 0000 | 48c7 0001 

  0x00000269e8080360: ;   {metadata('java/security/CodeSource')}
  0x00000269e8080360: 0000 00c7 | 4008 285c | 0000 4489 | 600c 4c89 | 6010 4c89 | 6018 4c89 | 6020 4c89 | 9c24 8800 
  0x00000269e8080380: 0000 4889 | 8424 9800 | 0000 488b | d04c 8b44 | 2430 4c8b | 4c24 204c | 8b94 24e0 | 0000 004c 
  0x00000269e80803a0: 8954 2420 | 4c8b 9424 | d800 0000 | 4c89 5424 | 304c 8954 | 2438 488b | 6c24 2090 

  0x00000269e80803bc: ;   {optimized virtual_call}
  0x00000269e80803bc: c5f8 77e8 

  0x00000269e80803c0: ; ImmutableOopMap {rbp=Oop [32]=Oop [48]=Oop [56]=Oop [80]=Oop [88]=Oop [96]=Oop [136]=Oop [144]=Oop [152]=Oop [216]=Oop [224]=Oop }
                      ;*invokespecial <init> {reexecute=0 rethrow=0 return_oop=0}
                      ; - java.net.URLClassLoader::defineClass@198 (line 522)
                      ; - java.net.URLClassLoader$1::run@43 (line 427)
                      ; - java.net.URLClassLoader$1::run@1 (line 421)
                      ; - java.security.AccessController::executePrivileged@29 (line 809)
                      ; - java.security.AccessController::doPrivileged@13 (line 714)
                      ; - java.net.URLClassLoader::findClass@13 (line 420)
                      ; - java.lang.ClassLoader::loadClass@69 (line 593)
  0x00000269e80803c0: 1c06 f2ff 

  0x00000269e80803c4: ;   {other}
  0x00000269e80803c4: 0f1f 8400 | 3416 000a 

  0x00000269e80803cc: ;   {oop(a 'jdk/internal/perf/PerfCounter'{0x00000000c0ae8b60})}
  0x00000269e80803cc: 48ba 608b | aec0 0000 | 0000 4c8b | 8424 8000 | 0000 6690 

  0x00000269e80803e0: ;   {optimized virtual_call}
  0x00000269e80803e0: c5f8 77e8 

  0x00000269e80803e4: ; ImmutableOopMap {rbp=Oop [48]=Oop [80]=Oop [88]=Oop [96]=Oop [136]=Oop [144]=Oop [152]=Oop [216]=Oop [224]=Oop }
                      ;*invokevirtual addElapsedTimeFrom {reexecute=0 rethrow=0 return_oop=0}
                      ; - java.net.URLClassLoader::defineClass@207 (line 523)
                      ; - java.net.URLClassLoader$1::run@43 (line 427)
                      ; - java.net.URLClassLoader$1::run@1 (line 421)
                      ; - java.security.AccessController::executePrivileged@29 (line 809)
                      ; - java.security.AccessController::doPrivileged@13 (line 714)
                      ; - java.net.URLClassLoader::findClass@13 (line 420)
                      ; - java.lang.ClassLoader::loadClass@69 (line 593)
  0x00000269e80803e4: 58c6 f1ff 

  0x00000269e80803e8: ;   {other}
  0x00000269e80803e8: 0f1f 8400 | 5816 000b | 4c8b 8c24 | 9000 0000 

  0x00000269e80803f8: ; implicit exception: dispatches to 0x00000269e8088ff4
  0x00000269e80803f8: 418b 710c | 488b d54c | 8b44 2430 | 33ff 488b | 8c24 9800 | 0000 4c89 | 4424 2090 

  0x00000269e8080414: ;   {optimized virtual_call}
  0x00000269e8080414: c5f8 77e8 

  0x00000269e8080418: ; ImmutableOopMap {rbp=Oop [32]=Oop [48]=Oop [80]=Oop [88]=Oop [96]=Oop [136]=Oop [216]=Oop [224]=Oop }
                      ;*invokevirtual defineClass {reexecute=0 rethrow=0 return_oop=1}
                      ; - java.net.URLClassLoader::defineClass@220 (line 524)
                      ; - java.net.URLClassLoader$1::run@43 (line 427)
                      ; - java.net.URLClassLoader$1::run@1 (line 421)
                      ; - java.security.AccessController::executePrivileged@29 (line 809)
                      ; - java.security.AccessController::doPrivileged@13 (line 714)
                      ; - java.net.URLClassLoader::findClass@13 (line 420)
                      ; - java.lang.ClassLoader::loadClass@69 (line 593)
  0x00000269e8080418: 2413 1e00 

  0x00000269e808041c: ;   {other}
  0x00000269e808041c: 0f1f 8400 | 8c16 000c | 4885 c00f | 84a4 1000 | 0048 8944 | 2420 4c8b | 4424 484c | 2b44 2440 
  0x00000269e808043c: ;   {oop(a 'jdk/internal/perf/PerfCounter'{0x00000000c0ae8b78})}
  0x00000269e808043c: 48ba 788b | aec0 0000 | 0000 6690 

  0x00000269e8080448: ;   {optimized virtual_call}
  0x00000269e8080448: c5f8 77e8 

  0x00000269e808044c: ; ImmutableOopMap {[32]=Oop [80]=Oop [88]=Oop }
                      ;*invokevirtual add {reexecute=0 rethrow=0 return_oop=0}
                      ; - jdk.internal.perf.PerfCounter::addTime@2 (line 113)
                      ; - java.lang.ClassLoader::loadClass@82 (line 596)
  0x00000269e808044c: d05d e7ff 

  0x00000269e8080450: ;   {other}
  0x00000269e8080450: 0f1f 8400 | c016 000d 

  0x00000269e8080458: ;   {oop(a 'jdk/internal/perf/PerfCounter'{0x00000000c0ae8b90})}
  0x00000269e8080458: 48ba 908b | aec0 0000 | 0000 4c8b | 4424 4890 

  0x00000269e8080468: ;   {optimized virtual_call}
  0x00000269e8080468: c5f8 77e8 

  0x00000269e808046c: ; ImmutableOopMap {[32]=Oop [80]=Oop [88]=Oop }
                      ;*invokevirtual addElapsedTimeFrom {reexecute=0 rethrow=0 return_oop=0}
                      ; - java.lang.ClassLoader::loadClass@90 (line 597)
  0x00000269e808046c: d0c5 f1ff 

  0x00000269e8080470: ;   {other}
  0x00000269e8080470: 0f1f 8400 | e016 000e | 41b8 0100 

  0x00000269e808047c: ;   {oop(a 'jdk/internal/perf/PerfCounter'{0x00000000c0ae8ba8})}
  0x00000269e808047c: 0000 48ba | a88b aec0 | 0000 0000 

  0x00000269e8080488: ;   {optimized virtual_call}
  0x00000269e8080488: c5f8 77e8 

  0x00000269e808048c: ; ImmutableOopMap {[32]=Oop [80]=Oop [88]=Oop }
                      ;*invokevirtual add {reexecute=0 rethrow=0 return_oop=0}
                      ; - jdk.internal.perf.PerfCounter::increment@2 (line 106)
                      ; - java.lang.ClassLoader::loadClass@96 (line 598)
  0x00000269e808048c: 905d e7ff 

  0x00000269e8080490: ;   {other}
  0x00000269e8080490: 0f1f 8400 | 0017 000f | 488b 5c24 | 2044 8b5c | 242c 4585 | db0f 85b1 | 6800 0048 | 8d84 2430 
  0x00000269e80804b0: 0100 004c | 8b5c 2458 | 4883 3800 | 0f84 7900 | 0000 4d8b | 1341 f6c2 | 020f 8462 | 0000 0049 
  0x00000269e80804d0: 83ba 8600 | 0000 0074 | 0949 ff8a | 8600 0000 | eb4b 498b | 8296 0000 | 0049 0b82 | 8e00 0000 
  0x00000269e80804f0: 750a 49c7 | 423e 0000 | 0000 eb3d | 4983 ba9e | 0000 0000 | 7422 4833 | c049 c742 | 3e00 0000 
  0x00000269e8080510: 00f0 8304 | 2400 4983 | ba9e 0000 | 0000 750d | f04d 0fb1 | 7a3e 7505 | 83c8 01eb | 0ca8 00eb 
  0x00000269e8080530: 084c 8b10 | f04d 0fb1 | 1375 0a49 | ff8f 4805 | 0000 4533 | d20f 85b5 | 5b00 0048 | 8bc3 c5f8 
  0x00000269e8080550: 7748 81c4 | 5001 0000 

  0x00000269e8080558: ;   {poll_return}
  0x00000269e8080558: 5d49 3ba7 | 4804 0000 | 0f87 61a2 | 0000 c341 | 8b68 0c41 | 3bea 0f84 | ac00 0000 | 85ed 0f8d 
  0x00000269e8080578: cf01 0000 | ba45 ffff | ff8b 5c24 | 2c89 5c24 | 2848 8b4c | 2440 4889 | 4c24 3848 | 8b4c 2448 
  0x00000269e8080598: 4889 4c24 | 4048 8b4c | 2458 4889 | 4c24 4848 | 8b8c 24d8 | 0000 0048 | 894c 2450 | 488b 4c24 
  0x00000269e80805b8: 6048 894c | 2458 488b | 8c24 8800 | 0000 4889 | 4c24 604c | 894c 2468 | 488b 8c24 | 9000 0000 
  0x00000269e80805d8: 4889 4c24 | 784c 898c | 2498 0000 | 004c 899c | 24a0 0000 | 004c 89b4 | 24a8 0000 | 004c 899c 
  0x00000269e80805f8: 24c0 0000 | 0044 8984 | 24b4 0000 | 0044 8994 | 24e0 0000 | 0066 6690 

  0x00000269e8080610: ;   {runtime_call UncommonTrapBlob}
  0x00000269e8080610: c5f8 77e8 

  0x00000269e8080614: ; ImmutableOopMap {[72]=Oop [80]=Oop [88]=Oop [96]=Oop [104]=Oop [120]=Oop [152]=Oop [160]=Oop [168]=Oop [176]=NarrowOop [180]=NarrowOop [192]=Oop }
                      ;*ifge {reexecute=1 rethrow=0 return_oop=0}
                      ; - (reexecute) java.util.concurrent.ConcurrentHashMap::get@86 (line 943)
                      ; - java.lang.ClassLoader::getDefinedPackage@13 (line 2263)
                      ; - java.net.URLClassLoader::getAndVerifyPackage@2 (line 457)
                      ; - java.net.URLClassLoader::defineClass@46 (line 492)
                      ; - java.net.URLClassLoader$1::run@43 (line 427)
                      ; - java.net.URLClassLoader$1::run@1 (line 421)
                      ; - java.security.AccessController::executePrivileged@29 (line 809)
                      ; - java.security.AccessController::doPrivileged@13 (line 714)
                      ; - java.net.URLClassLoader::findClass@13 (line 420)
                      ; - java.lang.ClassLoader::loadClass@69 (line 593)
  0x00000269e8080614: 683d 84ff 

  0x00000269e8080618: ;   {other}
  0x00000269e8080618: 0f1f 8400 | 8818 0010 | 418b 6810 | 488b cd49 | 3bcb 0f84 | 5b02 0000 

  0x00000269e8080630: ; implicit exception: dispatches to 0x00000269e8089988
  0x00000269e8080630: 8b5d 0848 | 8bfd 4c3b | df0f 844c | 0200 0090 

  0x00000269e8080640: ;   {metadata('java/lang/String')}
  0x00000269e8080640: 81fb 78e8 | 0000 0f85 | ff00 0000 | 410f be4b | 100f be6f | 103b cd0f | 859f 7300 | 0048 8bee 
  0x00000269e8080660: 8b5f 1441 | 8b43 148b | 530c 8b48 | 0c3b ca0f | 85d6 0000 | 0048 8bfb | 488d 7310 | 488b d848 
  0x00000269e8080680: 8d78 1085 | c90f 849d | 0000 008b | c183 e01f | 83e1 e00f | 844b 0000 | 0048 8d3c | 0f48 8d34 
  0x00000269e80806a0: 0e48 f7d9 | c5fe 6f0c | 0fc5 fe6f | 040e c5f5 | efc8 c4e2 | 7d17 c90f | 8572 0000 | 0048 83c1 
  0x00000269e80806c0: 2075 e185 | c00f 845d | 0000 00c5 | fe6f 4c07 | e0c5 fe6f | 4406 e0c5 | f5ef c8c4 | e27d 17c9 
  0x00000269e80806e0: 754d eb44 | 8bc8 83e1 | fc74 1948 | 8d3c 0f48 | 8d34 0e48 | f7d9 8b1c | 0f3b 1c0e | 7531 4883 
  0x00000269e8080700: c104 75f2 | a802 7412 | 0fb7 1f0f | b70e 3bd9 | 751d 488d | 7f02 488d | 7602 a801 | 740a 0fb6 
  0x00000269e8080720: 1f0f b60e | 3bd9 7507 | b801 0000 | 00eb 0233 | c0c5 f5ef | c9c5 fdef | c00f 1f80 

  0x00000269e808073c: ;   {no_reloc}
  0x00000269e808073c: 0000 0000 | 85c0 0f85 | 4001 0000 | 488b f545 | 8b40 1845 | 85c0 0f84 | 91fa ffff | 498b d844 
  0x00000269e808075c: 8b43 0c49 | 8b97 5004 | 0000 c5fb | 1094 24d8 

  0x00000269e808076c: ; ImmutableOopMap {r11=Oop r9=Oop rbx=Oop rsi=Oop r14=Oop xmm2=Oop [80]=Oop [88]=Oop [96]=Oop [136]=Oop [144]=Oop [176]=NarrowOop [216]=Oop }
                      ;*if_icmpne {reexecute=1 rethrow=0 return_oop=0}
                      ; - (reexecute) java.util.concurrent.ConcurrentHashMap::get@127 (line 946)
                      ; - java.lang.ClassLoader::getDefinedPackage@13 (line 2263)
                      ; - java.net.URLClassLoader::getAndVerifyPackage@2 (line 457)
                      ; - java.net.URLClassLoader::defineClass@46 (line 492)
                      ; - java.net.URLClassLoader$1::run@43 (line 427)
                      ; - java.net.URLClassLoader$1::run@1 (line 421)
                      ; - java.security.AccessController::executePrivileged@29 (line 809)
                      ; - java.security.AccessController::doPrivileged@13 (line 714)
                      ; - java.net.URLClassLoader::findClass@13 (line 420)
                      ; - java.lang.ClassLoader::loadClass@69 (line 593)
                      ;   {poll}
  0x00000269e808076c: 0000 0085 | 0245 3bc2 | 7417 8b4b | 180f 1f80 | 0000 0000 | 85c9 0f84 | 61fa ffff | 488b d9eb 
  0x00000269e808078c: ce8b 6b10 | 4c8b c54d | 3bc3 0f84 | d600 0000 | 0f1f 4000 | 85ed 0f84 | f874 0000 | 4889 9c24 
  0x00000269e80807ac: e800 0000 | 4489 9424 | ac00 0000 | 4c89 b424 | a000 0000 | 4c8b 9424 | 9000 0000 | 4c89 5424 
  0x00000269e80807cc: 704c 899c | 2498 0000 | 0048 8974 | 2430 448b | 9424 b000 | 0000 4489 | 9424 a800 | 0000 4c89 
  0x00000269e80807ec: 8c24 e000 | 0000 4c8b | c549 8bd3 | 4c89 8c24 | 9000 0000 | c4c1 f97e | d24c 8994 | 24b0 0000 
  0x00000269e808080c: 004c 898c | 24b8 0000 | 0066 6690 

  0x00000269e8080818: ;   {optimized virtual_call}
  0x00000269e8080818: c5f8 77e8 

  0x00000269e808081c: ; ImmutableOopMap {[48]=Oop [80]=Oop [88]=Oop [96]=Oop [112]=Oop [136]=Oop [144]=Oop [152]=Oop [160]=Oop [168]=NarrowOop [176]=Oop [184]=Oop [216]=Oop [224]=Oop [232]=Oop }
                      ;*invokevirtual equals {reexecute=0 rethrow=0 return_oop=0}
                      ; - java.util.concurrent.ConcurrentHashMap::get@149 (line 947)
                      ; - java.lang.ClassLoader::getDefinedPackage@13 (line 2263)
                      ; - java.net.URLClassLoader::getAndVerifyPackage@2 (line 457)
                      ; - java.net.URLClassLoader::defineClass@46 (line 492)
                      ; - java.net.URLClassLoader$1::run@43 (line 427)
                      ; - java.net.URLClassLoader$1::run@1 (line 421)
                      ; - java.security.AccessController::executePrivileged@29 (line 809)
                      ; - java.security.AccessController::doPrivileged@13 (line 714)
                      ; - java.net.URLClassLoader::findClass@13 (line 420)
                      ; - java.lang.ClassLoader::loadClass@69 (line 593)
  0x00000269e808081c: a0f3 fbff 

  0x00000269e8080820: ;   {other}
  0x00000269e8080820: 0f1f 8400 | 901a 0012 | 85c0 0f84 | 1c75 0000 | 4c8b 8c24 | 9000 0000 | 448b 9c24 | a800 0000 
  0x00000269e8080840: 4489 9c24 | b000 0000 | 4c8b 9c24 | 9800 0000 | 4c8b 4424 | 704c 8984 | 2490 0000 | 004c 8bb4 
  0x00000269e8080860: 24a0 0000 | 0048 8b9c | 24e8 0000 | 0048 8b74 | 2430 8b6b | 1485 ed0f | 846c f9ff | ff41 0fb6 
  0x00000269e8080880: 5311 418b | 430c eb18 | 488b f541 | 8b68 1485 | ed0f 8452 | f9ff ff41 | 8b43 0c41 | 0fb6 5311 
  0x00000269e80808a0: 448b 4508 

  0x00000269e80808a4: ;   {metadata('java/lang/Package')}
  0x00000269e80808a4: 4181 f8e8 | bd01 000f | 8567 8200 | 0041 8b4b | 1444 8b41 | 0c4c 8bd5 | 458b 5210 | 4585 c00f 
  0x00000269e80808c4: 865f 5e00 | 0045 8b41 | 3845 85c0 | 0f84 de5c | 0000 85c0 | 0f84 2c1a | 0000 418b | 7828 85ff 
  0x00000269e80808e4: 0f84 def2 | ffff 8b4f | 0c85 c90f | 86b7 6900 | 0044 8bc0 | 41c1 e810 | 4433 c0ff | c941 81e0 
  0x00000269e8080904: ffff ff7f | 4123 c848 | 63c9 8b4c | 8f10 85c9 | 0f84 aef2 | ffff 8b69 | 0c66 6690 | 413b e80f 
  0x00000269e8080924: 84b3 0000 | 0085 ed0f | 8d0d 0200 | 00ba 45ff | ffff 8b5c | 242c 895c | 2428 488b | 5c24 4048 
  0x00000269e8080944: 895c 2438 | 488b 5c24 | 4848 895c | 2440 488b | 5c24 5848 | 895c 2448 | 488b 9c24 | d800 0000 
  0x00000269e8080964: 4889 5c24 | 5048 8b5c | 2460 4889 | 5c24 5848 | 8b9c 2488 | 0000 0048 | 895c 2460 | 4c89 4c24 
  0x00000269e8080984: 6848 8b9c | 2490 0000 | 0048 895c | 2478 4c89 | 8c24 9800 | 0000 4c89 | 9c24 a000 

  0x00000269e80809a0: ;   {no_reloc}
  0x00000269e80809a0: 0000 4c89 | b424 a800 | 0000 4c89 | 9c24 c000 | 0000 4489 | 9424 b400 | 0000 898c | 24e0 0000 
  0x00000269e80809c0: 0044 8984 | 24e4 0000 | 0066 6690 

  0x00000269e80809cc: ;   {runtime_call UncommonTrapBlob}
  0x00000269e80809cc: c5f8 77e8 

  0x00000269e80809d0: ; ImmutableOopMap {[72]=Oop [80]=Oop [88]=Oop [96]=Oop [104]=Oop [120]=Oop [152]=Oop [160]=Oop [168]=Oop [176]=NarrowOop [180]=NarrowOop [192]=Oop [224]=NarrowOop }
                      ;*ifge {reexecute=1 rethrow=0 return_oop=0}
                      ; - (reexecute) java.util.concurrent.ConcurrentHashMap::get@86 (line 943)
                      ; - java.lang.ClassLoader::definePackage@47 (line 2125)
                      ; - java.lang.ClassLoader::getDefinedPackage@32 (line 2267)
                      ; - java.net.URLClassLoader::getAndVerifyPackage@2 (line 457)
                      ; - java.net.URLClassLoader::defineClass@46 (line 492)
                      ; - java.net.URLClassLoader$1::run@43 (line 427)
                      ; - java.net.URLClassLoader$1::run@1 (line 421)
                      ; - java.security.AccessController::executePrivileged@29 (line 809)
                      ; - java.security.AccessController::doPrivileged@13 (line 714)
                      ; - java.net.URLClassLoader::findClass@13 (line 420)
                      ; - java.lang.ClassLoader::loadClass@69 (line 593)
  0x00000269e80809d0: ac39 84ff 

  0x00000269e80809d4: ;   {other}
  0x00000269e80809d4: 0f1f 8400 | 441c 0013 | 8b69 1048 | 8bdd 493b | db0f 84cb | f1ff ff8b | 5d08 488b | fd4c 3bdf 
  0x00000269e80809f4: 0f84 bcf1 | ffff 660f | 1f44 0000 

  0x00000269e8080a00: ;   {metadata('java/lang/String')}
  0x00000269e8080a00: 81fb 78e8 | 0000 0f85 | 3201 0000 | 488b de41 | 0fbe 7310 | 0fbe 6f10 | 0f1f 8400 | 0000 0000 
  0x00000269e8080a20: 3bf5 0f85 | b473 0000 | c5f9 6ee1 | c4c1 796e | d0c4 c179 | 6eca c4c1 | f96e c648 | 8beb 448b 
  0x00000269e8080a40: 4714 418b | 5b14 418b | 780c 8b4b | 0c3b cf0f | 85d2 3800 | 0049 8bf8 | 498d 7010 | 4c8b c348 
  0x00000269e8080a60: 8d7b 1085 | c90f 849d | 0000 008b | c183 e01f | 83e1 e00f | 844b 0000 | 0048 8d3c | 0f48 8d34 
  0x00000269e8080a80: 0e48 f7d9 | c5fe 6f2c | 0fc5 fe6f | 1c0e c5d5 | efeb c4e2 | 7d17 ed0f | 8572 0000 | 0048 83c1 
  0x00000269e8080aa0: 2075 e185 | c00f 845d | 0000 00c5 | fe6f 6c07 | e0c5 fe6f | 5c06 e0c5 | d5ef ebc4 | e27d 17ed 
  0x00000269e8080ac0: 754d eb44 | 8bc8 83e1 | fc74 1948 | 8d3c 0f48 | 8d34 0e48 | f7d9 8b1c | 0f3b 1c0e | 7531 4883 
  0x00000269e8080ae0: c104 75f2 | a802 7412 | 0fb7 1f0f | b70e 3bd9 | 751d 488d | 7f02 488d | 7602 a801 

  0x00000269e8080afc: ;   {no_reloc}
  0x00000269e8080afc: 740a 0fb6 | 1f0f b60e | 3bd9 7507 | b801 0000 | 00eb 0233 | c0c5 d5ef | edc5 e5ef | db0f 1f80 
  0x00000269e8080b1c: 0000 0000 | 85c0 0f85 | 7df0 ffff | c4c1 f97e | c6c4 c179 | 7eca c4c1 | 797e d0c5 | f97e e148 
  0x00000269e8080b3c: 8bf5 8b49 | 1885 c90f | 847f f0ff | ff48 8bd9 | 8b7b 0c49 | 8baf 5004 | 0000 488b | 8c24 d800 
  0x00000269e8080b5c: ; ImmutableOopMap {r10=NarrowOop r11=Oop r9=Oop rcx=Oop rbx=Oop rsi=Oop r14=Oop [80]=Oop [88]=Oop [96]=Oop [136]=Oop [144]=Oop [176]=NarrowOop [216]=Oop }
                      ;*if_icmpne {reexecute=1 rethrow=0 return_oop=0}
                      ; - (reexecute) java.util.concurrent.ConcurrentHashMap::get@127 (line 946)
                      ; - java.lang.ClassLoader::definePackage@47 (line 2125)
                      ; - java.lang.ClassLoader::getDefinedPackage@32 (line 2267)
                      ; - java.net.URLClassLoader::getAndVerifyPackage@2 (line 457)
                      ; - java.net.URLClassLoader::defineClass@46 (line 492)
                      ; - java.net.URLClassLoader$1::run@43 (line 427)
                      ; - java.net.URLClassLoader$1::run@1 (line 421)
                      ; - java.security.AccessController::executePrivileged@29 (line 809)
                      ; - java.security.AccessController::doPrivileged@13 (line 714)
                      ; - java.net.URLClassLoader::findClass@13 (line 420)
                      ; - java.lang.ClassLoader::loadClass@69 (line 593)
                      ;   {poll}
  0x00000269e8080b5c: 0000 8545 | 0041 3bf8 | 7410 8b4b | 1885 c90f | 8457 f0ff | ff48 8bd9 | ebd6 8b6b | 1048 8bcd 
  0x00000269e8080b7c: 0f1f 4000 | 493b cb0f | 84e9 0000 | 0085 ed0f | 846f 7600 | 0048 899c | 24f0 0000 | 0044 8984 
  0x00000269e8080b9c: 24e8 0000 | 0044 8994 | 24ac 0000 | 004c 89b4 | 24a0 0000 | 004c 8b94 | 2490 0000 | 004c 8954 
  0x00000269e8080bbc: 2470 4c89 | 9c24 9800 | 0000 4889 | 7424 3044 | 8b94 24b0 | 0000 0044 | 8994 24a8 | 0000 004c 
  0x00000269e8080bdc: 898c 24e0 | 0000 004c | 8bc5 498b | d34c 8b94 | 24d8 0000 | 004c 8954 | 2478 4c89 | 8c24 9000 
  0x00000269e8080bfc: 0000 4c89 | 8c24 b800 | 0000 6690 

  0x00000269e8080c08: ;   {optimized virtual_call}
  0x00000269e8080c08: c5f8 77e8 

  0x00000269e8080c0c: ; ImmutableOopMap {[48]=Oop [80]=Oop [88]=Oop [96]=Oop [112]=Oop [120]=Oop [136]=Oop [144]=Oop [152]=Oop [160]=Oop [168]=NarrowOop [172]=NarrowOop [184]=Oop [216]=Oop [224]=Oop [240]=Oop }
                      ;*invokevirtual equals {reexecute=0 rethrow=0 return_oop=0}
                      ; - java.util.concurrent.ConcurrentHashMap::get@149 (line 947)
                      ; - java.lang.ClassLoader::definePackage@47 (line 2125)
                      ; - java.lang.ClassLoader::getDefinedPackage@32 (line 2267)
                      ; - java.net.URLClassLoader::getAndVerifyPackage@2 (line 457)
                      ; - java.net.URLClassLoader::defineClass@46 (line 492)
                      ; - java.net.URLClassLoader$1::run@43 (line 427)
                      ; - java.net.URLClassLoader$1::run@1 (line 421)
                      ; - java.security.AccessController::executePrivileged@29 (line 809)
                      ; - java.security.AccessController::doPrivileged@13 (line 714)
                      ; - java.net.URLClassLoader::findClass@13 (line 420)
                      ; - java.lang.ClassLoader::loadClass@69 (line 593)
  0x00000269e8080c0c: b0ef fbff 

  0x00000269e8080c10: ;   {other}
  0x00000269e8080c10: 0f1f 8400 | 801e 0015 | 0f1f 8400 | 0000 0000 | 85c0 0f84 | 8476 0000 | 4c8b 8c24 | 9000 0000 
  0x00000269e8080c30: 448b 9424 | a800 0000 | 4489 9424 | b000 0000 | 4c8b 9c24 | 9800 0000 | 4c8b 5424 | 704c 8994 
  0x00000269e8080c50: 2490 0000 | 004c 8bb4 | 24a0 0000 | 0044 8b94 | 24ac 0000 | 0048 8b9c | 24f0 0000 | 0048 8b74 
  0x00000269e8080c70: 2430 8b6b | 1485 ed0f | 844b efff | ff8b 4d08 

  0x00000269e8080c80: ;   {metadata('java/lang/Package')}
  0x00000269e8080c80: 81f9 e8bd | 0100 0f85 | 8481 0000 | 4c8b d541 | 8b4a 1044 | 8b41 1c66 | 0f1f 8400 | 0000 0000 
  0x00000269e8080ca0: 4585 c00f | 858f 6200 | 0045 8b42 | 1441 8b68 | 2485 ed0f | 85b3 6600 | 000f 1f80 | 0000 0000 
  0x00000269e8080cc0: 4d85 f60f | 8437 6700 

  0x00000269e8080cc8: ;   {oop(a 'java/lang/Class'{0x00000000c0ae8a60} = 'jdk/internal/access/SharedSecrets')}
  0x00000269e8080cc8: 0049 b860 | 8aae c000 | 0000 0045 | 8b80 d400 | 0000 418b | 5008 410f | be4b 1085 | c90f 85e9 
  0x00000269e8080ce8: 6200 0041 | 8b4b 148b | 590c 4889 | 7424 304d | 8be8 660f | 1f44 0000 | 85db 0f86 | 3d0e 0000 
  0x00000269e8080d08: 8bf3 ffce | 3bf3 0f83 | 4359 0000 | 8974 2468 | 4c89 6c24 | 3889 8c24 | c000 0000 | 8954 2428 
  0x00000269e8080d28: 4489 8424 | e800 0000 | 4c89 9424 | a000 0000 | 4c89 b424 | b800 0000 | 4c89 9c24 | 9800 0000 
  0x00000269e8080d48: 4c89 8c24 | e000 0000 | 899c 24c4 | 0000 0083 | c3fd 895c | 246c 4c8b | d14c 8954 | 2470 8079 
  0x00000269e8080d68: 102e 0f84 | 6d2d 0000 | 83fb 010f | 8ee1 3000 | 00bd 0100 | 0000 448b | 8c24 c400 | 0000 442b 
  0x00000269e8080d88: cd41 83c1 | fd44 8b54 | 246c 4533 | c044 3bd5 | 450f 4cc8 | 4181 f9a0 | 0f00 0041 | bba0 0f00 
  0x00000269e8080da8: 0045 0f47 | cb44 03cd | eb03 418b | ea4c 63c5 | 448b 9c24 | c000 0000 | 470f be54 | 0310 4183 
  0x00000269e8080dc8: ;   {no_reloc}
  0x00000269e8080dc8: fa2e 0f84 | b509 0000 | 470f be5c | 0311 6666 | 0f1f 8400 | 0000 0000 | 4183 fb2e | 0f84 9309 
  0x00000269e8080de8: 0000 448b | 9c24 c000 | 0000 470f | be54 0312 | 0f1f 8400 | 0000 0000 | 4183 fa2e | 0f84 7809 
  0x00000269e8080e08: 0000 470f | be5c 0313 | 4183 fb2e | 0f84 6009 | 0000 448d | 5504 6690 | 453b d17c | 8d4d 8b87 
  0x00000269e8080e28: 5004 0000 

  0x00000269e8080e2c: ; ImmutableOopMap {[48]=Oop [56]=Oop [80]=Oop [88]=Oop [96]=Oop [112]=Oop [136]=Oop [144]=Oop [152]=Oop [160]=Oop [176]=NarrowOop [184]=Oop [192]=NarrowOop [216]=Oop [224]=Oop [232]=NarrowOop }
                      ;*if_icmpne {reexecute=1 rethrow=0 return_oop=0}
                      ; - (reexecute) java.lang.StringLatin1::replace@28 (line 298)
                      ; - java.lang.String::replace@18 (line 2933)
                      ; - java.net.URLClassLoader::isSealed@9 (line 601)
                      ; - java.net.URLClassLoader::getAndVerifyPackage@68 (line 469)
                      ; - java.net.URLClassLoader::defineClass@46 (line 492)
                      ; - java.net.URLClassLoader$1::run@43 (line 427)
                      ; - java.net.URLClassLoader$1::run@1 (line 421)
                      ; - java.security.AccessController::executePrivileged@29 (line 809)
                      ; - java.security.AccessController::doPrivileged@13 (line 714)
                      ; - java.net.URLClassLoader::findClass@13 (line 420)
                      ; - java.lang.ClassLoader::loadClass@69 (line 593)
                      ;   {poll}
  0x00000269e8080e2c: 83c5 0341 | 8500 443b | 5424 6c0f | 8d23 3000 | 0041 8bea | e939 ffff | ff83 c502 | ffc5 eb03 
  0x00000269e8080e4c: 83c5 0241 | 3beb 0f8d | f902 0000 | 0f1f 8400 | 0000 0000 | 4181 fb00 | 0010 000f | 87a7 3300 
  0x00000269e8080e6c: 0049 8bbf | b801 0000 | 4d63 c349 | 83c0 1749 | 83e0 f84c | 8bcf 4d03 | c84d 3b8f | c801 0000 
  0x00000269e8080e8c: 0f83 8233 | 0000 4d89 | 8fb8 0100 | 0041 0f0d | 89c0 0000 | 0048 c707 | 0100 0000 | 410f 0d89 
  0x00000269e8080eac: 0001 0000 

  0x00000269e8080eb0: ;   {metadata({type array byte})}
  0x00000269e8080eb0: c747 0818 | 2300 0044 | 895f 0c41 | 0f0d 8940 | 0100 0041 | 0f0d 8980 | 0100 0085 | ed0f 8ed1 
  0x00000269e8080ed0: 0000 0044 | 8bcd 41ff | c90f 1f80 | 0000 0000 | 453b cb0f | 8344 5200 | 0045 85db | 0f86 3b52 
  0x00000269e8080ef0: 0000 410f | be4a 1088 | 4f10 660f | 1f44 0000 | 4183 f901 | 0f8e 9652 | 0000 b901 | 0000 0044 
  0x00000269e8080f10: 8bed 442b | e941 ffcd | 4533 c044 | 3bc9 450f | 4ce8 4181 | fdd0 0700 | 0041 b8d0 | 0700 0045 
  0x00000269e8080f30: 0f47 e844 | 03e9 6666 | 0f1f 8400 | 0000 0000 | 4863 c145 | 0fbe 4402 | 1044 8844 | 0710 450f 
  0x00000269e8080f50: be44 0211 | 4488 4407 | 1183 c102 | 0f1f 4000 | 413b cd7c | db4d 8b87 | 5004 0000 | 488b 8424 
  0x00000269e8080f70: ; ImmutableOopMap {r10=NarrowOop rbx=Oop rdi=Oop rax=Oop r14=Oop [80]=Oop [88]=Oop [216]=Oop [224]=Oop }
                      ;*goto {reexecute=1 rethrow=0 return_oop=0}
                      ; - (reexecute) java.lang.StringLatin1::replace@76 (line 305)
                      ; - java.lang.String::replace@18 (line 2933)
                      ; - java.net.URLClassLoader$1::run@8 (line 423)
                      ; - java.net.URLClassLoader$1::run@1 (line 421)
                      ; - java.security.AccessController::executePrivileged@29 (line 809)
                      ; - java.security.AccessController::doPrivileged@13 (line 714)
                      ; - java.net.URLClassLoader::findClass@13 (line 420)
                      ; - java.lang.ClassLoader::loadClass@69 (line 593)
  0x00000269e8080f70: d800 0000 

  0x00000269e8080f74: ;   {poll}
  0x00000269e8080f74: 4185 0066 | 0f1f 8400 | 0000 0000 | 413b c97c | 8a3b cd7d | 1b66 6690 | 4c63 c947 | 0fbe 440a 
  0x00000269e8080f94: 1046 8844 | 0f10 ffc1 | 0f1f 4000 | 3bcd 7ce8 | 413b eb0f | 8d52 0100 | 0041 3beb | 0f83 6f4b 
  0x00000269e8080fb4: 0000 413b | d30f 8366 | 4b00 0090 | 413b d30f | 835c 4b00 | 008b cdff | c14c 63cd | 470f be44 
  0x00000269e8080fd4: 0a10 6666 | 0f1f 8400 | 0000 0000 | 4183 f82e | 0f84 8f06 | 0000 4688 | 440f 1044 | 8bc5 41ff 
  0x00000269e8080ff4: c044 3bc1 | 7d05 418b | e8eb ce90 | 443b c60f | 8dcd 0000 | 00ff c5e9 | 9e00 0000 | b92f 0000 
  0x00000269e8081014: 0066 6666 | 0f1f 8400 | 0000 0000 | 884c 1711 | 450f be4c | 1212 4183 | f92e 0f84 | 4600 0000 
  0x00000269e8081034: 4488 4c17 | 1241 0fbe | 4c12 1390 | 83f9 2e0f | 8439 0000 | 0088 4c17 | 1383 c504 | 413b e80f 
  0x00000269e8081054: 8d38 0000 | 0048 63d5 | 450f be4c | 1210 4183 | f92e 7421 | 4488 4c17 | 1041 0fbe 

  0x00000269e8081070: ;   {no_reloc}
  0x00000269e8081070: 4c12 1183 | f92e 75a8 | eb96 41b9 | 2f00 0000 | ebb2 b92f | 0000 00eb | c041 b92f | 0000 00eb 
  0x00000269e8081090: d749 8b8f | 5004 0000 | 4c8b 8c24 | d800 0000 | 488b 8424 

  0x00000269e80810a4: ; ImmutableOopMap {r10=NarrowOop r9=Oop rbx=Oop rdi=Oop rax=Oop r14=Oop [80]=Oop [88]=Oop [216]=Oop [224]=Oop }
                      ;*goto {reexecute=1 rethrow=0 return_oop=0}
                      ; - (reexecute) java.lang.StringLatin1::replace@113 (line 312)
                      ; - java.lang.String::replace@18 (line 2933)
                      ; - java.net.URLClassLoader$1::run@8 (line 423)
                      ; - java.net.URLClassLoader$1::run@1 (line 421)
                      ; - java.security.AccessController::executePrivileged@29 (line 809)
                      ; - java.security.AccessController::doPrivileged@13 (line 714)
                      ; - java.net.URLClassLoader::findClass@13 (line 420)
                      ; - java.lang.ClassLoader::loadClass@69 (line 593)
  0x00000269e80810a4: e000 0000 

  0x00000269e80810a8: ;   {poll}
  0x00000269e80810a8: 8501 3bee | 7d2b 458b | c344 2bc5 | 4183 c0fd | 33c9 3bf5 | 440f 4cc1 | 4181 f8a0 | 0f00 0041 
  0x00000269e80810c8: b9a0 0f00 | 0045 0f47 | c144 03c5 | eb83 418b | e841 3beb | 7d21 6690 | 4c63 c547 | 0fbe 4c02 
  0x00000269e80810e8: 1041 83f9 | 2e0f 84d6 | 1100 0046 | 884c 0710 | ffc5 413b | eb7c e14d | 8b97 b801 | 0000 4d8b 
  0x00000269e8081108: da49 83c3 | 184d 3b9f | c801 0000 | 0f83 ab31 | 0000 4d89 | 9fb8 0100 | 0041 0f0d | 8bc0 0000 
  0x00000269e8081128: 0049 c702 | 0100 0000 

  0x00000269e8081130: ;   {metadata('java/lang/String')}
  0x00000269e8081130: 41c7 4208 | 78e8 0000 | 4589 620c | 4d89 6210 | 4c8b df45 | 895a 14eb | 1345 33db | 4c89 5c24 
  0x00000269e8081150: 2049 8bfa | 4c8b 9424 | d800 0000 | 448b 4f0c | 4585 c90f | 86a5 0400 | 0045 0fbe | 5a10 c442 
  0x00000269e8081170: 22f7 c14d | 63e8 6666 | 0f1f 8400 | 0000 0000 | 4183 fb01 | 0f84 4251 | 0000 4585 | c00f 8c17 
  0x00000269e8081190: 5000 0049 | 8d45 068b | e80f 1f80 | 0000 0000 | 85ed 0f8c | 6450 0000 | 488b c848 | c1f9 208b 
  0x00000269e80811b0: c9c4 e271 | f7cd 85c9 | 0f8c 7651 | 0000 6690 | 81f9 0000 | 1000 0f87 | 4848 0000 | 4863 d181 
  0x00000269e80811d0: f900 0010 | 000f 876e | 2e00 0049 | 8bb7 b801 | 0000 4883 | c217 4883 | e2f8 488b | ee48 03ea 
  0x00000269e80811f0: 493b afc8 | 0100 000f | 834c 2e00 | 0049 89af | b801 0000 | 0f0d 8dc0 | 0000 0048 | c706 0100 
  0x00000269e8081210: 0000 0f0d | 8d00 0100 

  0x00000269e8081218: ;   {metadata({type array byte})}
  0x00000269e8081218: 00c7 4608 | 1823 0000 | 894e 0c0f | 0d8d 4001 | 0000 0f0d | 8d80 0100 | 0041 8d40 | 063b c80f 
  0x00000269e8081238: 82df 4700 | 0049 63d0 | 4585 c00f | 8fa2 0300 | 00c6 4416 | 102e c644 | 1611 63c6 | 4416 126c 
  0x00000269e8081258: c644 1613 | 61c6 4416 | 1473 c644 | 1615 7345 | 85db 0f85 | f44f 0000 | 413b c90f | 8213 4800 
  0x00000269e8081278: 0045 85c9 | 7629 4883 | c710 488b | d648 83c2 | 104d 63c1 | 488b cfc5 | f877 49ba | c044 8ae7 
  0x00000269e8081298: 6902 0000 

  0x00000269e808129c: ;   {other}
  0x00000269e808129c: 41ff d20f | 1f84 0000 | 0000 0049 | 8b87 b801 | 0000 4c8b | d049 83c2 | 1866 6666 | 0f1f 8400 
  0x00000269e80812bc: 0000 0000 | 4d3b 97c8 | 0100 000f | 8323 2e00 | 004d 8997 | b801 0000 | 410f 0d8a | c000 0000 
  0x00000269e80812dc: 48c7 0001 

  0x00000269e80812e0: ;   {metadata('java/lang/String')}
  0x00000269e80812e0: 0000 00c7 | 4008 78e8 | 0000 4489 | 600c 4489 | 6010 4c8b | d644 8950 | 144c 8b94 | 24e0 0000 
  0x00000269e8081300: 0045 8b52 | 5445 85d2 | 0f84 4246 | 0000 4889 | 5c24 6049 | 8bd2 4c8b | c045 33c9 | 4c8b 9424 
  0x00000269e8081320: d800 0000 | 4c89 5424 | 3048 8bac | 24e0 0000 | 0066 6690 

  0x00000269e8081334: ;   {optimized virtual_call}
  0x00000269e8081334: c5f8 77e8 

  0x00000269e8081338: ; ImmutableOopMap {rbp=Oop [48]=Oop [80]=Oop [88]=Oop [96]=Oop [216]=Oop [224]=Oop }
                      ;*invokevirtual getResource {reexecute=0 rethrow=0 return_oop=1}
                      ; - java.net.URLClassLoader$1::run@26 (line 424)
                      ; - java.net.URLClassLoader$1::run@1 (line 421)
                      ; - java.security.AccessController::executePrivileged@29 (line 809)
                      ; - java.security.AccessController::doPrivileged@13 (line 714)
                      ; - java.net.URLClassLoader::findClass@13 (line 420)
                      ; - java.lang.ClassLoader::loadClass@69 (line 593)
  0x00000269e8081338: c467 fdff 

  0x00000269e808133c: ;   {other}
  0x00000269e808133c: 0f1f 8400 | ac25 0019 | 4889 8424 | 8800 0000 | 4885 c00f | 847c 0100 | 00c5 f877 | 49ba 101b 
  0x00000269e808135c: 85d7 ff7f | 0000 41ff 

  0x00000269e8081364: ;   {other}
  0x00000269e8081364: d20f 1f84 | 0000 0000 | 0048 8984 | 2480 0000 | 004c 8b54 | 2430 458b | 4a14 6690 

  0x00000269e8081380: ; implicit exception: dispatches to 0x00000269e8088f8c
  0x00000269e8081380: 458b 590c | 450f be42 | 10c4 c23a | f7cb 448b | d141 ffca | 4585 c00f | 8508 5100 | 0045 8bc3 
  0x00000269e80813a0: 41ff c845 | 3bc2 450f | 4fc2 498b | f945 85c0 | 0f8c 1001 | 0000 4585 | db0f 8615 | 4900 0090 
  0x00000269e80813c0: 453b c30f | 830b 4900 | 0045 85c0 | 0f8e 864a | 0000 458b | d041 ffca | 430f be5c | 0110 6690 
  0x00000269e80813e0: 83fb 2e0f | 84ff 2500 | 0041 ffc8 | 453b c27f | e741 83f8 | 020f 8ea1 | 0000 0041 | 8d70 fe33 
  0x00000269e8081400: db41 83f8 | 020f 4cf3 | 81fe a00f | 0000 41ba | a00f 0000 | 410f 47f2 | 418b d02b | d666 6690 
  0x00000269e8081420: 4963 d845 | 0fbe 5419 | 1041 83fa | 2e0f 847f | e8ff ff41 | 0fbe 5c19 | 0f0f 1f80 | 0000 0000 
  0x00000269e8081440: 83fb 2e0f | 846e e8ff | ff45 8d50 | fe43 0fbe | 5c11 1083 | fb2e 0f84 | 61e8 ffff | 458d 50fd 
  0x00000269e8081460: 430f be74 

  0x00000269e8081464: ;   {no_reloc}
  0x00000269e8081464: 1110 83fe | 2e0f 844e | e8ff ff41 | 83c0 fc44 | 3bc2 7fa8 | 498b af50 | 0400 004c | 8b94 24d8 
  0x00000269e8081484: 0000 0048 | 8b9c 2488 

  0x00000269e808148c: ; ImmutableOopMap {r10=Oop r9=NarrowOop rbx=Oop rdi=Oop [80]=Oop [88]=Oop [96]=Oop [136]=Oop [216]=Oop [224]=Oop }
                      ;*goto {reexecute=1 rethrow=0 return_oop=0}
                      ; - (reexecute) java.lang.StringLatin1::lastIndexOf@35 (line 285)
                      ; - java.lang.String::lastIndexOf@13 (line 2573)
                      ; - java.lang.String::lastIndexOf@8 (line 2535)
                      ; - java.net.URLClassLoader::defineClass@7 (line 486)
                      ; - java.net.URLClassLoader$1::run@43 (line 427)
                      ; - java.net.URLClassLoader$1::run@1 (line 421)
                      ; - java.security.AccessController::executePrivileged@29 (line 809)
                      ; - java.security.AccessController::doPrivileged@13 (line 714)
                      ; - java.net.URLClassLoader::findClass@13 (line 420)
                      ; - java.lang.ClassLoader::loadClass@69 (line 593)
                      ;   {poll}
  0x00000269e808148c: 0000 0085 | 4500 4183 | f802 0f8f | 5fff ffff | 0f1f 4000 | 4183 f8ff | 7e20 6690 | 430f be5c 
  0x00000269e80814ac: 0110 83fb | 2e0f 84e5 | 4f00 0041 | ffc8 660f | 1f44 0000 | 4183 f8ff | 7fe2 41ba | ffff ffff 
  0x00000269e80814cc: e9ec e7ff | ff49 8b87 | b801 0000 | 4c8b d049 | 83c2 2890 | 4d3b 97c8 | 0100 000f | 835b 2c00 
  0x00000269e80814ec: 004d 8997 | b801 0000 | 410f 0d8a | c000 0000 | 48c7 0001 

  0x00000269e8081500: ;   {metadata('java/lang/ClassNotFoundException')}
  0x00000269e8081500: 0000 00c7 | 4008 a0ac | 0600 4489 | 600c 4c89 | 6010 4c89 | 6018 4c89 | 6020 488b | e848 8bd5 
  0x00000269e8081520: 4c8b 8424 | d800 0000 

  0x00000269e8081528: ;   {optimized virtual_call}
  0x00000269e8081528: c5f8 77e8 

  0x00000269e808152c: ; ImmutableOopMap {rbp=Oop [88]=Oop [224]=Oop }
                      ;*invokespecial <init> {reexecute=0 rethrow=0 return_oop=0}
                      ; - java.net.URLClassLoader::findClass@41 (line 445)
                      ; - java.lang.ClassLoader::loadClass@69 (line 593)
  0x00000269e808152c: 50e7 f3ff 

  0x00000269e8081530: ;   {other}
  0x00000269e8081530: 0f1f 8400 | a027 001b | 488d 8424 | 3001 0000 | 4c8b 5c24 | 5848 8338 | 000f 8479 | 0000 004d 
  0x00000269e8081550: 8b13 41f6 | c202 0f84 | 6200 0000 | 4983 ba86 | 0000 0000 | 7409 49ff | 8a86 0000 | 00eb 4b49 
  0x00000269e8081570: 8b82 9600 | 0000 490b | 828e 0000 | 0075 0a49 | c742 3e00 | 0000 00eb | 3d49 83ba | 9e00 0000 
  0x00000269e8081590: 0074 2248 | 33c0 49c7 | 423e 0000 | 0000 f083 | 0424 0049 | 83ba 9e00 | 0000 0075 | 0df0 4d0f 
  0x00000269e80815b0: b17a 3e75 | 0583 c801 | eb0c a800 | eb08 4c8b | 10f0 4d0f | b113 750a | 49ff 8f48 | 0500 0045 
  0x00000269e80815d0: 33d2 0f85 | 1c45 0000 | 488b d5c5 | f877 4881 | c450 0100 

  0x00000269e80815e4: ;   {runtime_call _rethrow_Java}
  0x00000269e80815e4: 005d e915 | 0687 ffc6 | 4416 1573 | c644 1614 | 73c6 4416 | 1361 c644 | 1612 6cc6 | 4416 1163 
  0x00000269e8081604: c644 1610 | 2ee9 59fc | ffff 498b | 87b8 0100 | 004c 8bd0 | 4983 c218 | 0f1f 4000 | 4d3b 97c8 
  0x00000269e8081624: 0100 000f | 8399 3a00 | 004d 8997 | b801 0000 | 410f 0d8a | c000 0000 | 48c7 0001 

  0x00000269e8081640: ;   {metadata('java/lang/String')}
  0x00000269e8081640: 0000 00c7 | 4008 78e8 | 0000 4489 | 600c 4489 

  0x00000269e8081650: ;   {oop([B{0x00000000c0ae8c30})}
  0x00000269e8081650: 6010 c740 | 1430 8cae 

  0x00000269e8081658: ;   {oop(".class"{0x00000000c0ae89a8})}
  0x00000269e8081658: c049 baa8 | 89ae c000 | 0000 0045 | 8b5a 0c44 | 8958 0c45 | 0fb6 5a11 | 4488 5811 | e980 fcff 
  0x00000269e8081678: ff41 b82f | 0000 0090 | e965 f9ff | ff45 0fb6 | 5311 4585 | d20f 85c0 | 2700 0045 | 0fbe 5310 
  0x00000269e8081698: 0f1f 8400 | 0000 0000 | 4585 d20f | 8563 6500 | 004c 8974 | 2470 4c8b | 9424 9000 | 0000 4c89 
  0x00000269e80816b8: 5424 6848 | 8974 2430 | 448b 9424 | b000 0000 | 4489 5424 | 2845 8b53 | 1448 8be9 | 894c 2478 
  0x00000269e80816d8: 498b d24c | 8b94 24d8 | 0000 004c | 8994 24a0 | 0000 004d | 8bd1 4c89 | 9424 a800 | 0000 4d8b 
  0x00000269e80816f8: d14c 8994 | 24b8 0000 | 0066 6690 

  0x00000269e8081704: ;   {static_call}
  0x00000269e8081704: c5f8 77e8 

  0x00000269e8081708: ; ImmutableOopMap {rbp=Oop [40]=NarrowOop [48]=Oop [80]=Oop [88]=Oop [96]=Oop [104]=Oop [112]=Oop [120]=NarrowOop [136]=Oop [160]=Oop [168]=Oop [184]=Oop [216]=Oop [224]=Oop [248]=Oop }
                      ;*invokestatic hashCode {reexecute=0 rethrow=0 return_oop=0}
                      ; - java.lang.String::hashCode@27 (line 2369)
                      ; - java.util.concurrent.ConcurrentHashMap::get@1 (line 936)
                      ; - java.lang.ClassLoader::getDefinedPackage@13 (line 2263)
                      ; - java.net.URLClassLoader::getAndVerifyPackage@2 (line 457)
                      ; - java.net.URLClassLoader::defineClass@46 (line 492)
                      ; - java.net.URLClassLoader$1::run@43 (line 427)
                      ; - java.net.URLClassLoader$1::run@1 (line 421)
                      ; - java.security.AccessController::executePrivileged@29 (line 809)
                      ; - java.security.AccessController::doPrivileged@13 (line 714)
                      ; - java.net.URLClassLoader::findClass@13 (line 420)
                      ; - java.lang.ClassLoader::loadClass@69 (line 593)
  0x00000269e8081708: b4a3 dbff 

  0x00000269e808170c: ;   {other}
  0x00000269e808170c: 0f1f 8400 | 7c29 001c | 85c0 0f84 | 4d2a 0000 | 4c8b 9c24 | f800 0000 | 4189 430c | 4c8b 8c24 
  0x00000269e808172c: a800 0000 | 448b 4424 | 2844 8984 | 24b0 0000 | 004c 8b54 | 2430 4c8b | 4424 684c | 8984 2490 
  0x00000269e808174c: 0000 004c | 8b74 2470 | 8b4c 2478 | 498b f20f | 1f44 0000 | e943 eaff | ff4c 8b94 | 24d8 0000 
  0x00000269e808176c: 004c 8994 | 24f8 0000 | 00e9 ffe7 | ffff 83c5 | 02ff c590 | eb03 83c5 | 023b ac24 | c400 0000 
  0x00000269e808178c: 0f8d 7b03 | 0000 448b | 9c24 c400 | 0000 660f | 1f44 0000 | 4181 fb00 | 0010 000f | 8758 3b00 
  0x00000269e80817ac: 004d 8b87 | b801 0000 | 4d63 d349 | 83c2 1749 | 83e2 f84d | 8bd8 4d03 | da4d 3b9f | c801 0000 
  0x00000269e80817cc: 0f83 333b | 0000 4d89 | 9fb8 0100 | 0041 0f0d | 8bc0 0000 | 0049 c700 | 0100 0000 | 410f 0d8b 
  0x00000269e80817ec: 0001 0000 

  0x00000269e80817f0: ;   {metadata({type array byte})}
  0x00000269e80817f0: 41c7 4008 | 1823 0000 | 448b 9424 | c400 0000 | 4589 500c | 410f 0d8b | 4001 0000 | 410f 0d8b 
  0x00000269e8081810: 8001 0000 | 4d8b d885 | ed0f 8ed5 | 0000 008b | cdff c93b | 8c24 c400 | 0000 0f83 | a85f 0000 
  0x00000269e8081830: 448b 9424 | c400 0000 | 0f1f 8400 | 0000 0000 | 4585 d20f | 868f 5f00 | 0044 8b84 | 24c0 0000 
  0x00000269e8081850: 0045 0fbe | 5010 4588 | 5310 660f | 1f44 0000 | 83f9 010f | 8e27 6000 | 00bb 0100 | 0000 8bd5 
  0x00000269e8081870: 2bd3 ffca | 4533 c03b | cb41 0f4c | d081 fad0 | 0700 0041 | bad0 0700 | 0041 0f47 | d203 d390 
  0x00000269e8081890: 4c63 d344 | 8b84 24c0 | 0000 0047 | 0fbe 4410 | 1047 8844 | 1310 448b | 8c24 c000 | 0000 470f 
  0x00000269e80818b0: be4c 1111 | 4788 4c13 | 1183 c302 | 0f1f 4000 | 3bda 7ccc | 4d8b 9750 

  0x00000269e80818c8: ; ImmutableOopMap {r11=Oop [48]=Oop [56]=Oop [80]=Oop [88]=Oop [96]=Oop [112]=Oop [136]=Oop [144]=Oop [152]=Oop [160]=Oop [176]=NarrowOop [184]=Oop [192]=NarrowOop [216]=Oop [224]=Oop [232]=NarrowOop }
                      ;*goto {reexecute=1 rethrow=0 return_oop=0}
                      ; - (reexecute) java.lang.StringLatin1::replace@76 (line 305)
                      ; - java.lang.String::replace@18 (line 2933)
                      ; - java.net.URLClassLoader::isSealed@9 (line 601)
                      ; - java.net.URLClassLoader::getAndVerifyPackage@68 (line 469)
                      ; - java.net.URLClassLoader::defineClass@46 (line 492)
                      ; - java.net.URLClassLoader$1::run@43 (line 427)
                      ; - java.net.URLClassLoader$1::run@1 (line 421)
                      ; - java.security.AccessController::executePrivileged@29 (line 809)
                      ; - java.security.AccessController::doPrivileged@13 (line 714)
                      ; - java.net.URLClassLoader::findClass@13 (line 420)
                      ; - java.lang.ClassLoader::loadClass@69 (line 593)
                      ;   {poll}
  0x00000269e80818c8: 0400 0041 | 8502 3bd9 | 7c9c 3bdd | 7d1e 6690 | 4c63 d344 | 8b84 24c0 | 0000 0047 | 0fbe 4c10 
  0x00000269e80818e8: 1047 884c | 1310 ffc3 | 3bdd 7ce4 | 0f1f 8400 | 0000 0000 | 6666 6690 | 3bac 24c4 | 0000 000f 
  0x00000269e8081908: 8de2 2100 | 003b ac24 | c400 0000 | 0f83 c454 | 0000 448b | 4424 6890 | 443b 8424 | c400 0000 
  0x00000269e8081928: 0f83 b054 | 0000 448b | c541 ffc0 | 4c63 d544 | 8b8c 24c0 | 0000 0043 | 0fbe 4c11 | 1083 f92e 
  0x00000269e8081948: 0f84 a220 | 0000 4388 | 4c13 1044 | 8bcd 41ff | c145 3bc8 | 7d05 418b | e9eb d144 | 3b4c 246c 
  0x00000269e8081968: 0f8d 1401 | 0000 ffc5 | e9a9 0000 | 0041 ba2f | 0000 000f | 1f44 0000 | 4788 540b | 1147 0fbe 
  0x00000269e8081988: 5408 1241 | 83fa 2e0f | 8463 0000 | 0047 8854 | 0b12 470f | be54 0813 | 4183 fa2e | 0f84 4600 
  0x00000269e80819a8: 0000 4788 | 540b 1383 | c504 3be9 | 0f8d 5000 | 0000 4c63 | cd44 8b94 | 24c0 0000 | 0047 0fbe 
  0x00000269e80819c8: ;   {no_reloc}
  0x00000269e80819c8: 540a 1041 | 83fa 2e0f | 842d 0000 | 0047 8854 | 0b10 448b | 8424 c000 | 0000 470f | be54 0811 
  0x00000269e80819e8: 4183 fa2e | 7592 eb85 | 41ba 2f00 | 0000 ebb2 | 41ba 2f00 | 0000 6690 | eb93 41ba | 2f00 0000 
  0x00000269e8081a08: ebcb 4d8b | 9750 0400 

  0x00000269e8081a10: ; ImmutableOopMap {r11=Oop [48]=Oop [56]=Oop [80]=Oop [88]=Oop [96]=Oop [112]=Oop [136]=Oop [144]=Oop [152]=Oop [160]=Oop [176]=NarrowOop [184]=Oop [192]=NarrowOop [216]=Oop [224]=Oop [232]=NarrowOop }
                      ;*goto {reexecute=1 rethrow=0 return_oop=0}
                      ; - (reexecute) java.lang.StringLatin1::replace@113 (line 312)
                      ; - java.lang.String::replace@18 (line 2933)
                      ; - java.net.URLClassLoader::isSealed@9 (line 601)
                      ; - java.net.URLClassLoader::getAndVerifyPackage@68 (line 469)
                      ; - java.net.URLClassLoader::defineClass@46 (line 492)
                      ; - java.net.URLClassLoader$1::run@43 (line 427)
                      ; - java.net.URLClassLoader$1::run@1 (line 421)
                      ; - java.security.AccessController::executePrivileged@29 (line 809)
                      ; - java.security.AccessController::doPrivileged@13 (line 714)
                      ; - java.net.URLClassLoader::findClass@13 (line 420)
                      ; - java.lang.ClassLoader::loadClass@69 (line 593)
                      ;   {poll}
  0x00000269e8081a10: 0041 8502 | 3b6c 246c | 0f8d 6700 | 0000 8b8c | 24c4 0000 | 002b cd83 | c1fd 448b | 4424 6c45 
  0x00000269e8081a30: 33d2 443b | c541 0f4c | ca81 f9a0 | 0f00 0041 | baa0 0f00 | 0041 0f47 | ca03 cde9 | 6aff ffff 
  0x00000269e8081a50: 4c63 d544 | 8b84 24c0 | 0000 0047 | 0fbe 4c10 | 1041 83f9 | 2e0f 845d | 2000 0049 | 8bc3 4788 
  0x00000269e8081a70: 4c13 10ff | c53b ac24 | c400 0000 | 7cd2 6690 | eb0f 418b | e93b ac24 | c400 0000 | 7cc2 498b 
  0x00000269e8081a90: c349 8baf | b801 0000 | 4c8b d549 | 83c2 1890 | 4d3b 97c8 | 0100 000f | 839f 3800 | 004d 8997 
  0x00000269e8081ab0: b801 0000 | 410f 0d8a | c000 0000 | 48c7 4500 | 0100 0000 

  0x00000269e8081ac4: ;   {metadata('java/lang/String')}
  0x00000269e8081ac4: c745 0878 | e800 0044 | 8965 0c4c | 8965 104c | 8bd8 4489 | 5d14 4c8b | 8c24 e000 | 0000 4c8b 
  0x00000269e8081ae4: 9c24 9800 | 0000 4c8b | b424 b800 | 0000 4c8b | 9424 a000 | 0000 448b | 8424 e800 | 0000 8b54 
  0x00000269e8081b04: 2428 4c8b | 6c24 38eb | 3e4c 8b8c | 24e0 0000 | 004c 8b9c | 2498 0000 | 004c 8bb4 | 24b8 0000 
  0x00000269e8081b24: 004c 8b94 | 24a0 0000 | 0044 8b84 | 24e8 0000 | 008b 5424 | 288b 8c24 | c000 0000 | 4c8b 6c24 
  0x00000269e8081b44: 3848 8bc1 | 498b eb8b | 700c 85f6 | 0f86 5a26 | 0000 0fbe | 4d10 c4e2 | 72f7 de48 | 63fb 83f9 
  0x00000269e8081b64: 010f 8449 | 5900 0085 | db0f 8c1d | 5500 0089 | 9c24 c000 | 0000 894c | 2468 89b4 | 24cc 0000 
  0x00000269e8081b84: 0048 89ac | 24d0 0000 | 0048 8984 | 24b8 0000 | 004c 896c | 2438 8954 | 2428 4489 | 8424 c800 
  0x00000269e8081ba4: 0000 4c89 | 9424 a000 | 0000 4c89 | b424 a800 | 0000 4c89 | 9c24 9800 | 0000 4c89 

  0x00000269e8081bc0: ;   {no_reloc}
  0x00000269e8081bc0: 8c24 e000 | 0000 4889 | bc24 e800 | 0000 4883 | c701 8bef | 85ed 0f8c | 6855 0000 | 4c8b d749 
  0x00000269e8081be0: c1fa 2045 | 8bda c462 | 21f7 c545 | 85c0 0f8c | 7c59 0000 | 0f1f 8400 | 0000 0000 | 6666 6690 
  0x00000269e8081c00: 4181 f800 | 0010 000f | 873f 4a00 | 0041 8be8 | 4d63 d081 | fd00 0010 | 000f 871e | 3400 0049 
  0x00000269e8081c20: 8b9f b801 | 0000 4983 | c217 4983 | e2f8 4c8b | db4d 03da | 0f1f 8400 | 0000 0000 | 6666 6690 
  0x00000269e8081c40: 4d3b 9fc8 | 0100 000f | 83f0 3300 | 004d 899f | b801 0000 | 410f 0d8b | c000 0000 | 48c7 0301 
  0x00000269e8081c60: 0000 0041 | 0f0d 8b00 

  0x00000269e8081c68: ;   {metadata({type array byte})}
  0x00000269e8081c68: 0100 00c7 | 4308 1823 | 0000 448b | d589 6b0c | 410f 0d8b | 4001 0000 | 410f 0d8b | 8001 0000 
  0x00000269e8081c88: 448b 8424 | c000 0000 | 41ff c045 | 3bd0 0f82 | 404d 0000 | 448b 8424 | c000 0000 | 42c6 4403 
  0x00000269e8081ca8: 102f 448b | 4424 6845 | 85c0 0f85 | 1455 0000 | 0f1f 8400 | 0000 0000 | 443b 9424 | cc00 0000 
  0x00000269e8081cc8: 0f82 f64d | 0000 448b | 9424 cc00 | 0000 4585 | d276 2e48 | 8b8c 24b8 | 0000 0048 | 83c1 1048 
  0x00000269e8081ce8: 8bd3 4883 | c210 4d63 | c2c5 f877 | 49ba c044 | 8ae7 6902 | 0000 41ff 

  0x00000269e8081d00: ;   {other}
  0x00000269e8081d00: d20f 1f84 | 0000 0000 | 0049 8b87 | b801 0000 | 4c8b d049 | 83c2 1866 | 0f1f 8400 | 0000 0000 
  0x00000269e8081d20: 4d3b 97c8 | 0100 000f | 834e 3300 | 004d 8997 | b801 0000 | 410f 0d8a | c000 0000 | 48c7 0001 
  0x00000269e8081d40: ;   {metadata('java/lang/String')}
  0x00000269e8081d40: 0000 00c7 | 4008 78e8 | 0000 4489 | 600c 4489 | 6010 4c8b | db44 8958 | 144c 8b8c | 24e0 0000 
  0x00000269e8081d60: 004c 8b9c | 2498 0000 | 004c 8bb4 | 24a8 0000 | 004c 8b94 | 24a0 0000 | 0044 8b84 | 24c8 0000 
  0x00000269e8081d80: 008b 5424 

  0x00000269e8081d84: ;   {metadata('java/util/jar/JavaUtilJarAccessImpl')}
  0x00000269e8081d84: 2881 fa88 | 7431 000f | 853b 4a00 | 0041 8b6e | 1044 8b45 | 080f 1f80 | 0000 0000 

  0x00000269e8081da0: ;   {metadata('java/util/HashMap')}
  0x00000269e8081da0: 4181 f880 | c208 000f | 85e3 4a00 | 004c 8bc5 | 418b 7024 | 85f6 0f84 | cf02 0000 | 448b 460c 
  0x00000269e8081dc0: 4585 c00f | 868f 5800 | 0048 8bc8 | 8b50 0c41 | ffc8 85d2 | 0f84 0506 | 0000 8bda | c1eb 1033 
  0x00000269e8081de0: da44 23c3 | 428b 7486 | 1085 f60f | 849a 0200 | 0044 8b46 | 0c44 3bc3 | 0f85 0019 | 0000 8b56 
  0x00000269e8081e00: 1048 8bee | 4c8b c24c | 3bc1 0f84 | b500 0000 | 89b4 24a4 | 0000 0089 | 9c24 a000 | 0000 4889 
  0x00000269e8081e20: 8c24 9800 | 0000 4c89 | 5424 784c | 8974 2470 | 4c8b 9424 | 9000 0000 | 4c89 5424 | 684c 895c 
  0x00000269e8081e40: 2438 448b | 9424 b000 | 0000 4489 | 5424 284c | 898c 24e0 | 0000 0048 | 8bd1 4c8b | 9424 d800 
  0x00000269e8081e60: 0000 4c89 | 9424 b000 | 0000 4c89 | 8c24 b800 | 0000 6690 

  0x00000269e8081e74: ;   {optimized virtual_call}
  0x00000269e8081e74: c5f8 77e8 

  0x00000269e8081e78: ; ImmutableOopMap {rbp=Oop [40]=NarrowOop [48]=Oop [56]=Oop [80]=Oop [88]=Oop [96]=Oop [104]=Oop [112]=Oop [120]=Oop [136]=Oop [152]=Oop [164]=NarrowOop [176]=Oop [184]=Oop [216]=Oop [224]=Oop }
                      ;*invokevirtual equals {reexecute=0 rethrow=0 return_oop=0}
                      ; - java.util.HashMap::getNode@63 (line 578)
                      ; - java.util.HashMap::get@2 (line 564)
                      ; - java.util.jar.Manifest::getAttributes@5 (line 160)
                      ; - java.util.jar.Manifest::getTrustedAttributes@2 (line 177)
                      ; - java.util.jar.JavaUtilJarAccessImpl::getTrustedAttributes@2 (line 38)
                      ; - java.net.URLClassLoader::isSealed@18 (line 601)
                      ; - java.net.URLClassLoader::getAndVerifyPackage@68 (line 469)
                      ; - java.net.URLClassLoader::defineClass@46 (line 492)
                      ; - java.net.URLClassLoader$1::run@43 (line 427)
                      ; - java.net.URLClassLoader$1::run@1 (line 421)
                      ; - java.security.AccessController::executePrivileged@29 (line 809)
                      ; - java.security.AccessController::doPrivileged@13 (line 714)
                      ; - java.net.URLClassLoader::findClass@13 (line 420)
                      ; - java.lang.ClassLoader::loadClass@69 (line 593)
  0x00000269e8081e78: 44dd fbff 

  0x00000269e8081e7c: ;   {other}
  0x00000269e8081e7c: 0f1f 8400 | ec30 001f | 85c0 0f84 | 2b18 0000 | 4c8b 8c24 | b800 0000 | 448b 5c24 | 2844 899c 
  0x00000269e8081e9c: 24b0 0000 | 004c 8b5c | 2438 4c8b | 5424 684c | 8994 2490 | 0000 004c | 8b74 2470 | 4c8b 5424 
  0x00000269e8081ebc: 7848 8b8c | 2498 0000 | 008b 6d14 | 85ed 0f84 | bb01 0000 | 448b 4508 | 0f1f 8400 | 0000 0000 
  0x00000269e8081edc: 6666 6690 

  0x00000269e8081ee0: ;   {metadata('java/util/jar/Attributes')}
  0x00000269e8081ee0: 4181 f888 | d216 000f | 854f 6d00 | 0041 8b5e | 144c 8bc5 | 85db 0f84 | d71b 0000 | 4c89 4424 
  0x00000269e8081f00: 3848 898c | 24b8 0000 | 004c 8994 | 24a8 0000 | 004c 89b4 | 24a0 0000 | 004c 8b94 | 2490 0000 
  0x00000269e8081f20: 004c 8954 | 2470 4c89 | 9c24 9800 | 0000 488b | 6c24 3044 | 8b94 24b0 | 0000 0044 | 8994 2490 
  0x00000269e8081f40: 0000 004c | 898c 24e0 | 0000 0048 | 8bd3 4c8b | c14c 8b94 | 24d8 0000 | 004c 8954 | 2478 4c89 
  0x00000269e8081f60: 8c24 b000 | 0000 6690 

  0x00000269e8081f68: ;   {optimized virtual_call}
  0x00000269e8081f68: c5f8 77e8 

  0x00000269e8081f6c: ; ImmutableOopMap {rbp=Oop [56]=Oop [80]=Oop [88]=Oop [96]=Oop [112]=Oop [120]=Oop [136]=Oop [144]=NarrowOop [152]=Oop [160]=Oop [168]=Oop [176]=Oop [184]=Oop [216]=Oop [224]=Oop }
                      ;*invokevirtual isTrustedManifestEntry {reexecute=0 rethrow=0 return_oop=0}
                      ; - java.util.jar.Manifest::getTrustedAttributes@22 (line 178)
                      ; - java.util.jar.JavaUtilJarAccessImpl::getTrustedAttributes@2 (line 38)
                      ; - java.net.URLClassLoader::isSealed@18 (line 601)
                      ; - java.net.URLClassLoader::getAndVerifyPackage@68 (line 469)
                      ; - java.net.URLClassLoader::defineClass@46 (line 492)
                      ; - java.net.URLClassLoader$1::run@43 (line 427)
                      ; - java.net.URLClassLoader$1::run@1 (line 421)
                      ; - java.security.AccessController::executePrivileged@29 (line 809)
                      ; - java.security.AccessController::doPrivileged@13 (line 714)
                      ; - java.net.URLClassLoader::findClass@13 (line 420)
                      ; - java.lang.ClassLoader::loadClass@69 (line 593)
  0x00000269e8081f6c: 10cb 83ff 

  0x00000269e8081f70: ;   {other}
  0x00000269e8081f70: 0f1f 8400 | e031 0020 | 0f1f 8400 | 0000 0000 | 85c0 0f84 | d459 0000 | 4c8b 8c24 | b000 0000 
  0x00000269e8081f90: 448b 9424 | 9000 0000 | 4489 9424 | b000 0000 | 4c8b 9c24 | 9800 0000 | 4c8b 5424 | 704c 8994 
  0x00000269e8081fb0: 2490 0000 | 004c 8bb4 | 24a0 0000 | 004c 8b94 | 24a8 0000 | 004c 8b44 | 2438 4c89 | 9424 a800 
  0x00000269e8081fd0: 0000 4c89 | b424 a000 | 0000 4c8b | 9424 9000 | 0000 4c89 | 5424 704c | 899c 2498 | 0000 0044 
  0x00000269e8081ff0: 8b9c 24b0 | 0000 0044 | 899c 2490 | 0000 004c | 898c 24e0 | 0000 0049 

  0x00000269e8082008: ;   {oop(a 'java/util/jar/Attributes$Name'{0x00000000c0f6b1a8})}
  0x00000269e8082008: 8bd0 49b8 | a8b1 f6c0 | 0000 0000 | 4c8b 9424 | d800 0000 | 4c89 5424 | 784c 898c | 24b0 0000 
  0x00000269e8082028: 0066 6690 

  0x00000269e808202c: ;   {optimized virtual_call}
  0x00000269e808202c: c5f8 77e8 

  0x00000269e8082030: ; ImmutableOopMap {rbp=Oop [80]=Oop [88]=Oop [96]=Oop [112]=Oop [120]=Oop [136]=Oop [144]=NarrowOop [152]=Oop [160]=Oop [168]=Oop [176]=Oop [216]=Oop [224]=Oop }
                      ;*invokevirtual getValue {reexecute=0 rethrow=0 return_oop=1}
                      ; - java.net.URLClassLoader::isSealed@35 (line 604)
                      ; - java.net.URLClassLoader::getAndVerifyPackage@68 (line 469)
                      ; - java.net.URLClassLoader::defineClass@46 (line 492)
                      ; - java.net.URLClassLoader$1::run@43 (line 427)
                      ; - java.net.URLClassLoader$1::run@1 (line 421)
                      ; - java.security.AccessController::executePrivileged@29 (line 809)
                      ; - java.security.AccessController::doPrivileged@13 (line 714)
                      ; - java.net.URLClassLoader::findClass@13 (line 420)
                      ; - java.lang.ClassLoader::loadClass@69 (line 593)
  0x00000269e8082030: 4cc5 c0f7 

  0x00000269e8082034: ;   {other}
  0x00000269e8082034: 0f1f 8400 | a432 0021 | 0f1f 4000 | 4885 c00f | 855b 5a00 | 004c 8b8c | 24b0 0000 | 0044 8b9c 
  0x00000269e8082054: 2490 0000 | 0044 899c | 24b0 0000 | 0048 896c | 2430 4c8b | 9c24 9800 | 0000 4c8b | 5424 704c 
  0x00000269e8082074: 8994 2490 | 0000 004c | 8bb4 24a0 | 0000 004c | 8b94 24a8 | 0000 0041 | 8b4e 0c8b | 690c 8b4d 
  0x00000269e8082094: 0866 6666 | 0f1f 8400 | 0000 0000 

  0x00000269e80820a0: ;   {metadata('java/util/LinkedHashMap')}
  0x00000269e80820a0: 81f9 68bb | 0f00 0f85 | 9448 0000 | 488b fd8b | 4f24 85c9 | 0f84 a2e1 | ffff 448b | 410c 6690 
  0x00000269e80820c0: 4585 c00f | 8653 5600 

  0x00000269e80820c8: ;   {oop(a 'java/util/jar/Attributes$Name'{0x00000000c0f6b1a8})}
  0x00000269e80820c8: 0048 bba8 | b1f6 c000 | 0000 008b | 530c 41ff | c88b dac1 | eb10 33da | 4423 c342 | 8b44 8110 
  0x00000269e80820e8: 85c0 0f84 | 6ce1 ffff | 8b48 0c3b | cb0f 858d | 1700 008b | 5010 488b 

  0x00000269e8082100: ;   {oop(a 'java/util/jar/Attributes$Name'{0x00000000c0f6b1a8})}
  0x00000269e8082100: c881 faa8 | b1f6 c00f | 84be 0000 | 0048 898c | 24a8 0000 | 0089 8424 | a000 0000 | 895c 2428 
  0x00000269e8082120: 4889 bc24 | 9800 0000 | 4c89 5424 | 784c 8974 | 2470 4c8b | 9424 9000 | 0000 4c89 | 5424 684c 
  0x00000269e8082140: 895c 2438 | 8bac 24b0 | 0000 004c | 898c 24e0 | 0000 004c 

  0x00000269e8082154: ;   {oop(a 'java/util/jar/Attributes$Name'{0x00000000c0f6b1a8})}
  0x00000269e8082154: 8bc2 48ba | a8b1 f6c0 | 0000 0000 | 4c8b 9424 | d800 0000 | 4c89 9424 | b800 0000 | 4c89 8c24 
  0x00000269e8082174: c000 0000 

  0x00000269e8082178: ;   {optimized virtual_call}
  0x00000269e8082178: c5f8 77e8 

  0x00000269e808217c: ; ImmutableOopMap {rbp=NarrowOop [48]=Oop [56]=Oop [80]=Oop [88]=Oop [96]=Oop [104]=Oop [112]=Oop [120]=Oop [136]=Oop [152]=Oop [160]=NarrowOop [168]=Oop [184]=Oop [192]=Oop [216]=Oop [224]=Oop }
                      ;*invokevirtual equals {reexecute=0 rethrow=0 return_oop=0}
                      ; - java.util.HashMap::getNode@63 (line 578)
                      ; - java.util.LinkedHashMap::get@2 (line 536)
                      ; - java.util.jar.Attributes::get@5 (line 106)
                      ; - java.util.jar.Attributes::getValue@2 (line 142)
                      ; - java.net.URLClassLoader::isSealed@58 (line 608)
                      ; - java.net.URLClassLoader::getAndVerifyPackage@68 (line 469)
                      ; - java.net.URLClassLoader::defineClass@46 (line 492)
                      ; - java.net.URLClassLoader$1::run@43 (line 427)
                      ; - java.net.URLClassLoader$1::run@1 (line 421)
                      ; - java.security.AccessController::executePrivileged@29 (line 809)
                      ; - java.security.AccessController::doPrivileged@13 (line 714)
                      ; - java.net.URLClassLoader::findClass@13 (line 420)
                      ; - java.lang.ClassLoader::loadClass@69 (line 593)
  0x00000269e808217c: 00c9 83ff 

  0x00000269e8082180: ;   {other}
  0x00000269e8082180: 0f1f 8400 | f033 0022 | 85c0 0f84 | ba16 0000 | 4c8b 8c24 | c000 0000 | 89ac 24b0 | 0000 004c 
  0x00000269e80821a0: 8b5c 2438 | 4c8b 5424 | 684c 8994 | 2490 0000 | 004c 8b74 | 2470 4c8b | 5424 7848 | 8bbc 2498 
  0x00000269e80821c0: 0000 0048 | 8b8c 24a8 | 0000 000f | b66f 3085 | ed0f 8585 | 5900 008b | 6914 660f | 1f44 0000 
  0x00000269e80821e0: 85ed 0f84 | 74e0 ffff 

  0x00000269e80821e8: ;   {metadata('java/lang/String')}
  0x00000269e80821e8: 8b4d 0881 | f978 e800 | 000f 85f5 | 6a00 0048 

  0x00000269e80821f8: ;   {oop("true"{0x00000000c0d8a8c8})}
  0x00000269e80821f8: 8bfd 48ba | c8a8 d8c0 | 0000 0000 | 483b fa0f | 84b6 5600 | 008b 4f14 

  0x00000269e8082210: ; implicit exception: dispatches to 0x00000269e80898f0
  0x00000269e8082210: 8b49 0c44 | 0fbe 4710 | c462 3af7 | c166 6690 | 4183 f804 | 0f85 32e0 | ffff 4c89 | 7424 704c 
  0x00000269e8082230: 8b84 2490 | 0000 004c | 8944 2468 | 4c89 5c24 | 3844 8b84 | 24b0 0000 | 0044 8944 | 2428 4c89 
  0x00000269e8082250: 8c24 e000 | 0000 b904 | 0000 0049 | 8bea 41b8 | 0100 0000 | 4533 c933 | f64c 8b94 | 24e0 0000 
  0x00000269e8082270: 004c 8954 | 2478 4c8b | 9424 d800 | 0000 4c89 | 9424 9800 | 0000 6690 

  0x00000269e8082288: ;   {optimized virtual_call}
  0x00000269e8082288: c5f8 77e8 

  0x00000269e808228c: ; ImmutableOopMap {rbp=Oop [40]=NarrowOop [48]=Oop [56]=Oop [80]=Oop [88]=Oop [96]=Oop [104]=Oop [112]=Oop [120]=Oop [136]=Oop [152]=Oop [216]=Oop [224]=Oop }
                      ;*invokevirtual regionMatches {reexecute=0 rethrow=0 return_oop=0}
                      ; - java.lang.String::equalsIgnoreCase@33 (line 1993)
                      ; - java.net.URLClassLoader::isSealed@68 (line 611)
                      ; - java.net.URLClassLoader::getAndVerifyPackage@68 (line 469)
                      ; - java.net.URLClassLoader::defineClass@46 (line 492)
                      ; - java.net.URLClassLoader$1::run@43 (line 427)
                      ; - java.net.URLClassLoader$1::run@1 (line 421)
                      ; - java.security.AccessController::executePrivileged@29 (line 809)
                      ; - java.security.AccessController::doPrivileged@13 (line 714)
                      ; - java.net.URLClassLoader::findClass@13 (line 420)
                      ; - java.lang.ClassLoader::loadClass@69 (line 593)
  0x00000269e808228c: f0c7 83ff 

  0x00000269e8082290: ;   {other}
  0x00000269e8082290: 0f1f 8400 | 0035 0023 | 0f1f 8400 | 0000 0000 | 85c0 0f85 | f255 0000 | 4c8b 4c24 | 7844 8b5c 
  0x00000269e80822b0: 2428 4489 | 9c24 b000 | 0000 e99d | dfff ff48 | 8944 2458 | e911 d5ff | ff41 b92f | 0000 00e9 
  0x00000269e80822d0: 1fee ffff | 498b d24c | 8b84 24d8 | 0000 0048 | 8b6c 2440 | 6690 c5f8 | 7748 b8ff | ffff ffff 
  0x00000269e80822f0: ;   {virtual_call}
  0x00000269e80822f0: ffff ffe8 

  0x00000269e80822f4: ; ImmutableOopMap {[80]=Oop [88]=Oop }
                      ;*invokevirtual findClass {reexecute=0 rethrow=0 return_oop=1}
                      ; - java.lang.ClassLoader::loadClass@69 (line 593)
  0x00000269e80822f4: 4874 91ff 

  0x00000269e80822f8: ;   {other}
  0x00000269e80822f8: 0f1f 8400 | 6835 0024 | 4889 4424 | 20e9 28e1 | ffff 85d2 | 0f85 371c | 0000 410f | be5b 1085 
  0x00000269e8082318: db0f 8569 | 5d00 0044 | 8954 2478 | 4c89 7424 | 704c 8b94 | 2490 0000 | 004c 8954 | 2468 4c89 
  0x00000269e8082338: 5c24 3848 | 8974 2430 | 448b 9424 | b000 0000 | 4489 5424 | 284c 898c | 24e0 0000 | 0048 8bd1 
  0x00000269e8082358: 498b e844 | 8944 247c | 4c8b 9424 | d800 0000 | 4c89 9424 | a000 0000 | 4c89 8c24 | a800 0000 
  0x00000269e8082378: 4c89 8c24 | b800 0000 

  0x00000269e8082380: ;   {static_call}
  0x00000269e8082380: c5f8 77e8 

  0x00000269e8082384: ; ImmutableOopMap {rbp=Oop [40]=NarrowOop [48]=Oop [56]=Oop [80]=Oop [88]=Oop [96]=Oop [104]=Oop [112]=Oop [120]=NarrowOop [124]=NarrowOop [136]=Oop [160]=Oop [168]=Oop [184]=Oop [216]=Oop [224]=Oop }
                      ;*invokestatic hashCode {reexecute=0 rethrow=0 return_oop=0}
                      ; - java.lang.String::hashCode@27 (line 2369)
                      ; - java.util.concurrent.ConcurrentHashMap::get@1 (line 936)
                      ; - java.lang.ClassLoader::definePackage@47 (line 2125)
                      ; - java.lang.ClassLoader::getDefinedPackage@32 (line 2267)
                      ; - java.net.URLClassLoader::getAndVerifyPackage@2 (line 457)
                      ; - java.net.URLClassLoader::defineClass@46 (line 492)
                      ; - java.net.URLClassLoader$1::run@43 (line 427)
                      ; - java.net.URLClassLoader$1::run@1 (line 421)
                      ; - java.security.AccessController::executePrivileged@29 (line 809)
                      ; - java.security.AccessController::doPrivileged@13 (line 714)
                      ; - java.net.URLClassLoader::findClass@13 (line 420)
                      ; - java.lang.ClassLoader::loadClass@69 (line 593)
  0x00000269e8082384: f8cc 83ff 

  0x00000269e8082388: ;   {other}
  0x00000269e8082388: 0f1f 8400 | f835 0025 | 85c0 0f84 | ad21 0000 | 4c8b 5c24 | 3841 8943 | 0c4c 8b8c | 24a8 0000 
  0x00000269e80823a8: 0044 8b44 | 2428 4489 | 8424 b000 | 0000 488b | 4c24 304c | 8b54 2468 | 4c89 9424 | 9000 0000 
  0x00000269e80823c8: 4c8b 7424 | 7044 8b54 | 2478 448b | 4424 7c48 | 8bf1 e9ff | e4ff ff0f | b658 1185 | db0f 8565 
  0x00000269e80823e8: 1b00 000f | be50 1085 | d20f 853d | 5d00 0044 | 8984 24a4 | 0000 0048 | 8984 2498 | 0000 004c 
  0x00000269e8082408: 8954 2478 | 4c89 7424 | 704c 8b94 | 2490 0000 | 004c 8954 | 2468 4c89 | 5c24 3844 | 8b94 24b0 
  0x00000269e8082428: 0000 0044 | 8954 2428 | 4c89 8c24 | e000 0000 | 448b 5814 | 488b ee89 | b424 a000 | 0000 498b 
  0x00000269e8082448: d34c 8b94 | 24d8 0000 | 004c 8994 | 24b0 0000 | 004c 898c | 24b8 0000 | 0066 6690 

  0x00000269e8082464: ;   {static_call}
  0x00000269e8082464: c5f8 77e8 

  0x00000269e8082468: ; ImmutableOopMap {rbp=Oop [40]=NarrowOop [48]=Oop [56]=Oop [80]=Oop [88]=Oop [96]=Oop [104]=Oop [112]=Oop [120]=Oop [136]=Oop [152]=Oop [160]=NarrowOop [176]=Oop [184]=Oop [216]=Oop [224]=Oop }
                      ;*invokestatic hashCode {reexecute=0 rethrow=0 return_oop=0}
                      ; - java.lang.String::hashCode@27 (line 2369)
                      ; - java.util.HashMap::hash@9 (line 338)
                      ; - java.util.HashMap::getNode@23 (line 576)
                      ; - java.util.HashMap::get@2 (line 564)
                      ; - java.util.jar.Manifest::getAttributes@5 (line 160)
                      ; - java.util.jar.Manifest::getTrustedAttributes@2 (line 177)
                      ; - java.util.jar.JavaUtilJarAccessImpl::getTrustedAttributes@2 (line 38)
                      ; - java.net.URLClassLoader::isSealed@18 (line 601)
                      ; - java.net.URLClassLoader::getAndVerifyPackage@68 (line 469)
                      ; - java.net.URLClassLoader::defineClass@46 (line 492)
                      ; - java.net.URLClassLoader$1::run@43 (line 427)
                      ; - java.net.URLClassLoader$1::run@1 (line 421)
                      ; - java.security.AccessController::executePrivileged@29 (line 809)
                      ; - java.security.AccessController::doPrivileged@13 (line 714)
                      ; - java.net.URLClassLoader::findClass@13 (line 420)
                      ; - java.lang.ClassLoader::loadClass@69 (line 593)
  0x00000269e8082468: 5496 dbff 

  0x00000269e808246c: ;   {other}
  0x00000269e808246c: 0f1f 8400 | dc36 0026 | 85c0 0f84 | 1321 0000 | 488b 8c24 | 9800 0000 | 8941 0c8b | d8c1 eb10 
  0x00000269e808248c: 33d8 448b | 8424 a400 | 0000 4423 | c34c 8b8c | 24b8 0000 | 0044 8b5c | 2428 4489 | 9c24 b000 
  0x00000269e80824ac: 0000 4c8b | 5c24 384c | 8b54 2468 | 4c89 9424 | 9000 0000 | 4c8b 7424 | 704c 8b54 | 2478 8bb4 
  0x00000269e80824cc: 24a0 0000 | 00e9 0ef9 | ffff 4c89 | 4424 384c | 8b94 2490 | 0000 004c | 8954 2478 | 4889 7424 
  0x00000269e80824ec: 3044 8b94 | 24b0 0000 | 0044 8994 | 2490 0000 | 0049 8bd0 | 4c8b 9424 | e000 0000 | 4c89 5424 
  0x00000269e808250c: 684c 8b94 | 24d8 0000 | 004c 8994 | 24a0 0000 | 0048 8b6c | 2468 6690 

  0x00000269e8082524: ;   {optimized virtual_call}
  0x00000269e8082524: c5f8 77e8 

  0x00000269e8082528: ; ImmutableOopMap {rbp=Oop [48]=Oop [56]=Oop [80]=Oop [88]=Oop [96]=Oop [104]=Oop [120]=Oop [136]=Oop [144]=NarrowOop [160]=Oop [216]=Oop [224]=Oop [248]=Oop }
                      ;*invokevirtual getManEntry {reexecute=0 rethrow=0 return_oop=1}
                      ; - java.util.jar.JarFile::getManifestFromReference@27 (line 413)
                      ; - java.util.jar.JarFile::getManifest@1 (line 405)
                      ; - jdk.internal.loader.URLClassPath$JarLoader$2::getManifest@22 (line 853)
                      ; - java.net.URLClassLoader::defineClass@34 (line 491)
                      ; - java.net.URLClassLoader$1::run@43 (line 427)
                      ; - java.net.URLClassLoader$1::run@1 (line 421)
                      ; - java.security.AccessController::executePrivileged@29 (line 809)
                      ; - java.security.AccessController::doPrivileged@13 (line 714)
                      ; - java.net.URLClassLoader::findClass@13 (line 420)
                      ; - java.lang.ClassLoader::loadClass@69 (line 593)
  0x00000269e8082528: d47e cdf7 

  0x00000269e808252c: ;   {other}
  0x00000269e808252c: 0f1f 8400 | 9c37 0027 | 4885 c00f | 84e9 1800 | 004c 8b44 | 2438 450f | b658 1245 | 85db 0f85 
  0x00000269e808254c: f502 0000 | 498b e849 | 8bd0 4c8b | c04c 8b54 | 2468 4c89 | 5424 384c | 8b94 24a0 | 0000 004c 
  0x00000269e808256c: 8954 2470 

  0x00000269e8082570: ;   {optimized virtual_call}
  0x00000269e8082570: c5f8 77e8 

  0x00000269e8082574: ; ImmutableOopMap {rbp=Oop [48]=Oop [56]=Oop [80]=Oop [88]=Oop [96]=Oop [112]=Oop [120]=Oop [136]=Oop [144]=NarrowOop [160]=Oop [216]=Oop [224]=Oop [248]=Oop }
                      ;*invokespecial getInputStream {reexecute=0 rethrow=0 return_oop=1}
                      ; - java.util.jar.JarFile::getManifestFromReference@130 (line 431)
                      ; - java.util.jar.JarFile::getManifest@1 (line 405)
                      ; - jdk.internal.loader.URLClassPath$JarLoader$2::getManifest@22 (line 853)
                      ; - java.net.URLClassLoader::defineClass@34 (line 491)
                      ; - java.net.URLClassLoader$1::run@43 (line 427)
                      ; - java.net.URLClassLoader$1::run@1 (line 421)
                      ; - java.security.AccessController::executePrivileged@29 (line 809)
                      ; - java.security.AccessController::doPrivileged@13 (line 714)
                      ; - java.net.URLClassLoader::findClass@13 (line 420)
                      ; - java.lang.ClassLoader::loadClass@69 (line 593)
  0x00000269e8082574: c867 f5f7 

  0x00000269e8082578: ;   {other}
  0x00000269e8082578: 0f1f 8400 | e837 0028 | 4889 4424 | 3849 8b87 | b801 0000 | 4c8b d049 | 83c2 1866 | 0f1f 8400 
  0x00000269e8082598: 0000 0000 | 6666 6690 | 4d3b 97c8 | 0100 000f | 8338 3200 | 004d 8997 | b801 0000 | 410f 0d8a 
  0x00000269e80825b8: c000 0000 | 48c7 0001 

  0x00000269e80825c0: ;   {metadata('java/util/jar/Manifest')}
  0x00000269e80825c0: 0000 00c7 | 4008 b8fa | 0400 4489 | 600c 4c89 | 6010 4c8b | d84c 8bc5 | 458b 4814 | 498b afb8 
  0x00000269e80825e0: 0100 004c | 8bd5 4983 | c210 4d3b | 97c8 0100 | 000f 832e | 3200 004d | 8997 b801 | 0000 410f 
  0x00000269e8082600: 0d8a c000 | 0000 48c7 | 4500 0100 

  0x00000269e808260c: ;   {metadata('java/util/jar/Attributes')}
  0x00000269e808260c: 0000 c745 | 0888 d216 | 0044 8965 | 0c4c 8984 | 2498 0000 | 004c 895c | 2468 4489 | 4c24 28ba 
  0x00000269e808262c: 1000 0000 | 4c8b 9424 | e000 0000 | 4c89 5424 | 704c 8b94 | 24d8 0000 | 004c 8994 | 24a8 0000 
  0x00000269e808264c: 0066 6690 

  0x00000269e8082650: ;   {static_call}
  0x00000269e8082650: c5f8 77e8 

  0x00000269e8082654: ; ImmutableOopMap {rbp=Oop [40]=NarrowOop [48]=Oop [56]=Oop [80]=Oop [88]=Oop [96]=Oop [104]=Oop [112]=Oop [120]=Oop [136]=Oop [144]=NarrowOop [152]=Oop [168]=Oop [216]=Oop [224]=Oop [248]=Oop }
                      ;*invokestatic newLinkedHashMap {reexecute=0 rethrow=0 return_oop=1}
                      ; - java.util.jar.Attributes::<init>@6 (line 83)
                      ; - java.util.jar.Attributes::<init>@3 (line 73)
                      ; - java.util.jar.Manifest::<init>@9 (line 55)
                      ; - java.util.jar.Manifest::<init>@4 (line 88)
                      ; - java.util.jar.JarFile::getManifestFromReference@143 (line 432)
                      ; - java.util.jar.JarFile::getManifest@1 (line 405)
                      ; - jdk.internal.loader.URLClassPath$JarLoader$2::getManifest@22 (line 853)
                      ; - java.net.URLClassLoader::defineClass@34 (line 491)
                      ; - java.net.URLClassLoader$1::run@43 (line 427)
                      ; - java.net.URLClassLoader$1::run@1 (line 421)
                      ; - java.security.AccessController::executePrivileged@29 (line 809)
                      ; - java.security.AccessController::doPrivileged@13 (line 714)
                      ; - java.net.URLClassLoader::findClass@13 (line 420)
                      ; - java.lang.ClassLoader::loadClass@69 (line 593)
  0x00000269e8082654: c82c d0f7 

  0x00000269e8082658: ;   {other}
  0x00000269e8082658: 0f1f 8400 | c838 0029 | 488b f841 | 807f 4000 | 0f85 ed2a | 0000 4c8b | df4d 8bd3 | 4489 550c 
  0x00000269e8082678: 4d8b d34c | 8bdd 4d33 | d348 8bdd | 49c1 ea14 | 448b 4c24 | 284d 8bc1 | 4c89 4424 | 704d 85d2 
  0x00000269e8082698: 741f 4885 | ff74 1a49 | c1eb 0948 | b900 0074 | ef69 0200 | 0049 03cb | 8039 020f | 85f7 2b00 
  0x00000269e80826b8: 000f 1f80 | 0000 0000 | 4180 7f40 | 000f 85c4 | 2a00 004c | 8b44 2468 | 4189 580c | 4c8b d54d 
  0x00000269e80826d8: 8bd8 4d33 | d349 c1ea | 144d 85d2 | 7423 49c1 | eb09 48b9 | 0000 74ef | 6902 0000 | 4903 cb66 
  0x00000269e80826f8: 0f1f 8400 | 0000 0000 | 8039 020f | 85fc 2a00 | 0049 8b9f | b801 0000 | 4c8b d349 | 83c2 3066 
  0x00000269e8082718: 0f1f 8400 | 0000 0000 | 4d3b 97c8 | 0100 000f | 8347 3100 | 004d 8997 | b801 0000 | 410f 0d8a 
  0x00000269e8082738: c000 0000 | 48c7 0301 

  0x00000269e8082740: ;   {metadata('java/util/HashMap')}
  0x00000269e8082740: 0000 00c7 | 4308 80c2 | 0800 4489 | 630c 4c89 | 6310 4c89 | 6318 4c89 | 6328 48c7 | 4320 0000 
  0x00000269e8082760: 403f 4180 | 7f40 000f | 85a6 2900 | 004d 8bd0 | 4c8b cb45 | 8948 104c | 8bdb 4d33 | da49 c1eb 
  0x00000269e8082780: 144d 85db | 7423 49c1 | ea09 48b9 | 0000 74ef | 6902 0000 | 4903 ca66 | 0f1f 8400 | 0000 0000 
  0x00000269e80827a0: 8039 020f | 85b0 2a00 | 0049 8be8 | 498b d04c | 8b44 2438 | 4c8b 4c24 | 704c 8b94 | 24e0 0000 
  0x00000269e80827c0: 004c 8954 | 2468 4c8b | 9424 a800 | 0000 4c89 | 9424 a000 | 0000 6690 

  0x00000269e80827d8: ;   {optimized virtual_call}
  0x00000269e80827d8: c5f8 77e8 

  0x00000269e80827dc: ; ImmutableOopMap {rbp=Oop [48]=Oop [56]=Oop [80]=Oop [88]=Oop [96]=Oop [104]=Oop [120]=Oop [136]=Oop [144]=NarrowOop [152]=Oop [160]=Oop [216]=Oop [224]=Oop [248]=Oop }
                      ;*invokevirtual read {reexecute=0 rethrow=0 return_oop=0}
                      ; - java.util.jar.Manifest::<init>@29 (line 101)
                      ; - java.util.jar.Manifest::<init>@4 (line 88)
                      ; - java.util.jar.JarFile::getManifestFromReference@143 (line 432)
                      ; - java.util.jar.JarFile::getManifest@1 (line 405)
                      ; - jdk.internal.loader.URLClassPath$JarLoader$2::getManifest@22 (line 853)
                      ; - java.net.URLClassLoader::defineClass@34 (line 491)
                      ; - java.net.URLClassLoader$1::run@43 (line 427)
                      ; - java.net.URLClassLoader$1::run@1 (line 421)
                      ; - java.security.AccessController::executePrivileged@29 (line 809)
                      ; - java.security.AccessController::doPrivileged@13 (line 714)
                      ; - java.net.URLClassLoader::findClass@13 (line 420)
                      ; - java.lang.ClassLoader::loadClass@69 (line 593)
  0x00000269e80827dc: a0bf daf7 

  0x00000269e80827e0: ;   {other}
  0x00000269e80827e0: 0f1f 8400 | 503a 002a | 4180 7f40 | 000f 85dc | 2900 004c | 8bd5 4589 | 6214 4c8b | 4424 3890 
  0x00000269e8082800: ; implicit exception: dispatches to 0x00000269e8089b60
  0x00000269e8082800: 458b 4808 

  0x00000269e8082804: ;   {metadata('java/util/zip/ZipFile$ZipFileInflaterInputStream')}
  0x00000269e8082804: 4181 f9a8 | bd31 000f | 85fa 5c00 | 0049 8bea | 498b d04c | 8b54 2468 | 4c89 5424 | 384c 8b94 
  0x00000269e8082824: 24a0 0000 | 004c 8954 | 2470 6690 

  0x00000269e8082830: ;   {optimized virtual_call}
  0x00000269e8082830: c5f8 77e8 

  0x00000269e8082834: ; ImmutableOopMap {rbp=Oop [48]=Oop [56]=Oop [80]=Oop [88]=Oop [96]=Oop [112]=Oop [120]=Oop [136]=Oop [144]=NarrowOop [152]=Oop [216]=Oop [224]=Oop [248]=Oop }
                      ;*invokevirtual close {reexecute=0 rethrow=0 return_oop=0}
                      ; - java.util.jar.JarFile::getManifestFromReference@152 (line 433)
                      ; - java.util.jar.JarFile::getManifest@1 (line 405)
                      ; - jdk.internal.loader.URLClassPath$JarLoader$2::getManifest@22 (line 853)
                      ; - java.net.URLClassLoader::defineClass@34 (line 491)
                      ; - java.net.URLClassLoader$1::run@43 (line 427)
                      ; - java.net.URLClassLoader$1::run@1 (line 421)
                      ; - java.security.AccessController::executePrivileged@29 (line 809)
                      ; - java.security.AccessController::doPrivileged@13 (line 714)
                      ; - java.net.URLClassLoader::findClass@13 (line 420)
                      ; - java.lang.ClassLoader::loadClass@69 (line 593)
  0x00000269e8082834: 288e f5ff 

  0x00000269e8082838: ;   {other}
  0x00000269e8082838: 0f1f 8400 | a83a 002b | e93d 0d00 | 0048 8944 | 2438 498b | e849 8bd0 | 4c8b c04c | 8b94 24a0 
  0x00000269e8082858: 0000 004c | 8994 2498 | 0000 0090 

  0x00000269e8082864: ;   {optimized virtual_call}
  0x00000269e8082864: c5f8 77e8 

  0x00000269e8082868: ; ImmutableOopMap {rbp=Oop [48]=Oop [56]=Oop [80]=Oop [88]=Oop [96]=Oop [104]=Oop [120]=Oop [136]=Oop [144]=NarrowOop [152]=Oop [216]=Oop [224]=Oop [248]=Oop }
                      ;*invokevirtual getBytes {reexecute=0 rethrow=0 return_oop=1}
                      ; - java.util.jar.JarFile::getManifestFromReference@44 (line 418)
                      ; - java.util.jar.JarFile::getManifest@1 (line 405)
                      ; - jdk.internal.loader.URLClassPath$JarLoader$2::getManifest@22 (line 853)
                      ; - java.net.URLClassLoader::defineClass@34 (line 491)
                      ; - java.net.URLClassLoader$1::run@43 (line 427)
                      ; - java.net.URLClassLoader$1::run@1 (line 421)
                      ; - java.security.AccessController::executePrivileged@29 (line 809)
                      ; - java.security.AccessController::doPrivileged@13 (line 714)
                      ; - java.net.URLClassLoader::findClass@13 (line 420)
                      ; - java.lang.ClassLoader::loadClass@69 (line 593)
  0x00000269e8082868: 14c2 83ff 

  0x00000269e808286c: ;   {other}
  0x00000269e808286c: 0f1f 8400 | dc3a 002c | 4889 8424 | a000 0000 | 4c8b c541 | 0fb6 6811 | 85ed 0f85 | 1c5d 0000 
  0x00000269e808288c: 4c89 8424 | a800 0000 | 498b d048 | 8b6c 2468 | 4c8b 9424 | 9800 0000 | 4c89 5424 | 7066 6690 
  0x00000269e80828ac: ;   {optimized virtual_call}
  0x00000269e80828ac: c5f8 77e8 

  0x00000269e80828b0: ; ImmutableOopMap {rbp=Oop [48]=Oop [56]=Oop [80]=Oop [88]=Oop [96]=Oop [112]=Oop [120]=Oop [136]=Oop [144]=NarrowOop [160]=Oop [168]=Oop [216]=Oop [224]=Oop [248]=Oop }
                      ;*invokevirtual getManifestNum {reexecute=0 rethrow=0 return_oop=0}
                      ; - java.util.zip.ZipFile$1::getManifestNum@1 (line 1125)
                      ; - java.util.jar.JarFile::getManifestFromReference@59 (line 420)
                      ; - java.util.jar.JarFile::getManifest@1 (line 405)
                      ; - jdk.internal.loader.URLClassPath$JarLoader$2::getManifest@22 (line 853)
                      ; - java.net.URLClassLoader::defineClass@34 (line 491)
                      ; - java.net.URLClassLoader$1::run@43 (line 427)
                      ; - java.net.URLClassLoader$1::run@1 (line 421)
                      ; - java.security.AccessController::executePrivileged@29 (line 809)
                      ; - java.security.AccessController::doPrivileged@13 (line 714)
                      ; - java.net.URLClassLoader::findClass@13 (line 420)
                      ; - java.lang.ClassLoader::loadClass@69 (line 593)
  0x00000269e80828b0: ccc1 83ff 

  0x00000269e80828b4: ;   {other}
  0x00000269e80828b4: 0f1f 8400 | 243b 002d | 0f1f 4000 | 83f8 010f | 855f 5d00 | 004d 8b87 | b801 0000 | 4d8b d049 
  0x00000269e80828d4: 83c2 4066 | 0f1f 8400 | 0000 0000 | 4d3b 97c8 | 0100 000f | 8340 2c00 | 004d 8997 | b801 0000 
  0x00000269e80828f4: 410f 0d8a | c000 0000 | 49c7 0001 

  0x00000269e8082900: ;   {metadata('java/util/jar/JarVerifier')}
  0x00000269e8082900: 0000 0041 | c740 0828 | 1c17 0045 | 8960 0c4d | 8960 104d | 8960 184d | 8960 204d | 8960 284d 
  0x00000269e8082920: 8960 304d | 8960 384c | 8b54 2438 | 458b 4a08 

  0x00000269e8082930: ;   {metadata('java/util/jar/JarFile$JarFileEntry')}
  0x00000269e8082930: 4181 f920 | 4c31 000f | 854f 5500 | 0041 c640 | 0e01 458b | 5260 4589 | 5030 41c6 | 400d 0149 
  0x00000269e8082950: 8bd8 4d8b | da4d 33d8 | 4c8b 8c24 | a000 0000 | 498b c989 | 4c24 2849 | c1eb 144d | 85db 741f 
  0x00000269e8082970: 4585 d274 | 1a49 c1e8 | 0948 b900 | 0074 ef69 | 0200 0049 | 03c8 8039 | 020f 8559 | 2500 0041 
  0x00000269e8082990: 807f 4000 | 0f85 ef1c | 0000 4c8b | d344 8b44 | 2428 4589 | 422c 4c89 | 9424 b000 | 0000 4c8b 
  0x00000269e80829b0: 9424 a000 | 0000 4c8b | 9c24 b000 | 0000 4d33 | d349 c1ea | 144d 85d2 | 7435 4c8b | 9424 a000 
  0x00000269e80829d0: 0000 4d85 | d274 2049 | 8bda 49c1 | eb09 48b9 | 0000 74ef | 6902 0000 | 4903 cb80 | 3902 0f85 
  0x00000269e80829f0: 4525 0000 | 4c8b d34c | 8994 24a0 | 0000 0049 | 8baf b801 | 0000 4c8b | d549 83c2 | 304d 3b97 
  0x00000269e8082a10: c801 0000 | 0f83 362b | 0000 4d89 | 97b8 0100 | 0041 0f0d | 8ac0 0000 | 0048 c745 

  0x00000269e8082a2c: ;   {no_reloc}
  0x00000269e8082a2c: 0001 0000 

  0x00000269e8082a30: ;   {metadata('java/util/Hashtable')}
  0x00000269e8082a30: 00c7 4508 | b8d3 0000 | 4489 650c | 4c89 6510 | 4c89 6518 | 4c89 6520 | 4c89 6528 

  0x00000269e8082a4c: ;   {section_word}
  0x00000269e8082a4c: c5fa 1005 | 8ccc ffff | 4c8b 9424 | e000 0000 | 4c89 5424 | 3866 6690 

  0x00000269e8082a64: ;   {static_call}
  0x00000269e8082a64: c5f8 77e8 

  0x00000269e8082a68: ; ImmutableOopMap {rbp=Oop [40]=NarrowOop [48]=Oop [56]=Oop [80]=Oop [88]=Oop [96]=Oop [112]=Oop [120]=Oop [136]=Oop [144]=NarrowOop [160]=Oop [168]=Oop [176]=Oop [216]=Oop [224]=Oop [248]=Oop }
                      ;*invokestatic isNaN {reexecute=0 rethrow=0 return_oop=0}
                      ; - java.util.Hashtable::<init>@47 (line 190)
                      ; - java.util.Hashtable::<init>@5 (line 217)
                      ; - java.util.jar.JarVerifier::<init>@39 (line 105)
                      ; - java.util.jar.JarFile::getManifestFromReference@78 (line 421)
                      ; - java.util.jar.JarFile::getManifest@1 (line 405)
                      ; - jdk.internal.loader.URLClassPath$JarLoader$2::getManifest@22 (line 853)
                      ; - java.net.URLClassLoader::defineClass@34 (line 491)
                      ; - java.net.URLClassLoader$1::run@43 (line 427)
                      ; - java.net.URLClassLoader$1::run@1 (line 421)
                      ; - java.security.AccessController::executePrivileged@29 (line 809)
                      ; - java.security.AccessController::doPrivileged@13 (line 714)
                      ; - java.net.URLClassLoader::findClass@13 (line 420)
                      ; - java.lang.ClassLoader::loadClass@69 (line 593)
  0x00000269e8082a68: 14c6 83ff 

  0x00000269e8082a6c: ;   {other}
  0x00000269e8082a6c: 0f1f 8400 | dc3c 002e | 85c0 0f85 | a454 0000 | c745 1400 | 0040 3f4d | 8b97 b801 | 0000 4d8b 
  0x00000269e8082a8c: da49 83c3 | 404d 3b9f | c801 0000 | 0f83 072b | 0000 4d89 | 9fb8 0100 | 0041 0f0d | 8bc0 0000 
  0x00000269e8082aac: 0049 c702 | 0100 0000 | 410f 0d8b | 0001 0000 

  0x00000269e8082abc: ;   {metadata('java/util/Hashtable$Entry'[])}
  0x00000269e8082abc: 41c7 4208 | 2899 1300 | 410f 0d8b | 4001 0000 | 41c7 420c | 0b00 0000 | 410f 0d8b | 8001 0000 
  0x00000269e8082adc: 4d89 6210 | 4d89 6218 | 4d89 6220 | 4d89 6228 | 4d89 6230 | 4d89 6238 | 498b da66 | 0f1f 8400 
  0x00000269e8082afc: 0000 0000 | 4180 7f40 | 000f 85fa | 1b00 004c | 8bd5 4c8b | db4d 33da | 4c8b c344 | 8945 1c49 
  0x00000269e8082b1c: c1eb 1448 | 8bfd 4d85 | db74 2249 | c1ea 0948 | b900 0074 | ef69 0200 | 0049 03ca | 0f1f 8400 
  0x00000269e8082b3c: 0000 0000 | 8039 020f | 856e 1f00 | 0041 807f | 4000 0f85 | 711b 0000 | 4c8b 9424 | b000 0000 
  0x00000269e8082b5c: 4189 7a14 | c745 1008 | 0000 004c | 8bdd 4d33 | da49 c1eb | 144d 85db | 741a 49c1 | ea09 48b9 
  0x00000269e8082b7c: 0000 74ef | 6902 0000 | 4903 ca80 | 3902 0f85 | d51e 0000 | 498b afb8 | 0100 004c | 8bd5 4983 
  0x00000269e8082b9c: c230 6690 | 4d3b 97c8 | 0100 000f | 83cf 2900 | 004d 8997 | b801 0000 | 410f 0d8a 

  0x00000269e8082bb8: ;   {no_reloc}
  0x00000269e8082bb8: c000 0000 | 48c7 4500 | 0100 0000 

  0x00000269e8082bc4: ;   {metadata('java/util/Hashtable')}
  0x00000269e8082bc4: c745 08b8 | d300 0044 | 8965 0c4c | 8965 104c | 8965 184c | 8965 204c 

  0x00000269e8082bdc: ;   {section_word}
  0x00000269e8082bdc: 8965 28c5 | fa10 05f9 | caff ff4c | 8b94 24e0 | 0000 004c | 8954 2438 

  0x00000269e8082bf4: ;   {static_call}
  0x00000269e8082bf4: c5f8 77e8 

  0x00000269e8082bf8: ; ImmutableOopMap {rbp=Oop [40]=NarrowOop [48]=Oop [56]=Oop [80]=Oop [88]=Oop [96]=Oop [112]=Oop [120]=Oop [136]=Oop [144]=NarrowOop [160]=Oop [168]=Oop [176]=Oop [216]=Oop [224]=Oop [248]=Oop }
                      ;*invokestatic isNaN {reexecute=0 rethrow=0 return_oop=0}
                      ; - java.util.Hashtable::<init>@47 (line 190)
                      ; - java.util.Hashtable::<init>@5 (line 217)
                      ; - java.util.jar.JarVerifier::<init>@50 (line 106)
                      ; - java.util.jar.JarFile::getManifestFromReference@78 (line 421)
                      ; - java.util.jar.JarFile::getManifest@1 (line 405)
                      ; - jdk.internal.loader.URLClassPath$JarLoader$2::getManifest@22 (line 853)
                      ; - java.net.URLClassLoader::defineClass@34 (line 491)
                      ; - java.net.URLClassLoader$1::run@43 (line 427)
                      ; - java.net.URLClassLoader$1::run@1 (line 421)
                      ; - java.security.AccessController::executePrivileged@29 (line 809)
                      ; - java.security.AccessController::doPrivileged@13 (line 714)
                      ; - java.net.URLClassLoader::findClass@13 (line 420)
                      ; - java.lang.ClassLoader::loadClass@69 (line 593)
  0x00000269e8082bf8: 84c4 83ff 

  0x00000269e8082bfc: ;   {other}
  0x00000269e8082bfc: 0f1f 8400 | 6c3e 002f | 85c0 0f85 | 8c53 0000 | c745 1400 | 0040 3f4d | 8b97 b801 | 0000 4d8b 
  0x00000269e8082c1c: da49 83c3 | 404d 3b9f | c801 0000 | 0f83 ca29 | 0000 4d89 | 9fb8 0100 | 0041 0f0d | 8bc0 0000 
  0x00000269e8082c3c: 0049 c702 | 0100 0000 | 410f 0d8b | 0001 0000 

  0x00000269e8082c4c: ;   {metadata('java/util/Hashtable$Entry'[])}
  0x00000269e8082c4c: 41c7 4208 | 2899 1300 | 410f 0d8b | 4001 0000 | 41c7 420c | 0b00 0000 | 410f 0d8b | 8001 0000 
  0x00000269e8082c6c: 4d89 6210 | 4d89 6218 | 4d89 6220 | 4d89 6228 | 4d89 6230 | 4d89 6238 | 498b da41 | 807f 4000 
  0x00000269e8082c8c: 0f85 ad1a | 0000 4c8b | d54c 8bdb | 4d33 da4c | 8bcb 4489 | 4d1c 49c1 | eb14 488b | dd4d 85db 
  0x00000269e8082cac: 741b 49c1 | ea09 48b9 | 0000 74ef | 6902 0000 | 4903 ca90 | 8039 020f | 8590 1e00 | 0041 807f 
  0x00000269e8082ccc: 4000 0f85 | 9e1a 0000 | 4c8b 9424 | b000 0000 | 4189 5a10 | c745 1008 | 0000 004c | 8bdd 4d33 
  0x00000269e8082cec: da49 c1eb | 144d 85db | 741a 49c1 | ea09 48b9 | 0000 74ef | 6902 0000 | 4903 ca80 | 3902 0f85 
  0x00000269e8082d0c: f81d 0000 | 498b afb8 | 0100 004c | 8bd5 4983 | c230 6690 | 4d3b 97c8 | 0100 000f | 83a3 2800 
  0x00000269e8082d2c: 004d 8997 | b801 0000 | 410f 0d8a | c000 0000 | 48c7 4500 | 0100 0000 

  0x00000269e8082d44: ;   {metadata('java/util/Hashtable')}
  0x00000269e8082d44: c745 08b8 | d300 0044 | 8965 0c4c | 8965 104c | 8965 184c | 8965 204c 

  0x00000269e8082d5c: ;   {section_word}
  0x00000269e8082d5c: 8965 28c5 | fa10 0579 | c9ff ff4c | 8b94 24e0 | 0000 004c | 8954 2438 

  0x00000269e8082d74: ;   {static_call}
  0x00000269e8082d74: c5f8 77e8 

  0x00000269e8082d78: ; ImmutableOopMap {rbp=Oop [40]=NarrowOop [48]=Oop [56]=Oop [80]=Oop [88]=Oop [96]=Oop [112]=Oop [120]=Oop [136]=Oop [144]=NarrowOop [160]=Oop [168]=Oop [176]=Oop [216]=Oop [224]=Oop [248]=Oop }
                      ;*invokestatic isNaN {reexecute=0 rethrow=0 return_oop=0}
                      ; - java.util.Hashtable::<init>@47 (line 190)
                      ; - java.util.Hashtable::<init>@4 (line 209)
                      ; - java.util.jar.JarVerifier::<init>@63 (line 107)
                      ; - java.util.jar.JarFile::getManifestFromReference@78 (line 421)
                      ; - java.util.jar.JarFile::getManifest@1 (line 405)
                      ; - jdk.internal.loader.URLClassPath$JarLoader$2::getManifest@22 (line 853)
                      ; - java.net.URLClassLoader::defineClass@34 (line 491)
                      ; - java.net.URLClassLoader$1::run@43 (line 427)
                      ; - java.net.URLClassLoader$1::run@1 (line 421)
                      ; - java.security.AccessController::executePrivileged@29 (line 809)
                      ; - java.security.AccessController::doPrivileged@13 (line 714)
                      ; - java.net.URLClassLoader::findClass@13 (line 420)
                      ; - java.lang.ClassLoader::loadClass@69 (line 593)
  0x00000269e8082d78: 04c3 83ff 

  0x00000269e8082d7c: ;   {other}
  0x00000269e8082d7c: 0f1f 8400 | ec3f 0030 | 85c0 0f85 | 8452 0000 | c745 1400 | 0040 3f4d | 8b97 b801 | 0000 4d8b 
  0x00000269e8082d9c: da49 83c3 | 404d 3b9f | c801 0000 | 0f83 7f29 | 0000 4d89 | 9fb8 0100 | 0041 0f0d | 8bc0 0000 
  0x00000269e8082dbc: 0049 c702 | 0100 0000 | 410f 0d8b | 0001 0000 

  0x00000269e8082dcc: ;   {metadata('java/util/Hashtable$Entry'[])}
  0x00000269e8082dcc: 41c7 4208 | 2899 1300 | 410f 0d8b | 4001 0000 | 41c7 420c | 0b00 0000 | 410f 0d8b | 8001 0000 
  0x00000269e8082dec: 4d89 6210 | 4d89 6218 | 4d89 6220 | 4d89 6228 | 4d89 6230 | 4d89 6238 | 498b da41 | 807f 4000 
  0x00000269e8082e0c: 0f85 1d1a | 0000 4c8b | d54c 8b9c | 24b0 0000 | 0044 899c | 2494 0000 | 0048 8bf5 | 4c8b db44 
  0x00000269e8082e2c: 895d 1c4c | 8bdb 4d33 | da49 c1eb | 144d 85db | 741a 49c1 | ea09 48b9 | 0000 74ef | 6902 0000 
  0x00000269e8082e4c: 4903 ca80 | 3902 0f85 | 921f 0000 | 0f1f 8400 | 0000 0000 | 4180 7f40 | 000f 85ba | 1a00 004c 
  0x00000269e8082e6c: 8b94 24b0 | 0000 0041 | 8972 18c7 | 4510 0800 | 0000 4c8b | dd4d 33da | 49c1 eb14 | 4d85 db74 
  0x00000269e8082e8c: 1c49 c1ea | 0948 b900 | 0074 ef69 | 0200 0049 | 03ca 6690 | 8039 020f | 85a7 1d00 | 004d 8b97 
  0x00000269e8082eac: b801 0000 | 4d8b da49 | 83c3 1866 | 0f1f 8400 | 0000 0000 | 4d3b 9fc8 | 0100 000f 

  0x00000269e8082ec8: ;   {no_reloc}
  0x00000269e8082ec8: 83af 2700 | 004d 899f | b801 0000 | 410f 0d8b | c000 0000 | 49c7 0201 

  0x00000269e8082ee0: ;   {metadata('java/util/ArrayList')}
  0x00000269e8082ee0: 0000 0041 | c742 08e8 | a20b 0045 | 8962 0c45 

  0x00000269e8082ef0: ;   {oop(a 'java/lang/Object'[0] {0x00000000c0899eb0})}
  0x00000269e8082ef0: 8962 1041 | c742 14b0 | 9e89 c049 | 8bda 6690 | 4180 7f40 | 000f 859a | 1900 004c | 8b94 24b0 
  0x00000269e8082f10: 0000 004c | 8bdb 4c8b | 8424 b000 | 0000 4589 | 581c 4c8b | db4d 33da | 49c1 eb14 | 4d85 db74 
  0x00000269e8082f30: 1a49 c1ea | 0948 b900 | 0074 ef69 | 0200 0049 | 03ca 8039 | 020f 85b4 | 1c00 004d | 8b97 b801 
  0x00000269e8082f50: 0000 4d8b | da49 83c3 | 180f 1f80 | 0000 0000 | 4d3b 9fc8 | 0100 000f | 83b8 2600 | 004d 899f 
  0x00000269e8082f70: b801 0000 | 410f 0d8b | c000 0000 | 49c7 0201 

  0x00000269e8082f80: ;   {metadata('java/io/ByteArrayOutputStream')}
  0x00000269e8082f80: 0000 0041 | c742 0820 | 1822 0045 | 8962 0c4d | 8962 1049 | 8bea 498b | 87b8 0100 | 004c 8bd0 
  0x00000269e8082fa0: 4983 c230 | 4d3b 97c8 | 0100 000f | 831f 2700 | 004d 8997 | b801 0000 | 410f 0d8a | c000 0000 
  0x00000269e8082fc0: 48c7 0001 | 0000 0041 | 0f0d 8a00 

  0x00000269e8082fcc: ;   {metadata({type array byte})}
  0x00000269e8082fcc: 0100 00c7 | 4008 1823 | 0000 410f | 0d8a 4001 | 0000 c740 | 0c20 0000 | 0041 0f0d | 8a80 0100 
  0x00000269e8082fec: 004c 8960 | 104c 8960 | 184c 8960 | 204c 8960 | 284c 8bd5 | 498b fa4c | 8bd0 4489 | 5510 4c8b 
  0x00000269e808300c: d04c 8bdd | 4d33 d349 | c1ea 144d | 85d2 741a | 49c1 eb09 | 48b9 0000 | 74ef 6902 | 0000 4903 
  0x00000269e808302c: cb80 3902 | 0f85 121d | 0000 6666 | 0f1f 8400 | 0000 0000 | 4180 7f40 | 000f 85a4 | 1700 004c 
  0x00000269e808304c: 8b94 24b0 | 0000 0041 | 897a 244c | 8bd5 4c8b | 9c24 b000 | 0000 4d33 | d349 c1ea | 144d 85d2 
  0x00000269e808306c: 741b 49c1 | eb09 48b9 | 0000 74ef | 6902 0000 | 4903 cb90 | 8039 020f | 856e 1c00 | 004d 8b97 
  0x00000269e808308c: b801 0000 | 4d8b da49 | 83c3 1866 | 0f1f 8400 | 0000 0000 | 4d3b 9fc8 | 0100 000f | 83f8 2500 
  0x00000269e80830ac: 004d 899f | b801 0000 | 410f 0d8b | c000 0000 | 49c7 0201 

  0x00000269e80830c0: ;   {metadata('java/util/ArrayList')}
  0x00000269e80830c0: 0000 0041 | c742 08e8 | a20b 0045 | 8962 0c45 

  0x00000269e80830d0: ;   {oop(a 'java/lang/Object'[0] {0x00000000c0899eb0})}
  0x00000269e80830d0: 8962 1041 | c742 14b0 | 9e89 c049 | 8bda 6690 | 4180 7f40 | 000f 85c4 | 1600 004c | 8b94 24b0 
  0x00000269e80830f0: 0000 004c | 8bdb 4c8b | 8424 b000 | 0000 4589 | 5834 4c8b | db4d 33da | 49c1 eb14 | 4d85 db74 
  0x00000269e8083110: 1a49 c1ea | 0948 b900 | 0074 ef69 | 0200 0049 | 03ca 8039 | 020f 856e | 1c00 004d | 8b97 b801 
  0x00000269e8083130: 0000 4d8b | da49 83c3 | 300f 1f80 | 0000 0000 | 4d3b 9fc8 | 0100 000f | 8303 2500 | 004d 899f 
  0x00000269e8083150: b801 0000 | 410f 0d8b | c000 0000 | 49c7 0201 

  0x00000269e8083160: ;   {metadata('java/util/HashMap')}
  0x00000269e8083160: 0000 0041 | c742 0880 | c208 0045 | 8962 0c4d | 8962 104d | 8962 184d | 8962 2849 | c742 2000 
  0x00000269e8083180: 0040 3f49 | 8bda 4180 | 7f40 000f | 8554 1700 | 004c 8b94 | 24b0 0000 | 004c 8bdb | 4c8b 8424 
  0x00000269e80831a0: b000 0000 | 4589 5838 | 4c8b db4d | 33da 49c1 | eb14 4d85 | db74 1a49 | c1ea 0948 | b900 0074 
  0x00000269e80831c0: ef69 0200 | 0049 03ca | 8039 020f | 85d4 1a00 | 0041 807f | 4000 0f85 | 8916 0000 | 4c8b 8424 
  0x00000269e80831e0: a800 0000 | 448b 9c24 | 9400 0000 | 4589 5830 | 4c8b 9424 | b000 0000 | 4d8b d84d | 33d3 49c1 
  0x00000269e8083200: ea14 4d85 | d274 2249 | c1eb 0948 | b900 0074 | ef69 0200 | 0049 03cb | 0f1f 8400 | 0000 0000 
  0x00000269e8083220: 8039 020f | 8581 1900 | 0049 8b87 | b801 0000 | 4c8b d049 | 83c2 1866 | 0f1f 8400 | 0000 0000 
  0x00000269e8083240: 4d3b 97c8 | 0100 000f | 830b 2500 | 004d 8997 | b801 0000 | 410f 0d8a | c000 0000 | 48c7 0001 
  0x00000269e8083260: ;   {no_reloc}
  0x00000269e8083260: 0000 00c7 | 4008 b8fa | 0400 4489 | 600c 4c89 | 6010 4c89 | 8424 9800 | 0000 4c8b | d04c 8994 
  0x00000269e8083280: 24a8 0000 | 004c 8b94 | 2498 0000 | 0045 8b52 | 3044 8994 | 24b0 0000 | 0049 8b87 | b801 0000 
  0x00000269e80832a0: 4c8b d049 | 83c2 2044 | 8b84 24b0 | 0000 004d | 8bd8 4c89 | 5c24 3866 | 0f1f 8400 | 0000 0000 
  0x00000269e80832c0: 4d3b 97c8 | 0100 000f | 8338 2400 | 004d 8997 | b801 0000 | 410f 0d8a | c000 0000 | 48c7 0001 
  0x00000269e80832e0: ;   {metadata('java/io/ByteArrayInputStream')}
  0x00000269e80832e0: 0000 00c7 | 4008 b83c | 0500 4489 | 600c 4c89 | 6010 4c89 | 6018 4c8b | d04c 8994 | 24b8 0000 
  0x00000269e8083300: 0044 8b5c | 2428 4589 | 5a18 4c8b | 9424 a000 | 0000 458b | 5a0c 4c8b | 9424 b800 | 0000 4589 
  0x00000269e8083320: 5a14 4c8b | 9424 9800 | 0000 458b | 5a14 4489 | 5c24 2849 | 8baf b801 | 0000 4c8b | d549 83c2 
  0x00000269e8083340: 104d 3b97 | c801 0000 | 0f83 3b24 | 0000 4d89 | 97b8 0100 | 0041 0f0d | 8ac0 0000 | 0048 c745 
  0x00000269e8083360: 0001 0000 

  0x00000269e8083364: ;   {metadata('java/util/jar/Attributes')}
  0x00000269e8083364: 00c7 4508 | 88d2 1600 | 4489 650c | ba10 0000 | 004c 8b94 | 24e0 0000 | 004c 8954 | 2468 4c8b 
  0x00000269e8083384: 9424 d800 | 0000 4c89 | 9424 a000 | 0000 6690 

  0x00000269e8083394: ;   {static_call}
  0x00000269e8083394: c5f8 77e8 

  0x00000269e8083398: ; ImmutableOopMap {rbp=Oop [40]=NarrowOop [48]=Oop [56]=Oop [80]=Oop [88]=Oop [96]=Oop [104]=Oop [120]=Oop [136]=Oop [144]=NarrowOop [152]=Oop [160]=Oop [168]=Oop [176]=NarrowOop [184]=Oop [216]=Oop [224]=Oop [248]=Oop }
                      ;*invokestatic newLinkedHashMap {reexecute=0 rethrow=0 return_oop=1}
                      ; - java.util.jar.Attributes::<init>@6 (line 83)
                      ; - java.util.jar.Attributes::<init>@3 (line 73)
                      ; - java.util.jar.Manifest::<init>@9 (line 55)
                      ; - java.util.jar.JarFile::getManifestFromReference@121 (line 429)
                      ; - java.util.jar.JarFile::getManifest@1 (line 405)
                      ; - jdk.internal.loader.URLClassPath$JarLoader$2::getManifest@22 (line 853)
                      ; - java.net.URLClassLoader::defineClass@34 (line 491)
                      ; - java.net.URLClassLoader$1::run@43 (line 427)
                      ; - java.net.URLClassLoader$1::run@1 (line 421)
                      ; - java.security.AccessController::executePrivileged@29 (line 809)
                      ; - java.security.AccessController::doPrivileged@13 (line 714)
                      ; - java.net.URLClassLoader::findClass@13 (line 420)
                      ; - java.lang.ClassLoader::loadClass@69 (line 593)
  0x00000269e8083398: e4bc 83ff 

  0x00000269e808339c: ;   {other}
  0x00000269e808339c: 0f1f 8400 | 0c46 0031 | 488b d841 | 807f 4000 | 0f85 b315 | 0000 4c8b | d344 8955 | 0c4c 8bd3 
  0x00000269e80833bc: 4c8b dd4d | 33d3 448b | 4c24 284d | 8bc1 4c89 | 4424 6849 | c1ea 1448 | 8bfd 4d85 | d274 240f 
  0x00000269e80833dc: 1f44 0000 | 4885 db74 | 1a49 c1eb | 0948 b900 | 0074 ef69 | 0200 0049 | 03cb 8039 | 020f 858b 
  0x00000269e80833fc: 1b00 0090 | 4180 7f40 | 000f 8594 | 1500 004c | 8b94 24a8 | 0000 0041 | 897a 0c4c | 8bd5 4c8b 
  0x00000269e808341c: 9c24 a800 | 0000 4d33 | d349 c1ea | 144d 85d2 | 741b 49c1 | eb09 48b9 | 0000 74ef | 6902 0000 
  0x00000269e808343c: 4903 cb90 | 8039 020f | 85fc 1900 | 004d 8b97 | b801 0000 | 4d8b da49 | 83c3 3066 | 0f1f 8400 
  0x00000269e808345c: 0000 0000 | 4d3b 9fc8 | 0100 000f | 8347 2300 | 004d 899f | b801 0000 | 410f 0d8b | c000 0000 
  0x00000269e808347c: 49c7 0201 

  0x00000269e8083480: ;   {metadata('java/util/HashMap')}
  0x00000269e8083480: 0000 0041 | c742 0880 | c208 0045 | 8962 0c4d | 8962 104d | 8962 184d | 8962 2849 | c742 2000 
  0x00000269e80834a0: 0040 3f41 | 807f 4000 | 0f85 3115 | 0000 498b | da4c 8b94 | 24a8 0000 | 004c 8bc3 | 4c8b 9c24 
  0x00000269e80834c0: a800 0000 | 4589 4310 | 4c8b db4d | 33da 49c1 | eb14 4d85 | db74 1a49 | c1ea 0948 | b900 0074 
  0x00000269e80834e0: ef69 0200 | 0049 03ca | 8039 020f | 85a6 1900 | 0048 8b94 | 24a8 0000 | 004c 8b84 | 24b8 0000 
  0x00000269e8083500: 004c 8b4c | 2468 488b | ac24 e000 | 0000 4c8b | 9424 a000 | 0000 4c89 | 5424 7090 

  0x00000269e808351c: ;   {optimized virtual_call}
  0x00000269e808351c: c5f8 77e8 

  0x00000269e8083520: ; ImmutableOopMap {rbp=Oop [48]=Oop [56]=Oop [80]=Oop [88]=Oop [96]=Oop [112]=Oop [120]=Oop [136]=Oop [144]=NarrowOop [152]=Oop [168]=Oop [176]=NarrowOop [216]=Oop [224]=Oop [248]=Oop }
                      ;*invokevirtual read {reexecute=0 rethrow=0 return_oop=0}
                      ; - java.util.jar.Manifest::<init>@29 (line 101)
                      ; - java.util.jar.JarFile::getManifestFromReference@121 (line 429)
                      ; - java.util.jar.JarFile::getManifest@1 (line 405)
                      ; - jdk.internal.loader.URLClassPath$JarLoader$2::getManifest@22 (line 853)
                      ; - java.net.URLClassLoader::defineClass@34 (line 491)
                      ; - java.net.URLClassLoader$1::run@43 (line 427)
                      ; - java.net.URLClassLoader$1::run@1 (line 421)
                      ; - java.security.AccessController::executePrivileged@29 (line 809)
                      ; - java.security.AccessController::doPrivileged@13 (line 714)
                      ; - java.net.URLClassLoader::findClass@13 (line 420)
                      ; - java.lang.ClassLoader::loadClass@69 (line 593)
  0x00000269e8083520: 5cb5 83ff 

  0x00000269e8083524: ;   {other}
  0x00000269e8083524: 0f1f 8400 | 9447 0032 | 4180 7f40 | 000f 85e8 | 1400 004c | 8b84 24a8 | 0000 0044 | 8b8c 24b0 
  0x00000269e8083544: 0000 0045 | 8948 144c | 8b54 2438 | 4d8b d84d | 33d3 49c1 | ea14 4d85 | d274 2090 | 4585 c974 
  0x00000269e8083564: 1a49 c1eb | 0948 b900 | 0074 ef69 | 0200 0049 | 03cb 8039 | 020f 8566 | 1a00 0049 | 8be8 4d8b 
  0x00000269e8083584: 87b8 0100 | 004d 8bd0 | 4983 c228 | 4d3b 97c8 | 0100 000f | 8348 1f00 | 004d 8997 | b801 0000 
  0x00000269e80835a4: 410f 0d8a | c000 0000 | 49c7 0001 

  0x00000269e80835b0: ;   {metadata('java/lang/ref/SoftReference')}
  0x00000269e80835b0: 0000 0041 | c740 0858 | dc03 0045 | 8960 0c4d | 8960 104d | 8960 184d | 8960 204c | 8bdd 4589 
  0x00000269e80835d0: 580c 4180 | 7f40 000f | 8537 0e00 

  0x00000269e80835dc: ;   {oop(a 'java/lang/ref/ReferenceQueue$Null'{0x00000000c0801bf0})}
  0x00000269e80835dc: 0041 c740 | 10f0 1b80 | c04d 8bd0 | 498b f849 

  0x00000269e80835ec: ;   {oop(a 'java/lang/ref/ReferenceQueue$Null'{0x00000000c0801bf0})}
  0x00000269e80835ec: 8bd8 49bb | f01b 80c0 | 0000 0000 | 4d33 da49 | c1eb 1490 | 4d85 db74 | 1a49 c1ea | 0948 b900 
  0x00000269e808360c: 0074 ef69 | 0200 0049 | 03ca 8039 | 020f 85ce | 0e00 00f0 | 8344 24c0 | 0041 807f | 4000 0f85 
  0x00000269e808362c: 250e 0000 | 4c8b 9c24 | 9800 0000 | 4189 7b28 

  0x00000269e808363c: ;   {oop(a 'java/lang/Class'{0x00000000c06fd0c0} = 'java/lang/ref/SoftReference')}
  0x00000269e808363c: 49ba c0d0 | 6fc0 0000 | 0000 4d8b | 5270 4c8b | c34d 8950 | 204d 8bd0 | 4d33 d349 | c1ea 140f 
  0x00000269e808365c: 1f44 0000 | 4d85 d274 | 2549 c1eb | 0949 b800 | 0074 ef69 | 0200 004d | 03c3 6666 | 0f1f 8400 
  0x00000269e808367c: 0000 0000 | 4180 3802 | 0f85 0e0e | 0000 448b | 9c24 9000 | 0000 4489 | 9c24 b000 | 0000 4c8b 
  0x00000269e808369c: 5c24 304c | 8b44 2478 | 4c89 8424 | 9000 0000 | 4c8b f549 | 8bf3 e9c3 | caff ff4c | 8b8c 24b8 
  0x00000269e80836bc: 0000 0044 | 8b54 2428 | 4489 9424 | b000 0000 | 4c8b 5c24 | 384c 8b54 | 2468 4c89 | 9424 9000 
  0x00000269e80836dc: 0000 4c8b | 7424 704c | 8b54 2478 | 488b 8c24 | 9800 0000 | 8b9c 24a0 | 0000 008b | b424 a400 
  0x00000269e80836fc: 0000 448b | 4618 4585 | c00f 8480 | e9ff ff8b 

  0x00000269e808370c: ;   {metadata('java/util/HashMap$TreeNode')}
  0x00000269e808370c: 5608 81fa | c817 1a00 | 0f84 1e4c | 0000 498b | e8eb 614c | 8b8c 24b8 | 0000 0044 | 8b54 2428 
  0x00000269e808372c: 4489 9424 | b000 0000 | 4c8b 5c24 | 384c 8b54 | 2468 4c89 | 9424 9000 | 0000 4c8b | 7424 704c 
  0x00000269e808374c: 8b54 2478 | 488b 8c24 | 9800 0000 | 8b9c 24a0 | 0000 0049 | 8b87 5004 | 0000 448b | 4518 488b 
  0x00000269e808376c: bc24 d800 

  0x00000269e8083770: ; ImmutableOopMap {r10=Oop r11=Oop r8=NarrowOop r9=Oop rcx=Oop rdi=Oop r14=Oop [48]=Oop [80]=Oop [88]=Oop [96]=Oop [136]=Oop [144]=Oop [176]=NarrowOop [216]=Oop }
                      ;*ifnonnull {reexecute=1 rethrow=0 return_oop=0}
                      ; - (reexecute) java.util.HashMap::getNode@145 (line 587)
                      ; - java.util.HashMap::get@2 (line 564)
                      ; - java.util.jar.Manifest::getAttributes@5 (line 160)
                      ; - java.util.jar.Manifest::getTrustedAttributes@2 (line 177)
                      ; - java.util.jar.JavaUtilJarAccessImpl::getTrustedAttributes@2 (line 38)
                      ; - java.net.URLClassLoader::isSealed@18 (line 601)
                      ; - java.net.URLClassLoader::getAndVerifyPackage@68 (line 469)
                      ; - java.net.URLClassLoader::defineClass@46 (line 492)
                      ; - java.net.URLClassLoader$1::run@43 (line 427)
                      ; - java.net.URLClassLoader$1::run@1 (line 421)
                      ; - java.security.AccessController::executePrivileged@29 (line 809)
                      ; - java.security.AccessController::doPrivileged@13 (line 714)
                      ; - java.net.URLClassLoader::findClass@13 (line 420)
                      ; - java.lang.ClassLoader::loadClass@69 (line 593)
                      ;   {poll}
  0x00000269e8083770: 0000 8500 | 4585 c00f | 840e e9ff | ff49 8be8 | 8b55 0c3b | d375 d88b | 5510 4c8b | c24c 3bc1 
  0x00000269e8083790: 0f84 2fe7 | ffff 899c | 24a0 0000 | 0048 898c | 2498 0000 | 004c 8954 | 2478 4c89 | 7424 704c 
  0x00000269e80837b0: 8b94 2490 | 0000 004c | 8954 2468 | 4c89 5c24 | 3844 8b94 | 24b0 0000 | 0044 8954 | 2428 4c89 
  0x00000269e80837d0: 8c24 e000 | 0000 488b | d14c 8b94 | 24d8 0000 | 004c 8994 | 24b0 0000 | 004c 898c | 24b8 0000 
  0x00000269e80837f0: 0066 6690 

  0x00000269e80837f4: ;   {optimized virtual_call}
  0x00000269e80837f4: c5f8 77e8 

  0x00000269e80837f8: ; ImmutableOopMap {rbp=Oop [40]=NarrowOop [48]=Oop [56]=Oop [80]=Oop [88]=Oop [96]=Oop [104]=Oop [112]=Oop [120]=Oop [136]=Oop [152]=Oop [176]=Oop [184]=Oop [216]=Oop [224]=Oop }
                      ;*invokevirtual equals {reexecute=0 rethrow=0 return_oop=0}
                      ; - java.util.HashMap::getNode@128 (line 585)
                      ; - java.util.HashMap::get@2 (line 564)
                      ; - java.util.jar.Manifest::getAttributes@5 (line 160)
                      ; - java.util.jar.Manifest::getTrustedAttributes@2 (line 177)
                      ; - java.util.jar.JavaUtilJarAccessImpl::getTrustedAttributes@2 (line 38)
                      ; - java.net.URLClassLoader::isSealed@18 (line 601)
                      ; - java.net.URLClassLoader::getAndVerifyPackage@68 (line 469)
                      ; - java.net.URLClassLoader::defineClass@46 (line 492)
                      ; - java.net.URLClassLoader$1::run@43 (line 427)
                      ; - java.net.URLClassLoader$1::run@1 (line 421)
                      ; - java.security.AccessController::executePrivileged@29 (line 809)
                      ; - java.security.AccessController::doPrivileged@13 (line 714)
                      ; - java.net.URLClassLoader::findClass@13 (line 420)
                      ; - java.lang.ClassLoader::loadClass@69 (line 593)
  0x00000269e80837f8: 84b2 83ff 

  0x00000269e80837fc: ;   {other}
  0x00000269e80837fc: 0f1f 8400 | 6c4a 0034 | 85c0 0f84 | 13ff ffff | 4c8b 8c24 | b800 0000 | 448b 5c24 | 2844 899c 
  0x00000269e808381c: 24b0 0000 | 004c 8b5c | 2438 4c8b | 5424 684c | 8994 2490 | 0000 004c | 8b74 2470 | 4c8b 5424 
  0x00000269e808383c: 7848 8b8c | 2498 0000 | 00e9 7be6 | ffff 4c8b | 8c24 c000 | 0000 89ac | 24b0 0000 | 004c 8b5c 
  0x00000269e808385c: 2438 4c8b | 5424 684c | 8994 2490 | 0000 004c | 8b74 2470 | 4c8b 5424 | 7848 8bbc | 2498 0000 
  0x00000269e808387c: 008b 5c24 | 288b 8424 | a000 0000 | 448b 4018 | 4585 c00f | 84c7 c9ff | ff8b 4808 | 0f1f 8400 
  0x00000269e808389c: 0000 0000 

  0x00000269e80838a0: ;   {metadata('java/util/HashMap$TreeNode')}
  0x00000269e80838a0: 81f9 c817 | 1a00 0f84 | 584b 0000 | 498b c8eb | 5b4c 8b8c | 24b8 0000 | 0089 ac24 | b000 0000 
  0x00000269e80838c0: 4c8b 5c24 | 384c 8b54 | 2468 4c89 | 9424 9000 | 0000 4c8b | 7424 704c | 8b54 2478 | 488b bc24 
  0x00000269e80838e0: 9800 0000 | 8b5c 2428 | 488b 8c24 | a000 0000 | 498b 8750 | 0400 008b | 4918 488b | 9424 d800 
  0x00000269e8083900: ; ImmutableOopMap {r10=Oop r11=Oop r9=Oop rcx=NarrowOop rdi=Oop rdx=Oop r14=Oop [48]=Oop [80]=Oop [88]=Oop [96]=Oop [136]=Oop [144]=Oop [176]=NarrowOop [216]=Oop }
                      ;*ifnonnull {reexecute=1 rethrow=0 return_oop=0}
                      ; - (reexecute) java.util.HashMap::getNode@145 (line 587)
                      ; - java.util.LinkedHashMap::get@2 (line 536)
                      ; - java.util.jar.Attributes::get@5 (line 106)
                      ; - java.util.jar.Attributes::getValue@2 (line 142)
                      ; - java.net.URLClassLoader::isSealed@58 (line 608)
                      ; - java.net.URLClassLoader::getAndVerifyPackage@68 (line 469)
                      ; - java.net.URLClassLoader::defineClass@46 (line 492)
                      ; - java.net.URLClassLoader$1::run@43 (line 427)
                      ; - java.net.URLClassLoader$1::run@1 (line 421)
                      ; - java.security.AccessController::executePrivileged@29 (line 809)
                      ; - java.security.AccessController::doPrivileged@13 (line 714)
                      ; - java.net.URLClassLoader::findClass@13 (line 420)
                      ; - java.lang.ClassLoader::loadClass@69 (line 593)
                      ;   {poll}
  0x00000269e8083900: 0000 8500 | 85c9 0f84 | 50c9 ffff | 8b51 0c3b | d375 dd8b | 5110 6666 | 0f1f 8400 | 0000 0000 
  0x00000269e8083920: ;   {oop(a 'java/util/jar/Attributes$Name'{0x00000000c0f6b1a8})}
  0x00000269e8083920: 81fa a8b1 | f6c0 0f84 | 9fe8 ffff | 4889 8c24 | a000 0000 | 895c 2428 | 4889 bc24 | 9800 0000 
  0x00000269e8083940: 4c89 5424 | 784c 8974 | 2470 4c8b | 9424 9000 | 0000 4c89 | 5424 684c | 895c 2438 | 8bac 24b0 
  0x00000269e8083960: 0000 004c | 898c 24e0 | 0000 004c 

  0x00000269e808396c: ;   {oop(a 'java/util/jar/Attributes$Name'{0x00000000c0f6b1a8})}
  0x00000269e808396c: 8bc2 48ba | a8b1 f6c0 | 0000 0000 | 4c8b 9424 | d800 0000 | 4c89 9424 | b000 0000 | 4c89 8c24 
  0x00000269e808398c: b800 0000 

  0x00000269e8083990: ;   {optimized virtual_call}
  0x00000269e8083990: c5f8 77e8 

  0x00000269e8083994: ; ImmutableOopMap {rbp=NarrowOop [48]=Oop [56]=Oop [80]=Oop [88]=Oop [96]=Oop [104]=Oop [112]=Oop [120]=Oop [136]=Oop [152]=Oop [160]=Oop [176]=Oop [184]=Oop [216]=Oop [224]=Oop }
                      ;*invokevirtual equals {reexecute=0 rethrow=0 return_oop=0}
                      ; - java.util.HashMap::getNode@128 (line 585)
                      ; - java.util.LinkedHashMap::get@2 (line 536)
                      ; - java.util.jar.Attributes::get@5 (line 106)
                      ; - java.util.jar.Attributes::getValue@2 (line 142)
                      ; - java.net.URLClassLoader::isSealed@58 (line 608)
                      ; - java.net.URLClassLoader::getAndVerifyPackage@68 (line 469)
                      ; - java.net.URLClassLoader::defineClass@46 (line 492)
                      ; - java.net.URLClassLoader$1::run@43 (line 427)
                      ; - java.net.URLClassLoader$1::run@1 (line 421)
                      ; - java.security.AccessController::executePrivileged@29 (line 809)
                      ; - java.security.AccessController::doPrivileged@13 (line 714)
                      ; - java.net.URLClassLoader::findClass@13 (line 420)
                      ; - java.lang.ClassLoader::loadClass@69 (line 593)
  0x00000269e8083994: e8b0 83ff 

  0x00000269e8083998: ;   {other}
  0x00000269e8083998: 0f1f 8400 | 084c 0036 | 85c0 0f84 | 09ff ffff | 4c8b 8c24 | b800 0000 | 89ac 24b0 | 0000 004c 
  0x00000269e80839b8: 8b5c 2438 | 4c8b 5424 | 684c 8994 | 2490 0000 | 004c 8b74 | 2470 4c8b | 5424 7848 | 8bbc 2498 
  0x00000269e80839d8: 0000 0048 | 8b8c 24a0 | 0000 00e9 | e3e7 ffff | 458b d0e9 | cdc2 ffff | b92f 0000 | 00e9 54df 
  0x00000269e80839f8: ffff 33db | 0f1f 4000 | e982 c0ff | ff4c 894b | 20e9 5cc7 | ffff 4c89 | 5c24 684c | 8b94 2490 
  0x00000269e8083a18: 0000 004c | 8954 2478 | 4889 7424 | 3044 8b9c | 24b0 0000 | 0044 899c | 2490 0000 | 0048 8b54 
  0x00000269e8083a38: 2468 41b8 | 0100 0000 | 4c8b 9424 | e000 0000 | 4c89 5424 | 384c 8b94 | 24d8 0000 | 004c 8994 
  0x00000269e8083a58: 2498 0000 | 0066 6690 

  0x00000269e8083a60: ;   {optimized virtual_call}
  0x00000269e8083a60: c5f8 77e8 

  0x00000269e8083a64: ; ImmutableOopMap {rbp=NarrowOop [48]=Oop [56]=Oop [80]=Oop [88]=Oop [96]=Oop [104]=Oop [120]=Oop [136]=Oop [144]=NarrowOop [152]=Oop [216]=Oop [224]=Oop [248]=Oop }
                      ;*invokevirtual getManifestName {reexecute=0 rethrow=0 return_oop=1}
                      ; - java.util.zip.ZipFile$1::getManifestName@2 (line 1129)
                      ; - java.util.jar.JarFile::maybeInstantiateVerifier@20 (line 722)
                      ; - java.util.jar.JarFile::ensureInitialization@1 (line 1064)
                      ; - java.util.jar.JavaUtilJarAccessImpl::ensureInitialization@1 (line 42)
                      ; - jdk.internal.loader.URLClassPath$JarLoader$2::getManifest@10 (line 852)
                      ; - java.net.URLClassLoader::defineClass@34 (line 491)
                      ; - java.net.URLClassLoader$1::run@43 (line 427)
                      ; - java.net.URLClassLoader$1::run@1 (line 421)
                      ; - java.security.AccessController::executePrivileged@29 (line 809)
                      ; - java.security.AccessController::doPrivileged@13 (line 714)
                      ; - java.net.URLClassLoader::findClass@13 (line 420)
                      ; - java.lang.ClassLoader::loadClass@69 (line 593)
  0x00000269e8083a64: 9855 cff7 

  0x00000269e8083a68: ;   {other}
  0x00000269e8083a68: 0f1f 8400 | d84c 0037 | 4885 c00f | 85d8 4e00 | 0044 8865 | 1266 6690 | 443b 6530 | 0f85 241a 
  0x00000269e8083a88: 0000 448b | 9424 9000 | 0000 4489 | 9424 b000 | 0000 4c8b | 5424 304c | 8b5c 2478 | 4c89 9c24 
  0x00000269e8083aa8: 9000 0000 | 4c8b 5c24 | 6849 8bf2 | e9b0 c5ff | ff33 ed45 | 33c0 4c89 | 4424 20e9 | 87d3 ffff 
  0x00000269e8083ac8: 41b9 2f00 | 0000 e998 | dfff ff48 | 8b6c 2430 | e9ed e4ff | ff33 ed90 | e9a0 dcff | ff48 8954 
  0x00000269e8083ae8: 2458 e9eb | bcff ff49 | 8bc3 e99a | dfff ff66 | 0f1f 8400 | 0000 0000 

  0x00000269e8083b00: ;   {metadata('jdk/internal/loader/URLClassPath$FileLoader$1')}
  0x00000269e8083b00: 81fb 6809 | 2d01 0f85 | 914f 0000 | 418b 501c 

  0x00000269e8083b10: ; implicit exception: dispatches to 0x00000269e8089c06
  0x00000269e8083b10: 8b52 0c89 | 9424 b000 | 0000 e9c4 | c1ff ff4c | 8b94 24d8 | 0000 004c | 8954 2470 | 6690 c5f8 
  0x00000269e8083b30: 7748 b8ff | ffff ffff 

  0x00000269e8083b38: ;   {virtual_call}
  0x00000269e8083b38: ffff ffe8 

  0x00000269e8083b3c: ; ImmutableOopMap {rbp=Oop [48]=Oop [80]=Oop [88]=Oop [96]=Oop [112]=Oop [136]=Oop [176]=NarrowOop [216]=Oop [224]=Oop }
                      ;*invokevirtual getBytes {reexecute=0 rethrow=0 return_oop=1}
                      ; - java.net.URLClassLoader::defineClass@179 (line 519)
                      ; - java.net.URLClassLoader$1::run@43 (line 427)
                      ; - java.net.URLClassLoader$1::run@1 (line 421)
                      ; - java.security.AccessController::executePrivileged@29 (line 809)
                      ; - java.security.AccessController::doPrivileged@13 (line 714)
                      ; - java.net.URLClassLoader::findClass@13 (line 420)
                      ; - java.lang.ClassLoader::loadClass@69 (line 593)
  0x00000269e8083b3c: 40b2 83ff 

  0x00000269e8083b40: ;   {other}
  0x00000269e8083b40: 0f1f 8400 | b04d 0038 | 4889 8424 | 9000 0000 | e977 c7ff | ff66 6666 | 0f1f 8400 | 0000 0000 
  0x00000269e8083b60: ;   {metadata('jdk/internal/loader/URLClassPath$FileLoader$1')}
  0x00000269e8083b60: 4181 fa68 | 092d 010f | 84b8 c7ff | ffba c6ff | ffff 448b | 5424 2c44 | 8954 2420 | 4c8b 5424 
  0x00000269e8083b80: 404c 8954 | 2430 4c8b | 5424 484c | 8954 2438 | 4c8b 5424 | 584c 8954 | 2440 4c8b | 9424 d800 
  0x00000269e8083ba0: 0000 4c89 | 5424 484c | 8b54 2460 | 4c89 5424 | 504c 8b94 | 2480 0000 | 004c 8954 | 2470 48ff 
  0x00000269e8083bc0: b424 8800 | 0000 488f | 4424 7890 

  0x00000269e8083bcc: ;   {runtime_call UncommonTrapBlob}
  0x00000269e8083bcc: c5f8 77e8 

  0x00000269e8083bd0: ; ImmutableOopMap {rbp=Oop [64]=Oop [72]=Oop [80]=Oop [120]=Oop [144]=Oop [176]=NarrowOop }
                      ;*invokevirtual getCodeSigners {reexecute=0 rethrow=0 return_oop=0}
                      ; - java.net.URLClassLoader::defineClass@185 (line 521)
                      ; - java.net.URLClassLoader$1::run@43 (line 427)
                      ; - java.net.URLClassLoader$1::run@1 (line 421)
                      ; - java.security.AccessController::executePrivileged@29 (line 809)
                      ; - java.security.AccessController::doPrivileged@13 (line 714)
                      ; - java.net.URLClassLoader::findClass@13 (line 420)
                      ; - java.lang.ClassLoader::loadClass@69 (line 593)
  0x00000269e8083bd0: ac07 84ff 

  0x00000269e8083bd4: ;   {other}
  0x00000269e8083bd4: 0f1f 8400 | 444e 0039 | 4c8b 8c24 | e000 0000 | 4889 7424 | 30e9 6ec6 | ffff 41b9 | 0100 0000 
  0x00000269e8083bf4: 4533 c04c | 8944 2420 | 0f1f 4000 | 453b cb0f | 8d48 d5ff | ff66 6690 | 430f be4c | 0a10 83f9 
  0x00000269e8083c14: 2e0f 848b | 1800 0041 | ffc1 6690 | 453b cb7c | e7e9 27d5 

  0x00000269e8083c28: ;   {oop(""{0x00000000c083af60})}
  0x00000269e8083c28: ffff 48bb | 60af 83c0 | 0000 0000 | e938 c3ff | ff4c 895c | 2468 4889 | 7424 304c | 898c 24e0 
  0x00000269e8083c48: 0000 0049 | 8bd1 4d8b | c34c 8b4c | 2420 488b | 7c24 2048 | 8b74 2420 | 488b 4c24 | 204c 8b54 
  0x00000269e8083c68: 2420 4c89 | 1424 4c8b | 5424 204c | 8954 2408 | 4c8b 5424 | 204c 8954 | 2410 4c8b | 9424 d800 
  0x00000269e8083c88: 0000 4c89 | 5424 7848 | 8994 2498 | 0000 0048 | 8994 24c0 | 0000 0090 

  0x00000269e8083ca0: ;   {optimized virtual_call}
  0x00000269e8083ca0: c5f8 77e8 

  0x00000269e8083ca4: ; ImmutableOopMap {[48]=Oop [80]=Oop [88]=Oop [96]=Oop [104]=Oop [120]=Oop [136]=Oop [144]=Oop [152]=Oop [176]=NarrowOop [192]=Oop [216]=Oop [224]=Oop }
                      ;*invokevirtual definePackage {reexecute=0 rethrow=0 return_oop=1}
                      ; - java.net.URLClassLoader::defineClass@81 (line 497)
                      ; - java.net.URLClassLoader$1::run@43 (line 427)
                      ; - java.net.URLClassLoader$1::run@1 (line 421)
                      ; - java.security.AccessController::executePrivileged@29 (line 809)
                      ; - java.security.AccessController::doPrivileged@13 (line 714)
                      ; - java.net.URLClassLoader::findClass@13 (line 420)
                      ; - java.lang.ClassLoader::loadClass@69 (line 593)
  0x00000269e8083ca4: d8ad 83ff 

  0x00000269e8083ca8: ;   {other}
  0x00000269e8083ca8: 0f1f 8400 | 184f 003a | e99f c5ff | ff85 ed0f | 848e c4ff | ff4d 8b57 | 2848 8bcd | 4d85 d20f 
  0x00000269e8083cc8: 84af 3000 | 004d 8b5f | 384b 894c | 13f8 4983 | c2f8 4d89 | 5728 6690 | e966 c4ff | ff44 8b5b 
  0x00000269e8083ce8: 1445 85db | 0f84 48c2 | ffff 4d8b | 5728 498b | cb0f 1f80 | 0000 0000 | 4d85 d20f | 84a3 3000 
  0x00000269e8083d08: 004d 8b5f | 384b 894c | 13f8 4983 | c2f8 4d89 | 5728 e91b | c2ff ff4d | 8b57 484d | 8b5f 58f0 
  0x00000269e8083d28: 8344 24c0 | 0080 3900 | 0f84 37c2 | ffff 4488 | 214d 85d2 | 7520 498b | d7c5 f877 | 49ba 009b 
  0x00000269e8083d48: 4ad7 ff7f | 0000 41ff 

  0x00000269e8083d50: ;   {other}
  0x00000269e8083d50: d20f 1f84 | 0000 0000 | 00e9 0fc2 | ffff 4b89 | 4c13 f849 | 83c2 f84d | 8957 48e9 | fdc1 ffff 
  0x00000269e8083d70: c4c1 f96e | c348 895c | 2438 4889 | 7424 304c | 63c5 4d8d | 5810 4d8b | cb49 83e1 | f849 8bfd 
  0x00000269e8083d90: 4903 f949 | c1eb 0349 | 2bcb 4833 | c048 83f9 | 087f 1048 | ffc9 784f | 4889 04cf | 48ff c97d 
  0x00000269e8083db0: f7eb 44c5 | f5ef c9e9 | 0d00 0000 | c5fe 7f0f | c5fe 7f4f | 2048 83c7 | 4048 83e9 | 087d ed48 
  0x00000269e8083dd0: 83c1 047c | 0cc5 fe7f | 0f48 83c7 | 2048 83e9 | 0448 83c1 | 047e 1048 | ffc9 c5f9 | d60f 4883 
  0x00000269e8083df0: c708 48ff | c97d f348 | 8bca c4e1 | f97e c2c5 | f877 49ba | c044 8ae7 | 6902 0000 

  0x00000269e8083e0c: ;   {other}
  0x00000269e8083e0c: 41ff d20f | 1f84 0000 | 0000 0048 | 8b5c 2438 | 488b 7424 | 30e9 09c1 | ffff 4533 | f644 8b9c 
  0x00000269e8083e2c: 2490 0000 | 0044 899c | 24b0 0000 | 004c 8b54 | 2430 4c8b | 5c24 784c | 899c 2490 | 0000 0049 
  0x00000269e8083e4c: 8bf2 e927 | c3ff ff33 | c0e9 4ec3 | ffff 41ba | 0100 0000 | 443b 9424 | c400 0000 | 0f8d 6600 
  0x00000269e8083e6c: 0000 448b | 9c24 c000 | 0000 470f | be44 1310 | 0f1f 4000 | 4183 f82e | 0f84 9b16 | 0000 41ff 
  0x00000269e8083e8c: c244 3b94 | 24c4 0000 | 007c d74c | 8b8c 24e0 | 0000 004c | 8b9c 2498 | 0000 004c | 8bb4 24b8 
  0x00000269e8083eac: 0000 004c | 8b94 24a0 | 0000 0044 | 8b84 24e8 | 0000 008b | 5424 288b | 8c24 c000 | 0000 4c8b 
  0x00000269e8083ecc: 6c24 38e9 | 71dc ffff | 4c8b 8c24 | e000 0000 | 4c8b 9c24 | 9800 0000 | 4c8b b424 | b800 0000 
  0x00000269e8083eec: 4c8b 9424 | a000 0000 | 448b 8424 | e800 0000 | 8b54 2428 | 8b8c 24c0 | 0000 004c | 8b6c 2438 
  0x00000269e8083f0c: ;   {no_reloc}
  0x00000269e8083f0c: e934 dcff | ff44 8944 

  0x00000269e8083f14: ;   {metadata('java/lang/Object')}
  0x00000269e8083f14: 2440 48ba | 900e 0080 | 6902 0000 | 488b 6c24 | 504c 8b94 | 24d8 0000 | 004c 8954 | 2420 6690 
  0x00000269e8083f34: ;   {runtime_call _new_instance_Java}
  0x00000269e8083f34: c5f8 77e8 

  0x00000269e8083f38: ; ImmutableOopMap {rbp=Oop [32]=Oop [64]=NarrowOop [80]=Oop [216]=Oop }
                      ;*new {reexecute=0 rethrow=0 return_oop=1}
                      ; - java.lang.ClassLoader::getClassLoadingLock@9 (line 680)
                      ; - java.lang.ClassLoader::loadClass@2 (line 573)
  0x00000269e8083f38: c47c 86ff 

  0x00000269e8083f3c: ;   {other}
  0x00000269e8083f3c: 0f1f 8400 | ac51 003b | e955 b8ff | ff33 c0e9 | 8ec9 ffff | 4533 c033 | dbe9 8ade | ffff 440f 
  0x00000269e8083f5c: b645 1190 | 4585 c00f | 8500 c1ff | ff4c 895c | 2468 4c8b | 9424 9000 | 0000 4c89 | 5424 3848 
  0x00000269e8083f7c: 8974 2430 | 448b 9424 | b000 0000 | 4489 5424 | 284c 8b94 | 24e0 0000 | 004c 8954 | 2470 4c8b 
  0x00000269e8083f9c: 9424 d800 | 0000 4c89 | 9424 9000 | 0000 6690 

  0x00000269e8083fac: ;   {static_call}
  0x00000269e8083fac: c5f8 77e8 

  0x00000269e8083fb0: ; ImmutableOopMap {rbp=NarrowOop [40]=NarrowOop [48]=Oop [56]=Oop [80]=Oop [88]=Oop [96]=Oop [104]=Oop [112]=Oop [136]=Oop [144]=Oop [216]=Oop [224]=Oop [248]=Oop }
                      ;*invokestatic beginInit {reexecute=0 rethrow=0 return_oop=1}
                      ; - java.util.jar.JarFile::ensureInitialization@31 (line 1069)
                      ; - java.util.jar.JavaUtilJarAccessImpl::ensureInitialization@1 (line 42)
                      ; - jdk.internal.loader.URLClassPath$JarLoader$2::getManifest@10 (line 852)
                      ; - java.net.URLClassLoader::defineClass@34 (line 491)
                      ; - java.net.URLClassLoader$1::run@43 (line 427)
                      ; - java.net.URLClassLoader$1::run@1 (line 421)
                      ; - java.security.AccessController::executePrivileged@29 (line 809)
                      ; - java.security.AccessController::doPrivileged@13 (line 714)
                      ; - java.net.URLClassLoader::findClass@13 (line 420)
                      ; - java.lang.ClassLoader::loadClass@69 (line 593)
  0x00000269e8083fb0: ccb0 83ff 

  0x00000269e8083fb4: ;   {other}
  0x00000269e8083fb4: 0f1f 8400 | 2452 003c | 4889 4424 | 7048 8b54 | 2468 4c8b | 9424 e000 | 0000 4c89 | 5424 784c 
  0x00000269e8083fd4: 8b94 24d8 | 0000 004c | 8994 2498 | 0000 0090 

  0x00000269e8083fe4: ;   {optimized virtual_call}
  0x00000269e8083fe4: c5f8 77e8 

  0x00000269e8083fe8: ; ImmutableOopMap {rbp=NarrowOop [40]=NarrowOop [48]=Oop [56]=Oop [80]=Oop [88]=Oop [96]=Oop [104]=Oop [112]=Oop [120]=Oop [136]=Oop [152]=Oop [216]=Oop [224]=Oop [248]=Oop }
                      ;*invokevirtual initializeVerifier {reexecute=0 rethrow=0 return_oop=0}
                      ; - java.util.jar.JarFile::ensureInitialization@36 (line 1071)
                      ; - java.util.jar.JavaUtilJarAccessImpl::ensureInitialization@1 (line 42)
                      ; - jdk.internal.loader.URLClassPath$JarLoader$2::getManifest@10 (line 852)
                      ; - java.net.URLClassLoader::defineClass@34 (line 491)
                      ; - java.net.URLClassLoader$1::run@43 (line 427)
                      ; - java.net.URLClassLoader$1::run@1 (line 421)
                      ; - java.security.AccessController::executePrivileged@29 (line 809)
                      ; - java.security.AccessController::doPrivileged@13 (line 714)
                      ; - java.net.URLClassLoader::findClass@13 (line 420)
                      ; - java.lang.ClassLoader::loadClass@69 (line 593)
  0x00000269e8083fe8: 94aa 83ff 

  0x00000269e8083fec: ;   {other}
  0x00000269e8083fec: 0f1f 8400 | 5c52 003d | c645 1101 | 488b 5424 | 7048 8b6c | 2478 4c8b | 9424 9800 | 0000 4c89 
  0x00000269e808400c: 5424 7890 

  0x00000269e8084010: ;   {static_call}
  0x00000269e8084010: c5f8 77e8 

  0x00000269e8084014: ; ImmutableOopMap {rbp=Oop [40]=NarrowOop [48]=Oop [56]=Oop [80]=Oop [88]=Oop [96]=Oop [104]=Oop [120]=Oop [136]=Oop [216]=Oop [224]=Oop [248]=Oop }
                      ;*invokestatic endInit {reexecute=0 rethrow=0 return_oop=0}
                      ; - java.util.jar.JarFile::ensureInitialization@45 (line 1074)
                      ; - java.util.jar.JavaUtilJarAccessImpl::ensureInitialization@1 (line 42)
                      ; - jdk.internal.loader.URLClassPath$JarLoader$2::getManifest@10 (line 852)
                      ; - java.net.URLClassLoader::defineClass@34 (line 491)
                      ; - java.net.URLClassLoader$1::run@43 (line 427)
                      ; - java.net.URLClassLoader$1::run@1 (line 421)
                      ; - java.security.AccessController::executePrivileged@29 (line 809)
                      ; - java.security.AccessController::doPrivileged@13 (line 714)
                      ; - java.net.URLClassLoader::findClass@13 (line 420)
                      ; - java.lang.ClassLoader::loadClass@69 (line 593)
  0x00000269e8084014: 68b0 83ff 

  0x00000269e8084018: ;   {other}
  0x00000269e8084018: 0f1f 8400 | 8852 003e | 448b 5c24 | 2844 899c | 24b0 0000 | 004c 8b5c | 2438 4c89 | 9c24 9000 
  0x00000269e8084038: 0000 4c8b | 5c24 6848 | 8b74 2430 | e920 c0ff | ff89 4c24 | 784c 896c | 2470 4489 | 4424 6c44 
  0x00000269e8084058: 895c 2468 | 4489 4c24 | 284c 8954 | 2460 4889 | 7c24 3848 | 895c 2430 | 488b 6c24 

  0x00000269e8084074: ;   {metadata({type array byte})}
  0x00000269e8084074: 5048 ba18 | 2300 8069 | 0200 0044 | 8b44 2478 | 4c8b 9424 | e000 0000 | 4c89 5424 | 504c 8b94 
  0x00000269e8084094: 24d8 0000 | 0048 8984 | 2490 0000 | 004c 8994 | 2498 0000 | 0066 6690 

  0x00000269e80840ac: ;   {runtime_call _new_array_Java}
  0x00000269e80840ac: c5f8 77e8 

  0x00000269e80840b0: ; ImmutableOopMap {rbp=Oop [48]=Oop [56]=Oop [80]=Oop [88]=Oop [96]=Oop [152]=Oop [216]=Oop [224]=Oop }
                      ;*invokevirtual allocateUninitializedArray0 {reexecute=0 rethrow=0 return_oop=1}
                      ; - jdk.internal.misc.Unsafe::allocateUninitializedArray@51 (line 1380)
                      ; - java.lang.StringConcatHelper::newArray@33 (line 511)
                      ; - java.lang.StringConcatHelper::simpleConcat@61 (line 435)
                      ; - java.lang.String::concat@11 (line 2899)
                      ; - java.net.URLClassLoader$1::run@13 (line 423)
                      ; - java.net.URLClassLoader$1::run@1 (line 421)
                      ; - java.security.AccessController::executePrivileged@29 (line 809)
                      ; - java.security.AccessController::doPrivileged@13 (line 714)
                      ; - java.net.URLClassLoader::findClass@13 (line 420)
                      ; - java.lang.ClassLoader::loadClass@69 (line 593)
  0x00000269e80840b0: 4c78 86ff 

  0x00000269e80840b4: ;   {other}
  0x00000269e80840b4: 0f1f 8400 | 2453 003f | 4889 6c24 | 5048 8b5c | 2430 488b | 7c24 384c | 8b54 2460 | 448b 4c24 
  0x00000269e80840d4: 2844 8b5c | 2468 448b | 4424 6c4c | 8b6c 2470 | 8b4c 2478 | 488b f0e9 | 41d1 ffff | 4889 7424 
  0x00000269e80840f4: 3848 895c | 2430 488b 

  0x00000269e80840fc: ;   {metadata('java/lang/String')}
  0x00000269e80840fc: 6c24 5048 | ba78 e800 | 8069 0200 | 004c 8b94 | 24e0 0000 | 004c 8954 | 2450 4c8b | 9424 d800 
  0x00000269e808411c: 0000 4c89 | 5424 7090 

  0x00000269e8084124: ;   {runtime_call _new_instance_Java}
  0x00000269e8084124: c5f8 77e8 

  0x00000269e8084128: ; ImmutableOopMap {rbp=Oop [48]=Oop [56]=Oop [80]=Oop [88]=Oop [112]=Oop [216]=Oop [224]=Oop }
                      ;*new {reexecute=0 rethrow=0 return_oop=1}
                      ; - java.lang.StringConcatHelper::newString@6 (line 400)
                      ; - java.lang.StringConcatHelper::simpleConcat@90 (line 440)
                      ; - java.lang.String::concat@11 (line 2899)
                      ; - java.net.URLClassLoader$1::run@13 (line 423)
                      ; - java.net.URLClassLoader$1::run@1 (line 421)
                      ; - java.security.AccessController::executePrivileged@29 (line 809)
                      ; - java.security.AccessController::doPrivileged@13 (line 714)
                      ; - java.net.URLClassLoader::findClass@13 (line 420)
                      ; - java.lang.ClassLoader::loadClass@69 (line 593)
  0x00000269e8084128: d47a 86ff 

  0x00000269e808412c: ;   {other}
  0x00000269e808412c: 0f1f 8400 | 9c53 0040 | 4889 6c24 | 5048 8b5c | 2430 488b | 7424 38e9 | aad1 ffff 

  0x00000269e8084148: ;   {metadata('java/lang/ClassNotFoundException')}
  0x00000269e8084148: 48ba a0ac | 0680 6902 | 0000 6690 

  0x00000269e8084154: ;   {runtime_call _new_instance_Java}
  0x00000269e8084154: c5f8 77e8 

  0x00000269e8084158: ; ImmutableOopMap {[88]=Oop [216]=Oop [224]=Oop }
                      ;*new {reexecute=0 rethrow=0 return_oop=1}
                      ; - java.net.URLClassLoader::findClass@36 (line 445)
                      ; - java.lang.ClassLoader::loadClass@69 (line 593)
  0x00000269e8084158: a47a 86ff 

  0x00000269e808415c: ;   {other}
  0x00000269e808415c: 0f1f 8400 | cc53 0041 | e9b1 d3ff | ff4c 8b9c | 24f8 0000 | 0041 c643 | 1101 33c0 | 4c8b 8c24 
  0x00000269e808417c: a800 0000 | 448b 5424 | 2844 8994 | 24b0 0000 | 004c 8b54 | 2430 4c8b | 4424 684c | 8984 2490 
  0x00000269e808419c: 0000 004c | 8b74 2470 | 8b4c 2478 | 498b f2e9 | f8bf ffff | 498b 87b8 | 0100 0048 | 8bc8 4883 
  0x00000269e80841bc: c118 6690 | 493b 8fc8 | 0100 000f | 8313 4800 | 0049 898f | b801 0000 | 0f0d 89c0 | 0000 0048 
  0x00000269e80841dc: c700 0100 

  0x00000269e80841e0: ;   {metadata('java/lang/String')}
  0x00000269e80841e0: 0000 c740 | 0878 e800 | 0044 8960 | 0c44 8960 

  0x00000269e80841f0: ;   {oop([B{0x00000000c0d8a8b0})}
  0x00000269e80841f0: 10c7 4014 | b0a8 d8c0 

  0x00000269e80841f8: ;   {oop("/"{0x00000000c0d8a898})}
  0x00000269e80841f8: 48b9 98a8 | d8c0 0000 | 0000 8b59 | 0c89 580c | 0fb6 4911 | 8848 11e9 | 71db ffff | 4c89 7424 
  0x00000269e8084218: 7089 7424 | 6889 5424 | 6444 895c | 2460 4489 | 5424 2848 | 895c 2438 | 4c8b 5424 | 204c 8954 
  0x00000269e8084238: 2430 4c8b | 5424 504c | 8954 2420 

  0x00000269e8084244: ;   {metadata({type array byte})}
  0x00000269e8084244: 48ba 1823 | 0080 6902 | 0000 458b | c34c 8b94 | 24e0 0000 | 004c 8954 | 2450 4c8b | 9424 d800 
  0x00000269e8084264: 0000 4c89 | 9424 8800 | 0000 4c89 | 9424 9000 | 0000 6690 

  0x00000269e8084278: ;   {runtime_call _new_array_Java}
  0x00000269e8084278: c5f8 77e8 

  0x00000269e808427c: ; ImmutableOopMap {[32]=Oop [40]=NarrowOop [56]=Oop [80]=Oop [88]=Oop [112]=Oop [136]=Oop [144]=Oop [216]=Oop [224]=Oop }
                      ;*invokevirtual allocateUninitializedArray0 {reexecute=0 rethrow=0 return_oop=1}
                      ; - jdk.internal.misc.Unsafe::allocateUninitializedArray@51 (line 1380)
                      ; - java.lang.StringConcatHelper::newArray@33 (line 511)
                      ; - java.lang.StringLatin1::replace@49 (line 304)
                      ; - java.lang.String::replace@18 (line 2933)
                      ; - java.net.URLClassLoader$1::run@8 (line 423)
                      ; - java.net.URLClassLoader$1::run@1 (line 421)
                      ; - java.security.AccessController::executePrivileged@29 (line 809)
                      ; - java.security.AccessController::doPrivileged@13 (line 714)
                      ; - java.net.URLClassLoader::findClass@13 (line 420)
                      ; - java.lang.ClassLoader::loadClass@69 (line 593)
  0x00000269e808427c: 8076 86ff 

  0x00000269e8084280: ;   {other}
  0x00000269e8084280: 0f1f 8400 | f054 0042 | 4c8b 5424 | 204c 8954 | 2450 4c8b | 5424 304c | 8954 2420 | 488b 5c24 
  0x00000269e80842a0: 3844 8b54 | 2428 448b | 5c24 608b | 5424 648b | 7424 684c | 8b74 2470 | 488b f80f | 1f44 0000 
  0x00000269e80842c0: e906 ccff | ff48 897c | 2438 4889 | 5c24 3048 | 8b6c 2450 

  0x00000269e80842d4: ;   {metadata('java/lang/String')}
  0x00000269e80842d4: 48ba 78e8 | 0080 6902 | 0000 4c8b | 9424 e000 | 0000 4c89 | 5424 504c | 8b94 24d8 | 0000 004c 
  0x00000269e80842f4: 8954 2470 | 4c89 5424 | 7866 6690 

  0x00000269e8084300: ;   {runtime_call _new_instance_Java}
  0x00000269e8084300: c5f8 77e8 

  0x00000269e8084304: ; ImmutableOopMap {rbp=Oop [48]=Oop [56]=Oop [80]=Oop [88]=Oop [112]=Oop [120]=Oop [216]=Oop [224]=Oop }
                      ;*new {reexecute=0 rethrow=0 return_oop=1}
                      ; - java.lang.StringLatin1::replace@116 (line 313)
                      ; - java.lang.String::replace@18 (line 2933)
                      ; - java.net.URLClassLoader$1::run@8 (line 423)
                      ; - java.net.URLClassLoader$1::run@1 (line 421)
                      ; - java.security.AccessController::executePrivileged@29 (line 809)
                      ; - java.security.AccessController::doPrivileged@13 (line 714)
                      ; - java.net.URLClassLoader::findClass@13 (line 420)
                      ; - java.lang.ClassLoader::loadClass@69 (line 593)
  0x00000269e8084304: f878 86ff 

  0x00000269e8084308: ;   {other}
  0x00000269e8084308: 0f1f 8400 | 7855 0043 | 4889 6c24 | 5048 8b5c | 2430 488b | 7c24 384c | 8bd0 e919 | ceff ffc4 
  0x00000269e8084328: c1f9 7ec6 | c4c1 797e | cac4 c179 | 7ed0 c5f9 | 7ee1 488b | f566 6690 | e9f9 c7ff | ff4c 899c 
  0x00000269e8084348: 2488 0000 

  0x00000269e808434c: ;   {metadata('java/security/CodeSource')}
  0x00000269e808434c: 0048 ba28 | 5c00 8069 | 0200 008b | ac24 b000 | 0000 4c8b | 9424 e000 | 0000 4c89 | 5424 384c 
  0x00000269e808436c: 8b94 24d8 | 0000 004c | 8954 2470 

  0x00000269e8084378: ;   {runtime_call _new_instance_Java}
  0x00000269e8084378: c5f8 77e8 

  0x00000269e808437c: ; ImmutableOopMap {rbp=NarrowOop [32]=Oop [48]=Oop [56]=Oop [80]=Oop [88]=Oop [96]=Oop [112]=Oop [136]=Oop [144]=Oop [216]=Oop [224]=Oop }
                      ;*new {reexecute=0 rethrow=0 return_oop=1}
                      ; - java.net.URLClassLoader::defineClass@190 (line 522)
                      ; - java.net.URLClassLoader$1::run@43 (line 427)
                      ; - java.net.URLClassLoader$1::run@1 (line 421)
                      ; - java.security.AccessController::executePrivileged@29 (line 809)
                      ; - java.security.AccessController::doPrivileged@13 (line 714)
                      ; - java.net.URLClassLoader::findClass@13 (line 420)
                      ; - java.lang.ClassLoader::loadClass@69 (line 593)
  0x00000269e808437c: 8078 86ff 

  0x00000269e8084380: ;   {other}
  0x00000269e8084380: 0f1f 8400 | f055 0044 | e9f5 bfff | ff48 8974 | 2468 448b | 8424 b000 | 0000 4489 | 4424 3c44 
  0x00000269e80843a0: 8954 2438 | 4889 7c24 | 3044 895c | 2428 418b 

  0x00000269e80843b0: ;   {metadata('java/lang/String')}
  0x00000269e80843b0: e948 ba78 | e800 8069 | 0200 004c | 8b94 24e0 | 0000 004c | 8954 2470 | 4c8b 9424 | d800 0000 
  0x00000269e80843d0: 4c89 9424 | 9000 0000 

  0x00000269e80843d8: ;   {runtime_call _new_instance_Java}
  0x00000269e80843d8: c5f8 77e8 

  0x00000269e80843dc: ; ImmutableOopMap {rbp=NarrowOop [48]=Oop [60]=NarrowOop [80]=Oop [88]=Oop [96]=Oop [104]=Oop [112]=Oop [136]=Oop [144]=Oop [216]=Oop [224]=Oop }
                      ;*new {reexecute=0 rethrow=0 return_oop=1}
                      ; - java.lang.StringLatin1::newString@7 (line 752)
                      ; - java.lang.String::substring@41 (line 2839)
                      ; - java.net.URLClassLoader::defineClass@28 (line 489)
                      ; - java.net.URLClassLoader$1::run@43 (line 427)
                      ; - java.net.URLClassLoader$1::run@1 (line 421)
                      ; - java.security.AccessController::executePrivileged@29 (line 809)
                      ; - java.security.AccessController::doPrivileged@13 (line 714)
                      ; - java.net.URLClassLoader::findClass@13 (line 420)
                      ; - java.lang.ClassLoader::loadClass@69 (line 593)
  0x00000269e80843dc: 2078 86ff 

  0x00000269e80843e0: ;   {other}
  0x00000269e80843e0: 0f1f 8400 | 5056 0045 | 448b cd44 | 8b5c 2428 | 488b 7c24 | 3044 8b54 | 2438 448b | 4424 3c44 
  0x00000269e8084400: 8984 24b0 | 0000 0048 | 8bd8 488b | 7424 68e9 | 5eb9 ffff | 458b 5010 | 0f1f 8400 | 0000 0000 
  0x00000269e8084420: 4585 d20f | 84b4 f1ff | ff4d 8b5f | 2849 8bca | 4d85 db0f | 848f 4000 | 0049 8bd8 | 4d8b 5738 
  0x00000269e8084440: 4b89 4c1a | f849 83c3 | f84d 895f | 284c 8bc3 | e988 f1ff | ff4c 8b9c | 2498 0000 | 0045 8b53 
  0x00000269e8084460: 2845 85d2 | 0f84 cef1 | ffff 4d8b | 5f28 498b | ca4d 85db | 0f84 7140 | 0000 4d8b | 5738 4b89 
  0x00000269e8084480: 4c1a f849 | 83c3 f84d | 895f 284c | 8b9c 2498 | 0000 00e9 | a0f1 ffff | 4d8b 5748 | 4d8b 5f58 
  0x00000269e80844a0: f083 4424 | c000 4180 | 3800 0f84 | daf1 ffff | 4588 204d | 85d2 7523 | 498b c849 | 8bd7 c5f8 
  0x00000269e80844c0: 7749 ba00 | 9b4a d7ff | 7f00 0041 

  0x00000269e80844cc: ;   {other}
  0x00000269e80844cc: ffd2 0f1f | 8400 0000 | 0000 e9af | f1ff ff4f | 8944 13f8 | 4983 c2f8 | 4d89 5748 | e99d f1ff 
  0x00000269e80844ec: ff4d 8b57 | 484d 8b5f | 58f0 8344 | 24c0 000f | 1f44 0000 | 8039 000f | 8416 f1ff | ff44 8821 
  0x00000269e808450c: 4d85 d275 | 2049 8bd7 | c5f8 7749 | ba00 9b4a | d7ff 7f00 | 0041 ffd2 

  0x00000269e8084524: ;   {other}
  0x00000269e8084524: 0f1f 8400 | 0000 0000 | e9ee f0ff | ff4b 894c | 13f8 4983 | c2f8 4d89 | 5748 6690 | e9da f0ff 
  0x00000269e8084544: ff4c 8b5c | 2438 41c6 | 4311 0133 | c04c 8b8c | 24a8 0000 | 0044 8b54 | 2428 4489 | 9424 b000 
  0x00000269e8084564: 0000 488b | 4c24 304c | 8b54 2468 | 4c89 9424 | 9000 0000 | 4c8b 7424 | 7044 8b54 | 2478 448b 
  0x00000269e8084584: 4424 7c48 | 8bf1 e94f | c3ff ff48 | 8b8c 2498 | 0000 00c6 | 4111 0145 | 33c0 33db | 4c8b 8c24 
  0x00000269e80845a4: b800 0000 | 448b 5424 | 2844 8994 | 24b0 0000 | 004c 8b5c | 2438 4c8b | 5424 684c | 8994 2490 
  0x00000269e80845c4: 0000 004c | 8b74 2470 | 4c8b 5424 | 788b b424 | a000 0000 | e907 d8ff | ff4c 8984 | 2498 0000 
  0x00000269e80845e4: 0048 898c | 2490 0000 | 0048 8954 | 2478 4889 | 5c24 7048 | 8974 2468 | 448b 8424 | b000 0000 
  0x00000269e8084604: 4489 4424 | 3844 8954 | 2428 4889 

  0x00000269e8084610: ;   {metadata({type array byte})}
  0x00000269e8084610: 7c24 3048 | ba18 2300 | 8069 0200 | 0045 8bc2 | 4c8b 9424 | e000 0000 | 4c89 9424 | a000 0000 
  0x00000269e8084630: 4c8b 9424 | d800 0000 | 4c89 9424 | b000 0000 

  0x00000269e8084640: ;   {runtime_call _new_array_nozero_Java}
  0x00000269e8084640: c5f8 77e8 

  0x00000269e8084644: ; ImmutableOopMap {[48]=Oop [120]=Derived_oop_[48] [56]=NarrowOop [80]=Oop [88]=Oop [96]=Oop [104]=Oop [112]=Oop [136]=Oop [160]=Oop [176]=Oop [216]=Oop [224]=Oop }
                      ;*newarray {reexecute=0 rethrow=0 return_oop=1}
                      ; - java.util.Arrays::copyOfRangeByte@10 (line 3863)
                      ; - java.util.Arrays::copyOfRange@13 (line 3854)
                      ; - java.lang.StringLatin1::newString@16 (line 752)
                      ; - java.lang.String::substring@41 (line 2839)
                      ; - java.net.URLClassLoader::defineClass@28 (line 489)
                      ; - java.net.URLClassLoader$1::run@43 (line 427)
                      ; - java.net.URLClassLoader$1::run@1 (line 421)
                      ; - java.security.AccessController::executePrivileged@29 (line 809)
                      ; - java.security.AccessController::doPrivileged@13 (line 714)
                      ; - java.net.URLClassLoader::findClass@13 (line 420)
                      ; - java.lang.ClassLoader::loadClass@69 (line 593)
  0x00000269e8084644: 386f 86ff 

  0x00000269e8084648: ;   {other}
  0x00000269e8084648: 0f1f 8400 | b858 0046 | 448b 5424 | 2844 8b5c | 2438 4489 | 9c24 b000 | 0000 488b | 5c24 7048 
  0x00000269e8084668: 8b54 2478 | 488b 8c24 | 9000 0000 | 4c8b 8424 | 9800 0000 | 4c8b e848 | 8b74 2468 | e95f b8ff 
  0x00000269e8084688: ff4c 8bd3 | 458b 5a2c | 4585 db0f | 8404 e3ff | ff4d 8b57 | 2849 8bcb | 4d85 d20f | 841b 4000 
  0x00000269e80846a8: 004d 8b5f | 384b 894c | 13f8 4983 | c2f8 4d89 | 5728 4c8b | d366 6690 | e9d8 e2ff | ff4c 8b94 
  0x00000269e80846c8: 24b0 0000 | 0045 8b5a | 1445 85db | 0f84 7ae4 | ffff 4d8b | 5728 498b | cb4d 85d2 | 0f84 1b40 
  0x00000269e80846e8: 0000 4d8b | 5f38 4b89 | 4c13 f849 | 83c2 f84d | 8957 280f | 1f44 0000 | e94f e4ff | ff44 8b55 
  0x00000269e8084708: 1c45 85d2 | 0f84 f9e3 | ffff 4d8b | 5f28 498b | ca0f 1f80 | 0000 0000 | 4d85 db0f | 84bc 3f00 
  0x00000269e8084728: 004d 8b57 | 384b 894c | 1af8 4983 | c3f8 4d89 | 5f28 e9cc | e3ff ff44 | 8b5d 1c45 

  0x00000269e8084744: ;   {no_reloc}
  0x00000269e8084744: 85db 0f84 | 46e5 ffff | 4d8b 5728 | 498b cb4d | 85d2 0f84 | e93f 0000 | 4d8b 5f38 | 4b89 4c13 
  0x00000269e8084764: f849 83c2 | f84d 8957 | 28e9 20e5 | ffff 4c8b | 9424 b000 | 0000 458b | 5210 6690 | 4585 d20f 
  0x00000269e8084784: 844b e5ff | ff4d 8b5f | 2849 8bca | 4d85 db0f | 848c 3f00 | 004d 8b57 | 384b 894c | 1af8 4983 
  0x00000269e80847a4: c3f8 4d89 | 5f28 e925 | e5ff ff4c | 8b94 24b0 | 0000 0045 | 8b5a 340f | 1f44 0000 | 4585 db0f 
  0x00000269e80847c4: 8422 e9ff | ff4d 8b57 | 2849 8bcb | 4d85 d20f | 848c 3f00 | 004d 8b5f | 384b 894c | 13f8 4983 
  0x00000269e80847e4: c2f8 4d89 | 5728 e9fc | e8ff ff4c | 8b94 24b0 | 0000 0045 | 8b5a 240f | 1f44 0000 | 4585 db0f 
  0x00000269e8084804: 8442 e8ff | ff4d 8b57 | 2849 8bcb | 4d85 d20f | 846c 3f00 | 004d 8b5f | 384b 894c | 13f8 4983 
  0x00000269e8084824: c2f8 4d89 | 5728 e91c | e8ff ff44 | 8b55 1c45 | 85d2 0f84 | d6e5 ffff | 4d8b 5f28 | 498b ca4d 
  0x00000269e8084844: ;   {no_reloc}
  0x00000269e8084844: 85db 0f84 | b93f 0000 | 4d8b 5738 | 4b89 4c1a | f849 83c3 | f84d 895f | 2866 6690 | e9ad e5ff 
  0x00000269e8084864: ff4c 8b94 | 24a8 0000 | 0045 8b5a | 3045 85db | 0f84 62e9 | ffff 4d8b | 5728 498b | cb4d 85d2 
  0x00000269e8084884: 0f84 3b3f | 0000 4d8b | 5f38 4b89 | 4c13 f849 | 83c2 f84d | 8957 280f | 1f44 0000 | e937 e9ff 
  0x00000269e80848a4: ff4c 8b94 | 24b0 0000 | 0045 8b5a | 1c45 85db | 0f84 51e6 | ffff 4d8b | 5728 498b | cb4d 85d2 
  0x00000269e80848c4: 0f84 5b3f | 0000 4d8b | 5f38 4b89 | 4c13 f849 | 83c2 f84d | 8957 280f | 1f44 0000 | e926 e6ff 
  0x00000269e80848e4: ff4c 8b94 | 24b0 0000 | 0045 8b5a | 3845 85db | 0f84 97e8 | ffff 4d8b | 5728 498b | cb4d 85d2 
  0x00000269e8084904: 0f84 9b3e | 0000 4d8b | 5f38 4b89 | 4c13 f849 | 83c2 f84d | 8957 280f | 1f44 0000 | e96c e8ff 
  0x00000269e8084924: ff4c 8b94 | 24b0 0000 | 0045 8b5a | 1845 85db | 0f84 31e5 | ffff 4d8b | 5728 498b | cb4d 85d2 
  0x00000269e8084944: ;   {no_reloc}
  0x00000269e8084944: 0f84 9b3e | 0000 4d8b | 5f38 4b89 | 4c13 f849 | 83c2 f84d | 8957 280f | 1f44 0000 | e906 e5ff 
  0x00000269e8084964: ff44 8b5d | 0c45 85db | 0f84 40ea | ffff 4d8b | 5728 498b | cb0f 1f80 | 0000 0000 | 4d85 d20f 
  0x00000269e8084984: 84dc 3e00 | 004d 8b5f | 384b 894c | 13f8 4983 | c2f8 4d89 | 5728 e913 | eaff ff4c | 8b94 24a8 
  0x00000269e80849a4: 0000 0045 | 8b52 0c45 | 85d2 0f84 | 57ea ffff | 4d8b 5f28 | 498b ca0f | 1f44 0000 | 4d85 db0f 
  0x00000269e80849c4: 847c 3e00 | 004d 8b57 | 384b 894c | 1af8 4983 | c3f8 4d89 | 5f28 e92c | eaff ff49 | 8bda 4c8b 
  0x00000269e80849e4: 9424 a800 | 0000 458b | 5210 4585 | d20f 84ba | eaff ff4d | 8b5f 2849 | 8bca 6690 | 4d85 db0f 
  0x00000269e8084a04: 847c 3e00 | 004d 8b57 | 384b 894c | 1af8 4983 | c3f8 4d89 | 5f28 e992 | eaff ff4c | 8b84 24a8 
  0x00000269e8084a24: 0000 0045 | 8b50 1445 | 85d2 0f84 | 0beb ffff | 4d8b 5f28 | 498b ca0f | 1f44 0000 | 4d85 db0f 
  0x00000269e8084a44: ;   {no_reloc}
  0x00000269e8084a44: 845c 3e00 | 0049 8bd8 | 4d8b 5738 | 4b89 4c1a | f849 83c3 | f84d 895f | 284c 8bc3 | e9da eaff 
  0x00000269e8084a64: ff4d 8b57 | 484d 8b5f | 58f0 8344 | 24c0 0080 | 3900 0f84 | 14e1 ffff | 4488 2190 | 4d85 d275 
  0x00000269e8084a84: 2049 8bd7 | c5f8 7749 | ba00 9b4a | d7ff 7f00 | 0041 ffd2 

  0x00000269e8084a98: ;   {other}
  0x00000269e8084a98: 0f1f 8400 | 0000 0000 | e9eb e0ff | ff4b 894c | 13f8 4983 | c2f8 4d89 | 5748 e9d9 | e0ff ff4d 
  0x00000269e8084ab8: 8b57 484d | 8b5f 58f0 | 8344 24c0 | 0080 3900 | 0f84 7be0 | ffff 4488 | 214d 85d2 | 7520 498b 
  0x00000269e8084ad8: d7c5 f877 | 49ba 009b | 4ad7 ff7f | 0000 41ff 

  0x00000269e8084ae8: ;   {other}
  0x00000269e8084ae8: d20f 1f84 | 0000 0000 | 00e9 53e0 | ffff 4b89 | 4c13 f849 | 83c2 f84d | 8957 48e9 | 41e0 ffff 
  0x00000269e8084b08: 4d8b 5748 | 4d8b 5f58 | f083 4424 | c000 8039 | 000f 84f1 | e1ff ff44 | 8821 4d85 | d275 2049 
  0x00000269e8084b28: 8bd7 c5f8 | 7749 ba00 | 9b4a d7ff | 7f00 0041 

  0x00000269e8084b38: ;   {other}
  0x00000269e8084b38: ffd2 0f1f | 8400 0000 | 0000 e9c9 | e1ff ff4b | 894c 13f8 | 4983 c2f8 | 4d89 5748 | e9b7 e1ff 
  0x00000269e8084b58: ff4d 8b57 | 484d 8b5f | 58f0 8344 | 24c0 0080 | 3900 0f84 | 59e1 ffff | 4488 214d | 85d2 7520 
  0x00000269e8084b78: 498b d7c5 | f877 49ba | 009b 4ad7 | ff7f 0000 

  0x00000269e8084b88: ;   {other}
  0x00000269e8084b88: 41ff d20f | 1f84 0000 | 0000 00e9 | 31e1 ffff | 4b89 4c13 | f849 83c2 | f84d 8957 | 48e9 1fe1 
  0x00000269e8084ba8: ffff 498b | d84d 8b57 | 484d 8b5f | 58f0 8344 | 24c0 000f | 1f44 0000 | 8039 0074 | 3244 8821 
  0x00000269e8084bc8: 4d85 d274 | 0f4b 894c | 13f8 4983 | c2f8 4d89 | 5748 eb1b | 498b d7c5 | f877 49ba | 009b 4ad7 
  0x00000269e8084be8: ff7f 0000 

  0x00000269e8084bec: ;   {other}
  0x00000269e8084bec: 41ff d20f | 1f84 0000 | 0000 004c | 8bc3 e92a | e6ff ff4d | 8b57 484d | 8b5f 58f0 | 8344 24c0 
  0x00000269e8084c0c: 0080 3900 | 0f84 35e3 | ffff 4488 | 214d 85d2 | 7520 498b | d7c5 f877 | 49ba 009b | 4ad7 ff7f 
  0x00000269e8084c2c: 0000 41ff 

  0x00000269e8084c30: ;   {other}
  0x00000269e8084c30: d20f 1f84 | 0000 0000 | 00e9 0de3 | ffff 4b89 | 4c13 f849 | 83c2 f84d | 8957 48e9 | fbe2 ffff 
  0x00000269e8084c50: 4d8b 5748 | 4d8b 5f58 | f083 4424 | c000 6690 | 8039 000f | 8440 e2ff | ff44 8821 | 4d85 d275 
  0x00000269e8084c70: 2049 8bd7 | c5f8 7749 | ba00 9b4a | d7ff 7f00 | 0041 ffd2 

  0x00000269e8084c84: ;   {other}
  0x00000269e8084c84: 0f1f 8400 | 0000 0000 | e918 e2ff | ff4b 894c | 13f8 4983 | c2f8 4d89 | 5748 6690 | e904 e2ff 
  0x00000269e8084ca4: ff4d 8b57 | 484d 8b5f | 58f0 8344 | 24c0 0080 | 3900 0f84 | 15e5 ffff | 4488 2190 | 4d85 d275 
  0x00000269e8084cc4: 2049 8bd7 | c5f8 7749 | ba00 9b4a | d7ff 7f00 | 0041 ffd2 

  0x00000269e8084cd8: ;   {other}
  0x00000269e8084cd8: 0f1f 8400 | 0000 0000 | e9ec e4ff | ff4b 894c | 13f8 4983 | c2f8 4d89 | 5748 e9da | e4ff ff4d 
  0x00000269e8084cf8: 8b57 484d | 8b5f 58f0 | 8344 24c0 | 0080 3900 | 0f84 7be3 | ffff 4488 | 214d 85d2 | 7520 498b 
  0x00000269e8084d18: d7c5 f877 | 49ba 009b | 4ad7 ff7f | 0000 41ff 

  0x00000269e8084d28: ;   {other}
  0x00000269e8084d28: d20f 1f84 | 0000 0000 | 00e9 53e3 | ffff 4b89 | 4c13 f849 | 83c2 f84d | 8957 48e9 | 41e3 ffff 
  0x00000269e8084d48: 4d8b 5748 | 4d8b 5f58 | f083 4424 | c000 8039 | 000f 84d7 | e2ff ff44 | 8821 4d85 | d275 2049 
  0x00000269e8084d68: 8bd7 c5f8 | 7749 ba00 | 9b4a d7ff | 7f00 0041 

  0x00000269e8084d78: ;   {other}
  0x00000269e8084d78: ffd2 0f1f | 8400 0000 | 0000 e9af | e2ff ff4b | 894c 13f8 | 4983 c2f8 | 4d89 5748 | e99d e2ff 
  0x00000269e8084d98: ff4d 8b57 | 484d 8b5f | 58f0 8344 | 24c0 0080 | 3900 0f84 | 7be3 ffff | 4488 214d | 85d2 7520 
  0x00000269e8084db8: 498b d7c5 | f877 49ba | 009b 4ad7 | ff7f 0000 

  0x00000269e8084dc8: ;   {other}
  0x00000269e8084dc8: 41ff d20f | 1f84 0000 | 0000 00e9 | 53e3 ffff | 4b89 4c13 | f849 83c2 | f84d 8957 | 48e9 41e3 
  0x00000269e8084de8: ffff 4d8b | 5748 4d8b | 5f58 f083 | 4424 c000 | 0f1f 8400 | 0000 0000 | 8039 000f | 844f e0ff 
  0x00000269e8084e08: ff44 8821 | 4d85 d275 | 2049 8bd7 | c5f8 7749 | ba00 9b4a | d7ff 7f00 | 0041 ffd2 

  0x00000269e8084e24: ;   {other}
  0x00000269e8084e24: 0f1f 8400 | 0000 0000 | e927 e0ff | ff4b 894c | 13f8 4983 | c2f8 4d89 | 5748 6690 | e913 e0ff 
  0x00000269e8084e44: ff4d 8b57 | 484d 8b5f | 58f0 8344 | 24c0 0080 | 3900 0f84 | ede5 ffff | 4488 2190 | 4d85 d275 
  0x00000269e8084e64: 2049 8bd7 | c5f8 7749 | ba00 9b4a | d7ff 7f00 | 0041 ffd2 

  0x00000269e8084e78: ;   {other}
  0x00000269e8084e78: 0f1f 8400 | 0000 0000 | e9c4 e5ff | ff4b 894c | 13f8 4983 | c2f8 4d89 | 5748 e9b2 | e5ff ff4d 
  0x00000269e8084e98: 8b57 484d | 8b5f 58f0 | 8344 24c0 | 0080 3900 | 0f84 43e6 | ffff 4488 | 214d 85d2 | 7520 498b 
  0x00000269e8084eb8: d7c5 f877 | 49ba 009b | 4ad7 ff7f | 0000 41ff 

  0x00000269e8084ec8: ;   {other}
  0x00000269e8084ec8: d20f 1f84 | 0000 0000 | 00e9 1be6 | ffff 4b89 | 4c13 f849 | 83c2 f84d | 8957 48e9 | 09e6 ffff 
  0x00000269e8084ee8: 4d8b 5748 | 4d8b 5f58 | f083 4424 | c000 8039 | 000f 8490 | daff ff44 | 8821 4d85 | d275 2049 
  0x00000269e8084f08: 8bd7 c5f8 | 7749 ba00 | 9b4a d7ff | 7f00 0041 

  0x00000269e8084f18: ;   {other}
  0x00000269e8084f18: ffd2 0f1f | 8400 0000 | 0000 e968 | daff ff4b | 894c 13f8 | 4983 c2f8 | 4d89 5748 | e956 daff 
  0x00000269e8084f38: ff4d 8b57 | 484d 8b5f | 58f0 8344 | 24c0 0080 | 3900 0f84 | a4da ffff | 4488 214d | 85d2 7520 
  0x00000269e8084f58: 498b d7c5 | f877 49ba | 009b 4ad7 | ff7f 0000 

  0x00000269e8084f68: ;   {other}
  0x00000269e8084f68: 41ff d20f | 1f84 0000 | 0000 00e9 | 7cda ffff | 4b89 4c13 | f849 83c2 | f84d 8957 | 48e9 6ada 
  0x00000269e8084f88: ffff 4d8b | 5758 4d8b | 5f48 f083 | 4424 c000 | 0f1f 8400 | 0000 0000 | 8039 000f | 8456 e4ff 
  0x00000269e8084fa8: ff44 8821 | 4d85 db75 | 2049 8bd7 | c5f8 7749 | ba00 9b4a | d7ff 7f00 | 0041 ffd2 

  0x00000269e8084fc4: ;   {other}
  0x00000269e8084fc4: 0f1f 8400 | 0000 0000 | e92e e4ff | ff4b 894c | 1af8 4983 | c3f8 4d89 | 5f48 6690 | e91a e4ff 
  0x00000269e8084fe4: ff4d 8b57 | 484d 8b5f | 58f0 8344 | 24c0 0080 | 3900 0f84 | 83e5 ffff | 4488 2190 | 4d85 d275 
  0x00000269e8085004: 2649 8bd8 | 498b d7c5 | f877 49ba | 009b 4ad7 | ff7f 0000 

  0x00000269e8085018: ;   {other}
  0x00000269e8085018: 41ff d20f | 1f84 0000 | 0000 004c | 8bc3 e954 | e5ff ff4b | 894c 13f8 | 4983 c2f8 | 4d89 5748 
  0x00000269e8085038: e942 e5ff 

  0x00000269e808503c: ;   {metadata({type array byte})}
  0x00000269e808503c: ff48 ba18 | 2300 8069 | 0200 0044 | 8bc5 4c8b | 9424 e000 | 0000 4c89 | 5424 7048 | 89bc 2410 
  0x00000269e808505c: 0100 0090 

  0x00000269e8085060: ;   {runtime_call _new_array_Java}
  0x00000269e8085060: c5f8 77e8 

  0x00000269e8085064: ; ImmutableOopMap {[48]=Oop [56]=Oop [80]=Oop [88]=Oop [96]=Oop [112]=Oop [136]=Oop [144]=Oop [152]=Oop [160]=Oop [168]=Oop [176]=NarrowOop [184]=Oop [200]=NarrowOop [208]=Oop [216]=Oop [224]=Oop }
                      ;*invokevirtual allocateUninitializedArray0 {reexecute=0 rethrow=0 return_oop=1}
                      ; - jdk.internal.misc.Unsafe::allocateUninitializedArray@51 (line 1380)
                      ; - java.lang.StringConcatHelper::newArray@33 (line 511)
                      ; - java.lang.StringConcatHelper::simpleConcat@61 (line 435)
                      ; - java.lang.String::concat@11 (line 2899)
                      ; - java.net.URLClassLoader::isSealed@15 (line 601)
                      ; - java.net.URLClassLoader::getAndVerifyPackage@68 (line 469)
                      ; - java.net.URLClassLoader::defineClass@46 (line 492)
                      ; - java.net.URLClassLoader$1::run@43 (line 427)
                      ; - java.net.URLClassLoader$1::run@1 (line 421)
                      ; - java.security.AccessController::executePrivileged@29 (line 809)
                      ; - java.security.AccessController::doPrivileged@13 (line 714)
                      ; - java.net.URLClassLoader::findClass@13 (line 420)
                      ; - java.lang.ClassLoader::loadClass@69 (line 593)
  0x00000269e8085064: 9868 86ff 

  0x00000269e8085068: ;   {other}
  0x00000269e8085068: 0f1f 8400 | d862 0047 | 448b d548 | 8bd8 e90d | ccff ff48 | 895c 2468 

  0x00000269e8085080: ;   {metadata('java/lang/String')}
  0x00000269e8085080: 48ba 78e8 | 0080 6902 | 0000 488b | 6c24 384c | 8b94 24e0 | 0000 004c | 8954 2438 | 4c8b 9424 
  0x00000269e80850a0: d800 0000 | 4c89 5424 | 7866 6690 

  0x00000269e80850ac: ;   {runtime_call _new_instance_Java}
  0x00000269e80850ac: c5f8 77e8 

  0x00000269e80850b0: ; ImmutableOopMap {rbp=Oop [48]=Oop [56]=Oop [80]=Oop [88]=Oop [96]=Oop [104]=Oop [120]=Oop [136]=Oop [144]=Oop [152]=Oop [160]=Oop [168]=Oop [176]=NarrowOop [200]=NarrowOop [216]=Oop [224]=Oop }
                      ;*new {reexecute=0 rethrow=0 return_oop=1}
                      ; - java.lang.StringConcatHelper::newString@6 (line 400)
                      ; - java.lang.StringConcatHelper::simpleConcat@90 (line 440)
                      ; - java.lang.String::concat@11 (line 2899)
                      ; - java.net.URLClassLoader::isSealed@15 (line 601)
                      ; - java.net.URLClassLoader::getAndVerifyPackage@68 (line 469)
                      ; - java.net.URLClassLoader::defineClass@46 (line 492)
                      ; - java.net.URLClassLoader$1::run@43 (line 427)
                      ; - java.net.URLClassLoader$1::run@1 (line 421)
                      ; - java.security.AccessController::executePrivileged@29 (line 809)
                      ; - java.security.AccessController::doPrivileged@13 (line 714)
                      ; - java.net.URLClassLoader::findClass@13 (line 420)
                      ; - java.lang.ClassLoader::loadClass@69 (line 593)
  0x00000269e80850b0: 4c6b 86ff 

  0x00000269e80850b4: ;   {other}
  0x00000269e80850b4: 0f1f 8400 | 2463 0048 | 488b 5c24 | 68e9 8ccc | ffff 4889 | 5c24 3048 | 8b6c 2450 

  0x00000269e80850d0: ;   {metadata('java/lang/String')}
  0x00000269e80850d0: 48ba 78e8 | 0080 6902 | 0000 4c8b | 9424 e000 | 0000 4c89 | 5424 384c | 8b94 24d8 | 0000 004c 
  0x00000269e80850f0: 8954 2470 

  0x00000269e80850f4: ;   {runtime_call _new_instance_Java}
  0x00000269e80850f4: c5f8 77e8 

  0x00000269e80850f8: ; ImmutableOopMap {rbp=Oop [48]=Oop [56]=Oop [88]=Oop [112]=Oop [216]=Oop [224]=Oop }
                      ;*new {reexecute=0 rethrow=0 return_oop=1}
                      ; - java.lang.StringConcatHelper::simpleConcat@17 (line 425)
                      ; - java.lang.String::concat@11 (line 2899)
                      ; - java.net.URLClassLoader$1::run@13 (line 423)
                      ; - java.net.URLClassLoader$1::run@1 (line 421)
                      ; - java.security.AccessController::executePrivileged@29 (line 809)
                      ; - java.security.AccessController::doPrivileged@13 (line 714)
                      ; - java.net.URLClassLoader::findClass@13 (line 420)
                      ; - java.lang.ClassLoader::loadClass@69 (line 593)
  0x00000269e80850f8: 046b 86ff 

  0x00000269e80850fc: ;   {other}
  0x00000269e80850fc: 0f1f 8400 | 6c63 0049 | 4889 6c24 | 5048 8b5c | 2430 e93f | c5ff ff45 | 8b50 1066 | 0f1f 8400 
  0x00000269e808511c: 0000 0000 | 4585 d20f | 8444 d6ff | ff4d 8b5f | 2849 8bca | 4d85 db0f | 84af 3700 | 0048 8bfb 
  0x00000269e808513c: 498b d84d | 8b57 384b | 894c 1af8 | 4983 c3f8 | 4d89 5f28 | 4c8b c348 | 8bdf e912 | d6ff ff44 
  0x00000269e808515c: 8b5d 0c90 | 4585 db0f | 8405 d5ff | ff4d 8b57 | 2849 8bcb | 4d85 d20f | 8495 3700 | 004d 8b5f 
  0x00000269e808517c: 384b 894c | 13f8 4983 | c2f8 4d89 | 5728 e9df | d4ff ff4c | 8b54 2468 | 458b 520c | 0f1f 8400 
  0x00000269e808519c: 0000 0000 | 4585 d20f | 8422 d5ff | ff4d 8b5f | 2849 8bca | 4d85 db0f | 840f 3700 | 004d 8b57 
  0x00000269e80851bc: 384b 894c | 1af8 4983 | c3f8 4d89 | 5f28 e9fc | d4ff ff4c | 8bd5 458b | 5a14 4585 | db0f 8417 
  0x00000269e80851dc: d6ff ff4d | 8b47 2849 | 8bcb 4d85 | c00f 843f | 3700 004d | 8b5f 384b | 894c 03f8 

  0x00000269e80851f8: ;   {no_reloc}
  0x00000269e80851f8: 4983 c0f8 | 4d89 4728 | e9f1 d5ff | ff4d 8b57 | 484d 8b5f | 58f0 8344 | 24c0 0080 | 3900 7437 
  0x00000269e8085218: 4488 210f | 1f44 0000 | 4d85 d274 | 0f4b 894c | 13f8 4983 | c2f8 4d89 | 5748 eb1b | 498b d7c5 
  0x00000269e8085238: f877 49ba | 009b 4ad7 | ff7f 0000 

  0x00000269e8085244: ;   {other}
  0x00000269e8085244: 41ff d20f | 1f84 0000 | 0000 004c | 8b44 2468 | e9b0 d4ff | ff4d 8b57 | 484d 8b5f | 58f0 8344 
  0x00000269e8085264: 24c0 0080 | 3900 0f84 | 39d5 ffff | 4488 214d | 85d2 7526 | 498b d849 | 8bd7 c5f8 | 7749 ba00 
  0x00000269e8085284: 9b4a d7ff | 7f00 0041 

  0x00000269e808528c: ;   {other}
  0x00000269e808528c: ffd2 0f1f | 8400 0000 | 0000 4c8b | c3e9 0bd5 | ffff 4b89 | 4c13 f849 | 83c2 f84d | 8957 48e9 
  0x00000269e80852ac: f9d4 ffff | 4d8b 5758 | 4d8b 5f48 | f083 4424 | c000 6690 | 8039 000f | 84f0 d3ff | ff44 8821 
  0x00000269e80852cc: 4d85 db75 | 2049 8bd7 | c5f8 7749 | ba00 9b4a | d7ff 7f00 | 0041 ffd2 

  0x00000269e80852e4: ;   {other}
  0x00000269e80852e4: 0f1f 8400 | 0000 0000 | e9c8 d3ff | ff4b 894c | 1af8 4983 | c3f8 4d89 | 5f48 6690 | e9b4 d3ff 
  0x00000269e8085304: ;   {metadata({type array byte})}
  0x00000269e8085304: ff48 ba18 | 2300 8069 | 0200 0044 | 8b84 24c4 | 0000 004c | 8b94 24e0 | 0000 004c | 8954 2478 
  0x00000269e8085324: 4c8b 9424 | d800 0000 | 4c89 9424 | c800 0000 

  0x00000269e8085334: ;   {runtime_call _new_array_Java}
  0x00000269e8085334: c5f8 77e8 

  0x00000269e8085338: ; ImmutableOopMap {[48]=Oop [56]=Oop [80]=Oop [88]=Oop [96]=Oop [112]=Oop [120]=Oop [136]=Oop [144]=Oop [152]=Oop [160]=Oop [176]=NarrowOop [184]=Oop [192]=NarrowOop [200]=Oop [216]=Oop [224]=Oop [232]=NarrowOop }
                      ;*invokevirtual allocateUninitializedArray0 {reexecute=0 rethrow=0 return_oop=1}
                      ; - jdk.internal.misc.Unsafe::allocateUninitializedArray@51 (line 1380)
                      ; - java.lang.StringConcatHelper::newArray@33 (line 511)
                      ; - java.lang.StringLatin1::replace@49 (line 304)
                      ; - java.lang.String::replace@18 (line 2933)
                      ; - java.net.URLClassLoader::isSealed@9 (line 601)
                      ; - java.net.URLClassLoader::getAndVerifyPackage@68 (line 469)
                      ; - java.net.URLClassLoader::defineClass@46 (line 492)
                      ; - java.net.URLClassLoader$1::run@43 (line 427)
                      ; - java.net.URLClassLoader$1::run@1 (line 421)
                      ; - java.security.AccessController::executePrivileged@29 (line 809)
                      ; - java.security.AccessController::doPrivileged@13 (line 714)
                      ; - java.net.URLClassLoader::findClass@13 (line 420)
                      ; - java.lang.ClassLoader::loadClass@69 (line 593)
  0x00000269e8085338: c465 86ff 

  0x00000269e808533c: ;   {other}
  0x00000269e808533c: 0f1f 8400 | ac65 004a | 4c8b c0e9 | c8c4 ffff 

  0x00000269e808534c: ;   {metadata('java/lang/String')}
  0x00000269e808534c: 488b e848 | ba78 e800 | 8069 0200 | 004c 8b94 | 24e0 0000 | 004c 8954 | 2468 4c8b | 9424 d800 
  0x00000269e808536c: 0000 4c89 | 5424 7890 

  0x00000269e8085374: ;   {runtime_call _new_instance_Java}
  0x00000269e8085374: c5f8 77e8 

  0x00000269e8085378: ; ImmutableOopMap {rbp=Oop [48]=Oop [56]=Oop [80]=Oop [88]=Oop [96]=Oop [104]=Oop [120]=Oop [136]=Oop [144]=Oop [152]=Oop [160]=Oop [176]=NarrowOop [184]=Oop [216]=Oop [224]=Oop [232]=NarrowOop }
                      ;*new {reexecute=0 rethrow=0 return_oop=1}
                      ; - java.lang.StringLatin1::replace@116 (line 313)
                      ; - java.lang.String::replace@18 (line 2933)
                      ; - java.net.URLClassLoader::isSealed@9 (line 601)
                      ; - java.net.URLClassLoader::getAndVerifyPackage@68 (line 469)
                      ; - java.net.URLClassLoader::defineClass@46 (line 492)
                      ; - java.net.URLClassLoader$1::run@43 (line 427)
                      ; - java.net.URLClassLoader$1::run@1 (line 421)
                      ; - java.security.AccessController::executePrivileged@29 (line 809)
                      ; - java.security.AccessController::doPrivileged@13 (line 714)
                      ; - java.net.URLClassLoader::findClass@13 (line 420)
                      ; - java.lang.ClassLoader::loadClass@69 (line 593)
  0x00000269e8085378: 8468 86ff 

  0x00000269e808537c: ;   {other}
  0x00000269e808537c: 0f1f 8400 | ec65 004b | 4c8b d048 | 8bc5 498b | eae9 41c7 | ffff 4c89 | 5424 6848 | 8954 2438 
  0x00000269e808539c: 4889 9c24 | 9800 0000 | 4889 7424 | 3048 8bef | 4489 8c24 | 9000 0000 

  0x00000269e80853b4: ;   {metadata({type array byte})}
  0x00000269e80853b4: 48ba 1823 | 0080 6902 | 0000 458b | c34c 8b94 | 24e0 0000 | 004c 8954 | 2470 4c8b | 9424 d800 
  0x00000269e80853d4: 0000 4c89 | 9424 a000 | 0000 6690 

  0x00000269e80853e0: ;   {runtime_call _new_array_nozero_Java}
  0x00000269e80853e0: c5f8 77e8 

  0x00000269e80853e4: ; ImmutableOopMap {rbp=Oop [56]=Derived_oop_rbp [48]=Oop [80]=Oop [88]=Oop [96]=Oop [112]=Oop [136]=Oop [144]=NarrowOop [152]=Oop [160]=Oop [176]=NarrowOop [216]=Oop [224]=Oop }
                      ;*invokevirtual clone {reexecute=1 rethrow=0 return_oop=1}
                      ; - (reexecute) java.util.Arrays::copyOfRange@18 (line 3856)
                      ; - java.lang.StringLatin1::newString@16 (line 752)
                      ; - java.lang.String::substring@41 (line 2839)
                      ; - java.net.URLClassLoader::defineClass@28 (line 489)
                      ; - java.net.URLClassLoader$1::run@43 (line 427)
                      ; - java.net.URLClassLoader$1::run@1 (line 421)
                      ; - java.security.AccessController::executePrivileged@29 (line 809)
                      ; - java.security.AccessController::doPrivileged@13 (line 714)
                      ; - java.net.URLClassLoader::findClass@13 (line 420)
                      ; - java.lang.ClassLoader::loadClass@69 (line 593)
  0x00000269e80853e4: 9861 86ff 

  0x00000269e80853e8: ;   {other}
  0x00000269e80853e8: 0f1f 8400 | 5866 004c | 488b e8e9 | 06aa ffff | 4489 5424 | 784c 8974 | 2470 4c8b | 9424 9000 
  0x00000269e8085408: 0000 4c89 | 5424 684c | 895c 2438 | 4889 7424 | 3044 8b9c | 24b0 0000 | 0044 895c | 2428 4c89 
  0x00000269e8085428: 8c24 e000 

  0x00000269e808542c: ;   {metadata('java/lang/ClassLoader$$Lambda+0x0000026981066a70')}
  0x00000269e808542c: 0000 48ba | 706a 0681 | 6902 0000 | 4c8b 9424 | d800 0000 | 4c89 9424 | a000 0000 | 4c89 8c24 
  0x00000269e808544c: a800 0000 | 4c89 8c24 | b800 0000 

  0x00000269e8085458: ;   {runtime_call _new_instance_Java}
  0x00000269e8085458: c5f8 77e8 

  0x00000269e808545c: ; ImmutableOopMap {rbp=NarrowOop [40]=NarrowOop [48]=Oop [56]=Oop [80]=Oop [88]=Oop [96]=Oop [104]=Oop [112]=Oop [120]=NarrowOop [136]=Oop [160]=Oop [168]=Oop [184]=Oop [216]=Oop [224]=Oop }
                      ;*invokevirtual allocateInstance {reexecute=0 rethrow=0 return_oop=1}
                      ; - java.lang.invoke.DirectMethodHandle::allocateInstance@12 (line 501)
                      ; - java.lang.invoke.DirectMethodHandle$Holder::newInvokeSpecial@1
                      ; - java.lang.invoke.Invokers$Holder::linkToTargetMethod@6
                      ; - java.lang.ClassLoader::definePackage@73 (line 2129)
                      ; - java.lang.ClassLoader::getDefinedPackage@32 (line 2267)
                      ; - java.net.URLClassLoader::getAndVerifyPackage@2 (line 457)
                      ; - java.net.URLClassLoader::defineClass@46 (line 492)
                      ; - java.net.URLClassLoader$1::run@43 (line 427)
                      ; - java.net.URLClassLoader$1::run@1 (line 421)
                      ; - java.security.AccessController::executePrivileged@29 (line 809)
                      ; - java.security.AccessController::doPrivileged@13 (line 714)
                      ; - java.net.URLClassLoader::findClass@13 (line 420)
                      ; - java.lang.ClassLoader::loadClass@69 (line 593)
  0x00000269e808545c: a067 86ff 

  0x00000269e8085460: ;   {other}
  0x00000269e8085460: 0f1f 8400 | d066 004d | 4c8b 8c24 | a800 0000 | 448b 5424 | 2844 8994 | 24b0 0000 | 004c 8b5c 
  0x00000269e8085480: 2438 4c8b | 5424 684c | 8994 2490 | 0000 004c | 8b74 2470 | 448b 5424 | 7848 8bc8 | 488b 7424 
  0x00000269e80854a0: 30e9 68a7 | ffff 418b | e9e9 a1b9 | ffff 440f | b645 1144 | 8b9c 2490 | 0000 0044 | 899c 24b0 
  0x00000269e80854c0: 0000 004c | 8b54 2430 | 4c8b 5c24 | 784c 899c | 2490 0000 | 004c 8b5c | 2468 498b | f266 6690 
  0x00000269e80854e0: e97a eaff 

  0x00000269e80854e4: ;   {metadata('java/lang/ref/SoftReference')}
  0x00000269e80854e4: ff48 ba58 | dc03 8069 | 0200 004c | 8b94 24e0 | 0000 004c | 8954 2438 | 4c8b 9424 | d800 0000 
  0x00000269e8085504: 4c89 5424 | 7066 6690 

  0x00000269e808550c: ;   {runtime_call _new_instance_Java}
  0x00000269e808550c: c5f8 77e8 

  0x00000269e8085510: ; ImmutableOopMap {rbp=Oop [48]=Oop [56]=Oop [80]=Oop [88]=Oop [96]=Oop [112]=Oop [120]=Oop [136]=Oop [144]=NarrowOop [152]=Oop [216]=Oop [224]=Oop [248]=Oop }
                      ;*new {reexecute=0 rethrow=0 return_oop=1}
                      ; - java.util.jar.JarFile::getManifestFromReference@184 (line 435)
                      ; - java.util.jar.JarFile::getManifest@1 (line 405)
                      ; - jdk.internal.loader.URLClassPath$JarLoader$2::getManifest@22 (line 853)
                      ; - java.net.URLClassLoader::defineClass@34 (line 491)
                      ; - java.net.URLClassLoader$1::run@43 (line 427)
                      ; - java.net.URLClassLoader$1::run@1 (line 421)
                      ; - java.security.AccessController::executePrivileged@29 (line 809)
                      ; - java.security.AccessController::doPrivileged@13 (line 714)
                      ; - java.net.URLClassLoader::findClass@13 (line 420)
                      ; - java.lang.ClassLoader::loadClass@69 (line 593)
  0x00000269e8085510: ec66 86ff 

  0x00000269e8085514: ;   {other}
  0x00000269e8085514: 0f1f 8400 | 8467 004e | 4c8b c090 | e9a6 e0ff | ff41 8bea | e958 c2ff 

  0x00000269e808552c: ;   {metadata('java/util/jar/JarVerifier')}
  0x00000269e808552c: ff48 ba28 | 1c17 8069 | 0200 0090 

  0x00000269e8085538: ;   {runtime_call _new_instance_Java}
  0x00000269e8085538: c5f8 77e8 

  0x00000269e808553c: ; ImmutableOopMap {rbp=Oop [48]=Oop [56]=Oop [80]=Oop [88]=Oop [96]=Oop [112]=Oop [120]=Oop [136]=Oop [144]=NarrowOop [160]=Oop [168]=Oop [216]=Oop [224]=Oop [248]=Oop }
                      ;*new {reexecute=0 rethrow=0 return_oop=1}
                      ; - java.util.jar.JarFile::getManifestFromReference@69 (line 421)
                      ; - java.util.jar.JarFile::getManifest@1 (line 405)
                      ; - jdk.internal.loader.URLClassPath$JarLoader$2::getManifest@22 (line 853)
                      ; - java.net.URLClassLoader::defineClass@34 (line 491)
                      ; - java.net.URLClassLoader$1::run@43 (line 427)
                      ; - java.net.URLClassLoader$1::run@1 (line 421)
                      ; - java.security.AccessController::executePrivileged@29 (line 809)
                      ; - java.security.AccessController::doPrivileged@13 (line 714)
                      ; - java.net.URLClassLoader::findClass@13 (line 420)
                      ; - java.lang.ClassLoader::loadClass@69 (line 593)
  0x00000269e808553c: c066 86ff 

  0x00000269e8085540: ;   {other}
  0x00000269e8085540: 0f1f 8400 | b067 004f | 4c8b c0e9 | d7d3 ffff 

  0x00000269e8085550: ;   {metadata('java/util/Hashtable')}
  0x00000269e8085550: 48ba b8d3 | 0080 6902 | 0000 488b | ac24 e000 | 0000 6690 

  0x00000269e8085564: ;   {runtime_call _new_instance_Java}
  0x00000269e8085564: c5f8 77e8 

  0x00000269e8085568: ; ImmutableOopMap {rbp=Oop [40]=NarrowOop [48]=Oop [80]=Oop [88]=Oop [96]=Oop [112]=Oop [120]=Oop [136]=Oop [144]=NarrowOop [160]=Oop [168]=Oop [176]=Oop [216]=Oop [224]=Oop [248]=Oop }
                      ;*new {reexecute=0 rethrow=0 return_oop=1}
                      ; - java.util.jar.JarVerifier::<init>@35 (line 105)
                      ; - java.util.jar.JarFile::getManifestFromReference@78 (line 421)
                      ; - java.util.jar.JarFile::getManifest@1 (line 405)
                      ; - jdk.internal.loader.URLClassPath$JarLoader$2::getManifest@22 (line 853)
                      ; - java.net.URLClassLoader::defineClass@34 (line 491)
                      ; - java.net.URLClassLoader$1::run@43 (line 427)
                      ; - java.net.URLClassLoader$1::run@1 (line 421)
                      ; - java.security.AccessController::executePrivileged@29 (line 809)
                      ; - java.security.AccessController::doPrivileged@13 (line 714)
                      ; - java.net.URLClassLoader::findClass@13 (line 420)
                      ; - java.lang.ClassLoader::loadClass@69 (line 593)
  0x00000269e8085568: 9466 86ff 

  0x00000269e808556c: ;   {other}
  0x00000269e808556c: 0f1f 8400 | dc67 0050 | 488b e8e9 | d0d4 ffff 

  0x00000269e808557c: ;   {metadata('java/util/Hashtable')}
  0x00000269e808557c: 48ba b8d3 | 0080 6902 | 0000 488b | 6c24 3890 

  0x00000269e808558c: ;   {runtime_call _new_instance_Java}
  0x00000269e808558c: c5f8 77e8 

  0x00000269e8085590: ; ImmutableOopMap {rbp=Oop [40]=NarrowOop [48]=Oop [80]=Oop [88]=Oop [96]=Oop [112]=Oop [120]=Oop [136]=Oop [144]=NarrowOop [160]=Oop [168]=Oop [176]=Oop [216]=Oop [224]=Oop [248]=Oop }
                      ;*new {reexecute=0 rethrow=0 return_oop=1}
                      ; - java.util.jar.JarVerifier::<init>@46 (line 106)
                      ; - java.util.jar.JarFile::getManifestFromReference@78 (line 421)
                      ; - java.util.jar.JarFile::getManifest@1 (line 405)
                      ; - jdk.internal.loader.URLClassPath$JarLoader$2::getManifest@22 (line 853)
                      ; - java.net.URLClassLoader::defineClass@34 (line 491)
                      ; - java.net.URLClassLoader$1::run@43 (line 427)
                      ; - java.net.URLClassLoader$1::run@1 (line 421)
                      ; - java.security.AccessController::executePrivileged@29 (line 809)
                      ; - java.security.AccessController::doPrivileged@13 (line 714)
                      ; - java.net.URLClassLoader::findClass@13 (line 420)
                      ; - java.lang.ClassLoader::loadClass@69 (line 593)
  0x00000269e8085590: 6c66 86ff 

  0x00000269e8085594: ;   {other}
  0x00000269e8085594: 0f1f 8400 | 0468 0051 | 488b e890 | e93a d6ff 

  0x00000269e80855a4: ;   {metadata('java/util/Hashtable$Entry'[])}
  0x00000269e80855a4: ff48 ba28 | 9913 8069 | 0200 0041 | b80b 0000 | 0066 6690 

  0x00000269e80855b8: ;   {runtime_call _new_array_Java}
  0x00000269e80855b8: c5f8 77e8 

  0x00000269e80855bc: ; ImmutableOopMap {rbp=Oop [40]=NarrowOop [48]=Oop [56]=Oop [80]=Oop [88]=Oop [96]=Oop [112]=Oop [120]=Oop [136]=Oop [144]=NarrowOop [160]=Oop [168]=Oop [176]=Oop [216]=Oop [224]=Oop [248]=Oop }
                      ;*anewarray {reexecute=0 rethrow=0 return_oop=1}
                      ; - java.util.Hashtable::<init>@93 (line 196)
                      ; - java.util.Hashtable::<init>@5 (line 217)
                      ; - java.util.jar.JarVerifier::<init>@39 (line 105)
                      ; - java.util.jar.JarFile::getManifestFromReference@78 (line 421)
                      ; - java.util.jar.JarFile::getManifest@1 (line 405)
                      ; - jdk.internal.loader.URLClassPath$JarLoader$2::getManifest@22 (line 853)
                      ; - java.net.URLClassLoader::defineClass@34 (line 491)
                      ; - java.net.URLClassLoader$1::run@43 (line 427)
                      ; - java.net.URLClassLoader$1::run@1 (line 421)
                      ; - java.security.AccessController::executePrivileged@29 (line 809)
                      ; - java.security.AccessController::doPrivileged@13 (line 714)
                      ; - java.net.URLClassLoader::findClass@13 (line 420)
                      ; - java.lang.ClassLoader::loadClass@69 (line 593)
  0x00000269e80855bc: 4063 86ff 

  0x00000269e80855c0: ;   {other}
  0x00000269e80855c0: 0f1f 8400 | 3068 0052 | 4c8b d0e9 | 24d5 ffff 

  0x00000269e80855d0: ;   {metadata('java/util/Hashtable')}
  0x00000269e80855d0: 48ba b8d3 | 0080 6902 | 0000 488b | 6c24 3890 

  0x00000269e80855e0: ;   {runtime_call _new_instance_Java}
  0x00000269e80855e0: c5f8 77e8 

  0x00000269e80855e4: ; ImmutableOopMap {rbp=Oop [40]=NarrowOop [48]=Oop [80]=Oop [88]=Oop [96]=Oop [112]=Oop [120]=Oop [136]=Oop [144]=NarrowOop [160]=Oop [168]=Oop [176]=Oop [216]=Oop [224]=Oop [248]=Oop }
                      ;*new {reexecute=0 rethrow=0 return_oop=1}
                      ; - java.util.jar.JarVerifier::<init>@57 (line 107)
                      ; - java.util.jar.JarFile::getManifestFromReference@78 (line 421)
                      ; - java.util.jar.JarFile::getManifest@1 (line 405)
                      ; - jdk.internal.loader.URLClassPath$JarLoader$2::getManifest@22 (line 853)
                      ; - java.net.URLClassLoader::defineClass@34 (line 491)
                      ; - java.net.URLClassLoader$1::run@43 (line 427)
                      ; - java.net.URLClassLoader$1::run@1 (line 421)
                      ; - java.security.AccessController::executePrivileged@29 (line 809)
                      ; - java.security.AccessController::doPrivileged@13 (line 714)
                      ; - java.net.URLClassLoader::findClass@13 (line 420)
                      ; - java.lang.ClassLoader::loadClass@69 (line 593)
  0x00000269e80855e4: 1866 86ff 

  0x00000269e80855e8: ;   {other}
  0x00000269e80855e8: 0f1f 8400 | 5868 0053 | 488b e8e9 | 67d7 ffff 

  0x00000269e80855f8: ;   {metadata('java/util/Hashtable$Entry'[])}
  0x00000269e80855f8: 48ba 2899 | 1380 6902 | 0000 41b8 | 0b00 0000 

  0x00000269e8085608: ;   {runtime_call _new_array_Java}
  0x00000269e8085608: c5f8 77e8 

  0x00000269e808560c: ; ImmutableOopMap {rbp=Oop [40]=NarrowOop [48]=Oop [56]=Oop [80]=Oop [88]=Oop [96]=Oop [112]=Oop [120]=Oop [136]=Oop [144]=NarrowOop [160]=Oop [168]=Oop [176]=Oop [216]=Oop [224]=Oop [248]=Oop }
                      ;*anewarray {reexecute=0 rethrow=0 return_oop=1}
                      ; - java.util.Hashtable::<init>@93 (line 196)
                      ; - java.util.Hashtable::<init>@5 (line 217)
                      ; - java.util.jar.JarVerifier::<init>@50 (line 106)
                      ; - java.util.jar.JarFile::getManifestFromReference@78 (line 421)
                      ; - java.util.jar.JarFile::getManifest@1 (line 405)
                      ; - jdk.internal.loader.URLClassPath$JarLoader$2::getManifest@22 (line 853)
                      ; - java.net.URLClassLoader::defineClass@34 (line 491)
                      ; - java.net.URLClassLoader$1::run@43 (line 427)
                      ; - java.net.URLClassLoader$1::run@1 (line 421)
                      ; - java.security.AccessController::executePrivileged@29 (line 809)
                      ; - java.security.AccessController::doPrivileged@13 (line 714)
                      ; - java.net.URLClassLoader::findClass@13 (line 420)
                      ; - java.lang.ClassLoader::loadClass@69 (line 593)
  0x00000269e808560c: f062 86ff 

  0x00000269e8085610: ;   {other}
  0x00000269e8085610: 0f1f 8400 | 8068 0054 | 4c8b d00f | 1f44 0000 | e95f d6ff 

  0x00000269e8085624: ;   {metadata('java/io/ByteArrayOutputStream')}
  0x00000269e8085624: ff48 ba20 | 1822 8069 | 0200 0048 | 8bac 24e0 | 0000 0090 

  0x00000269e8085638: ;   {runtime_call _new_instance_Java}
  0x00000269e8085638: c5f8 77e8 

  0x00000269e808563c: ; ImmutableOopMap {rbp=Oop [40]=NarrowOop [48]=Oop [80]=Oop [88]=Oop [96]=Oop [112]=Oop [120]=Oop [136]=Oop [144]=NarrowOop [148]=NarrowOop [160]=Oop [168]=Oop [176]=Oop [216]=Oop [224]=Oop [248]=Oop }
                      ;*new {reexecute=0 rethrow=0 return_oop=1}
                      ; - java.util.jar.JarVerifier::<init>@81 (line 109)
                      ; - java.util.jar.JarFile::getManifestFromReference@78 (line 421)
                      ; - java.util.jar.JarFile::getManifest@1 (line 405)
                      ; - jdk.internal.loader.URLClassPath$JarLoader$2::getManifest@22 (line 853)
                      ; - java.net.URLClassLoader::defineClass@34 (line 491)
                      ; - java.net.URLClassLoader$1::run@43 (line 427)
                      ; - java.net.URLClassLoader$1::run@1 (line 421)
                      ; - java.security.AccessController::executePrivileged@29 (line 809)
                      ; - java.security.AccessController::doPrivileged@13 (line 714)
                      ; - java.net.URLClassLoader::findClass@13 (line 420)
                      ; - java.lang.ClassLoader::loadClass@69 (line 593)
  0x00000269e808563c: c065 86ff 

  0x00000269e8085640: ;   {other}
  0x00000269e8085640: 0f1f 8400 | b068 0055 | 4c8b d0e9 | 43d9 ffff 

  0x00000269e8085650: ;   {metadata('java/util/HashMap')}
  0x00000269e8085650: 48ba 80c2 | 0880 6902 | 0000 488b | ac24 e000 | 0000 6690 

  0x00000269e8085664: ;   {runtime_call _new_instance_Java}
  0x00000269e8085664: c5f8 77e8 

  0x00000269e8085668: ; ImmutableOopMap {rbp=Oop [40]=NarrowOop [48]=Oop [80]=Oop [88]=Oop [96]=Oop [112]=Oop [120]=Oop [136]=Oop [144]=NarrowOop [148]=NarrowOop [160]=Oop [168]=Oop [176]=Oop [216]=Oop [224]=Oop [248]=Oop }
                      ;*new {reexecute=0 rethrow=0 return_oop=1}
                      ; - java.util.jar.JarVerifier::<init>@103 (line 111)
                      ; - java.util.jar.JarFile::getManifestFromReference@78 (line 421)
                      ; - java.util.jar.JarFile::getManifest@1 (line 405)
                      ; - jdk.internal.loader.URLClassPath$JarLoader$2::getManifest@22 (line 853)
                      ; - java.net.URLClassLoader::defineClass@34 (line 491)
                      ; - java.net.URLClassLoader$1::run@43 (line 427)
                      ; - java.net.URLClassLoader$1::run@1 (line 421)
                      ; - java.security.AccessController::executePrivileged@29 (line 809)
                      ; - java.security.AccessController::doPrivileged@13 (line 714)
                      ; - java.net.URLClassLoader::findClass@13 (line 420)
                      ; - java.lang.ClassLoader::loadClass@69 (line 593)
  0x00000269e8085668: 9465 86ff 

  0x00000269e808566c: ;   {other}
  0x00000269e808566c: 0f1f 8400 | dc68 0056 | 4c8b d0e9 | ffda ffff 

  0x00000269e808567c: ;   {metadata('java/util/ArrayList')}
  0x00000269e808567c: 48ba e8a2 | 0b80 6902 | 0000 488b | 6c24 3890 

  0x00000269e808568c: ;   {runtime_call _new_instance_Java}
  0x00000269e808568c: c5f8 77e8 

  0x00000269e8085690: ; ImmutableOopMap {rbp=Oop [40]=NarrowOop [48]=Oop [80]=Oop [88]=Oop [96]=Oop [112]=Oop [120]=Oop [136]=Oop [144]=NarrowOop [148]=NarrowOop [160]=Oop [168]=Oop [176]=Oop [216]=Oop [224]=Oop [248]=Oop }
                      ;*new {reexecute=0 rethrow=0 return_oop=1}
                      ; - java.util.jar.JarVerifier::<init>@70 (line 108)
                      ; - java.util.jar.JarFile::getManifestFromReference@78 (line 421)
                      ; - java.util.jar.JarFile::getManifest@1 (line 405)
                      ; - jdk.internal.loader.URLClassPath$JarLoader$2::getManifest@22 (line 853)
                      ; - java.net.URLClassLoader::defineClass@34 (line 491)
                      ; - java.net.URLClassLoader$1::run@43 (line 427)
                      ; - java.net.URLClassLoader$1::run@1 (line 421)
                      ; - java.security.AccessController::executePrivileged@29 (line 809)
                      ; - java.security.AccessController::doPrivileged@13 (line 714)
                      ; - java.net.URLClassLoader::findClass@13 (line 420)
                      ; - java.lang.ClassLoader::loadClass@69 (line 593)
  0x00000269e8085690: 6c65 86ff 

  0x00000269e8085694: ;   {other}
  0x00000269e8085694: 0f1f 8400 | 0469 0057 | 4c8b d090 | e94e d8ff 

  0x00000269e80856a4: ;   {metadata('java/util/ArrayList')}
  0x00000269e80856a4: ff48 bae8 | a20b 8069 | 0200 0048 | 8bac 24e0 | 0000 0090 

  0x00000269e80856b8: ;   {runtime_call _new_instance_Java}
  0x00000269e80856b8: c5f8 77e8 

  0x00000269e80856bc: ; ImmutableOopMap {rbp=Oop [40]=NarrowOop [48]=Oop [80]=Oop [88]=Oop [96]=Oop [112]=Oop [120]=Oop [136]=Oop [144]=NarrowOop [148]=NarrowOop [160]=Oop [168]=Oop [176]=Oop [216]=Oop [224]=Oop [248]=Oop }
                      ;*new {reexecute=0 rethrow=0 return_oop=1}
                      ; - java.util.jar.JarVerifier::<init>@92 (line 110)
                      ; - java.util.jar.JarFile::getManifestFromReference@78 (line 421)
                      ; - java.util.jar.JarFile::getManifest@1 (line 405)
                      ; - jdk.internal.loader.URLClassPath$JarLoader$2::getManifest@22 (line 853)
                      ; - java.net.URLClassLoader::defineClass@34 (line 491)
                      ; - java.net.URLClassLoader$1::run@43 (line 427)
                      ; - java.net.URLClassLoader$1::run@1 (line 421)
                      ; - java.security.AccessController::executePrivileged@29 (line 809)
                      ; - java.security.AccessController::doPrivileged@13 (line 714)
                      ; - java.net.URLClassLoader::findClass@13 (line 420)
                      ; - java.lang.ClassLoader::loadClass@69 (line 593)
  0x00000269e80856bc: 4065 86ff 

  0x00000269e80856c0: ;   {other}
  0x00000269e80856c0: 0f1f 8400 | 3069 0058 | 4c8b d0e9 | 03da ffff | 41b8 2000 

  0x00000269e80856d4: ;   {metadata({type array byte})}
  0x00000269e80856d4: 0000 48ba | 1823 0080 | 6902 0000 | 4c8b 9424 | e000 0000 | 4c89 5424 | 3866 6690 

  0x00000269e80856f0: ;   {runtime_call _new_array_Java}
  0x00000269e80856f0: c5f8 77e8 

  0x00000269e80856f4: ; ImmutableOopMap {rbp=Oop [40]=NarrowOop [48]=Oop [56]=Oop [80]=Oop [88]=Oop [96]=Oop [112]=Oop [120]=Oop [136]=Oop [144]=NarrowOop [148]=NarrowOop [160]=Oop [168]=Oop [176]=Oop [216]=Oop [224]=Oop [248]=Oop }
                      ;*newarray {reexecute=0 rethrow=0 return_oop=1}
                      ; - java.io.ByteArrayOutputStream::<init>@37 (line 81)
                      ; - java.io.ByteArrayOutputStream::<init>@3 (line 66)
                      ; - java.util.jar.JarVerifier::<init>@85 (line 109)
                      ; - java.util.jar.JarFile::getManifestFromReference@78 (line 421)
                      ; - java.util.jar.JarFile::getManifest@1 (line 405)
                      ; - jdk.internal.loader.URLClassPath$JarLoader$2::getManifest@22 (line 853)
                      ; - java.net.URLClassLoader::defineClass@34 (line 491)
                      ; - java.net.URLClassLoader$1::run@43 (line 427)
                      ; - java.net.URLClassLoader$1::run@1 (line 421)
                      ; - java.security.AccessController::executePrivileged@29 (line 809)
                      ; - java.security.AccessController::doPrivileged@13 (line 714)
                      ; - java.net.URLClassLoader::findClass@13 (line 420)
                      ; - java.lang.ClassLoader::loadClass@69 (line 593)
  0x00000269e80856f4: 0862 86ff 

  0x00000269e80856f8: ;   {other}
  0x00000269e80856f8: 0f1f 8400 | 6869 0059 | e9f8 d8ff 

  0x00000269e8085704: ;   {metadata('java/io/ByteArrayInputStream')}
  0x00000269e8085704: ff48 bab8 | 3c05 8069 | 0200 0048 | 8bac 24e0 | 0000 0090 

  0x00000269e8085718: ;   {runtime_call _new_instance_Java}
  0x00000269e8085718: c5f8 77e8 

  0x00000269e808571c: ; ImmutableOopMap {rbp=Oop [40]=NarrowOop [48]=Oop [56]=Oop [80]=Oop [88]=Oop [96]=Oop [112]=Oop [120]=Oop [136]=Oop [144]=NarrowOop [152]=Oop [160]=Oop [168]=Oop [176]=NarrowOop [216]=Oop [224]=Oop [248]=Oop }
                      ;*new {reexecute=0 rethrow=0 return_oop=1}
                      ; - java.util.jar.JarFile::getManifestFromReference@109 (line 429)
                      ; - java.util.jar.JarFile::getManifest@1 (line 405)
                      ; - jdk.internal.loader.URLClassPath$JarLoader$2::getManifest@22 (line 853)
                      ; - java.net.URLClassLoader::defineClass@34 (line 491)
                      ; - java.net.URLClassLoader$1::run@43 (line 427)
                      ; - java.net.URLClassLoader$1::run@1 (line 421)
                      ; - java.security.AccessController::executePrivileged@29 (line 809)
                      ; - java.security.AccessController::doPrivileged@13 (line 714)
                      ; - java.net.URLClassLoader::findClass@13 (line 420)
                      ; - java.lang.ClassLoader::loadClass@69 (line 593)
  0x00000269e808571c: e064 86ff 

  0x00000269e8085720: ;   {other}
  0x00000269e8085720: 0f1f 8400 | 9069 005a | e9c9 dbff 

  0x00000269e808572c: ;   {metadata('java/util/Hashtable$Entry'[])}
  0x00000269e808572c: ff48 ba28 | 9913 8069 | 0200 0041 | b80b 0000 | 0066 6690 

  0x00000269e8085740: ;   {runtime_call _new_array_Java}
  0x00000269e8085740: c5f8 77e8 

  0x00000269e8085744: ; ImmutableOopMap {rbp=Oop [40]=NarrowOop [48]=Oop [56]=Oop [80]=Oop [88]=Oop [96]=Oop [112]=Oop [120]=Oop [136]=Oop [144]=NarrowOop [160]=Oop [168]=Oop [176]=Oop [216]=Oop [224]=Oop [248]=Oop }
                      ;*anewarray {reexecute=0 rethrow=0 return_oop=1}
                      ; - java.util.Hashtable::<init>@93 (line 196)
                      ; - java.util.Hashtable::<init>@4 (line 209)
                      ; - java.util.jar.JarVerifier::<init>@63 (line 107)
                      ; - java.util.jar.JarFile::getManifestFromReference@78 (line 421)
                      ; - java.util.jar.JarFile::getManifest@1 (line 405)
                      ; - jdk.internal.loader.URLClassPath$JarLoader$2::getManifest@22 (line 853)
                      ; - java.net.URLClassLoader::defineClass@34 (line 491)
                      ; - java.net.URLClassLoader$1::run@43 (line 427)
                      ; - java.net.URLClassLoader$1::run@1 (line 421)
                      ; - java.security.AccessController::executePrivileged@29 (line 809)
                      ; - java.security.AccessController::doPrivileged@13 (line 714)
                      ; - java.net.URLClassLoader::findClass@13 (line 420)
                      ; - java.lang.ClassLoader::loadClass@69 (line 593)
  0x00000269e8085744: b861 86ff 

  0x00000269e8085748: ;   {other}
  0x00000269e8085748: 0f1f 8400 | b869 005b | 4c8b d0e9 | acd6 ffff | 4c89 8424 | 9800 0000 

  0x00000269e8085760: ;   {metadata('java/util/jar/Manifest')}
  0x00000269e8085760: 48ba b8fa | 0480 6902 | 0000 488b | ac24 e000 | 0000 6690 

  0x00000269e8085774: ;   {runtime_call _new_instance_Java}
  0x00000269e8085774: c5f8 77e8 

  0x00000269e8085778: ; ImmutableOopMap {rbp=Oop [40]=NarrowOop [48]=Oop [80]=Oop [88]=Oop [96]=Oop [112]=Oop [120]=Oop [136]=Oop [144]=NarrowOop [152]=Oop [160]=Oop [216]=Oop [224]=Oop [248]=Oop }
                      ;*new {reexecute=0 rethrow=0 return_oop=1}
                      ; - java.util.jar.JarFile::getManifestFromReference@101 (line 429)
                      ; - java.util.jar.JarFile::getManifest@1 (line 405)
                      ; - jdk.internal.loader.URLClassPath$JarLoader$2::getManifest@22 (line 853)
                      ; - java.net.URLClassLoader::defineClass@34 (line 491)
                      ; - java.net.URLClassLoader$1::run@43 (line 427)
                      ; - java.net.URLClassLoader$1::run@1 (line 421)
                      ; - java.security.AccessController::executePrivileged@29 (line 809)
                      ; - java.security.AccessController::doPrivileged@13 (line 714)
                      ; - java.net.URLClassLoader::findClass@13 (line 420)
                      ; - java.lang.ClassLoader::loadClass@69 (line 593)
  0x00000269e8085778: 8464 86ff 

  0x00000269e808577c: ;   {other}
  0x00000269e808577c: 0f1f 8400 | ec69 005c | e9f1 daff 

  0x00000269e8085788: ;   {metadata('java/util/jar/Attributes')}
  0x00000269e8085788: ff48 ba88 | d216 8069 | 0200 0048 | 8bac 24e0 | 0000 0090 

  0x00000269e808579c: ;   {runtime_call _new_instance_Java}
  0x00000269e808579c: c5f8 77e8 

  0x00000269e80857a0: ; ImmutableOopMap {rbp=Oop [40]=NarrowOop [48]=Oop [56]=Oop [80]=Oop [88]=Oop [96]=Oop [112]=Oop [120]=Oop [136]=Oop [144]=NarrowOop [152]=Oop [168]=Oop [176]=NarrowOop [184]=Oop [216]=Oop [224]=Oop [248]=Oop }
                      ;*new {reexecute=0 rethrow=0 return_oop=1}
                      ; - java.util.jar.Manifest::<init>@5 (line 55)
                      ; - java.util.jar.JarFile::getManifestFromReference@121 (line 429)
                      ; - java.util.jar.JarFile::getManifest@1 (line 405)
                      ; - jdk.internal.loader.URLClassPath$JarLoader$2::getManifest@22 (line 853)
                      ; - java.net.URLClassLoader::defineClass@34 (line 491)
                      ; - java.net.URLClassLoader$1::run@43 (line 427)
                      ; - java.net.URLClassLoader$1::run@1 (line 421)
                      ; - java.security.AccessController::executePrivileged@29 (line 809)
                      ; - java.security.AccessController::doPrivileged@13 (line 714)
                      ; - java.net.URLClassLoader::findClass@13 (line 420)
                      ; - java.lang.ClassLoader::loadClass@69 (line 593)
  0x00000269e80857a0: 5c64 86ff 

  0x00000269e80857a4: ;   {other}
  0x00000269e80857a4: 0f1f 8400 | 146a 005d | 488b e8e9 | bcdb ffff 

  0x00000269e80857b4: ;   {metadata('java/util/HashMap')}
  0x00000269e80857b4: 48ba 80c2 | 0880 6902 | 0000 488b | ac24 e000 | 0000 6690 

  0x00000269e80857c8: ;   {runtime_call _new_instance_Java}
  0x00000269e80857c8: c5f8 77e8 

  0x00000269e80857cc: ; ImmutableOopMap {rbp=Oop [40]=NarrowOop [48]=Oop [56]=Oop [80]=Oop [88]=Oop [96]=Oop [104]=Oop [120]=Oop [136]=Oop [144]=NarrowOop [152]=Oop [160]=Oop [168]=Oop [176]=NarrowOop [184]=Oop [216]=Oop [224]=Oop [248]=Oop }
                      ;*new {reexecute=0 rethrow=0 return_oop=1}
                      ; - java.util.jar.Manifest::<init>@16 (line 58)
                      ; - java.util.jar.JarFile::getManifestFromReference@121 (line 429)
                      ; - java.util.jar.JarFile::getManifest@1 (line 405)
                      ; - jdk.internal.loader.URLClassPath$JarLoader$2::getManifest@22 (line 853)
                      ; - java.net.URLClassLoader::defineClass@34 (line 491)
                      ; - java.net.URLClassLoader$1::run@43 (line 427)
                      ; - java.net.URLClassLoader$1::run@1 (line 421)
                      ; - java.security.AccessController::executePrivileged@29 (line 809)
                      ; - java.security.AccessController::doPrivileged@13 (line 714)
                      ; - java.net.URLClassLoader::findClass@13 (line 420)
                      ; - java.lang.ClassLoader::loadClass@69 (line 593)
  0x00000269e80857cc: 3064 86ff 

  0x00000269e80857d0: ;   {other}
  0x00000269e80857d0: 0f1f 8400 | 406a 005e | 4c8b d00f | 1f44 0000 | e9b6 dcff 

  0x00000269e80857e4: ;   {metadata('java/util/jar/Manifest')}
  0x00000269e80857e4: ff48 bab8 | fa04 8069 | 0200 004c | 8b94 24e0 | 0000 004c | 8954 2468 | 4c8b 9424 | a000 0000 
  0x00000269e8085804: 4c89 9424 | 9800 0000 

  0x00000269e808580c: ;   {runtime_call _new_instance_Java}
  0x00000269e808580c: c5f8 77e8 

  0x00000269e8085810: ; ImmutableOopMap {rbp=Oop [48]=Oop [56]=Oop [80]=Oop [88]=Oop [96]=Oop [104]=Oop [120]=Oop [136]=Oop [144]=NarrowOop [152]=Oop [216]=Oop [224]=Oop [248]=Oop }
                      ;*new {reexecute=0 rethrow=0 return_oop=1}
                      ; - java.util.jar.JarFile::getManifestFromReference@134 (line 432)
                      ; - java.util.jar.JarFile::getManifest@1 (line 405)
                      ; - jdk.internal.loader.URLClassPath$JarLoader$2::getManifest@22 (line 853)
                      ; - java.net.URLClassLoader::defineClass@34 (line 491)
                      ; - java.net.URLClassLoader$1::run@43 (line 427)
                      ; - java.net.URLClassLoader$1::run@1 (line 421)
                      ; - java.security.AccessController::executePrivileged@29 (line 809)
                      ; - java.security.AccessController::doPrivileged@13 (line 714)
                      ; - java.net.URLClassLoader::findClass@13 (line 420)
                      ; - java.lang.ClassLoader::loadClass@69 (line 593)
  0x00000269e8085810: ec63 86ff 

  0x00000269e8085814: ;   {other}
  0x00000269e8085814: 0f1f 8400 | 846a 005f | 0f1f 4000 | e9ad cdff | ff44 894c | 2428 4c89 | 5c24 684c | 8984 2498 
  0x00000269e8085834: ;   {metadata('java/util/jar/Attributes')}
  0x00000269e8085834: 0000 0048 | ba88 d216 | 8069 0200 | 0048 8bac | 24e0 0000 | 004c 8b94 | 24d8 0000 | 004c 8994 
  0x00000269e8085854: 24a0 0000 | 0066 6690 

  0x00000269e808585c: ;   {runtime_call _new_instance_Java}
  0x00000269e808585c: c5f8 77e8 

  0x00000269e8085860: ; ImmutableOopMap {rbp=Oop [40]=NarrowOop [48]=Oop [56]=Oop [80]=Oop [88]=Oop [96]=Oop [104]=Oop [120]=Oop [136]=Oop [144]=NarrowOop [152]=Oop [160]=Oop [216]=Oop [224]=Oop [248]=Oop }
                      ;*new {reexecute=0 rethrow=0 return_oop=1}
                      ; - java.util.jar.Manifest::<init>@5 (line 55)
                      ; - java.util.jar.Manifest::<init>@4 (line 88)
                      ; - java.util.jar.JarFile::getManifestFromReference@143 (line 432)
                      ; - java.util.jar.JarFile::getManifest@1 (line 405)
                      ; - jdk.internal.loader.URLClassPath$JarLoader$2::getManifest@22 (line 853)
                      ; - java.net.URLClassLoader::defineClass@34 (line 491)
                      ; - java.net.URLClassLoader$1::run@43 (line 427)
                      ; - java.net.URLClassLoader$1::run@1 (line 421)
                      ; - java.security.AccessController::executePrivileged@29 (line 809)
                      ; - java.security.AccessController::doPrivileged@13 (line 714)
                      ; - java.net.URLClassLoader::findClass@13 (line 420)
                      ; - java.lang.ClassLoader::loadClass@69 (line 593)
  0x00000269e8085860: 9c63 86ff 

  0x00000269e8085864: ;   {other}
  0x00000269e8085864: 0f1f 8400 | d46a 0060 | 488b e8e9 | b7cd ffff 

  0x00000269e8085874: ;   {metadata('java/util/HashMap')}
  0x00000269e8085874: 498b e848 | ba80 c208 | 8069 0200 | 004c 8b94 | 24e0 0000 | 004c 8954 | 2468 6690 

  0x00000269e8085890: ;   {runtime_call _new_instance_Java}
  0x00000269e8085890: c5f8 77e8 

  0x00000269e8085894: ; ImmutableOopMap {rbp=Oop [40]=NarrowOop [48]=Oop [56]=Oop [80]=Oop [88]=Oop [96]=Oop [104]=Oop [112]=Oop [120]=Oop [136]=Oop [144]=NarrowOop [152]=Oop [168]=Oop [216]=Oop [224]=Oop [248]=Oop }
                      ;*new {reexecute=0 rethrow=0 return_oop=1}
                      ; - java.util.jar.Manifest::<init>@16 (line 58)
                      ; - java.util.jar.Manifest::<init>@4 (line 88)
                      ; - java.util.jar.JarFile::getManifestFromReference@143 (line 432)
                      ; - java.util.jar.JarFile::getManifest@1 (line 405)
                      ; - jdk.internal.loader.URLClassPath$JarLoader$2::getManifest@22 (line 853)
                      ; - java.net.URLClassLoader::defineClass@34 (line 491)
                      ; - java.net.URLClassLoader$1::run@43 (line 427)
                      ; - java.net.URLClassLoader$1::run@1 (line 421)
                      ; - java.security.AccessController::executePrivileged@29 (line 809)
                      ; - java.security.AccessController::doPrivileged@13 (line 714)
                      ; - java.net.URLClassLoader::findClass@13 (line 420)
                      ; - java.lang.ClassLoader::loadClass@69 (line 593)
  0x00000269e8085894: 6863 86ff 

  0x00000269e8085898: ;   {other}
  0x00000269e8085898: 0f1f 8400 | 086b 0061 | 4c8b c548 | 8bd8 e9af | ceff ff48 | 8b54 2458 | 4c8d 8424 | 3001 0000 
  0x00000269e80858b8: 488b 6c24 | 5066 6690 

  0x00000269e80858c0: ;   {runtime_call _complete_monitor_locking_Java}
  0x00000269e80858c0: c5f8 77e8 

  0x00000269e80858c4: ; ImmutableOopMap {rbp=Oop [80]=Oop [88]=Oop [216]=Oop }
                      ;*monitorenter {reexecute=0 rethrow=0 return_oop=0}
                      ; - java.lang.ClassLoader::loadClass@7 (line 573)
  0x00000269e80858c4: 38ba 86ff 

  0x00000269e80858c8: ;   {other}
  0x00000269e80858c8: 0f1f 8400 | 386b 0062 | e975 9fff | ff33 ed45 | 85c9 400f | 96c5 ba45 | ffff ff4c | 8b54 2450 
  0x00000269e80858e8: 4c89 5424 | 204c 8b94 | 24d8 0000 | 004c 8954 | 2430 6690 

  0x00000269e80858fc: ;   {runtime_call UncommonTrapBlob}
  0x00000269e80858fc: c5f8 77e8 

  0x00000269e8085900: ; ImmutableOopMap {[32]=Oop [48]=Oop [88]=Oop }
                      ;*ifeq {reexecute=1 rethrow=0 return_oop=0}
                      ; - (reexecute) java.lang.ClassLoader::checkName@8 (line 1155)
                      ; - java.lang.ClassLoader::findLoadedClass@1 (line 1298)
                      ; - java.lang.ClassLoader::loadClass@10 (line 575)
  0x00000269e8085900: 7cea 83ff 

  0x00000269e8085904: ;   {other}
  0x00000269e8085904: 0f1f 8400 | 746b 0063 | 488b 6c24 | 504c 8b94 | 24d8 0000 | 004c 8954 | 2420 448b | 5424 2c44 
  0x00000269e8085924: 8954 2428 | 4c8b 5424 | 584c 8954 | 2438 4489 | 5c24 2c89 | 5424 58ba | ceff ffff 

  0x00000269e8085940: ;   {runtime_call UncommonTrapBlob}
  0x00000269e8085940: c5f8 77e8 

  0x00000269e8085944: ; ImmutableOopMap {rbp=Oop [32]=Oop [44]=NarrowOop [56]=Oop }
                      ;*invokestatic indexOfChar {reexecute=0 rethrow=0 return_oop=0}
                      ; - java.lang.StringLatin1::indexOf@33 (line 204)
                      ; - java.lang.String::indexOf@17 (line 2461)
                      ; - java.lang.String::indexOf@3 (line 2405)
                      ; - java.lang.ClassLoader::checkName@16 (line 1157)
                      ; - java.lang.ClassLoader::findLoadedClass@1 (line 1298)
                      ; - java.lang.ClassLoader::loadClass@10 (line 575)
  0x00000269e8085944: 38ea 83ff 

  0x00000269e8085948: ;   {other}
  0x00000269e8085948: 0f1f 8400 | b86b 0064 | baf6 ffff | ff48 8bac | 24e0 0000 | 0044 8b54 | 242c 4489 | 5424 204c 
  0x00000269e8085968: 8b54 2440 | 4c89 5424 | 304c 8b54 | 2448 4c89 | 5424 384c | 8b54 2458 | 4c89 5424 | 404c 8b94 
  0x00000269e8085988: 24d8 0000 | 0048 895c | 2450 4c89 | 5424 5848 | 8944 2468 

  0x00000269e808599c: ;   {runtime_call UncommonTrapBlob}
  0x00000269e808599c: c5f8 77e8 

  0x00000269e80859a0: ; ImmutableOopMap {rbp=Oop [64]=Oop [80]=Oop [88]=Oop [104]=Oop [216]=Oop }
                      ;*invokevirtual getResource {reexecute=0 rethrow=0 return_oop=0}
                      ; - java.net.URLClassLoader$1::run@26 (line 424)
                      ; - java.net.URLClassLoader$1::run@1 (line 421)
                      ; - java.security.AccessController::executePrivileged@29 (line 809)
                      ; - java.security.AccessController::doPrivileged@13 (line 714)
                      ; - java.net.URLClassLoader::findClass@13 (line 420)
                      ; - java.lang.ClassLoader::loadClass@69 (line 593)
  0x00000269e80859a0: dce9 83ff 

  0x00000269e80859a4: ;   {other}
  0x00000269e80859a4: 0f1f 8400 | 146c 0065 | ba76 ffff | ff48 8bac | 24e0 0000 | 0044 8b44 | 242c 4489 | 4424 204c 
  0x00000269e80859c4: 8b44 2440 | 4c89 4424 | 304c 8b44 | 2448 4c89 | 4424 384c | 8b44 2458 | 4c89 4424 | 404c 8b84 
  0x00000269e80859e4: 24d8 0000 | 0048 895c | 2450 4c89 | 4424 5844 | 8954 2424 | 4489 5c24 | 644c 8944 | 2468 6690 
  0x00000269e8085a04: ;   {runtime_call UncommonTrapBlob}
  0x00000269e8085a04: c5f8 77e8 

  0x00000269e8085a08: ; ImmutableOopMap {rbp=Oop [36]=NarrowOop [64]=Oop [80]=Oop [88]=Oop [104]=Oop }
                      ;*if_icmpge {reexecute=1 rethrow=0 return_oop=0}
                      ; - (reexecute) java.lang.StringLatin1::replace@19 (line 297)
                      ; - java.lang.String::replace@18 (line 2933)
                      ; - java.net.URLClassLoader$1::run@8 (line 423)
                      ; - java.net.URLClassLoader$1::run@1 (line 421)
                      ; - java.security.AccessController::executePrivileged@29 (line 809)
                      ; - java.security.AccessController::doPrivileged@13 (line 714)
                      ; - java.net.URLClassLoader::findClass@13 (line 420)
                      ; - java.lang.ClassLoader::loadClass@69 (line 593)
  0x00000269e8085a08: 74e9 83ff 

  0x00000269e8085a0c: ;   {other}
  0x00000269e8085a0c: 0f1f 8400 | 7c6c 0066 | 4863 d1e9 | b3b7 ffff | bacc ffff | ff48 8bac | 24e0 0000 | 0044 8b5c 
  0x00000269e8085a2c: 242c 4489 | 5c24 204c | 8b5c 2440 | 4c89 5c24 | 304c 8b5c | 2448 4c89 | 5c24 384c | 8b5c 2458 
  0x00000269e8085a4c: 4c89 5c24 | 404c 8b9c | 24d8 0000 | 0048 895c | 2450 4c89 | 5c24 584c | 8954 2468 | 4c89 6c24 
  0x00000269e8085a6c: 7848 89b4 | 2480 0000 | 0044 8944 | 2424 6690 

  0x00000269e8085a7c: ;   {runtime_call UncommonTrapBlob}
  0x00000269e8085a7c: c5f8 77e8 

  0x00000269e8085a80: ; ImmutableOopMap {rbp=Oop [64]=Oop [80]=Oop [88]=Oop [104]=Oop [128]=Oop [216]=Oop }
                      ;*invokestatic arraycopy {reexecute=0 rethrow=0 return_oop=0}
                      ; - java.lang.String::getBytes@22 (line 4726)
                      ; - java.lang.StringConcatHelper::prepend@21 (line 324)
                      ; - java.lang.StringConcatHelper::simpleConcat@71 (line 438)
                      ; - java.lang.String::concat@11 (line 2899)
                      ; - java.net.URLClassLoader$1::run@13 (line 423)
                      ; - java.net.URLClassLoader$1::run@1 (line 421)
                      ; - java.security.AccessController::executePrivileged@29 (line 809)
                      ; - java.security.AccessController::doPrivileged@13 (line 714)
                      ; - java.net.URLClassLoader::findClass@13 (line 420)
                      ; - java.lang.ClassLoader::loadClass@69 (line 593)
  0x00000269e8085a80: fce8 83ff 

  0x00000269e8085a84: ;   {other}
  0x00000269e8085a84: 0f1f 8400 | f46c 0067 | bacc ffff | ff48 8bac | 24e0 0000 | 0044 8b54 | 242c 4489 | 5424 204c 
  0x00000269e8085aa4: 8b54 2440 | 4c89 5424 | 304c 8b54 | 2448 4c89 | 5424 384c | 8b54 2458 | 4c89 5424 | 404c 8b94 
  0x00000269e8085ac4: 24d8 0000 | 0048 895c | 2450 4889 | 7c24 584c | 8954 2460 | 4889 7424 | 7844 894c | 2424 6690 
  0x00000269e8085ae4: ;   {runtime_call UncommonTrapBlob}
  0x00000269e8085ae4: c5f8 77e8 

  0x00000269e8085ae8: ; ImmutableOopMap {rbp=Oop [64]=Oop [80]=Oop [88]=Oop [96]=Oop [120]=Oop [216]=Oop }
                      ;*invokestatic arraycopy {reexecute=0 rethrow=0 return_oop=0}
                      ; - java.lang.String::getBytes@22 (line 4726)
                      ; - java.lang.StringConcatHelper::prepend@21 (line 324)
                      ; - java.lang.StringConcatHelper::simpleConcat@81 (line 439)
                      ; - java.lang.String::concat@11 (line 2899)
                      ; - java.net.URLClassLoader$1::run@13 (line 423)
                      ; - java.net.URLClassLoader$1::run@1 (line 421)
                      ; - java.security.AccessController::executePrivileged@29 (line 809)
                      ; - java.security.AccessController::doPrivileged@13 (line 714)
                      ; - java.net.URLClassLoader::findClass@13 (line 420)
                      ; - java.lang.ClassLoader::loadClass@69 (line 593)
  0x00000269e8085ae8: 94e8 83ff 

  0x00000269e8085aec: ;   {other}
  0x00000269e8085aec: 0f1f 8400 | 5c6d 0068 | 488b 4c24 | 5848 8d94 | 2430 0100 | 004d 8bc7 | c5f8 7749 | baa0 c38b 
  0x00000269e8085b0c: d7ff 7f00 | 0041 ffd2 

  0x00000269e8085b14: ;   {other}
  0x00000269e8085b14: 0f1f 8400 | 0000 0000 | 0f1f 4000 | e9b3 baff | ffba 76ff | ffff 4c8b | 8424 e000 | 0000 4c89 
  0x00000269e8085b34: 4424 2044 | 8b44 242c | 4489 4424 | 284c 8b44 | 2440 4c89 | 4424 384c | 8b44 2448 | 4c89 4424 
  0x00000269e8085b54: 404c 8b44 | 2458 4c89 | 4424 484c | 8b84 24d8 | 0000 0048 | 895c 2458 | 4c89 4424 | 6044 8954 
  0x00000269e8085b74: 242c 4889 | 7c24 7044 | 895c 2478 | 4c89 8424 | 8000 0000 

  0x00000269e8085b88: ;   {runtime_call UncommonTrapBlob}
  0x00000269e8085b88: c5f8 77e8 

  0x00000269e8085b8c: ; ImmutableOopMap {[32]=Oop [44]=NarrowOop [72]=Oop [88]=Oop [96]=Oop [112]=Oop [128]=Oop }
                      ;*if_icmpge {reexecute=1 rethrow=0 return_oop=0}
                      ; - (reexecute) java.lang.StringLatin1::replace@82 (line 308)
                      ; - java.lang.String::replace@18 (line 2933)
                      ; - java.net.URLClassLoader$1::run@8 (line 423)
                      ; - java.net.URLClassLoader$1::run@1 (line 421)
                      ; - java.security.AccessController::executePrivileged@29 (line 809)
                      ; - java.security.AccessController::doPrivileged@13 (line 714)
                      ; - java.net.URLClassLoader::findClass@13 (line 420)
                      ; - java.lang.ClassLoader::loadClass@69 (line 593)
  0x00000269e8085b8c: f0e7 83ff 

  0x00000269e8085b90: ;   {other}
  0x00000269e8085b90: 0f1f 8400 | 006e 0069 | 33ed 4585 | c040 0f94 | c5ba 45ff | ffff 4c8b | 5424 504c | 8954 2420 
  0x00000269e8085bb0: 4c8b 9424 | d800 0000 | 4c89 5424 | 304c 8b54 | 2458 4c89 | 5424 4090 

  0x00000269e8085bc8: ;   {runtime_call UncommonTrapBlob}
  0x00000269e8085bc8: c5f8 77e8 

  0x00000269e8085bcc: ; ImmutableOopMap {[32]=Oop [48]=Oop [64]=Oop }
                      ;*ifeq {reexecute=1 rethrow=0 return_oop=0}
                      ; - (reexecute) java.lang.String::indexOf@4 (line 2461)
                      ; - java.lang.String::indexOf@3 (line 2405)
                      ; - java.lang.ClassLoader::checkName@16 (line 1157)
                      ; - java.lang.ClassLoader::findLoadedClass@1 (line 1298)
                      ; - java.lang.ClassLoader::loadClass@10 (line 575)
  0x00000269e8085bcc: b0e7 83ff 

  0x00000269e8085bd0: ;   {other}
  0x00000269e8085bd0: 0f1f 8400 | 406e 006a | ba45 ffff | ff48 8b6c | 2450 4c8b | 9424 d800 | 0000 4c89 | 5424 2044 
  0x00000269e8085bf0: 8b5c 242c | 4489 5c24 | 2889 5c24 | 2c66 6690 

  0x00000269e8085c00: ;   {runtime_call UncommonTrapBlob}
  0x00000269e8085c00: c5f8 77e8 

  0x00000269e8085c04: ; ImmutableOopMap {rbp=Oop [32]=Oop [88]=Oop }
                      ;*if_icmpne {reexecute=1 rethrow=0 return_oop=0}
                      ; - (reexecute) java.lang.ClassLoader::checkName@20 (line 1157)
                      ; - java.lang.ClassLoader::findLoadedClass@1 (line 1298)
                      ; - java.lang.ClassLoader::loadClass@10 (line 575)
  0x00000269e8085c04: 78e7 83ff 

  0x00000269e8085c08: ;   {other}
  0x00000269e8085c08: 0f1f 8400 | 786e 006b | ba45 ffff | ff48 8b6c | 2450 4c8b | 9424 d800 | 0000 4c89 | 5424 2044 
  0x00000269e8085c28: 8b54 242c | 4489 5424 | 2844 895c | 242c 6690 

  0x00000269e8085c38: ;   {runtime_call UncommonTrapBlob}
  0x00000269e8085c38: c5f8 77e8 

  0x00000269e8085c3c: ; ImmutableOopMap {rbp=Oop [32]=Oop [88]=Oop }
                      ;*if_icmpne {reexecute=1 rethrow=0 return_oop=0}
                      ; - (reexecute) java.lang.ClassLoader::checkName@30 (line 1157)
                      ; - java.lang.ClassLoader::findLoadedClass@1 (line 1298)
                      ; - java.lang.ClassLoader::loadClass@10 (line 575)
  0x00000269e8085c3c: 40e7 83ff 

  0x00000269e8085c40: ;   {other}
  0x00000269e8085c40: 0f1f 8400 | b06e 006c | ba45 ffff | ff49 8bea | 448b 4424 | 2c44 8944 | 2428 4889 | 4424 3844 
  0x00000269e8085c60: 895c 242c 

  0x00000269e8085c64: ;   {runtime_call UncommonTrapBlob}
  0x00000269e8085c64: c5f8 77e8 

  0x00000269e8085c68: ; ImmutableOopMap {rbp=Oop [44]=NarrowOop [88]=Oop [216]=Oop }
                      ;*ifnull {reexecute=1 rethrow=0 return_oop=0}
                      ; - (reexecute) java.lang.ClassLoader::loadClass@29 (line 579)
  0x00000269e8085c68: 14e7 83ff 

  0x00000269e8085c6c: ;   {other}
  0x00000269e8085c6c: 0f1f 8400 | dc6e 006d | 33ed 4585 | d240 0f94 | c5ba 45ff | ffff 4c8b | 9424 e000 | 0000 4c89 
  0x00000269e8085c8c: 5424 204c | 8b54 2440 | 4c89 5424 | 384c 8b54 | 2448 4c89 | 5424 404c | 8b54 2458 | 4c89 5424 
  0x00000269e8085cac: 484c 8b94 | 24d8 0000 | 0048 895c | 2458 4c89 | 5424 604c | 8954 2468 

  0x00000269e8085cc4: ;   {runtime_call UncommonTrapBlob}
  0x00000269e8085cc4: c5f8 77e8 

  0x00000269e8085cc8: ; ImmutableOopMap {[32]=Oop [72]=Oop [88]=Oop [96]=Oop [104]=Oop }
                      ;*ifeq {reexecute=1 rethrow=0 return_oop=0}
                      ; - (reexecute) java.lang.String::replace@9 (line 2933)
                      ; - java.net.URLClassLoader$1::run@8 (line 423)
                      ; - java.net.URLClassLoader$1::run@1 (line 421)
                      ; - java.security.AccessController::executePrivileged@29 (line 809)
                      ; - java.security.AccessController::doPrivileged@13 (line 714)
                      ; - java.net.URLClassLoader::findClass@13 (line 420)
                      ; - java.lang.ClassLoader::loadClass@69 (line 593)
  0x00000269e8085cc8: b4e6 83ff 

  0x00000269e8085ccc: ;   {other}
  0x00000269e8085ccc: 0f1f 8400 | 3c6f 006e | ba76 ffff | ff44 8b5c | 242c 4489 | 5c24 204c | 8b54 2440 | 4c89 5424 
  0x00000269e8085cec: 304c 8b54 | 2448 4c89 | 5424 384c | 8b54 2458 | 4c89 5424 | 404c 8b94 | 24d8 0000 | 004c 8954 
  0x00000269e8085d0c: 2448 4c8b | 5424 604c | 8954 2450 | 4c8b 9424 | 8800 0000 | 4c89 5424 | 5848 8944 | 2478 4489 
  0x00000269e8085d2c: 4c24 2444 | 8984 2484 | 0000 0090 

  0x00000269e8085d38: ;   {runtime_call UncommonTrapBlob}
  0x00000269e8085d38: c5f8 77e8 

  0x00000269e8085d3c: ; ImmutableOopMap {rbp=Oop [36]=NarrowOop [64]=Oop [72]=Oop [80]=Oop [88]=Oop }
                      ;*iflt {reexecute=1 rethrow=0 return_oop=0}
                      ; - (reexecute) java.lang.StringLatin1::lastIndexOf@19 (line 285)
                      ; - java.lang.String::lastIndexOf@13 (line 2573)
                      ; - java.lang.String::lastIndexOf@8 (line 2535)
                      ; - java.net.URLClassLoader::defineClass@7 (line 486)
                      ; - java.net.URLClassLoader$1::run@43 (line 427)
                      ; - java.net.URLClassLoader$1::run@1 (line 421)
                      ; - java.security.AccessController::executePrivileged@29 (line 809)
                      ; - java.security.AccessController::doPrivileged@13 (line 714)
                      ; - java.net.URLClassLoader::findClass@13 (line 420)
                      ; - java.lang.ClassLoader::loadClass@69 (line 593)
  0x00000269e8085d3c: 40e6 83ff 

  0x00000269e8085d40: ;   {other}
  0x00000269e8085d40: 0f1f 8400 | b06f 006f | baf6 ffff | ff48 8bac | 24e0 0000 | 0044 8b5c | 242c 4489 | 5c24 204c 
  0x00000269e8085d60: 8b54 2440 | 4c89 5424 | 304c 8b54 | 2448 4c89 | 5424 384c | 8b54 2458 | 4c89 5424 | 404c 8b94 
  0x00000269e8085d80: 24d8 0000 | 004c 8954 | 2448 4c8b | 5424 604c | 8954 2450 | 4c8b 9424 | 8800 0000 | 4c89 5424 
  0x00000269e8085da0: 584d 8bd0 | 4c89 5424 | 704c 8b94 | 2480 0000 | 004c 8954 | 2478 6690 

  0x00000269e8085db8: ;   {runtime_call UncommonTrapBlob}
  0x00000269e8085db8: c5f8 77e8 

  0x00000269e8085dbc: ; ImmutableOopMap {rbp=Oop [64]=Oop [72]=Oop [80]=Oop [88]=Oop [112]=Oop [176]=NarrowOop [248]=Oop }
                      ;*invokevirtual ensureInitialization {reexecute=0 rethrow=0 return_oop=0}
                      ; - java.util.jar.JavaUtilJarAccessImpl::ensureInitialization@1 (line 42)
                      ; - jdk.internal.loader.URLClassPath$JarLoader$2::getManifest@10 (line 852)
                      ; - java.net.URLClassLoader::defineClass@34 (line 491)
                      ; - java.net.URLClassLoader$1::run@43 (line 427)
                      ; - java.net.URLClassLoader$1::run@1 (line 421)
                      ; - java.security.AccessController::executePrivileged@29 (line 809)
                      ; - java.security.AccessController::doPrivileged@13 (line 714)
                      ; - java.net.URLClassLoader::findClass@13 (line 420)
                      ; - java.lang.ClassLoader::loadClass@69 (line 593)
  0x00000269e8085dbc: c0e5 83ff 

  0x00000269e8085dc0: ;   {other}
  0x00000269e8085dc0: 0f1f 8400 | 3070 0070 | baf6 ffff | ff44 8b5c | 242c 4489 | 5c24 204c | 8b54 2440 | 4c89 5424 
  0x00000269e8085de0: 304c 8b54 | 2448 4c89 | 5424 384c | 8b54 2458 | 4c89 5424 | 404c 8b94 | 24d8 0000 | 004c 8954 
  0x00000269e8085e00: 2448 4c8b | 5424 604c | 8954 2450 | 4c8b 9424 | 8800 0000 | 4c89 5424 | 584c 894c | 2460 4c8b 
  0x00000269e8085e20: 9424 9000 | 0000 4c89 | 5424 704c | 8b94 2480 | 0000 004c | 8954 2478 | 4c89 b424 | 8800 0000 
  0x00000269e8085e40: 4c89 8c24 | a000 0000 

  0x00000269e8085e48: ;   {runtime_call UncommonTrapBlob}
  0x00000269e8085e48: c5f8 77e8 

  0x00000269e8085e4c: ; ImmutableOopMap {[64]=Oop [72]=Oop [80]=Oop [88]=Oop [96]=Oop [112]=Oop [136]=Oop [160]=Oop [176]=NarrowOop [248]=Oop }
                      ;*invokevirtual get {reexecute=0 rethrow=0 return_oop=0}
                      ; - java.lang.ClassLoader::getDefinedPackage@13 (line 2263)
                      ; - java.net.URLClassLoader::getAndVerifyPackage@2 (line 457)
                      ; - java.net.URLClassLoader::defineClass@46 (line 492)
                      ; - java.net.URLClassLoader$1::run@43 (line 427)
                      ; - java.net.URLClassLoader$1::run@1 (line 421)
                      ; - java.security.AccessController::executePrivileged@29 (line 809)
                      ; - java.security.AccessController::doPrivileged@13 (line 714)
                      ; - java.net.URLClassLoader::findClass@13 (line 420)
                      ; - java.lang.ClassLoader::loadClass@69 (line 593)
  0x00000269e8085e4c: 30e5 83ff 

  0x00000269e8085e50: ;   {other}
  0x00000269e8085e50: 0f1f 8400 | c070 0071 | ba6e ffff | ff44 8b54 | 242c 4489 | 5424 204c | 8b54 2440 | 4c89 5424 
  0x00000269e8085e70: 304c 8b54 | 2448 4c89 | 5424 384c | 8b54 2458 | 4c89 5424 | 404c 8b94 | 24d8 0000 | 004c 8954 
  0x00000269e8085e90: 2448 4c8b | 5424 604c | 8954 2450 | 4c8b 9424 | 8800 0000 | 4c89 5424 | 5848 8944 | 2478 4489 
  0x00000269e8085eb0: 4c24 2444 | 8984 2484 | 0000 0090 

  0x00000269e8085ebc: ;   {runtime_call UncommonTrapBlob}
  0x00000269e8085ebc: c5f8 77e8 

  0x00000269e8085ec0: ; ImmutableOopMap {rbp=Oop [36]=NarrowOop [64]=Oop [72]=Oop [80]=Oop [88]=Oop }
                      ;*iflt {reexecute=1 rethrow=0 return_oop=0}
                      ; - (reexecute) java.lang.StringLatin1::lastIndexOf@19 (line 285)
                      ; - java.lang.String::lastIndexOf@13 (line 2573)
                      ; - java.lang.String::lastIndexOf@8 (line 2535)
                      ; - java.net.URLClassLoader::defineClass@7 (line 486)
                      ; - java.net.URLClassLoader$1::run@43 (line 427)
                      ; - java.net.URLClassLoader$1::run@1 (line 421)
                      ; - java.security.AccessController::executePrivileged@29 (line 809)
                      ; - java.security.AccessController::doPrivileged@13 (line 714)
                      ; - java.net.URLClassLoader::findClass@13 (line 420)
                      ; - java.lang.ClassLoader::loadClass@69 (line 593)
  0x00000269e8085ec0: bce4 83ff 

  0x00000269e8085ec4: ;   {other}
  0x00000269e8085ec4: 0f1f 8400 | 3471 0072 | bade ffff | ff48 8bac | 24e0 0000 | 0044 8b5c | 242c 4489 | 5c24 204c 
  0x00000269e8085ee4: 8b54 2440 | 4c89 5424 | 304c 8b54 | 2448 4c89 | 5424 384c | 8b54 2458 | 4c89 5424 | 404c 8b94 
  0x00000269e8085f04: 24d8 0000 | 004c 8954 | 2448 4c8b | 5424 604c | 8954 2450 | 4c8b 9424 | 8800 0000 | 4c89 5424 
  0x00000269e8085f24: 584c 8b94 | 2480 0000 | 004c 8954 | 2478 6690 

  0x00000269e8085f34: ;   {runtime_call UncommonTrapBlob}
  0x00000269e8085f34: c5f8 77e8 

  0x00000269e8085f38: ; ImmutableOopMap {rbp=Oop [64]=Oop [72]=Oop [80]=Oop [88]=Oop [176]=NarrowOop [248]=Oop }
                      ;*invokevirtual getManifest {reexecute=0 rethrow=0 return_oop=0}
                      ; - java.net.URLClassLoader::defineClass@34 (line 491)
                      ; - java.net.URLClassLoader$1::run@43 (line 427)
                      ; - java.net.URLClassLoader$1::run@1 (line 421)
                      ; - java.security.AccessController::executePrivileged@29 (line 809)
                      ; - java.security.AccessController::doPrivileged@13 (line 714)
                      ; - java.net.URLClassLoader::findClass@13 (line 420)
                      ; - java.lang.ClassLoader::loadClass@69 (line 593)
  0x00000269e8085f38: 44e4 83ff 

  0x00000269e8085f3c: ;   {other}
  0x00000269e8085f3c: 0f1f 8400 | ac71 0073 | bade ffff | ff4c 8b9c | 24e0 0000 | 004c 895c | 2420 448b | 5c24 2c44 
  0x00000269e8085f5c: 895c 2428 | 4c8b 5c24 | 404c 895c | 2438 4c8b | 5c24 484c | 895c 2440 | 4c8b 5c24 | 584c 895c 
  0x00000269e8085f7c: 2448 4c8b | 9c24 d800 | 0000 4c89 | 5c24 504c | 8b5c 2460 | 4c89 5c24 | 584c 8b9c | 2488 0000 
  0x00000269e8085f9c: 004c 895c | 2460 4489 | 9424 a800 | 0000 6690 

  0x00000269e8085fac: ;   {runtime_call UncommonTrapBlob}
  0x00000269e8085fac: c5f8 77e8 

  0x00000269e8085fb0: ; ImmutableOopMap {rbp=NarrowOop [32]=Oop [72]=Oop [80]=Oop [88]=Oop [96]=Oop [144]=Oop [168]=NarrowOop [176]=NarrowOop [248]=Oop }
                      ;*invokeinterface ensureInitialization {reexecute=0 rethrow=0 return_oop=0}
                      ; - jdk.internal.loader.URLClassPath$JarLoader$2::getManifest@10 (line 852)
                      ; - java.net.URLClassLoader::defineClass@34 (line 491)
                      ; - java.net.URLClassLoader$1::run@43 (line 427)
                      ; - java.net.URLClassLoader$1::run@1 (line 421)
                      ; - java.security.AccessController::executePrivileged@29 (line 809)
                      ; - java.security.AccessController::doPrivileged@13 (line 714)
                      ; - java.net.URLClassLoader::findClass@13 (line 420)
                      ; - java.lang.ClassLoader::loadClass@69 (line 593)
  0x00000269e8085fb0: cce3 83ff 

  0x00000269e8085fb4: ;   {other}
  0x00000269e8085fb4: 0f1f 8400 | 2472 0074 | 4c89 5c24 | 784d 8bd0 | 4c89 5424 | 7048 8974 | 2468 448b | 9c24 b000 
  0x00000269e8085fd4: 0000 4489 | 5c24 284c | 8b94 2488 | 0000 004c | 8954 2438 | 4c8b 9424 | d800 0000 | 4c89 5424 
  0x00000269e8085ff4: 3048 8b54 | 2478 4c8d | 8424 3801 | 0000 4c8b | 9424 e000 | 0000 4c89 | 9424 8800 | 0000 6690 
  0x00000269e8086014: ;   {runtime_call _complete_monitor_locking_Java}
  0x00000269e8086014: c5f8 77e8 

  0x00000269e8086018: ; ImmutableOopMap {rbp=NarrowOop [40]=NarrowOop [48]=Oop [56]=Oop [80]=Oop [88]=Oop [96]=Oop [104]=Oop [112]=Oop [120]=Oop [136]=Oop [216]=Oop [224]=Oop [248]=Oop }
                      ;*synchronization entry
                      ; - java.util.jar.JarFile::ensureInitialization@-1 (line 1064)
                      ; - java.util.jar.JavaUtilJarAccessImpl::ensureInitialization@1 (line 42)
                      ; - jdk.internal.loader.URLClassPath$JarLoader$2::getManifest@10 (line 852)
                      ; - java.net.URLClassLoader::defineClass@34 (line 491)
                      ; - java.net.URLClassLoader$1::run@43 (line 427)
                      ; - java.net.URLClassLoader$1::run@1 (line 421)
                      ; - java.security.AccessController::executePrivileged@29 (line 809)
                      ; - java.security.AccessController::doPrivileged@13 (line 714)
                      ; - java.net.URLClassLoader::findClass@13 (line 420)
                      ; - java.lang.ClassLoader::loadClass@69 (line 593)
  0x00000269e8086018: e4b2 86ff 

  0x00000269e808601c: ;   {other}
  0x00000269e808601c: 0f1f 8400 | 8c72 0075 | 4c8b 5424 | 384c 8994 | 2488 0000 | 0044 8b54 | 2428 4489 | 9424 b000 
  0x00000269e808603c: 0000 4c8b | 5c24 704c | 899c 2490 | 0000 004c | 8b5c 2478 | 488b 7424 | 68e9 f09f | ffff 498b 
  0x00000269e808605c: cb48 8d94 | 2438 0100 | 004d 8bc7 | c5f8 7749 | baa0 c38b | d7ff 7f00 | 0041 ffd2 

  0x00000269e8086078: ;   {other}
  0x00000269e8086078: 0f1f 8400 | 0000 0000 | e981 a0ff | ffba deff | ffff 4c8b | 9424 e000 | 0000 4c89 | 5424 2044 
  0x00000269e8086098: 8b54 242c | 4489 5424 | 284c 8b54 | 2440 4c89 | 5424 384c | 8b54 2448 | 4c89 5424 | 404c 8b54 
  0x00000269e80860b8: 2458 4c89 | 5424 484c | 8b94 24d8 | 0000 004c | 8954 2450 | 4c8b 5424 | 604c 8954 | 2458 4c8b 
  0x00000269e80860d8: 9424 8800 | 0000 4c89 | 5424 604c | 8b94 2490 | 0000 004c | 8954 2478 

  0x00000269e80860f0: ;   {runtime_call UncommonTrapBlob}
  0x00000269e80860f0: c5f8 77e8 

  0x00000269e80860f4: ; ImmutableOopMap {rbp=NarrowOop [32]=Oop [72]=Oop [80]=Oop [88]=Oop [96]=Oop [120]=Oop [176]=NarrowOop [248]=Oop }
                      ;*invokevirtual getManifest {reexecute=0 rethrow=0 return_oop=0}
                      ; - jdk.internal.loader.URLClassPath$JarLoader$2::getManifest@22 (line 853)
                      ; - java.net.URLClassLoader::defineClass@34 (line 491)
                      ; - java.net.URLClassLoader$1::run@43 (line 427)
                      ; - java.net.URLClassLoader$1::run@1 (line 421)
                      ; - java.security.AccessController::executePrivileged@29 (line 809)
                      ; - java.security.AccessController::doPrivileged@13 (line 714)
                      ; - java.net.URLClassLoader::findClass@13 (line 420)
                      ; - java.lang.ClassLoader::loadClass@69 (line 593)
  0x00000269e80860f4: 88e2 83ff 

  0x00000269e80860f8: ;   {other}
  0x00000269e80860f8: 0f1f 8400 | 6873 0076 | 488b 4c24 | 5848 8d94 | 2430 0100 | 004d 8bc7 | c5f8 7749 | baa0 c38b 
  0x00000269e8086118: d7ff 7f00 | 0041 ffd2 

  0x00000269e8086120: ;   {other}
  0x00000269e8086120: 0f1f 8400 | 0000 0000 | e91e a4ff | ffba 76ff | ffff 4c8b | 8424 e000 | 0000 4c89 | 4424 2044 
  0x00000269e8086140: 8b44 242c | 4489 4424 | 284c 8b44 | 2440 4c89 | 4424 384c | 8b44 2448 | 4c89 4424 | 404c 8b44 
  0x00000269e8086160: 2458 4c89 | 4424 484c | 8b84 24d8 | 0000 0048 | 895c 2458 | 4c89 4424 | 6044 8954 | 242c 4489 
  0x00000269e8086180: 5c24 6848 | 897c 2470 | 4c89 4424 | 7866 6690 

  0x00000269e8086190: ;   {runtime_call UncommonTrapBlob}
  0x00000269e8086190: c5f8 77e8 

  0x00000269e8086194: ; ImmutableOopMap {[32]=Oop [44]=NarrowOop [72]=Oop [88]=Oop [96]=Oop [112]=Oop [120]=Oop }
                      ;*if_icmpge {reexecute=1 rethrow=0 return_oop=0}
                      ; - (reexecute) java.lang.StringLatin1::replace@61 (line 305)
                      ; - java.lang.String::replace@18 (line 2933)
                      ; - java.net.URLClassLoader$1::run@8 (line 423)
                      ; - java.net.URLClassLoader$1::run@1 (line 421)
                      ; - java.security.AccessController::executePrivileged@29 (line 809)
                      ; - java.security.AccessController::doPrivileged@13 (line 714)
                      ; - java.net.URLClassLoader::findClass@13 (line 420)
                      ; - java.lang.ClassLoader::loadClass@69 (line 593)
  0x00000269e8086194: e8e1 83ff 

  0x00000269e8086198: ;   {other}
  0x00000269e8086198: 0f1f 8400 | 0874 0077 | b901 0000 | 00e9 dbad | ffff ba45 | ffff ff48 | 8bac 24e0 | 0000 0044 
  0x00000269e80861b8: 8b4c 242c | 4489 4c24 | 204c 8b5c | 2440 4c89 | 5c24 304c | 8b5c 2448 | 4c89 5c24 | 384c 8b5c 
  0x00000269e80861d8: 2458 4c89 | 5c24 404c | 8b9c 24d8 | 0000 0048 | 895c 2450 | 4c89 5c24 | 584c 8954 | 2468 4489 
  0x00000269e80861f8: 4424 2490 

  0x00000269e80861fc: ;   {runtime_call UncommonTrapBlob}
  0x00000269e80861fc: c5f8 77e8 

  0x00000269e8086200: ; ImmutableOopMap {rbp=Oop [64]=Oop [80]=Oop [88]=Oop [104]=Oop [216]=Oop }
                      ;*iflt {reexecute=1 rethrow=0 return_oop=0}
                      ; - (reexecute) java.lang.StringConcatHelper::checkOverflow@2 (line 65)
                      ; - java.lang.StringConcatHelper::mix@23 (line 127)
                      ; - java.lang.StringConcatHelper::simpleConcat@46 (line 433)
                      ; - java.lang.String::concat@11 (line 2899)
                      ; - java.net.URLClassLoader$1::run@13 (line 423)
                      ; - java.net.URLClassLoader$1::run@1 (line 421)
                      ; - java.security.AccessController::executePrivileged@29 (line 809)
                      ; - java.security.AccessController::doPrivileged@13 (line 714)
                      ; - java.net.URLClassLoader::findClass@13 (line 420)
                      ; - java.lang.ClassLoader::loadClass@69 (line 593)
  0x00000269e8086200: 7ce1 83ff 

  0x00000269e8086204: ;   {other}
  0x00000269e8086204: 0f1f 8400 | 7474 0078 | ba45 ffff | ff4c 8b9c | 24e0 0000 | 004c 895c | 2420 4c8b | 5c24 404c 
  0x00000269e8086224: 895c 2438 | 4c8b 5c24 | 484c 895c | 2440 4c8b | 5c24 584c | 895c 2448 | 4c8b 9c24 | d800 0000 
  0x00000269e8086244: 4889 5c24 | 584c 895c | 2460 4c89 | 5424 7090 

  0x00000269e8086254: ;   {runtime_call UncommonTrapBlob}
  0x00000269e8086254: c5f8 77e8 

  0x00000269e8086258: ; ImmutableOopMap {[32]=Oop [72]=Oop [88]=Oop [96]=Oop [112]=Oop [216]=Oop }
                      ;*iflt {reexecute=1 rethrow=0 return_oop=0}
                      ; - (reexecute) java.lang.StringConcatHelper::checkOverflow@2 (line 65)
                      ; - java.lang.StringConcatHelper::mix@23 (line 127)
                      ; - java.lang.StringConcatHelper::simpleConcat@54 (line 434)
                      ; - java.lang.String::concat@11 (line 2899)
                      ; - java.net.URLClassLoader$1::run@13 (line 423)
                      ; - java.net.URLClassLoader$1::run@1 (line 421)
                      ; - java.security.AccessController::executePrivileged@29 (line 809)
                      ; - java.security.AccessController::doPrivileged@13 (line 714)
                      ; - java.net.URLClassLoader::findClass@13 (line 420)
                      ; - java.lang.ClassLoader::loadClass@69 (line 593)
  0x00000269e8086258: 24e1 83ff 

  0x00000269e808625c: ;   {other}
  0x00000269e808625c: 0f1f 8400 | cc74 0079 | ba45 ffff | ff48 8bac | 24e0 0000 | 0044 8b4c | 242c 4489 | 4c24 204c 
  0x00000269e808627c: 8b44 2440 | 4c89 4424 | 304c 8b44 | 2448 4c89 | 4424 384c | 8b44 2458 | 4c89 4424 | 404c 8b84 
  0x00000269e808629c: 24d8 0000 | 0048 895c | 2450 4c89 | 4424 584c | 8954 2470 | 4889 7424 | 7844 895c | 2424 6690 
  0x00000269e80862bc: ;   {runtime_call UncommonTrapBlob}
  0x00000269e80862bc: c5f8 77e8 

  0x00000269e80862c0: ; ImmutableOopMap {rbp=Oop [64]=Oop [80]=Oop [88]=Oop [112]=Oop [120]=Oop [216]=Oop }
                      ;*if_icmpne {reexecute=1 rethrow=0 return_oop=0}
                      ; - (reexecute) java.lang.String::getBytes@5 (line 4725)
                      ; - java.lang.StringConcatHelper::prepend@21 (line 324)
                      ; - java.lang.StringConcatHelper::simpleConcat@81 (line 439)
                      ; - java.lang.String::concat@11 (line 2899)
                      ; - java.net.URLClassLoader$1::run@13 (line 423)
                      ; - java.net.URLClassLoader$1::run@1 (line 421)
                      ; - java.security.AccessController::executePrivileged@29 (line 809)
                      ; - java.security.AccessController::doPrivileged@13 (line 714)
                      ; - java.net.URLClassLoader::findClass@13 (line 420)
                      ; - java.lang.ClassLoader::loadClass@69 (line 593)
  0x00000269e80862c0: bce0 83ff 

  0x00000269e80862c4: ;   {other}
  0x00000269e80862c4: 0f1f 8400 | 3475 007a | ba45 ffff | ff48 8bac | 24e0 0000 | 0044 8b44 | 242c 4489 | 4424 204c 
  0x00000269e80862e4: 8b44 2440 | 4c89 4424 | 304c 8b44 | 2448 4c89 | 4424 384c | 8b44 2458 | 4c89 4424 | 404c 8b84 
  0x00000269e8086304: 24d8 0000 | 0048 895c | 2450 4c89 | 4424 584c | 8954 2468 | 4c89 6c24 | 7044 895c | 2424 6690 
  0x00000269e8086324: ;   {runtime_call UncommonTrapBlob}
  0x00000269e8086324: c5f8 77e8 

  0x00000269e8086328: ; ImmutableOopMap {rbp=Oop [64]=Oop [80]=Oop [88]=Oop [104]=Oop [216]=Oop }
                      ;*if_icmpne {reexecute=1 rethrow=0 return_oop=0}
                      ; - (reexecute) java.lang.StringConcatHelper::mix@13 (line 124)
                      ; - java.lang.StringConcatHelper::simpleConcat@46 (line 433)
                      ; - java.lang.String::concat@11 (line 2899)
                      ; - java.net.URLClassLoader$1::run@13 (line 423)
                      ; - java.net.URLClassLoader$1::run@1 (line 421)
                      ; - java.security.AccessController::executePrivileged@29 (line 809)
                      ; - java.security.AccessController::doPrivileged@13 (line 714)
                      ; - java.net.URLClassLoader::findClass@13 (line 420)
                      ; - java.lang.ClassLoader::loadClass@69 (line 593)
  0x00000269e8086328: 54e0 83ff 

  0x00000269e808632c: ;   {other}
  0x00000269e808632c: 0f1f 8400 | 9c75 007b | ba45 ffff | ff48 8bac | 24e0 0000 | 0044 8b44 | 242c 4489 | 4424 204c 
  0x00000269e808634c: 8b5c 2440 | 4c89 5c24 | 304c 8b5c | 2448 4c89 | 5c24 384c | 8b5c 2458 | 4c89 5c24 | 404c 8b9c 
  0x00000269e808636c: 24d8 0000 | 0048 895c | 2450 4c89 | 5c24 584c | 8954 2468 | 4889 4424 | 7089 4c24 | 2466 6690 
  0x00000269e808638c: ;   {runtime_call UncommonTrapBlob}
  0x00000269e808638c: c5f8 77e8 

  0x00000269e8086390: ; ImmutableOopMap {rbp=Oop [64]=Oop [80]=Oop [88]=Oop [104]=Oop [216]=Oop }
                      ;*ifge {reexecute=1 rethrow=0 return_oop=0}
                      ; - (reexecute) java.lang.StringConcatHelper::newArray@13 (line 508)
                      ; - java.lang.StringConcatHelper::simpleConcat@61 (line 435)
                      ; - java.lang.String::concat@11 (line 2899)
                      ; - java.net.URLClassLoader$1::run@13 (line 423)
                      ; - java.net.URLClassLoader$1::run@1 (line 421)
                      ; - java.security.AccessController::executePrivileged@29 (line 809)
                      ; - java.security.AccessController::doPrivileged@13 (line 714)
                      ; - java.net.URLClassLoader::findClass@13 (line 420)
                      ; - java.lang.ClassLoader::loadClass@69 (line 593)
  0x00000269e8086390: ecdf 83ff 

  0x00000269e8086394: ;   {other}
  0x00000269e8086394: 0f1f 8400 | 0476 007c | 4963 ca90 | e9b0 9aff | ff48 83c1 | fe49 8bfb | 4833 c048 | 83f9 087f 
  0x00000269e80863b4: 1048 ffc9 | 784f 4889 | 04cf 48ff | c97d f7eb | 44c5 fdef | c0e9 0d00 | 0000 c5fe | 7f07 c5fe 
  0x00000269e80863d4: 7f47 2048 | 83c7 4048 | 83e9 087d | ed48 83c1 | 047c 0cc5 | fe7f 0748 | 83c7 2048 | 83e9 0448 
  0x00000269e80863f4: 83c1 047e | 1048 ffc9 | c5f9 d607 | 4883 c708 | 48ff c97d | f3e9 219b | ffff bacc | ffff ff48 
  0x00000269e8086414: 8bac 24e0 | 0000 0044 | 8b5c 242c | 4489 5c24 | 204c 8b5c | 2440 4c89 | 5c24 304c | 8b5c 2448 
  0x00000269e8086434: 4c89 5c24 | 384c 8b5c | 2458 4c89 | 5c24 404c | 8b9c 24d8 | 0000 004c | 895c 2448 | 4c8b 5c24 
  0x00000269e8086454: 604c 895c | 2450 4c8b | 9c24 8800 | 0000 4c89 | 5c24 584c | 8b9c 2480 | 0000 004c | 895c 2478 
  0x00000269e8086474: 4489 8c24 | 8000 0000 | 4489 9424 | 8800 0000 | 4889 9c24 | a800 0000 

  0x00000269e808648c: ;   {runtime_call UncommonTrapBlob}
  0x00000269e808648c: c5f8 77e8 

  0x00000269e8086490: ; ImmutableOopMap {rbp=Oop [64]=Oop [72]=Oop [80]=Oop [88]=Oop [128]=NarrowOop [168]=Oop [176]=NarrowOop }
                      ;*newarray {reexecute=1 rethrow=0 return_oop=0}
                      ; - (reexecute) java.util.Arrays::copyOfRangeByte@10 (line 3863)
                      ; - java.util.Arrays::copyOfRange@13 (line 3854)
                      ; - java.lang.StringLatin1::newString@16 (line 752)
                      ; - java.lang.String::substring@41 (line 2839)
                      ; - java.net.URLClassLoader::defineClass@28 (line 489)
                      ; - java.net.URLClassLoader$1::run@43 (line 427)
                      ; - java.net.URLClassLoader$1::run@1 (line 421)
                      ; - java.security.AccessController::executePrivileged@29 (line 809)
                      ; - java.security.AccessController::doPrivileged@13 (line 714)
                      ; - java.net.URLClassLoader::findClass@13 (line 420)
                      ; - java.lang.ClassLoader::loadClass@69 (line 593)
  0x00000269e8086490: ecde 83ff 

  0x00000269e8086494: ;   {other}
  0x00000269e8086494: 0f1f 8400 | 0477 007d | 458b d090 | e918 98ff | ff33 ed45 | 85c0 400f | 94c5 ba45 | ffff ff4c 
  0x00000269e80864b4: 8b9c 24e0 | 0000 004c | 895c 2420 | 448b 4424 | 2c44 8944 | 2428 4c8b | 5c24 404c | 895c 2438 
  0x00000269e80864d4: 4c8b 5c24 | 484c 895c | 2440 4c8b | 5c24 584c | 895c 2448 | 4c8b 9c24 | d800 0000 | 4c89 5c24 
  0x00000269e80864f4: 504c 8b5c | 2460 4c89 | 5c24 584c | 8b9c 2488 | 0000 004c | 895c 2460 | 4489 5424 | 2c66 6690 
  0x00000269e8086514: ;   {runtime_call UncommonTrapBlob}
  0x00000269e8086514: c5f8 77e8 

  0x00000269e8086518: ; ImmutableOopMap {[32]=Oop [72]=Oop [80]=Oop [88]=Oop [96]=Oop }
                      ;*ifeq {reexecute=1 rethrow=0 return_oop=0}
                      ; - (reexecute) java.lang.String::lastIndexOf@4 (line 2573)
                      ; - java.lang.String::lastIndexOf@8 (line 2535)
                      ; - java.net.URLClassLoader::defineClass@7 (line 486)
                      ; - java.net.URLClassLoader$1::run@43 (line 427)
                      ; - java.net.URLClassLoader$1::run@1 (line 421)
                      ; - java.security.AccessController::executePrivileged@29 (line 809)
                      ; - java.security.AccessController::doPrivileged@13 (line 714)
                      ; - java.net.URLClassLoader::findClass@13 (line 420)
                      ; - java.lang.ClassLoader::loadClass@69 (line 593)
  0x00000269e8086518: 64de 83ff 

  0x00000269e808651c: ;   {other}
  0x00000269e808651c: 0f1f 8400 | 8c77 007e | ba45 ffff | ff48 8bac | 24e0 0000 | 0044 8b44 | 242c 4489 | 4424 204c 
  0x00000269e808653c: 8b5c 2440 | 4c89 5c24 | 304c 8b5c | 2448 4c89 | 5c24 384c | 8b5c 2458 | 4c89 5c24 | 404c 8b9c 
  0x00000269e808655c: 24d8 0000 | 004c 895c | 2448 4c8b | 5c24 604c | 895c 2450 | 4c8b 9c24 | 8800 0000 | 4c89 5c24 
  0x00000269e808657c: 584c 8b9c | 2480 0000 | 004c 895c | 2478 4489 | 9424 8c00 | 0000 4489 | 9424 9000 | 0000 898c 
  0x00000269e808659c: 24a8 0000 | 0066 6690 

  0x00000269e80865a4: ;   {runtime_call UncommonTrapBlob}
  0x00000269e80865a4: c5f8 77e8 

  0x00000269e80865a8: ; ImmutableOopMap {rbp=Oop [64]=Oop [72]=Oop [80]=Oop [88]=Oop [176]=NarrowOop }
                      ;*if_icmpgt {reexecute=1 rethrow=0 return_oop=0}
                      ; - (reexecute) jdk.internal.util.Preconditions::checkFromToIndex@6 (line 348)
                      ; - java.lang.String::checkBoundsBeginEnd@6 (line 4865)
                      ; - java.lang.String::substring@8 (line 2834)
                      ; - java.net.URLClassLoader::defineClass@28 (line 489)
                      ; - java.net.URLClassLoader$1::run@43 (line 427)
                      ; - java.net.URLClassLoader$1::run@1 (line 421)
                      ; - java.security.AccessController::executePrivileged@29 (line 809)
                      ; - java.security.AccessController::doPrivileged@13 (line 714)
                      ; - java.net.URLClassLoader::findClass@13 (line 420)
                      ; - java.lang.ClassLoader::loadClass@69 (line 593)
  0x00000269e80865a8: d4dd 83ff 

  0x00000269e80865ac: ;   {other}
  0x00000269e80865ac: 0f1f 8400 | 1c78 007f | baf6 ffff | ff44 8b44 | 242c 4489 | 4424 204c | 8b54 2440 | 4c89 5424 
  0x00000269e80865cc: 304c 8b54 | 2448 4c89 | 5424 384c | 8b54 2458 | 4c89 5424 | 404c 8b94 | 24d8 0000 | 004c 8954 
  0x00000269e80865ec: 2448 4c8b | 5424 604c | 8954 2450 | 4c8b 9424 | 8800 0000 | 4c89 5424 | 584c 894c | 2460 4c8b 
  0x00000269e808660c: 9424 9000 | 0000 4c89 | 5424 704c | 8b94 2480 | 0000 004c | 8954 2478 | 4c89 b424 | 8800 0000 
  0x00000269e808662c: 4c89 9c24 | 9000 0000 | 4c89 8c24 | a000 0000 

  0x00000269e808663c: ;   {runtime_call UncommonTrapBlob}
  0x00000269e808663c: c5f8 77e8 

  0x00000269e8086640: ; ImmutableOopMap {[64]=Oop [72]=Oop [80]=Oop [88]=Oop [96]=Oop [112]=Oop [136]=Oop [144]=Oop [160]=Oop [176]=NarrowOop }
                      ;*invokevirtual get {reexecute=0 rethrow=0 return_oop=0}
                      ; - java.lang.ClassLoader::definePackage@47 (line 2125)
                      ; - java.lang.ClassLoader::getDefinedPackage@32 (line 2267)
                      ; - java.net.URLClassLoader::getAndVerifyPackage@2 (line 457)
                      ; - java.net.URLClassLoader::defineClass@46 (line 492)
                      ; - java.net.URLClassLoader$1::run@43 (line 427)
                      ; - java.net.URLClassLoader$1::run@1 (line 421)
                      ; - java.security.AccessController::executePrivileged@29 (line 809)
                      ; - java.security.AccessController::doPrivileged@13 (line 714)
                      ; - java.net.URLClassLoader::findClass@13 (line 420)
                      ; - java.lang.ClassLoader::loadClass@69 (line 593)
  0x00000269e8086640: 3cdd 83ff 

  0x00000269e8086644: ;   {other}
  0x00000269e8086644: 0f1f 8400 | b478 0080 | 418b e84d | 63d0 e9bc | b5ff ffba | 76ff ffff | 8b74 242c | 8974 2420 
  0x00000269e8086664: 488b 7c24 | 4048 897c | 2430 488b | 7c24 4848 | 897c 2438 | 488b 7c24 | 5848 897c | 2440 488b 
  0x00000269e8086684: bc24 d800 | 0000 4889 | 7c24 4848 | 8b7c 2460 | 4889 7c24 | 5048 8bbc | 2488 0000 | 0048 897c 
  0x00000269e80866a4: 2458 4c89 | 4c24 6048 | 8bbc 2490 | 0000 0048 | 897c 2470 | 488b bc24 | 8000 0000 | 4889 7c24 
  0x00000269e80866c4: 788b bc24 | b000 0000 | 897c 2424 | 4c89 9c24 | 9000 0000 | 4c89 9424 | 9800 0000 | 4c89 b424 
  0x00000269e80866e4: a000 0000 | 4c89 b424 | a800 0000 | 4c89 9c24 | b000 0000 | 898c 24b8 | 0000 0089 | 9c24 c000 
  0x00000269e8086704: 0000 4c89 | 8c24 d000 | 0000 4489 | 8424 c400 | 0000 6690 

  0x00000269e8086718: ;   {runtime_call UncommonTrapBlob}
  0x00000269e8086718: c5f8 77e8 

  0x00000269e808671c: ; ImmutableOopMap {[36]=NarrowOop [64]=Oop [72]=Oop [80]=Oop [88]=Oop [96]=Oop [112]=Oop [144]=Oop [152]=Oop [160]=Oop [168]=Oop [176]=Oop [184]=NarrowOop [196]=NarrowOop [208]=Oop }
                      ;*if_icmpge {reexecute=1 rethrow=0 return_oop=0}
                      ; - (reexecute) java.lang.StringLatin1::replace@19 (line 297)
                      ; - java.lang.String::replace@18 (line 2933)
                      ; - java.net.URLClassLoader::isSealed@9 (line 601)
                      ; - java.net.URLClassLoader::getAndVerifyPackage@68 (line 469)
                      ; - java.net.URLClassLoader::defineClass@46 (line 492)
                      ; - java.net.URLClassLoader$1::run@43 (line 427)
                      ; - java.net.URLClassLoader$1::run@1 (line 421)
                      ; - java.security.AccessController::executePrivileged@29 (line 809)
                      ; - java.security.AccessController::doPrivileged@13 (line 714)
                      ; - java.net.URLClassLoader::findClass@13 (line 420)
                      ; - java.lang.ClassLoader::loadClass@69 (line 593)
  0x00000269e808671c: 60dc 83ff 

  0x00000269e8086720: ;   {other}
  0x00000269e8086720: 0f1f 8400 | 9079 0081 | 33ed 4585 | c040 0f96 | c5ba 45ff | ffff 448b | 4424 2c44 | 8944 2428 
  0x00000269e8086740: 4c8b 4424 | 404c 8944 | 2438 4c8b | 4424 484c | 8944 2440 | 4c8b 4424 | 584c 8944 | 2448 4c8b 
  0x00000269e8086760: 8424 d800 | 0000 4c89 | 4424 504c | 8b44 2460 | 4c89 4424 | 584c 8b84 | 2488 0000 | 004c 8944 
  0x00000269e8086780: 2460 4c89 | 4c24 684c | 8b84 2490 | 0000 004c | 8944 2478 | 4c89 8c24 | 9800 0000 | 4c89 9c24 
  0x00000269e80867a0: a000 0000 | 4c89 b424 | a800 0000 | 4c89 9c24 | c000 0000 | 4489 9424 | b400 0000 

  0x00000269e80867bc: ;   {runtime_call UncommonTrapBlob}
  0x00000269e80867bc: c5f8 77e8 

  0x00000269e80867c0: ; ImmutableOopMap {[72]=Oop [80]=Oop [88]=Oop [96]=Oop [104]=Oop [120]=Oop [152]=Oop [160]=Oop [168]=Oop [176]=NarrowOop [180]=NarrowOop [192]=Oop }
                      ;*ifeq {reexecute=1 rethrow=0 return_oop=0}
                      ; - (reexecute) java.lang.ClassLoader::definePackage@4 (line 2120)
                      ; - java.lang.ClassLoader::getDefinedPackage@32 (line 2267)
                      ; - java.net.URLClassLoader::getAndVerifyPackage@2 (line 457)
                      ; - java.net.URLClassLoader::defineClass@46 (line 492)
                      ; - java.net.URLClassLoader$1::run@43 (line 427)
                      ; - java.net.URLClassLoader$1::run@1 (line 421)
                      ; - java.security.AccessController::executePrivileged@29 (line 809)
                      ; - java.security.AccessController::doPrivileged@13 (line 714)
                      ; - java.net.URLClassLoader::findClass@13 (line 420)
                      ; - java.lang.ClassLoader::loadClass@69 (line 593)
  0x00000269e80867c0: bcdb 83ff 

  0x00000269e80867c4: ;   {other}
  0x00000269e80867c4: 0f1f 8400 | 347a 0082 | bade ffff | ff8b 5c24 | 2c89 5c24 | 2048 8b4c | 2440 4889 | 4c24 3048 
  0x00000269e80867e4: 8b4c 2448 | 4889 4c24 | 3848 8b4c | 2458 4889 | 4c24 4048 | 8b8c 24d8 | 0000 0048 | 894c 2448 
  0x00000269e8086804: 488b 4c24 | 6048 894c | 2450 488b | 8c24 8800 | 0000 4889 | 4c24 584c | 894c 2460 | 488b 8c24 
  0x00000269e8086824: 9000 0000 | 4889 4c24 | 7048 8b8c | 2480 0000 | 0048 894c | 2478 8b9c | 24b0 0000 | 0089 5c24 
  0x00000269e8086844: 244c 899c | 2490 0000 | 004c 8994 | 2498 0000 | 004c 89b4 | 24a0 0000 | 004c 89b4 | 24a8 0000 
  0x00000269e8086864: 004c 898c | 24b8 0000 | 0044 8984 | 24c0 0000 | 0048 8984 | 24c8 0000 | 0066 6690 

  0x00000269e8086880: ;   {runtime_call UncommonTrapBlob}
  0x00000269e8086880: c5f8 77e8 

  0x00000269e8086884: ; ImmutableOopMap {[36]=NarrowOop [64]=Oop [72]=Oop [80]=Oop [88]=Oop [96]=Oop [112]=Oop [144]=Oop [152]=Oop [160]=Oop [168]=Oop [184]=Oop [192]=NarrowOop [200]=Oop }
                      ;*invokeinterface getTrustedAttributes {reexecute=0 rethrow=0 return_oop=0}
                      ; - java.net.URLClassLoader::isSealed@18 (line 601)
                      ; - java.net.URLClassLoader::getAndVerifyPackage@68 (line 469)
                      ; - java.net.URLClassLoader::defineClass@46 (line 492)
                      ; - java.net.URLClassLoader$1::run@43 (line 427)
                      ; - java.net.URLClassLoader$1::run@1 (line 421)
                      ; - java.security.AccessController::executePrivileged@29 (line 809)
                      ; - java.security.AccessController::doPrivileged@13 (line 714)
                      ; - java.net.URLClassLoader::findClass@13 (line 420)
                      ; - java.lang.ClassLoader::loadClass@69 (line 593)
  0x00000269e8086884: f8da 83ff 

  0x00000269e8086888: ;   {other}
  0x00000269e8086888: 0f1f 8400 | f87a 0083 | bade ffff | ff44 8b44 | 242c 4489 | 4424 284c | 8b44 2440 | 4c89 4424 
  0x00000269e80868a8: 384c 8b44 | 2448 4c89 | 4424 404c | 8b44 2458 | 4c89 4424 | 484c 8b84 | 24d8 0000 | 004c 8944 
  0x00000269e80868c8: 2450 4c8b | 4424 604c | 8944 2458 | 4c8b 8424 | 8800 0000 | 4c89 4424 | 604c 894c | 2468 4c8b 
  0x00000269e80868e8: 8424 9000 | 0000 4c89 | 4424 788b | 8c24 b000 | 0000 894c | 242c 4c89 | 9c24 9800 | 0000 4c89 
  0x00000269e8086908: 9424 a000 | 0000 4c89 | b424 a800 | 0000 4c89 | b424 b000 | 0000 4c89 | 8c24 c000 | 0000 4889 
  0x00000269e8086928: 8424 d000 | 0000 6690 

  0x00000269e8086930: ;   {runtime_call UncommonTrapBlob}
  0x00000269e8086930: c5f8 77e8 

  0x00000269e8086934: ; ImmutableOopMap {rbp=NarrowOop [44]=NarrowOop [72]=Oop [80]=Oop [88]=Oop [96]=Oop [104]=Oop [120]=Oop [152]=Oop [160]=Oop [168]=Oop [176]=Oop [192]=Oop [208]=Oop }
                      ;*invokeinterface get {reexecute=0 rethrow=0 return_oop=0}
                      ; - java.util.jar.Manifest::getAttributes@5 (line 160)
                      ; - java.util.jar.Manifest::getTrustedAttributes@2 (line 177)
                      ; - java.util.jar.JavaUtilJarAccessImpl::getTrustedAttributes@2 (line 38)
                      ; - java.net.URLClassLoader::isSealed@18 (line 601)
                      ; - java.net.URLClassLoader::getAndVerifyPackage@68 (line 469)
                      ; - java.net.URLClassLoader::defineClass@46 (line 492)
                      ; - java.net.URLClassLoader$1::run@43 (line 427)
                      ; - java.net.URLClassLoader$1::run@1 (line 421)
                      ; - java.security.AccessController::executePrivileged@29 (line 809)
                      ; - java.security.AccessController::doPrivileged@13 (line 714)
                      ; - java.net.URLClassLoader::findClass@13 (line 420)
                      ; - java.lang.ClassLoader::loadClass@69 (line 593)
  0x00000269e8086934: 48da 83ff 

  0x00000269e8086938: ;   {other}
  0x00000269e8086938: 0f1f 8400 | a87b 0084 | bade ffff | ff8b 4c24 | 2c89 4c24 | 284c 8b44 | 2440 4c89 | 4424 384c 
  0x00000269e8086958: 8b44 2448 | 4c89 4424 | 404c 8b44 | 2458 4c89 | 4424 484c | 8b84 24d8 | 0000 004c | 8944 2450 
  0x00000269e8086978: 4c8b 4424 | 604c 8944 | 2458 4c8b | 8424 8800 | 0000 4c89 | 4424 604c | 894c 2468 | 4c8b 8424 
  0x00000269e8086998: 9000 0000 | 4c89 4424 | 788b 8c24 | b000 0000 | 894c 242c | 4c89 b424 | 9000 0000 | 4c89 9c24 
  0x00000269e80869b8: 9800 0000 | 4c89 9424 | a000 0000 | 4c89 8c24 | b000 0000 

  0x00000269e80869cc: ;   {runtime_call UncommonTrapBlob}
  0x00000269e80869cc: c5f8 77e8 

  0x00000269e80869d0: ; ImmutableOopMap {rbp=NarrowOop [44]=NarrowOop [72]=Oop [80]=Oop [88]=Oop [96]=Oop [104]=Oop [120]=Oop [144]=Oop [152]=Oop [160]=Oop [176]=Oop }
                      ;*invokeinterface get {reexecute=0 rethrow=0 return_oop=0}
                      ; - java.util.jar.Attributes::get@5 (line 106)
                      ; - java.util.jar.Attributes::getValue@2 (line 142)
                      ; - java.net.URLClassLoader::isSealed@58 (line 608)
                      ; - java.net.URLClassLoader::getAndVerifyPackage@68 (line 469)
                      ; - java.net.URLClassLoader::defineClass@46 (line 492)
                      ; - java.net.URLClassLoader$1::run@43 (line 427)
                      ; - java.net.URLClassLoader$1::run@1 (line 421)
                      ; - java.security.AccessController::executePrivileged@29 (line 809)
                      ; - java.security.AccessController::doPrivileged@13 (line 714)
                      ; - java.net.URLClassLoader::findClass@13 (line 420)
                      ; - java.lang.ClassLoader::loadClass@69 (line 593)
  0x00000269e80869d0: acd9 83ff 

  0x00000269e80869d4: ;   {other}
  0x00000269e80869d4: 0f1f 8400 | 447c 0085 | bacc ffff | ff48 8bac | 24e0 0000 | 0044 8b5c | 242c 4489 | 5c24 204c 
  0x00000269e80869f4: 8b54 2440 | 4c89 5424 | 304c 8b54 | 2448 4c89 | 5424 384c | 8b54 2458 | 4c89 5424 | 404c 8b94 
  0x00000269e8086a14: 24d8 0000 | 004c 8954 | 2448 4c8b | 5424 604c | 8954 2450 | 4c8b 9424 | 8800 0000 | 4c89 5424 
  0x00000269e8086a34: 584c 8b94 | 2490 0000 | 004c 8954 | 2470 4c8b | 9424 8000 | 0000 4c89 | 5424 7844 | 8b94 24b0 
  0x00000269e8086a54: 0000 0044 | 8954 2424 | 4c8b 9424 | 9800 0000 | 4c89 9424 | 8000 0000 | 4c8b 9424 | a800 0000 
  0x00000269e8086a74: 4c89 9424 | 8800 0000 | 4c8b 9424 | a000 0000 | 4c89 9424 | 9800 0000 | 448b 9c24 | c800 0000 
  0x00000269e8086a94: 4489 9c24 | c400 0000 | 4c8b 9424 | d000 0000 | 4c89 9424 | c800 0000 | 4889 9c24 | e000 0000 
  0x00000269e8086ab4: ;   {runtime_call UncommonTrapBlob}
  0x00000269e8086ab4: c5f8 77e8 

  0x00000269e8086ab8: ; ImmutableOopMap {rbp=Oop [36]=NarrowOop [64]=Oop [72]=Oop [80]=Oop [88]=Oop [112]=Oop [128]=Oop [136]=Oop [152]=Oop [196]=NarrowOop [200]=Oop [224]=Oop }
                      ;*invokestatic arraycopy {reexecute=0 rethrow=0 return_oop=0}
                      ; - java.lang.String::getBytes@22 (line 4726)
                      ; - java.lang.StringConcatHelper::prepend@21 (line 324)
                      ; - java.lang.StringConcatHelper::simpleConcat@71 (line 438)
                      ; - java.lang.String::concat@11 (line 2899)
                      ; - java.net.URLClassLoader::isSealed@15 (line 601)
                      ; - java.net.URLClassLoader::getAndVerifyPackage@68 (line 469)
                      ; - java.net.URLClassLoader::defineClass@46 (line 492)
                      ; - java.net.URLClassLoader$1::run@43 (line 427)
                      ; - java.net.URLClassLoader$1::run@1 (line 421)
                      ; - java.security.AccessController::executePrivileged@29 (line 809)
                      ; - java.security.AccessController::doPrivileged@13 (line 714)
                      ; - java.net.URLClassLoader::findClass@13 (line 420)
                      ; - java.lang.ClassLoader::loadClass@69 (line 593)
  0x00000269e8086ab8: c4d8 83ff 

  0x00000269e8086abc: ;   {other}
  0x00000269e8086abc: 0f1f 8400 | 2c7d 0086 | bacc ffff | ff48 8bac | 24e0 0000 | 0044 8b5c | 242c 4489 | 5c24 204c 
  0x00000269e8086adc: 8b54 2440 | 4c89 5424 | 304c 8b54 | 2448 4c89 | 5424 384c | 8b54 2458 | 4c89 5424 | 404c 8b94 
  0x00000269e8086afc: 24d8 0000 | 004c 8954 | 2448 4c8b | 5424 604c | 8954 2450 | 4c8b 9424 | 8800 0000 | 4c89 5424 
  0x00000269e8086b1c: 584c 8b94 | 2490 0000 | 004c 8954 | 2470 4c8b | 9424 8000 | 0000 4c89 | 5424 7844 | 8b94 24b0 
  0x00000269e8086b3c: 0000 0044 | 8954 2424 | 4c8b 9424 | 9800 0000 | 4c89 9424 | 8000 0000 | 4c8b 9424 | a800 0000 
  0x00000269e8086b5c: 4c89 9424 | 8800 0000 | 4c8b 9424 | a000 0000 | 4c89 9424 | 9800 0000 | 4c8b 9424 | b800 0000 
  0x00000269e8086b7c: 4c89 9424 | b000 0000 | 4889 9c24 | d800 0000 

  0x00000269e8086b8c: ;   {runtime_call UncommonTrapBlob}
  0x00000269e8086b8c: c5f8 77e8 

  0x00000269e8086b90: ; ImmutableOopMap {rbp=Oop [36]=NarrowOop [64]=Oop [72]=Oop [80]=Oop [88]=Oop [112]=Oop [128]=Oop [136]=Oop [152]=Oop [176]=Oop [200]=NarrowOop [216]=Oop }
                      ;*invokestatic arraycopy {reexecute=0 rethrow=0 return_oop=0}
                      ; - java.lang.String::getBytes@22 (line 4726)
                      ; - java.lang.StringConcatHelper::prepend@21 (line 324)
                      ; - java.lang.StringConcatHelper::simpleConcat@81 (line 439)
                      ; - java.lang.String::concat@11 (line 2899)
                      ; - java.net.URLClassLoader::isSealed@15 (line 601)
                      ; - java.net.URLClassLoader::getAndVerifyPackage@68 (line 469)
                      ; - java.net.URLClassLoader::defineClass@46 (line 492)
                      ; - java.net.URLClassLoader$1::run@43 (line 427)
                      ; - java.net.URLClassLoader$1::run@1 (line 421)
                      ; - java.security.AccessController::executePrivileged@29 (line 809)
                      ; - java.security.AccessController::doPrivileged@13 (line 714)
                      ; - java.net.URLClassLoader::findClass@13 (line 420)
                      ; - java.lang.ClassLoader::loadClass@69 (line 593)
  0x00000269e8086b90: ecd7 83ff 

  0x00000269e8086b94: ;   {other}
  0x00000269e8086b94: 0f1f 8400 | 047e 0087 | ba45 ffff | ff44 8b54 | 242c 4489 | 5424 204c | 8b54 2440 | 4c89 5424 
  0x00000269e8086bb4: 304c 8b54 | 2448 4c89 | 5424 384c | 8b54 2458 | 4c89 5424 | 404c 8b94 | 24d8 0000 | 004c 8954 
  0x00000269e8086bd4: 2448 4c8b | 5424 604c | 8954 2450 | 4c8b 9424 | 8800 0000 | 4c89 5424 | 584c 894c | 2460 4c8b 
  0x00000269e8086bf4: 9424 9000 | 0000 4c89 | 5424 704c | 8b94 2480 | 0000 004c | 8954 2478 | 448b 8424 | b000 0000 
  0x00000269e8086c14: 4c89 8c24 | 9000 0000 | 4c89 9c24 | 9800 0000 | 4c89 b424 | a000 0000 | 4489 8424 | a800 0000 
  0x00000269e8086c34: 4c89 9c24 | b800 0000 | 898c 24ac | 0000 0090 

  0x00000269e8086c44: ;   {runtime_call UncommonTrapBlob}
  0x00000269e8086c44: c5f8 77e8 

  0x00000269e8086c48: ; ImmutableOopMap {[64]=Oop [72]=Oop [80]=Oop [88]=Oop [96]=Oop [112]=Oop [144]=Oop [152]=Oop [160]=Oop [168]=NarrowOop [184]=Oop }
                      ;*ifle {reexecute=1 rethrow=0 return_oop=0}
                      ; - (reexecute) java.util.concurrent.ConcurrentHashMap::get@23 (line 937)
                      ; - java.lang.ClassLoader::getDefinedPackage@13 (line 2263)
                      ; - java.net.URLClassLoader::getAndVerifyPackage@2 (line 457)
                      ; - java.net.URLClassLoader::defineClass@46 (line 492)
                      ; - java.net.URLClassLoader$1::run@43 (line 427)
                      ; - java.net.URLClassLoader$1::run@1 (line 421)
                      ; - java.security.AccessController::executePrivileged@29 (line 809)
                      ; - java.security.AccessController::doPrivileged@13 (line 714)
                      ; - java.net.URLClassLoader::findClass@13 (line 420)
                      ; - java.lang.ClassLoader::loadClass@69 (line 593)
  0x00000269e8086c48: 34d7 83ff 

  0x00000269e8086c4c: ;   {other}
  0x00000269e8086c4c: 0f1f 8400 | bc7e 0088 | ba45 ffff | ff44 8b5c | 242c 4489 | 5c24 204c | 8b54 2440 | 4c89 5424 
  0x00000269e8086c6c: 304c 8b54 | 2448 4c89 | 5424 384c | 8b54 2458 | 4c89 5424 | 404c 8b54 | 2468 4c89 | 5424 484c 
  0x00000269e8086c8c: 8b54 2460 | 4c89 5424 | 504c 8b94 | 2488 0000 | 004c 8954 | 2470 4c8b | 9424 8000 | 0000 4c89 
  0x00000269e8086cac: 5424 7848 | 8984 2498 | 0000 0090 

  0x00000269e8086cb8: ;   {runtime_call UncommonTrapBlob}
  0x00000269e8086cb8: c5f8 77e8 

  0x00000269e8086cbc: ; ImmutableOopMap {rbp=Oop [64]=Oop [72]=Oop [80]=Oop [112]=Oop [152]=Oop [176]=NarrowOop }
                      ;*ifnull {reexecute=1 rethrow=0 return_oop=0}
                      ; - (reexecute) java.net.URLClassLoader::defineClass@139 (line 512)
                      ; - java.net.URLClassLoader$1::run@43 (line 427)
                      ; - java.net.URLClassLoader$1::run@1 (line 421)
                      ; - java.security.AccessController::executePrivileged@29 (line 809)
                      ; - java.security.AccessController::doPrivileged@13 (line 714)
                      ; - java.net.URLClassLoader::findClass@13 (line 420)
                      ; - java.lang.ClassLoader::loadClass@69 (line 593)
  0x00000269e8086cbc: c0d6 83ff 

  0x00000269e8086cc0: ;   {other}
  0x00000269e8086cc0: 0f1f 8400 | 307f 0089 | ba45 ffff | ff48 8bac | 24e0 0000 | 0044 8b5c | 242c 4489 | 5c24 204c 
  0x00000269e8086ce0: 8b5c 2440 | 4c89 5c24 | 304c 8b5c | 2448 4c89 | 5c24 384c | 8b5c 2458 | 4c89 5c24 | 404c 8b9c 
  0x00000269e8086d00: 24d8 0000 | 004c 895c | 2448 4c8b | 5c24 604c | 895c 2450 | 4c8b 9c24 | 8800 0000 | 4c89 5c24 
  0x00000269e8086d20: 584c 8b9c | 2480 0000 | 004c 895c | 2478 4489 | 9424 8c00 | 0000 4489 | 9424 9000 | 0000 898c 
  0x00000269e8086d40: 24a8 0000 | 0089 8c24 | ac00 0000 

  0x00000269e8086d4c: ;   {runtime_call UncommonTrapBlob}
  0x00000269e8086d4c: c5f8 77e8 

  0x00000269e8086d50: ; ImmutableOopMap {rbp=Oop [64]=Oop [72]=Oop [80]=Oop [88]=Oop [176]=NarrowOop }
                      ;*if_icmple {reexecute=1 rethrow=0 return_oop=0}
                      ; - (reexecute) jdk.internal.util.Preconditions::checkFromToIndex@11 (line 348)
                      ; - java.lang.String::checkBoundsBeginEnd@6 (line 4865)
                      ; - java.lang.String::substring@8 (line 2834)
                      ; - java.net.URLClassLoader::defineClass@28 (line 489)
                      ; - java.net.URLClassLoader$1::run@43 (line 427)
                      ; - java.net.URLClassLoader$1::run@1 (line 421)
                      ; - java.security.AccessController::executePrivileged@29 (line 809)
                      ; - java.security.AccessController::doPrivileged@13 (line 714)
                      ; - java.net.URLClassLoader::findClass@13 (line 420)
                      ; - java.lang.ClassLoader::loadClass@69 (line 593)
  0x00000269e8086d50: 2cd6 83ff 

  0x00000269e8086d54: ;   {other}
  0x00000269e8086d54: 0f1f 8400 | c47f 008a | ba45 ffff | ff48 895c | 2428 4489 | 5c24 3090 

  0x00000269e8086d6c: ;   {runtime_call UncommonTrapBlob}
  0x00000269e8086d6c: c5f8 77e8 

  0x00000269e8086d70: ; ImmutableOopMap {[40]=Oop [80]=Oop [88]=Oop }
                      ;*ifeq {reexecute=1 rethrow=0 return_oop=0}
                      ; - (reexecute) java.lang.ClassLoader::loadClass@100 (line 601)
  0x00000269e8086d70: 0cd6 83ff 

  0x00000269e8086d74: ;   {other}
  0x00000269e8086d74: 0f1f 8400 | e47f 008b | 4c89 4424 | 384c 8bee | 498b d7c5 | f877 49ba | 209b 4ad7 | ff7f 0000 
  0x00000269e8086d94: ;   {other}
  0x00000269e8086d94: 41ff d20f | 1f84 0000 | 0000 004c | 8b44 2438 | 498b f5e9 | 9f93 ffff | 4d8b f54c | 8beb 488b 
  0x00000269e8086db4: ee49 8bd7 | c5f8 7749 | ba20 9b4a | d7ff 7f00 | 0041 ffd2 

  0x00000269e8086dc8: ;   {other}
  0x00000269e8086dc8: 0f1f 8400 | 0000 0000 | 498b dd4d | 8bee 488b | f5e9 5c91 | ffff ba76 | ffff ff4c | 8b94 24e0 
  0x00000269e8086de8: 0000 004c | 8954 2420 | 448b 5424 | 2c44 8954 | 2428 4c8b | 5424 404c | 8954 2438 | 4c8b 5424 
  0x00000269e8086e08: 484c 8954 | 2440 4c8b | 5424 584c | 8954 2448 | 4c8b 9424 | d800 0000 | 4c89 5424 | 504c 8b54 
  0x00000269e8086e28: 2460 4c89 | 5424 584c | 8b94 2488 | 0000 004c | 8954 2460 | 4c8b 9424 | 9000 0000 | 4c89 5424 
  0x00000269e8086e48: 7844 8b94 | 24b0 0000 | 0044 8954 | 242c 4c8b | 9424 9800 | 0000 4c89 | 9424 8800 | 0000 4c8b 
  0x00000269e8086e68: 9424 b800 | 0000 4c89 | 9424 a800 | 0000 4c89 | 9424 b000 | 0000 4c89 | 9c24 c800 | 0000 6690 
  0x00000269e8086e88: ;   {runtime_call UncommonTrapBlob}
  0x00000269e8086e88: c5f8 77e8 

  0x00000269e8086e8c: ; ImmutableOopMap {[32]=Oop [44]=NarrowOop [72]=Oop [80]=Oop [88]=Oop [96]=Oop [120]=Oop [136]=Oop [160]=Oop [168]=Oop [176]=Oop [192]=NarrowOop [200]=Oop [232]=NarrowOop }
                      ;*if_icmpge {reexecute=1 rethrow=0 return_oop=0}
                      ; - (reexecute) java.lang.StringLatin1::replace@82 (line 308)
                      ; - java.lang.String::replace@18 (line 2933)
                      ; - java.net.URLClassLoader::isSealed@9 (line 601)
                      ; - java.net.URLClassLoader::getAndVerifyPackage@68 (line 469)
                      ; - java.net.URLClassLoader::defineClass@46 (line 492)
                      ; - java.net.URLClassLoader$1::run@43 (line 427)
                      ; - java.net.URLClassLoader$1::run@1 (line 421)
                      ; - java.security.AccessController::executePrivileged@29 (line 809)
                      ; - java.security.AccessController::doPrivileged@13 (line 714)
                      ; - java.net.URLClassLoader::findClass@13 (line 420)
                      ; - java.lang.ClassLoader::loadClass@69 (line 593)
  0x00000269e8086e8c: f0d4 83ff 

  0x00000269e8086e90: ;   {other}
  0x00000269e8086e90: 0f1f 8400 | 0081 008c | baf6 ffff | ff44 8b54 | 242c 4489 | 5424 204c | 8b54 2440 | 4c89 5424 
  0x00000269e8086eb0: 304c 8b54 | 2448 4c89 | 5424 384c | 8b54 2458 | 4c89 5424 | 404c 8b94 | 24d8 0000 | 004c 8954 
  0x00000269e8086ed0: 2448 4c8b | 5424 604c | 8954 2450 | 4c8b 9424 | 8800 0000 | 4c89 5424 | 584c 894c | 2460 4c8b 
  0x00000269e8086ef0: 9424 9000 | 0000 4c89 | 5424 704c | 8b94 2480 | 0000 004c | 8954 2478 | 4c89 b424 | 8800 0000 
  0x00000269e8086f10: 4c89 9c24 | 9000 0000 | 4c89 8c24 | a000 0000 | 4889 8c24 | a800 0000 

  0x00000269e8086f28: ;   {runtime_call UncommonTrapBlob}
  0x00000269e8086f28: c5f8 77e8 

  0x00000269e8086f2c: ; ImmutableOopMap {[64]=Oop [72]=Oop [80]=Oop [88]=Oop [96]=Oop [112]=Oop [136]=Oop [144]=Oop [160]=Oop [168]=Oop [176]=NarrowOop }
                      ;*invokevirtual compute {reexecute=0 rethrow=0 return_oop=0}
                      ; - java.lang.ClassLoader::definePackage@78 (line 2129)
                      ; - java.lang.ClassLoader::getDefinedPackage@32 (line 2267)
                      ; - java.net.URLClassLoader::getAndVerifyPackage@2 (line 457)
                      ; - java.net.URLClassLoader::defineClass@46 (line 492)
                      ; - java.net.URLClassLoader$1::run@43 (line 427)
                      ; - java.net.URLClassLoader$1::run@1 (line 421)
                      ; - java.security.AccessController::executePrivileged@29 (line 809)
                      ; - java.security.AccessController::doPrivileged@13 (line 714)
                      ; - java.net.URLClassLoader::findClass@13 (line 420)
                      ; - java.lang.ClassLoader::loadClass@69 (line 593)
  0x00000269e8086f2c: 50d4 83ff 

  0x00000269e8086f30: ;   {other}
  0x00000269e8086f30: 0f1f 8400 | a081 008d | 33ed 4585 | c040 0f95 | c5ba 45ff | ffff 448b | 4424 2c44 | 8944 2428 
  0x00000269e8086f50: 4c8b 4424 | 404c 8944 | 2438 4c8b | 4424 484c | 8944 2440 | 4c8b 4424 | 584c 8944 | 2448 4c8b 
  0x00000269e8086f70: 8424 d800 | 0000 4c89 | 4424 504c | 8b44 2460 | 4c89 4424 | 584c 8b84 | 2488 0000 | 004c 8944 
  0x00000269e8086f90: 2460 4c89 | 4c24 684c | 8b84 2490 | 0000 004c | 8944 2478 | 4c89 8c24 | 9800 0000 | 4c89 9c24 
  0x00000269e8086fb0: a000 0000 | 4c89 b424 | a800 0000 | 4c89 9424 | b800 0000 

  0x00000269e8086fc4: ;   {runtime_call UncommonTrapBlob}
  0x00000269e8086fc4: c5f8 77e8 

  0x00000269e8086fc8: ; ImmutableOopMap {[72]=Oop [80]=Oop [88]=Oop [96]=Oop [104]=Oop [120]=Oop [152]=Oop [160]=Oop [168]=Oop [176]=NarrowOop [184]=Oop }
                      ;*ifne {reexecute=1 rethrow=0 return_oop=0}
                      ; - (reexecute) java.lang.Package::isSealed@7 (line 235)
                      ; - java.net.URLClassLoader::getAndVerifyPackage@14 (line 460)
                      ; - java.net.URLClassLoader::defineClass@46 (line 492)
                      ; - java.net.URLClassLoader$1::run@43 (line 427)
                      ; - java.net.URLClassLoader$1::run@1 (line 421)
                      ; - java.security.AccessController::executePrivileged@29 (line 809)
                      ; - java.security.AccessController::doPrivileged@13 (line 714)
                      ; - java.net.URLClassLoader::findClass@13 (line 420)
                      ; - java.lang.ClassLoader::loadClass@69 (line 593)
  0x00000269e8086fc8: b4d3 83ff 

  0x00000269e8086fcc: ;   {other}
  0x00000269e8086fcc: 0f1f 8400 | 3c82 008e | 33ed 85c9 | 400f 94c5 | ba45 ffff | ff8b 4c24 | 2c89 4c24 | 2848 8b4c 
  0x00000269e8086fec: 2440 4889 | 4c24 3848 | 8b4c 2448 | 4889 4c24 | 4048 8b4c | 2458 4889 | 4c24 4848 | 8b8c 24d8 
  0x00000269e808700c: 0000 0048 | 894c 2450 | 488b 4c24 | 6048 894c | 2458 488b | 8c24 8800 | 0000 4889 | 4c24 604c 
  0x00000269e808702c: 894c 2468 | 488b 8c24 | 9000 0000 | 4889 4c24 | 788b 9c24 | b000 0000 | 895c 242c | 4c89 9c24 
  0x00000269e808704c: 9800 0000 | 4c89 9424 | a000 0000 | 4c89 b424 | a800 0000 | 4c89 b424 | b000 0000 | 4c89 9c24 
  0x00000269e808706c: b800 0000 | 4c89 8c24 | c800 0000 | 4489 8424 | d000 0000 

  0x00000269e8087080: ;   {runtime_call UncommonTrapBlob}
  0x00000269e8087080: c5f8 77e8 

  0x00000269e8087084: ; ImmutableOopMap {[44]=NarrowOop [72]=Oop [80]=Oop [88]=Oop [96]=Oop [104]=Oop [120]=Oop [152]=Oop [160]=Oop [168]=Oop [176]=Oop [184]=Oop [200]=Oop [208]=NarrowOop }
                      ;*ifeq {reexecute=1 rethrow=0 return_oop=0}
                      ; - (reexecute) java.lang.String::replace@9 (line 2933)
                      ; - java.net.URLClassLoader::isSealed@9 (line 601)
                      ; - java.net.URLClassLoader::getAndVerifyPackage@68 (line 469)
                      ; - java.net.URLClassLoader::defineClass@46 (line 492)
                      ; - java.net.URLClassLoader$1::run@43 (line 427)
                      ; - java.net.URLClassLoader$1::run@1 (line 421)
                      ; - java.security.AccessController::executePrivileged@29 (line 809)
                      ; - java.security.AccessController::doPrivileged@13 (line 714)
                      ; - java.net.URLClassLoader::findClass@13 (line 420)
                      ; - java.lang.ClassLoader::loadClass@69 (line 593)
  0x00000269e8087084: f8d2 83ff 

  0x00000269e8087088: ;   {other}
  0x00000269e8087088: 0f1f 8400 | f882 008f | ba45 ffff | ff8b 4c24 | 2c89 4c24 | 2848 8b4c | 2440 4889 | 4c24 3848 
  0x00000269e80870a8: 8b4c 2448 | 4889 4c24 | 4048 8b4c | 2458 4889 | 4c24 4848 | 8b8c 24d8 | 0000 0048 | 894c 2450 
  0x00000269e80870c8: 488b 4c24 | 6048 894c | 2458 488b | 8c24 8800 | 0000 4889 | 4c24 604c | 894c 2468 | 488b 8c24 
  0x00000269e80870e8: 9000 0000 | 4889 4c24 | 788b 8c24 | b000 0000 | 894c 242c | 4c89 9c24 | 9800 0000 | 4c89 9424 
  0x00000269e8087108: a000 0000 | 4c89 b424 | a800 0000 | 4c89 b424 | b000 0000 | 4c89 8c24 | c000 0000 | 4489 8424 
  0x00000269e8087128: c800 0000 | 899c 24cc | 0000 0090 

  0x00000269e8087134: ;   {runtime_call UncommonTrapBlob}
  0x00000269e8087134: c5f8 77e8 

  0x00000269e8087138: ; ImmutableOopMap {rbp=Oop [44]=NarrowOop [72]=Oop [80]=Oop [88]=Oop [96]=Oop [104]=Oop [120]=Oop [152]=Oop [160]=Oop [168]=Oop [176]=Oop [192]=Oop [200]=NarrowOop }
                      ;*iflt {reexecute=1 rethrow=0 return_oop=0}
                      ; - (reexecute) java.lang.StringConcatHelper::checkOverflow@2 (line 65)
                      ; - java.lang.StringConcatHelper::mix@23 (line 127)
                      ; - java.lang.StringConcatHelper::simpleConcat@46 (line 433)
                      ; - java.lang.String::concat@11 (line 2899)
                      ; - java.net.URLClassLoader::isSealed@15 (line 601)
                      ; - java.net.URLClassLoader::getAndVerifyPackage@68 (line 469)
                      ; - java.net.URLClassLoader::defineClass@46 (line 492)
                      ; - java.net.URLClassLoader$1::run@43 (line 427)
                      ; - java.net.URLClassLoader$1::run@1 (line 421)
                      ; - java.security.AccessController::executePrivileged@29 (line 809)
                      ; - java.security.AccessController::doPrivileged@13 (line 714)
                      ; - java.net.URLClassLoader::findClass@13 (line 420)
                      ; - java.lang.ClassLoader::loadClass@69 (line 593)
  0x00000269e8087138: 44d2 83ff 

  0x00000269e808713c: ;   {other}
  0x00000269e808713c: 0f1f 8400 | ac83 0090 | ba45 ffff | ff4c 8b94 | 24e0 0000 | 004c 8954 | 2420 448b | 5c24 2c44 
  0x00000269e808715c: 895c 2428 | 4c8b 5424 | 404c 8954 | 2438 4c8b | 5424 484c | 8954 2440 | 4c8b 5424 | 584c 8954 
  0x00000269e808717c: 2448 4c8b | 9424 d800 | 0000 4c89 | 5424 504c | 8b54 2460 | 4c89 5424 | 584c 8b94 | 2488 0000 
  0x00000269e808719c: 004c 8954 | 2460 4c8b | 9424 9000 | 0000 4c89 | 5424 7844 | 8b9c 24b0 | 0000 0044 | 895c 242c 
  0x00000269e80871bc: ;   {runtime_call UncommonTrapBlob}
  0x00000269e80871bc: c5f8 77e8 

  0x00000269e80871c0: ; ImmutableOopMap {[32]=Oop [44]=NarrowOop [72]=Oop [80]=Oop [88]=Oop [96]=Oop [120]=Oop [152]=Oop [160]=Oop [168]=Oop [200]=NarrowOop [208]=Oop }
                      ;*iflt {reexecute=1 rethrow=0 return_oop=0}
                      ; - (reexecute) java.lang.StringConcatHelper::checkOverflow@2 (line 65)
                      ; - java.lang.StringConcatHelper::mix@23 (line 127)
                      ; - java.lang.StringConcatHelper::simpleConcat@54 (line 434)
                      ; - java.lang.String::concat@11 (line 2899)
                      ; - java.net.URLClassLoader::isSealed@15 (line 601)
                      ; - java.net.URLClassLoader::getAndVerifyPackage@68 (line 469)
                      ; - java.net.URLClassLoader::defineClass@46 (line 492)
                      ; - java.net.URLClassLoader$1::run@43 (line 427)
                      ; - java.net.URLClassLoader$1::run@1 (line 421)
                      ; - java.security.AccessController::executePrivileged@29 (line 809)
                      ; - java.security.AccessController::doPrivileged@13 (line 714)
                      ; - java.net.URLClassLoader::findClass@13 (line 420)
                      ; - java.lang.ClassLoader::loadClass@69 (line 593)
  0x00000269e80871c0: bcd1 83ff 

  0x00000269e80871c4: ;   {other}
  0x00000269e80871c4: 0f1f 8400 | 3484 0091 | ba45 ffff | ff48 8bac | 24e0 0000 | 0044 8b54 | 242c 4489 | 5424 204c 
  0x00000269e80871e4: 8b54 2440 | 4c89 5424 | 304c 8b54 | 2448 4c89 | 5424 384c | 8b54 2458 | 4c89 5424 | 404c 8b94 
  0x00000269e8087204: 24d8 0000 | 004c 8954 | 2448 4c8b | 5424 604c | 8954 2450 | 4c8b 9424 | 8800 0000 | 4c89 5424 
  0x00000269e8087224: 584c 8b94 | 2490 0000 | 004c 8954 | 2470 4c8b | 9424 8000 | 0000 4c89 | 5424 7844 | 8b9c 24b0 
  0x00000269e8087244: 0000 0044 | 895c 2424 | 4c8b 9424 | 9800 0000 | 4c89 9424 | 8000 0000 | 4c8b 9424 | a800 0000 
  0x00000269e8087264: 4c89 9424 | 8800 0000 | 4c8b 9424 | a000 0000 | 4c89 9424 | 9800 0000 | 448b 9424 | c800 0000 
  0x00000269e8087284: 4489 9424 | c000 0000 | 4889 9c24 | d800 0000 | 4489 8424 | c400 0000 

  0x00000269e808729c: ;   {runtime_call UncommonTrapBlob}
  0x00000269e808729c: c5f8 77e8 

  0x00000269e80872a0: ; ImmutableOopMap {rbp=Oop [36]=NarrowOop [64]=Oop [72]=Oop [80]=Oop [88]=Oop [112]=Oop [128]=Oop [136]=Oop [152]=Oop [192]=NarrowOop [208]=Oop [216]=Oop }
                      ;*if_icmpne {reexecute=1 rethrow=0 return_oop=0}
                      ; - (reexecute) java.lang.String::getBytes@5 (line 4725)
                      ; - java.lang.StringConcatHelper::prepend@21 (line 324)
                      ; - java.lang.StringConcatHelper::simpleConcat@81 (line 439)
                      ; - java.lang.String::concat@11 (line 2899)
                      ; - java.net.URLClassLoader::isSealed@15 (line 601)
                      ; - java.net.URLClassLoader::getAndVerifyPackage@68 (line 469)
                      ; - java.net.URLClassLoader::defineClass@46 (line 492)
                      ; - java.net.URLClassLoader$1::run@43 (line 427)
                      ; - java.net.URLClassLoader$1::run@1 (line 421)
                      ; - java.security.AccessController::executePrivileged@29 (line 809)
                      ; - java.security.AccessController::doPrivileged@13 (line 714)
                      ; - java.net.URLClassLoader::findClass@13 (line 420)
                      ; - java.lang.ClassLoader::loadClass@69 (line 593)
  0x00000269e80872a0: dcd0 83ff 

  0x00000269e80872a4: ;   {other}
  0x00000269e80872a4: 0f1f 8400 | 1485 0092 | ba45 ffff | ff44 8b44 | 242c 4489 | 4424 204c | 8b44 2440 | 4c89 4424 
  0x00000269e80872c4: 304c 8b44 | 2448 4c89 | 4424 384c | 8b44 2458 | 4c89 4424 | 404c 8b84 | 24d8 0000 | 004c 8944 
  0x00000269e80872e4: 2448 4c8b | 4424 604c | 8944 2450 | 4c8b 8424 | 8800 0000 | 4c89 4424 | 584c 894c | 2460 4c8b 
  0x00000269e8087304: 8424 9000 | 0000 4c89 | 4424 704c | 8b84 2480 | 0000 004c | 8944 2478 | 448b 8424 | b000 0000 
  0x00000269e8087324: 4c89 8c24 | 9000 0000 | 4c89 9c24 | 9800 0000 | 4c89 b424 | a000 0000 | 4489 8424 | a800 0000 
  0x00000269e8087344: 4c89 9c24 | b800 0000 | 4489 9424 | ac00 0000 | 898c 24d0 | 0000 0090 

  0x00000269e808735c: ;   {runtime_call UncommonTrapBlob}
  0x00000269e808735c: c5f8 77e8 

  0x00000269e8087360: ; ImmutableOopMap {[64]=Oop [72]=Oop [80]=Oop [88]=Oop [96]=Oop [112]=Oop [144]=Oop [152]=Oop [160]=Oop [168]=NarrowOop [172]=NarrowOop [184]=Oop }
                      ;*ifle {reexecute=1 rethrow=0 return_oop=0}
                      ; - (reexecute) java.util.concurrent.ConcurrentHashMap::get@23 (line 937)
                      ; - java.lang.ClassLoader::definePackage@47 (line 2125)
                      ; - java.lang.ClassLoader::getDefinedPackage@32 (line 2267)
                      ; - java.net.URLClassLoader::getAndVerifyPackage@2 (line 457)
                      ; - java.net.URLClassLoader::defineClass@46 (line 492)
                      ; - java.net.URLClassLoader$1::run@43 (line 427)
                      ; - java.net.URLClassLoader$1::run@1 (line 421)
                      ; - java.security.AccessController::executePrivileged@29 (line 809)
                      ; - java.security.AccessController::doPrivileged@13 (line 714)
                      ; - java.net.URLClassLoader::findClass@13 (line 420)
                      ; - java.lang.ClassLoader::loadClass@69 (line 593)
  0x00000269e8087360: 1cd0 83ff 

  0x00000269e8087364: ;   {other}
  0x00000269e8087364: 0f1f 8400 | d485 0093 | ba45 ffff | ff44 8b44 | 242c 4489 | 4424 284c | 8b44 2440 | 4c89 4424 
  0x00000269e8087384: 384c 8b44 | 2448 4c89 | 4424 404c | 8b44 2458 | 4c89 4424 | 484c 8b84 | 24d8 0000 | 004c 8944 
  0x00000269e80873a4: 2450 4c8b | 4424 604c | 8944 2458 | 4c8b 8424 | 8800 0000 | 4c89 4424 | 604c 894c | 2468 4c8b 
  0x00000269e80873c4: 8424 9000 | 0000 4c89 | 4424 784c | 898c 2498 | 0000 004c | 899c 24a0 | 0000 004c | 89b4 24a8 
  0x00000269e80873e4: 0000 004c | 8994 24b8 | 0000 0090 

  0x00000269e80873f0: ;   {runtime_call UncommonTrapBlob}
  0x00000269e80873f0: c5f8 77e8 

  0x00000269e80873f4: ; ImmutableOopMap {rbp=NarrowOop [72]=Oop [80]=Oop [88]=Oop [96]=Oop [104]=Oop [120]=Oop [152]=Oop [160]=Oop [168]=Oop [176]=NarrowOop [184]=Oop }
                      ;*ifnull {reexecute=1 rethrow=0 return_oop=0}
                      ; - (reexecute) java.lang.Package::isSealed@17 (line 235)
                      ; - java.net.URLClassLoader::getAndVerifyPackage@14 (line 460)
                      ; - java.net.URLClassLoader::defineClass@46 (line 492)
                      ; - java.net.URLClassLoader$1::run@43 (line 427)
                      ; - java.net.URLClassLoader$1::run@1 (line 421)
                      ; - java.security.AccessController::executePrivileged@29 (line 809)
                      ; - java.security.AccessController::doPrivileged@13 (line 714)
                      ; - java.net.URLClassLoader::findClass@13 (line 420)
                      ; - java.lang.ClassLoader::loadClass@69 (line 593)
  0x00000269e80873f4: 88cf 83ff 

  0x00000269e80873f8: ;   {other}
  0x00000269e80873f8: 0f1f 8400 | 6886 0094 | ba45 ffff | ff8b 4c24 | 2c89 4c24 | 204c 8b44 | 2440 4c89 | 4424 304c 
  0x00000269e8087418: 8b44 2448 | 4c89 4424 | 384c 8b44 | 2458 4c89 | 4424 404c | 8b84 24d8 | 0000 004c | 8944 2448 
  0x00000269e8087438: 4c8b 4424 | 604c 8944 | 2450 4c8b | 8424 8800 | 0000 4c89 | 4424 584c | 894c 2460 | 4c8b 8424 
  0x00000269e8087458: 9000 0000 | 4c89 4424 | 704c 8b84 | 2480 0000 | 004c 8944 | 2478 8b8c | 24b0 0000 | 0089 4c24 
  0x00000269e8087478: 244c 899c | 2480 0000 | 004c 89b4 | 2490 0000 | 004c 8994 | 2498 0000 | 004c 89b4 | 24a0 0000 
  0x00000269e8087498: 004c 898c | 24b0 0000 | 0066 6690 

  0x00000269e80874a4: ;   {runtime_call UncommonTrapBlob}
  0x00000269e80874a4: c5f8 77e8 

  0x00000269e80874a8: ; ImmutableOopMap {[36]=NarrowOop [64]=Oop [72]=Oop [80]=Oop [88]=Oop [96]=Oop [112]=Oop [128]=Oop [144]=Oop [152]=Oop [160]=Oop [176]=Oop }
                      ;*ifnull {reexecute=1 rethrow=0 return_oop=0}
                      ; - (reexecute) java.net.URLClassLoader::getAndVerifyPackage@62 (line 469)
                      ; - java.net.URLClassLoader::defineClass@46 (line 492)
                      ; - java.net.URLClassLoader$1::run@43 (line 427)
                      ; - java.net.URLClassLoader$1::run@1 (line 421)
                      ; - java.security.AccessController::executePrivileged@29 (line 809)
                      ; - java.security.AccessController::doPrivileged@13 (line 714)
                      ; - java.net.URLClassLoader::findClass@13 (line 420)
                      ; - java.lang.ClassLoader::loadClass@69 (line 593)
  0x00000269e80874a8: d4ce 83ff 

  0x00000269e80874ac: ;   {other}
  0x00000269e80874ac: 0f1f 8400 | 1c87 0095 | ba45 ffff | ff8b 5c24 | 2c89 5c24 | 2848 8b5c | 2440 4889 | 5c24 3848 
  0x00000269e80874cc: 8b5c 2448 | 4889 5c24 | 4048 8b5c | 2458 4889 | 5c24 4848 | 8b9c 24d8 | 0000 0048 | 895c 2450 
  0x00000269e80874ec: 488b 5c24 | 6048 895c | 2458 488b | 9c24 8800 | 0000 4889 | 5c24 604c | 894c 2468 | 488b 9c24 
  0x00000269e808750c: 9000 0000 | 4889 5c24 | 788b 9c24 | b000 0000 | 895c 242c | 4c89 9c24 | 9800 0000 | 4c89 9424 
  0x00000269e808752c: a000 0000 | 4c89 b424 | a800 0000 | 4c89 b424 | b000 0000 | 4c89 8c24 | c000 0000 | 4489 8424 
  0x00000269e808754c: c800 0000 | 4889 bc24 | d000 0000 | 898c 24cc | 0000 0090 

  0x00000269e8087560: ;   {runtime_call UncommonTrapBlob}
  0x00000269e8087560: c5f8 77e8 

  0x00000269e8087564: ; ImmutableOopMap {rbp=Oop [44]=NarrowOop [72]=Oop [80]=Oop [88]=Oop [96]=Oop [104]=Oop [120]=Oop [152]=Oop [160]=Oop [168]=Oop [176]=Oop [192]=Oop [200]=NarrowOop }
                      ;*if_icmpne {reexecute=1 rethrow=0 return_oop=0}
                      ; - (reexecute) java.lang.StringConcatHelper::mix@13 (line 124)
                      ; - java.lang.StringConcatHelper::simpleConcat@46 (line 433)
                      ; - java.lang.String::concat@11 (line 2899)
                      ; - java.net.URLClassLoader::isSealed@15 (line 601)
                      ; - java.net.URLClassLoader::getAndVerifyPackage@68 (line 469)
                      ; - java.net.URLClassLoader::defineClass@46 (line 492)
                      ; - java.net.URLClassLoader$1::run@43 (line 427)
                      ; - java.net.URLClassLoader$1::run@1 (line 421)
                      ; - java.security.AccessController::executePrivileged@29 (line 809)
                      ; - java.security.AccessController::doPrivileged@13 (line 714)
                      ; - java.net.URLClassLoader::findClass@13 (line 420)
                      ; - java.lang.ClassLoader::loadClass@69 (line 593)
  0x00000269e8087564: 18ce 83ff 

  0x00000269e8087568: ;   {other}
  0x00000269e8087568: 0f1f 8400 | d887 0096 | ba45 ffff | ff48 8bac | 24e0 0000 | 0044 8b54 | 242c 4489 | 5424 204c 
  0x00000269e8087588: 8b54 2440 | 4c89 5424 | 304c 8b54 | 2448 4c89 | 5424 384c | 8b54 2458 | 4c89 5424 | 404c 8b94 
  0x00000269e80875a8: 24d8 0000 | 004c 8954 | 2448 4c8b | 5424 604c | 8954 2450 | 4c8b 9424 | 8800 0000 | 4c89 5424 
  0x00000269e80875c8: 584c 8b94 | 2490 0000 | 004c 8954 | 2470 4c8b | 9424 8000 | 0000 4c89 | 5424 7844 | 8b94 24b0 
  0x00000269e80875e8: 0000 0044 | 8954 2424 | 4c8b 9424 | 9800 0000 | 4c89 9424 | 8000 0000 | 4c8b 9424 | a000 0000 
  0x00000269e8087608: 4c89 9424 | 9800 0000 | 4c89 b424 | a000 0000 | 448b 9c24 | c800 0000 | 4489 9c24 | c000 0000 
  0x00000269e8087628: 4c8b 9424 | d000 0000 | 4c89 9424 | c800 0000 | 4889 bc24 | d000 0000 | 4489 8424 | c400 0000 
  0x00000269e8087648: ;   {runtime_call UncommonTrapBlob}
  0x00000269e8087648: c5f8 77e8 

  0x00000269e808764c: ; ImmutableOopMap {rbp=Oop [36]=NarrowOop [64]=Oop [72]=Oop [80]=Oop [88]=Oop [112]=Oop [128]=Oop [152]=Oop [160]=Oop [168]=Oop [192]=NarrowOop [200]=Oop }
                      ;*ifge {reexecute=1 rethrow=0 return_oop=0}
                      ; - (reexecute) java.lang.StringConcatHelper::newArray@13 (line 508)
                      ; - java.lang.StringConcatHelper::simpleConcat@61 (line 435)
                      ; - java.lang.String::concat@11 (line 2899)
                      ; - java.net.URLClassLoader::isSealed@15 (line 601)
                      ; - java.net.URLClassLoader::getAndVerifyPackage@68 (line 469)
                      ; - java.net.URLClassLoader::defineClass@46 (line 492)
                      ; - java.net.URLClassLoader$1::run@43 (line 427)
                      ; - java.net.URLClassLoader$1::run@1 (line 421)
                      ; - java.security.AccessController::executePrivileged@29 (line 809)
                      ; - java.security.AccessController::doPrivileged@13 (line 714)
                      ; - java.net.URLClassLoader::findClass@13 (line 420)
                      ; - java.lang.ClassLoader::loadClass@69 (line 593)
  0x00000269e808764c: 30cd 83ff 

  0x00000269e8087650: ;   {other}
  0x00000269e8087650: 0f1f 8400 | c088 0097 | ba45 ffff | ff8b 5c24 | 2c89 5c24 | 2048 8b4c | 2440 4889 | 4c24 3048 
  0x00000269e8087670: 8b4c 2448 | 4889 4c24 | 3848 8b4c | 2458 4889 | 4c24 4048 | 8b8c 24d8 | 0000 0048 | 894c 2448 
  0x00000269e8087690: 488b 4c24 | 6048 894c | 2450 488b | 8c24 8800 | 0000 4889 | 4c24 584c | 894c 2460 | 488b 8c24 
  0x00000269e80876b0: 9000 0000 | 4889 4c24 | 7048 8b8c | 2480 0000 | 0048 894c | 2478 8b9c | 24b0 0000 | 0089 5c24 
  0x00000269e80876d0: 244c 899c | 2490 0000 | 004c 8994 | 2498 0000 | 004c 89b4 | 24a0 0000 | 004c 89b4 | 24a8 0000 
  0x00000269e80876f0: 004c 898c | 24b8 0000 | 0048 8984 | 24c0 0000 | 0044 8984 | 24c8 0000 | 0066 6690 

  0x00000269e808770c: ;   {runtime_call UncommonTrapBlob}
  0x00000269e808770c: c5f8 77e8 

  0x00000269e8087710: ; ImmutableOopMap {[36]=NarrowOop [64]=Oop [72]=Oop [80]=Oop [88]=Oop [96]=Oop [112]=Oop [144]=Oop [152]=Oop [160]=Oop [168]=Oop [184]=Oop [192]=Oop }
                      ;*ifle {reexecute=1 rethrow=0 return_oop=0}
                      ; - (reexecute) java.util.HashMap::getNode@14 (line 575)
                      ; - java.util.HashMap::get@2 (line 564)
                      ; - java.util.jar.Manifest::getAttributes@5 (line 160)
                      ; - java.util.jar.Manifest::getTrustedAttributes@2 (line 177)
                      ; - java.util.jar.JavaUtilJarAccessImpl::getTrustedAttributes@2 (line 38)
                      ; - java.net.URLClassLoader::isSealed@18 (line 601)
                      ; - java.net.URLClassLoader::getAndVerifyPackage@68 (line 469)
                      ; - java.net.URLClassLoader::defineClass@46 (line 492)
                      ; - java.net.URLClassLoader$1::run@43 (line 427)
                      ; - java.net.URLClassLoader$1::run@1 (line 421)
                      ; - java.security.AccessController::executePrivileged@29 (line 809)
                      ; - java.security.AccessController::doPrivileged@13 (line 714)
                      ; - java.net.URLClassLoader::findClass@13 (line 420)
                      ; - java.lang.ClassLoader::loadClass@69 (line 593)
  0x00000269e8087710: 6ccc 83ff 

  0x00000269e8087714: ;   {other}
  0x00000269e8087714: 0f1f 8400 | 8489 0098 | ba45 ffff | ff8b 4c24 | 2c89 4c24 | 2048 8b4c | 2440 4889 | 4c24 3048 
  0x00000269e8087734: 8b4c 2448 | 4889 4c24 | 3848 8b4c | 2458 4889 | 4c24 4048 | 8b8c 24d8 | 0000 0048 | 894c 2448 
  0x00000269e8087754: 488b 4c24 | 6048 894c | 2450 488b | 8c24 8800 | 0000 4889 | 4c24 584c | 894c 2460 | 488b 8c24 
  0x00000269e8087774: 9000 0000 | 4889 4c24 | 7048 8b8c | 2480 0000 | 0048 894c | 2478 8b9c | 24b0 0000 | 0089 5c24 
  0x00000269e8087794: 244c 89b4 | 2488 0000 | 004c 899c | 2490 0000 | 004c 8994 | 2498 0000 | 004c 898c | 24a8 0000 
  0x00000269e80877b4: 0048 89bc | 24b0 0000 | 0044 8984 | 24b8 0000 | 0066 6690 

  0x00000269e80877c8: ;   {runtime_call UncommonTrapBlob}
  0x00000269e80877c8: c5f8 77e8 

  0x00000269e80877cc: ; ImmutableOopMap {[36]=NarrowOop [64]=Oop [72]=Oop [80]=Oop [88]=Oop [96]=Oop [112]=Oop [136]=Oop [144]=Oop [152]=Oop [168]=Oop [176]=Oop }
                      ;*ifle {reexecute=1 rethrow=0 return_oop=0}
                      ; - (reexecute) java.util.HashMap::getNode@14 (line 575)
                      ; - java.util.LinkedHashMap::get@2 (line 536)
                      ; - java.util.jar.Attributes::get@5 (line 106)
                      ; - java.util.jar.Attributes::getValue@2 (line 142)
                      ; - java.net.URLClassLoader::isSealed@58 (line 608)
                      ; - java.net.URLClassLoader::getAndVerifyPackage@68 (line 469)
                      ; - java.net.URLClassLoader::defineClass@46 (line 492)
                      ; - java.net.URLClassLoader$1::run@43 (line 427)
                      ; - java.net.URLClassLoader$1::run@1 (line 421)
                      ; - java.security.AccessController::executePrivileged@29 (line 809)
                      ; - java.security.AccessController::doPrivileged@13 (line 714)
                      ; - java.net.URLClassLoader::findClass@13 (line 420)
                      ; - java.lang.ClassLoader::loadClass@69 (line 593)
  0x00000269e80877cc: b0cb 83ff 

  0x00000269e80877d0: ;   {other}
  0x00000269e80877d0: 0f1f 8400 | 408a 0099 | ba76 ffff | ff4c 8b94 | 24e0 0000 | 004c 8954 | 2420 448b | 5424 2c44 
  0x00000269e80877f0: 8954 2428 | 4c8b 5424 | 404c 8954 | 2438 4c8b | 5424 484c | 8954 2440 | 4c8b 5424 | 584c 8954 
  0x00000269e8087810: 2448 4c8b | 9424 d800 | 0000 4c89 | 5424 504c | 8b54 2460 | 4c89 5424 | 584c 8b94 | 2488 0000 
  0x00000269e8087830: 004c 8954 | 2460 4c8b | 9424 9000 | 0000 4c89 | 5424 7844 | 8b94 24b0 | 0000 0044 | 8954 242c 
  0x00000269e8087850: 4c8b 9424 | 9800 0000 | 4c89 9424 | 8800 0000 | 4c8b 9424 | b800 0000 | 4c89 9424 | a800 0000 
  0x00000269e8087870: 4c89 9424 | b000 0000 | 4c89 8424 | c800 0000 

  0x00000269e8087880: ;   {runtime_call UncommonTrapBlob}
  0x00000269e8087880: c5f8 77e8 

  0x00000269e8087884: ; ImmutableOopMap {[32]=Oop [44]=NarrowOop [72]=Oop [80]=Oop [88]=Oop [96]=Oop [120]=Oop [136]=Oop [160]=Oop [168]=Oop [176]=Oop [192]=NarrowOop [200]=Oop [232]=NarrowOop }
                      ;*if_icmpge {reexecute=1 rethrow=0 return_oop=0}
                      ; - (reexecute) java.lang.StringLatin1::replace@61 (line 305)
                      ; - java.lang.String::replace@18 (line 2933)
                      ; - java.net.URLClassLoader::isSealed@9 (line 601)
                      ; - java.net.URLClassLoader::getAndVerifyPackage@68 (line 469)
                      ; - java.net.URLClassLoader::defineClass@46 (line 492)
                      ; - java.net.URLClassLoader$1::run@43 (line 427)
                      ; - java.net.URLClassLoader$1::run@1 (line 421)
                      ; - java.security.AccessController::executePrivileged@29 (line 809)
                      ; - java.security.AccessController::doPrivileged@13 (line 714)
                      ; - java.net.URLClassLoader::findClass@13 (line 420)
                      ; - java.lang.ClassLoader::loadClass@69 (line 593)
  0x00000269e8087884: f8ca 83ff 

  0x00000269e8087888: ;   {other}
  0x00000269e8087888: 0f1f 8400 | f88a 009a | bb01 0000 | 00e9 38a0 | ffff 4c8b | 4c24 7844 | 8b54 2428 | 4489 9424 
  0x00000269e80878a8: b000 0000 | 4c8b 5c24 | 384c 8b54 | 2468 4c89 | 9424 9000 | 0000 4c8b | 7424 70ba | 45ff ffff 
  0x00000269e80878c8: 448b 4424 | 2c44 8944 | 2420 4c8b | 5424 404c | 8954 2430 | 4c8b 5424 | 484c 8954 | 2438 4c8b 
  0x00000269e80878e8: 5424 584c | 8954 2440 | 4c8b 9424 | d800 0000 | 4c89 5424 | 484c 8b54 | 2460 4c89 | 5424 504c 
  0x00000269e8087908: 8b94 2488 | 0000 004c | 8954 2458 | 4c89 4c24 | 604c 8b94 | 2490 0000 | 004c 8954 | 2470 4c8b 
  0x00000269e8087928: 9424 8000 | 0000 4c89 | 5424 784c | 89b4 2488 | 0000 004c | 899c 2490 | 0000 004c | 898c 24a0 
  0x00000269e8087948: 0000 0090 

  0x00000269e808794c: ;   {runtime_call UncommonTrapBlob}
  0x00000269e808794c: c5f8 77e8 

  0x00000269e8087950: ; ImmutableOopMap {[64]=Oop [72]=Oop [80]=Oop [88]=Oop [96]=Oop [112]=Oop [136]=Oop [144]=Oop [160]=Oop [176]=NarrowOop }
                      ;*ifeq {reexecute=1 rethrow=0 return_oop=0}
                      ; - (reexecute) java.net.URLClassLoader::getAndVerifyPackage@71 (line 469)
                      ; - java.net.URLClassLoader::defineClass@46 (line 492)
                      ; - java.net.URLClassLoader$1::run@43 (line 427)
                      ; - java.net.URLClassLoader$1::run@1 (line 421)
                      ; - java.security.AccessController::executePrivileged@29 (line 809)
                      ; - java.security.AccessController::doPrivileged@13 (line 714)
                      ; - java.net.URLClassLoader::findClass@13 (line 420)
                      ; - java.lang.ClassLoader::loadClass@69 (line 593)
  0x00000269e8087950: 2cca 83ff 

  0x00000269e8087954: ;   {other}
  0x00000269e8087954: 0f1f 8400 | c48b 009b | ba3f 0000 | 0048 8bac | 24b0 0000 | 0044 8b5c | 242c 4489 | 5c24 204c 
  0x00000269e8087974: 8b54 2440 | 4c89 5424 | 304c 8b54 | 2448 4c89 | 5424 384c | 8b54 2458 | 4c89 5424 | 404c 8b54 
  0x00000269e8087994: 2478 4c89 | 5424 484c | 8b54 2460 | 4c89 5424 | 504c 8b94 | 2488 0000 | 004c 8954 | 2458 4c8b 
  0x00000269e80879b4: 9424 8000 | 0000 4c89 | 5424 7844 | 8b94 2490 | 0000 0044 | 8954 2424 | 4c8b 9424 | 9800 0000 
  0x00000269e80879d4: 4c89 9424 | 8000 0000 | 4c8b 9424 | a800 0000 | 4c89 9424 | 9800 0000 

  0x00000269e80879ec: ;   {runtime_call UncommonTrapBlob}
  0x00000269e80879ec: c5f8 77e8 

  0x00000269e80879f0: ; ImmutableOopMap {rbp=Oop [36]=NarrowOop [64]=Oop [72]=Oop [80]=Oop [88]=Oop [112]=Oop [128]=Oop [152]=Oop [160]=Oop [184]=Oop }
                      ;*new {reexecute=0 rethrow=0 return_oop=0}
                      ; - java.util.jar.Manifest::getTrustedAttributes@28 (line 179)
                      ; - java.util.jar.JavaUtilJarAccessImpl::getTrustedAttributes@2 (line 38)
                      ; - java.net.URLClassLoader::isSealed@18 (line 601)
                      ; - java.net.URLClassLoader::getAndVerifyPackage@68 (line 469)
                      ; - java.net.URLClassLoader::defineClass@46 (line 492)
                      ; - java.net.URLClassLoader$1::run@43 (line 427)
                      ; - java.net.URLClassLoader$1::run@1 (line 421)
                      ; - java.security.AccessController::executePrivileged@29 (line 809)
                      ; - java.security.AccessController::doPrivileged@13 (line 714)
                      ; - java.net.URLClassLoader::findClass@13 (line 420)
                      ; - java.lang.ClassLoader::loadClass@69 (line 593)
  0x00000269e80879f0: 8cc9 83ff 

  0x00000269e80879f4: ;   {other}
  0x00000269e80879f4: 0f1f 8400 | 648c 009c | ba45 ffff | ff8b 7c24 | 2c89 7c24 | 2848 8b5c | 2440 4889 | 5c24 3848 
  0x00000269e8087a14: 8b5c 2448 | 4889 5c24 | 4048 8b5c | 2458 4889 | 5c24 4848 | 8b9c 24d8 | 0000 0048 | 895c 2450 
  0x00000269e8087a34: 488b 5c24 | 6048 895c | 2458 488b | 9c24 8800 | 0000 4889 | 5c24 604c | 894c 2468 | 488b 9c24 
  0x00000269e8087a54: 9000 0000 | 4889 5c24 | 784c 898c | 2498 0000 | 004c 899c | 24a0 0000 | 004c 89b4 | 24a8 0000 
  0x00000269e8087a74: 004c 899c | 24c0 0000 | 0044 8984 | 24b4 0000 | 0044 8994 | 24e0 0000 | 0089 8c24 | e400 0000 
  0x00000269e8087a94: ;   {runtime_call UncommonTrapBlob}
  0x00000269e8087a94: c5f8 77e8 

  0x00000269e8087a98: ; ImmutableOopMap {[72]=Oop [80]=Oop [88]=Oop [96]=Oop [104]=Oop [120]=Oop [152]=Oop [160]=Oop [168]=Oop [176]=NarrowOop [180]=NarrowOop [192]=Oop }
                      ;*if_icmpne {reexecute=1 rethrow=0 return_oop=0}
                      ; - (reexecute) java.lang.String::equals@33 (line 1861)
                      ; - java.util.concurrent.ConcurrentHashMap::get@73 (line 940)
                      ; - java.lang.ClassLoader::getDefinedPackage@13 (line 2263)
                      ; - java.net.URLClassLoader::getAndVerifyPackage@2 (line 457)
                      ; - java.net.URLClassLoader::defineClass@46 (line 492)
                      ; - java.net.URLClassLoader$1::run@43 (line 427)
                      ; - java.net.URLClassLoader$1::run@1 (line 421)
                      ; - java.security.AccessController::executePrivileged@29 (line 809)
                      ; - java.security.AccessController::doPrivileged@13 (line 714)
                      ; - java.net.URLClassLoader::findClass@13 (line 420)
                      ; - java.lang.ClassLoader::loadClass@69 (line 593)
  0x00000269e8087a98: e4c8 83ff 

  0x00000269e8087a9c: ;   {other}
  0x00000269e8087a9c: 0f1f 8400 | 0c8d 009d | ba45 ffff | ff48 8bac | 24b0 0000 | 0044 8b54 | 242c 4489 | 5424 204c 
  0x00000269e8087abc: 8b54 2440 | 4c89 5424 | 304c 8b54 | 2448 4c89 | 5424 384c | 8b54 2458 | 4c89 5424 | 404c 8b54 
  0x00000269e8087adc: 2478 4c89 | 5424 484c | 8b54 2460 | 4c89 5424 | 504c 8b94 | 2488 0000 | 004c 8954 | 2458 4c8b 
  0x00000269e8087afc: 9424 8000 | 0000 4c89 | 5424 7844 | 8b94 2490 | 0000 0044 | 8954 2424 | 4c8b 9424 | 9800 0000 
  0x00000269e8087b1c: 4c89 9424 | 8000 0000 | 4c8b 9424 | a000 0000 | 4c89 9424 | 8800 0000 | 4c8b 9424 | a800 0000 
  0x00000269e8087b3c: 4c89 9424 | 9800 0000 | 4889 8424 | b800 0000 

  0x00000269e8087b4c: ;   {runtime_call UncommonTrapBlob}
  0x00000269e8087b4c: c5f8 77e8 

  0x00000269e8087b50: ; ImmutableOopMap {rbp=Oop [36]=NarrowOop [64]=Oop [72]=Oop [80]=Oop [88]=Oop [112]=Oop [128]=Oop [136]=Oop [152]=Oop [184]=Oop }
                      ;*ifnonnull {reexecute=1 rethrow=0 return_oop=0}
                      ; - (reexecute) java.net.URLClassLoader::isSealed@42 (line 606)
                      ; - java.net.URLClassLoader::getAndVerifyPackage@68 (line 469)
                      ; - java.net.URLClassLoader::defineClass@46 (line 492)
                      ; - java.net.URLClassLoader$1::run@43 (line 427)
                      ; - java.net.URLClassLoader$1::run@1 (line 421)
                      ; - java.security.AccessController::executePrivileged@29 (line 809)
                      ; - java.security.AccessController::doPrivileged@13 (line 714)
                      ; - java.net.URLClassLoader::findClass@13 (line 420)
                      ; - java.lang.ClassLoader::loadClass@69 (line 593)
  0x00000269e8087b50: 2cc8 83ff 

  0x00000269e8087b54: ;   {other}
  0x00000269e8087b54: 0f1f 8400 | c48d 009e | ba45 ffff | ff44 8b44 | 242c 4489 | 4424 284c | 8b44 2440 | 4c89 4424 
  0x00000269e8087b74: 384c 8b44 | 2448 4c89 | 4424 404c | 8b44 2458 | 4c89 4424 | 484c 8b84 | 24d8 0000 | 004c 8944 
  0x00000269e8087b94: 2450 4c8b | 4424 604c | 8944 2458 | 4c8b 8424 | 8800 0000 | 4c89 4424 | 604c 894c | 2468 4c8b 
  0x00000269e8087bb4: 8424 9000 | 0000 4c89 | 4424 7844 | 8b84 24b0 | 0000 0044 | 8944 242c | 4c89 b424 | 9000 0000 
  0x00000269e8087bd4: 4c89 9c24 | 9800 0000 | 4c89 9424 | a000 0000 | 4c89 8c24 | b000 0000 | 4889 bc24 | b800 0000 
  0x00000269e8087bf4: 4889 8c24 | c000 0000 

  0x00000269e8087bfc: ;   {runtime_call UncommonTrapBlob}
  0x00000269e8087bfc: c5f8 77e8 

  0x00000269e8087c00: ; ImmutableOopMap {[44]=NarrowOop [72]=Oop [80]=Oop [88]=Oop [96]=Oop [104]=Oop [120]=Oop [144]=Oop [152]=Oop [160]=Oop [176]=Oop [184]=Oop [192]=Oop }
                      ;*ifeq {reexecute=1 rethrow=0 return_oop=0}
                      ; - (reexecute) java.util.LinkedHashMap::get@16 (line 538)
                      ; - java.util.jar.Attributes::get@5 (line 106)
                      ; - java.util.jar.Attributes::getValue@2 (line 142)
                      ; - java.net.URLClassLoader::isSealed@58 (line 608)
                      ; - java.net.URLClassLoader::getAndVerifyPackage@68 (line 469)
                      ; - java.net.URLClassLoader::defineClass@46 (line 492)
                      ; - java.net.URLClassLoader$1::run@43 (line 427)
                      ; - java.net.URLClassLoader$1::run@1 (line 421)
                      ; - java.security.AccessController::executePrivileged@29 (line 809)
                      ; - java.security.AccessController::doPrivileged@13 (line 714)
                      ; - java.net.URLClassLoader::findClass@13 (line 420)
                      ; - java.lang.ClassLoader::loadClass@69 (line 593)
  0x00000269e8087c00: 7cc7 83ff 

  0x00000269e8087c04: ;   {other}
  0x00000269e8087c04: 0f1f 8400 | 748e 009f | 33ed 4585 | d240 0f94 | c5ba 45ff | ffff 448b | 5424 2c44 | 8954 2428 
  0x00000269e8087c24: 4c8b 5424 | 404c 8954 | 2438 4c8b | 5424 484c | 8954 2440 | 4c8b 5424 | 584c 8954 | 2448 4c8b 
  0x00000269e8087c44: 9424 d800 | 0000 4c89 | 5424 504c | 8b54 2460 | 4c89 5424 | 584c 8b94 | 2488 0000 | 004c 8954 
  0x00000269e8087c64: 2460 4c89 | 4c24 684c | 8b94 2490 | 0000 004c | 8954 2478 | 4c89 8c24 | 9800 0000 | 4c89 b424 
  0x00000269e8087c84: a800 0000 | 898c 24b4 | 0000 0090 

  0x00000269e8087c90: ;   {runtime_call UncommonTrapBlob}
  0x00000269e8087c90: c5f8 77e8 

  0x00000269e8087c94: ; ImmutableOopMap {[72]=Oop [80]=Oop [88]=Oop [96]=Oop [104]=Oop [120]=Oop [152]=Oop [168]=Oop [176]=NarrowOop [180]=NarrowOop [248]=Oop }
                      ;*ifeq {reexecute=1 rethrow=0 return_oop=0}
                      ; - (reexecute) java.lang.String::hashCode@20 (line 2369)
                      ; - java.util.concurrent.ConcurrentHashMap::get@1 (line 936)
                      ; - java.lang.ClassLoader::getDefinedPackage@13 (line 2263)
                      ; - java.net.URLClassLoader::getAndVerifyPackage@2 (line 457)
                      ; - java.net.URLClassLoader::defineClass@46 (line 492)
                      ; - java.net.URLClassLoader$1::run@43 (line 427)
                      ; - java.net.URLClassLoader$1::run@1 (line 421)
                      ; - java.security.AccessController::executePrivileged@29 (line 809)
                      ; - java.security.AccessController::doPrivileged@13 (line 714)
                      ; - java.net.URLClassLoader::findClass@13 (line 420)
                      ; - java.lang.ClassLoader::loadClass@69 (line 593)
  0x00000269e8087c94: e8c6 83ff 

  0x00000269e8087c98: ;   {other}
  0x00000269e8087c98: 0f1f 8400 | 088f 00a0 | ba45 ffff | ff8b 4c24 | 2c89 4c24 | 284c 8b44 | 2440 4c89 | 4424 384c 
  0x00000269e8087cb8: 8b44 2448 | 4c89 4424 | 404c 8b44 | 2458 4c89 | 4424 484c | 8b44 2460 | 4c89 4424 | 584c 8b84 
  0x00000269e8087cd8: 2488 0000 | 004c 8944 | 2460 4c89 | 4c24 68c4 | c1f9 7ed0 | 4c89 4424 | 704c 8b84 | 2490 0000 
  0x00000269e8087cf8: 004c 8944 | 2478 4c89 | 8c24 9800 | 0000 4c89 | 9c24 a000 | 0000 4c89 | b424 a800 | 0000 4c89 
  0x00000269e8087d18: 9c24 c000 | 0000 c4c1 | f97e d34c | 899c 24d0 | 0000 0048 | 899c 24e0 | 0000 0044 | 8994 24b4 
  0x00000269e8087d38: 0000 0090 

  0x00000269e8087d3c: ;   {runtime_call UncommonTrapBlob}
  0x00000269e8087d3c: c5f8 77e8 

  0x00000269e8087d40: ; ImmutableOopMap {rbp=NarrowOop [72]=Oop [88]=Oop [96]=Oop [104]=Oop [112]=Oop [120]=Oop [152]=Oop [160]=Oop [168]=Oop [176]=NarrowOop [192]=Oop [208]=Oop [224]=Oop }
                      ;*ifnull {reexecute=1 rethrow=0 return_oop=0}
                      ; - (reexecute) java.util.concurrent.ConcurrentHashMap::get@143 (line 946)
                      ; - java.lang.ClassLoader::getDefinedPackage@13 (line 2263)
                      ; - java.net.URLClassLoader::getAndVerifyPackage@2 (line 457)
                      ; - java.net.URLClassLoader::defineClass@46 (line 492)
                      ; - java.net.URLClassLoader$1::run@43 (line 427)
                      ; - java.net.URLClassLoader$1::run@1 (line 421)
                      ; - java.security.AccessController::executePrivileged@29 (line 809)
                      ; - java.security.AccessController::doPrivileged@13 (line 714)
                      ; - java.net.URLClassLoader::findClass@13 (line 420)
                      ; - java.lang.ClassLoader::loadClass@69 (line 593)
  0x00000269e8087d40: 3cc6 83ff 

  0x00000269e8087d44: ;   {other}
  0x00000269e8087d44: 0f1f 8400 | b48f 00a1 | ba45 ffff | ff48 8bac | 2490 0000 | 0044 8b44 | 242c 4489 | 4424 204c 
  0x00000269e8087d64: 8b5c 2440 | 4c89 5c24 | 304c 8b5c | 2448 4c89 | 5c24 384c | 8b5c 2458 | 4c89 5c24 | 404c 8b9c 
  0x00000269e8087d84: 24b0 0000 | 004c 895c | 2448 4c8b | 5c24 604c | 895c 2450 | 4c8b 9c24 | 8800 0000 | 4c89 5c24 
  0x00000269e8087da4: 584c 8b9c | 2480 0000 | 004c 895c | 2478 4c8b | 9c24 9800 | 0000 4c89 | 9c24 8000 | 0000 8984 
  0x00000269e8087dc4: 24e0 0000 | 0066 6690 

  0x00000269e8087dcc: ;   {runtime_call UncommonTrapBlob}
  0x00000269e8087dcc: c5f8 77e8 

  0x00000269e8087dd0: ; ImmutableOopMap {rbp=Oop [64]=Oop [72]=Oop [80]=Oop [88]=Oop [112]=Oop [128]=Oop [160]=Oop [168]=NarrowOop [232]=Oop }
                      ;*ifeq {reexecute=1 rethrow=0 return_oop=0}
                      ; - (reexecute) java.util.concurrent.ConcurrentHashMap::get@152 (line 947)
                      ; - java.lang.ClassLoader::getDefinedPackage@13 (line 2263)
                      ; - java.net.URLClassLoader::getAndVerifyPackage@2 (line 457)
                      ; - java.net.URLClassLoader::defineClass@46 (line 492)
                      ; - java.net.URLClassLoader$1::run@43 (line 427)
                      ; - java.net.URLClassLoader$1::run@1 (line 421)
                      ; - java.security.AccessController::executePrivileged@29 (line 809)
                      ; - java.security.AccessController::doPrivileged@13 (line 714)
                      ; - java.net.URLClassLoader::findClass@13 (line 420)
                      ; - java.lang.ClassLoader::loadClass@69 (line 593)
  0x00000269e8087dd0: acc5 83ff 

  0x00000269e8087dd4: ;   {other}
  0x00000269e8087dd4: 0f1f 8400 | 4490 00a2 | ba45 ffff | ff8b 5c24 | 2c89 5c24 | 2848 8b5c | 2440 4889 | 5c24 3848 
  0x00000269e8087df4: 8b5c 2448 | 4889 5c24 | 4048 8b5c | 2458 4889 | 5c24 4848 | 8b9c 24d8 | 0000 0048 | 895c 2450 
  0x00000269e8087e14: 488b 5c24 | 6048 895c | 2458 488b | 9c24 8800 | 0000 4889 | 5c24 604c | 894c 2468 | 488b 9c24 
  0x00000269e8087e34: 9000 0000 | 4889 5c24 | 784c 898c | 2498 0000 | 004c 899c | 24a0 0000 | 004c 89b4 | 24a8 0000 
  0x00000269e8087e54: 004c 899c | 24c0 0000 | 0044 8994 | 24b4 0000 | 0089 8c24 | e000 0000 | 4489 8424 | e400 0000 
  0x00000269e8087e74: 89b4 24e8 | 0000 0090 

  0x00000269e8087e7c: ;   {runtime_call UncommonTrapBlob}
  0x00000269e8087e7c: c5f8 77e8 

  0x00000269e8087e80: ; ImmutableOopMap {[72]=Oop [80]=Oop [88]=Oop [96]=Oop [104]=Oop [120]=Oop [152]=Oop [160]=Oop [168]=Oop [176]=NarrowOop [180]=NarrowOop [192]=Oop [224]=NarrowOop }
                      ;*if_icmpne {reexecute=1 rethrow=0 return_oop=0}
                      ; - (reexecute) java.lang.String::equals@33 (line 1861)
                      ; - java.util.concurrent.ConcurrentHashMap::get@73 (line 940)
                      ; - java.lang.ClassLoader::definePackage@47 (line 2125)
                      ; - java.lang.ClassLoader::getDefinedPackage@32 (line 2267)
                      ; - java.net.URLClassLoader::getAndVerifyPackage@2 (line 457)
                      ; - java.net.URLClassLoader::defineClass@46 (line 492)
                      ; - java.net.URLClassLoader$1::run@43 (line 427)
                      ; - java.net.URLClassLoader$1::run@1 (line 421)
                      ; - java.security.AccessController::executePrivileged@29 (line 809)
                      ; - java.security.AccessController::doPrivileged@13 (line 714)
                      ; - java.net.URLClassLoader::findClass@13 (line 420)
                      ; - java.lang.ClassLoader::loadClass@69 (line 593)
  0x00000269e8087e80: fcc4 83ff 

  0x00000269e8087e84: ;   {other}
  0x00000269e8087e84: 0f1f 8400 | f490 00a3 | bade ffff | ff44 8b5c | 242c 4489 | 5c24 204c | 8b5c 2440 | 4c89 5c24 
  0x00000269e8087ea4: 304c 8b5c | 2448 4c89 | 5c24 384c | 8b5c 2458 | 4c89 5c24 | 404c 8b5c | 2470 4c89 | 5c24 484c 
  0x00000269e8087ec4: 8b5c 2460 | 4c89 5c24 | 504c 8b9c | 2488 0000 | 004c 895c | 2458 4c8b | 5c24 784c | 895c 2470 
  0x00000269e8087ee4: 4c8b 9c24 | 8000 0000 | 4c89 5c24 | 7844 8b9c | 2490 0000 | 0044 895c | 2424 4c89 | 8424 b800 
  0x00000269e8087f04: 0000 4c89 | 9424 c000 | 0000 6690 

  0x00000269e8087f10: ;   {runtime_call UncommonTrapBlob}
  0x00000269e8087f10: c5f8 77e8 

  0x00000269e8087f14: ; ImmutableOopMap {rbp=Oop [36]=NarrowOop [64]=Oop [72]=Oop [80]=Oop [88]=Oop [112]=Oop [160]=Oop [168]=Oop [184]=Oop [192]=Oop [248]=Oop }
                      ;*invokevirtual getName {reexecute=0 rethrow=0 return_oop=0}
                      ; - java.util.jar.JarFile::getManifestFromReference@74 (line 421)
                      ; - java.util.jar.JarFile::getManifest@1 (line 405)
                      ; - jdk.internal.loader.URLClassPath$JarLoader$2::getManifest@22 (line 853)
                      ; - java.net.URLClassLoader::defineClass@34 (line 491)
                      ; - java.net.URLClassLoader$1::run@43 (line 427)
                      ; - java.net.URLClassLoader$1::run@1 (line 421)
                      ; - java.security.AccessController::executePrivileged@29 (line 809)
                      ; - java.security.AccessController::doPrivileged@13 (line 714)
                      ; - java.net.URLClassLoader::findClass@13 (line 420)
                      ; - java.lang.ClassLoader::loadClass@69 (line 593)
  0x00000269e8087f14: 68c4 83ff 

  0x00000269e8087f18: ;   {other}
  0x00000269e8087f18: 0f1f 8400 | 8891 00a4 | ba0f 0000 | 004c 8b54 | 2438 4c89 | 5424 2044 | 8b5c 242c | 4489 5c24 
  0x00000269e8087f38: 284c 8b54 | 2440 4c89 | 5424 384c | 8b54 2448 | 4c89 5424 | 404c 8b54 | 2458 4c89 | 5424 484c 
  0x00000269e8087f58: 8b54 2470 | 4c89 5424 | 504c 8b54 | 2460 4c89 | 5424 584c | 8b94 2488 | 0000 004c | 8954 2460 
  0x00000269e8087f78: 448b 9c24 | 9000 0000 | 4489 5c24 | 2c66 6690 

  0x00000269e8087f88: ;   {runtime_call UncommonTrapBlob}
  0x00000269e8087f88: c5f8 77e8 

  0x00000269e8087f8c: ; ImmutableOopMap {rbp=Oop [32]=Oop [44]=NarrowOop [72]=Oop [80]=Oop [88]=Oop [96]=Oop [120]=Oop [160]=Oop [168]=Oop [176]=Oop [248]=Oop }
                      ;*new {reexecute=0 rethrow=0 return_oop=0}
                      ; - java.util.Hashtable::<init>@53 (line 191)
                      ; - java.util.Hashtable::<init>@5 (line 217)
                      ; - java.util.jar.JarVerifier::<init>@39 (line 105)
                      ; - java.util.jar.JarFile::getManifestFromReference@78 (line 421)
                      ; - java.util.jar.JarFile::getManifest@1 (line 405)
                      ; - jdk.internal.loader.URLClassPath$JarLoader$2::getManifest@22 (line 853)
                      ; - java.net.URLClassLoader::defineClass@34 (line 491)
                      ; - java.net.URLClassLoader$1::run@43 (line 427)
                      ; - java.net.URLClassLoader$1::run@1 (line 421)
                      ; - java.security.AccessController::executePrivileged@29 (line 809)
                      ; - java.security.AccessController::doPrivileged@13 (line 714)
                      ; - java.net.URLClassLoader::findClass@13 (line 420)
                      ; - java.lang.ClassLoader::loadClass@69 (line 593)
  0x00000269e8087f8c: f0c3 83ff 

  0x00000269e8087f90: ;   {other}
  0x00000269e8087f90: 0f1f 8400 | 0092 00a5 | ba0f 0000 | 004c 8b54 | 2438 4c89 | 5424 2044 | 8b54 242c | 4489 5424 
  0x00000269e8087fb0: 284c 8b54 | 2440 4c89 | 5424 384c | 8b54 2448 | 4c89 5424 | 404c 8b54 | 2458 4c89 | 5424 484c 
  0x00000269e8087fd0: 8b54 2470 | 4c89 5424 | 504c 8b54 | 2460 4c89 | 5424 584c | 8b94 2488 | 0000 004c | 8954 2460 
  0x00000269e8087ff0: 448b 9c24 | 9000 0000 | 4489 5c24 | 2c66 6690 

  0x00000269e8088000: ;   {runtime_call UncommonTrapBlob}
  0x00000269e8088000: c5f8 77e8 

  0x00000269e8088004: ; ImmutableOopMap {rbp=Oop [32]=Oop [44]=NarrowOop [72]=Oop [80]=Oop [88]=Oop [96]=Oop [120]=Oop [160]=Oop [168]=Oop [176]=Oop [248]=Oop }
                      ;*new {reexecute=0 rethrow=0 return_oop=0}
                      ; - java.util.Hashtable::<init>@53 (line 191)
                      ; - java.util.Hashtable::<init>@5 (line 217)
                      ; - java.util.jar.JarVerifier::<init>@50 (line 106)
                      ; - java.util.jar.JarFile::getManifestFromReference@78 (line 421)
                      ; - java.util.jar.JarFile::getManifest@1 (line 405)
                      ; - jdk.internal.loader.URLClassPath$JarLoader$2::getManifest@22 (line 853)
                      ; - java.net.URLClassLoader::defineClass@34 (line 491)
                      ; - java.net.URLClassLoader$1::run@43 (line 427)
                      ; - java.net.URLClassLoader$1::run@1 (line 421)
                      ; - java.security.AccessController::executePrivileged@29 (line 809)
                      ; - java.security.AccessController::doPrivileged@13 (line 714)
                      ; - java.net.URLClassLoader::findClass@13 (line 420)
                      ; - java.lang.ClassLoader::loadClass@69 (line 593)
  0x00000269e8088004: 78c3 83ff 

  0x00000269e8088008: ;   {other}
  0x00000269e8088008: 0f1f 8400 | 7892 00a6 | ba0f 0000 | 004c 8b54 | 2438 4c89 | 5424 2044 | 8b5c 242c | 4489 5c24 
  0x00000269e8088028: 284c 8b54 | 2440 4c89 | 5424 384c | 8b54 2448 | 4c89 5424 | 404c 8b54 | 2458 4c89 | 5424 484c 
  0x00000269e8088048: 8b54 2470 | 4c89 5424 | 504c 8b54 | 2460 4c89 | 5424 584c | 8b94 2488 | 0000 004c | 8954 2460 
  0x00000269e8088068: 448b 9c24 | 9000 0000 | 4489 5c24 | 2c66 6690 

  0x00000269e8088078: ;   {runtime_call UncommonTrapBlob}
  0x00000269e8088078: c5f8 77e8 

  0x00000269e808807c: ; ImmutableOopMap {rbp=Oop [32]=Oop [44]=NarrowOop [72]=Oop [80]=Oop [88]=Oop [96]=Oop [120]=Oop [160]=Oop [168]=Oop [176]=Oop [248]=Oop }
                      ;*new {reexecute=0 rethrow=0 return_oop=0}
                      ; - java.util.Hashtable::<init>@53 (line 191)
                      ; - java.util.Hashtable::<init>@4 (line 209)
                      ; - java.util.jar.JarVerifier::<init>@63 (line 107)
                      ; - java.util.jar.JarFile::getManifestFromReference@78 (line 421)
                      ; - java.util.jar.JarFile::getManifest@1 (line 405)
                      ; - jdk.internal.loader.URLClassPath$JarLoader$2::getManifest@22 (line 853)
                      ; - java.net.URLClassLoader::defineClass@34 (line 491)
                      ; - java.net.URLClassLoader$1::run@43 (line 427)
                      ; - java.net.URLClassLoader$1::run@1 (line 421)
                      ; - java.security.AccessController::executePrivileged@29 (line 809)
                      ; - java.security.AccessController::doPrivileged@13 (line 714)
                      ; - java.net.URLClassLoader::findClass@13 (line 420)
                      ; - java.lang.ClassLoader::loadClass@69 (line 593)
  0x00000269e808807c: 00c3 83ff 

  0x00000269e8088080: ;   {other}
  0x00000269e8088080: 0f1f 8400 | f092 00a7 | 33ed 85db | 400f 94c5 | ba45 ffff | ff8b 4c24 | 2c89 4c24 | 2848 8b4c 
  0x00000269e80880a0: 2440 4889 | 4c24 3848 | 8b4c 2448 | 4889 4c24 | 4048 8b4c | 2458 4889 | 4c24 4848 | 8b8c 24d8 
  0x00000269e80880c0: 0000 0048 | 894c 2450 | 488b 4c24 | 6048 894c | 2458 488b | 8c24 8800 | 0000 4889 | 4c24 604c 
  0x00000269e80880e0: 894c 2468 | 488b 8c24 | 9000 0000 | 4889 4c24 | 784c 898c | 2498 0000 | 004c 899c | 24a0 0000 
  0x00000269e8088100: 004c 89b4 | 24a8 0000 | 004c 899c | 24c0 0000 | 0044 8994 | 24b4 0000 | 0044 8984 | 24e8 0000 
  0x00000269e8088120: 0066 6690 

  0x00000269e8088124: ;   {runtime_call UncommonTrapBlob}
  0x00000269e8088124: c5f8 77e8 

  0x00000269e8088128: ; ImmutableOopMap {[72]=Oop [80]=Oop [88]=Oop [96]=Oop [104]=Oop [120]=Oop [152]=Oop [160]=Oop [168]=Oop [176]=NarrowOop [180]=NarrowOop [192]=Oop [232]=NarrowOop }
                      ;*ifeq {reexecute=1 rethrow=0 return_oop=0}
                      ; - (reexecute) java.lang.String::hashCode@20 (line 2369)
                      ; - java.util.concurrent.ConcurrentHashMap::get@1 (line 936)
                      ; - java.lang.ClassLoader::definePackage@47 (line 2125)
                      ; - java.lang.ClassLoader::getDefinedPackage@32 (line 2267)
                      ; - java.net.URLClassLoader::getAndVerifyPackage@2 (line 457)
                      ; - java.net.URLClassLoader::defineClass@46 (line 492)
                      ; - java.net.URLClassLoader$1::run@43 (line 427)
                      ; - java.net.URLClassLoader$1::run@1 (line 421)
                      ; - java.security.AccessController::executePrivileged@29 (line 809)
                      ; - java.security.AccessController::doPrivileged@13 (line 714)
                      ; - java.net.URLClassLoader::findClass@13 (line 420)
                      ; - java.lang.ClassLoader::loadClass@69 (line 593)
  0x00000269e8088128: 54c2 83ff 

  0x00000269e808812c: ;   {other}
  0x00000269e808812c: 0f1f 8400 | 9c93 00a8 | 33ed 85d2 | 400f 94c5 | ba45 ffff | ff8b 5c24 | 2c89 5c24 | 2848 8b5c 
  0x00000269e808814c: 2440 4889 | 5c24 3848 | 8b5c 2448 | 4889 5c24 | 4048 8b5c | 2458 4889 | 5c24 4848 | 8b9c 24d8 
  0x00000269e808816c: 0000 0048 | 895c 2450 | 488b 5c24 | 6048 895c | 2458 488b | 9c24 8800 | 0000 4889 | 5c24 604c 
  0x00000269e808818c: 894c 2468 | 488b 9c24 | 9000 0000 | 4889 5c24 | 788b 9c24 | b000 0000 | 895c 242c | 4c89 9c24 
  0x00000269e80881ac: 9800 0000 | 4c89 9424 | a000 0000 | 4c89 b424 | a800 0000 | 4c89 b424 | b000 0000 | 4c89 8c24 
  0x00000269e80881cc: c000 0000 | 4889 8424 | d000 0000 | 89b4 24d8 | 0000 0044 | 8984 24dc | 0000 0048 | 8984 24e0 
  0x00000269e80881ec: 0000 0090 

  0x00000269e80881f0: ;   {runtime_call UncommonTrapBlob}
  0x00000269e80881f0: c5f8 77e8 

  0x00000269e80881f4: ; ImmutableOopMap {[44]=NarrowOop [72]=Oop [80]=Oop [88]=Oop [96]=Oop [104]=Oop [120]=Oop [152]=Oop [160]=Oop [168]=Oop [176]=Oop [192]=Oop [208]=Oop [216]=NarrowOop [224]=Oop }
                      ;*ifeq {reexecute=1 rethrow=0 return_oop=0}
                      ; - (reexecute) java.lang.String::hashCode@20 (line 2369)
                      ; - java.util.HashMap::hash@9 (line 338)
                      ; - java.util.HashMap::getNode@23 (line 576)
                      ; - java.util.HashMap::get@2 (line 564)
                      ; - java.util.jar.Manifest::getAttributes@5 (line 160)
                      ; - java.util.jar.Manifest::getTrustedAttributes@2 (line 177)
                      ; - java.util.jar.JavaUtilJarAccessImpl::getTrustedAttributes@2 (line 38)
                      ; - java.net.URLClassLoader::isSealed@18 (line 601)
                      ; - java.net.URLClassLoader::getAndVerifyPackage@68 (line 469)
                      ; - java.net.URLClassLoader::defineClass@46 (line 492)
                      ; - java.net.URLClassLoader$1::run@43 (line 427)
                      ; - java.net.URLClassLoader$1::run@1 (line 421)
                      ; - java.security.AccessController::executePrivileged@29 (line 809)
                      ; - java.security.AccessController::doPrivileged@13 (line 714)
                      ; - java.net.URLClassLoader::findClass@13 (line 420)
                      ; - java.lang.ClassLoader::loadClass@69 (line 593)
  0x00000269e80881f4: 88c1 83ff 

  0x00000269e80881f8: ;   {other}
  0x00000269e80881f8: 0f1f 8400 | 6894 00a9 | ba45 ffff | ff8b 4c24 | 2c89 4c24 | 2848 8b4c | 2440 4889 | 4c24 3848 
  0x00000269e8088218: 8b4c 2448 | 4889 4c24 | 4048 8b4c | 2458 4889 | 4c24 4848 | 8b8c 24d8 | 0000 0048 | 894c 2450 
  0x00000269e8088238: 488b 4c24 | 6048 894c | 2458 488b | 8c24 8800 | 0000 4889 | 4c24 604c | 894c 2468 | 488b 8c24 
  0x00000269e8088258: 9000 0000 | 4889 4c24 | 784c 898c | 2498 0000 | 004c 899c | 24a0 0000 | 004c 89b4 | 24a8 0000 
  0x00000269e8088278: 004c 899c | 24c0 0000 | 0044 8994 | 24b4 0000 | 0048 899c | 24e0 0000 | 0044 8984 | 24e8 0000 
  0x00000269e8088298: 0066 6690 

  0x00000269e808829c: ;   {runtime_call UncommonTrapBlob}
  0x00000269e808829c: c5f8 77e8 

  0x00000269e80882a0: ; ImmutableOopMap {rbp=NarrowOop [72]=Oop [80]=Oop [88]=Oop [96]=Oop [104]=Oop [120]=Oop [152]=Oop [160]=Oop [168]=Oop [176]=NarrowOop [180]=NarrowOop [192]=Oop [224]=Oop }
                      ;*ifnull {reexecute=1 rethrow=0 return_oop=0}
                      ; - (reexecute) java.util.concurrent.ConcurrentHashMap::get@143 (line 946)
                      ; - java.lang.ClassLoader::definePackage@47 (line 2125)
                      ; - java.lang.ClassLoader::getDefinedPackage@32 (line 2267)
                      ; - java.net.URLClassLoader::getAndVerifyPackage@2 (line 457)
                      ; - java.net.URLClassLoader::defineClass@46 (line 492)
                      ; - java.net.URLClassLoader$1::run@43 (line 427)
                      ; - java.net.URLClassLoader$1::run@1 (line 421)
                      ; - java.security.AccessController::executePrivileged@29 (line 809)
                      ; - java.security.AccessController::doPrivileged@13 (line 714)
                      ; - java.net.URLClassLoader::findClass@13 (line 420)
                      ; - java.lang.ClassLoader::loadClass@69 (line 593)
  0x00000269e80882a0: dcc0 83ff 

  0x00000269e80882a4: ;   {other}
  0x00000269e80882a4: 0f1f 8400 | 1495 00aa | ba45 ffff | ff48 8bac | 2490 0000 | 0044 8b5c | 242c 4489 | 5c24 204c 
  0x00000269e80882c4: 8b54 2440 | 4c89 5424 | 304c 8b54 | 2448 4c89 | 5424 384c | 8b54 2458 | 4c89 5424 | 404c 8b54 
  0x00000269e80882e4: 2478 4c89 | 5424 484c | 8b54 2460 | 4c89 5424 | 504c 8b94 | 2488 0000 | 004c 8954 | 2458 4c8b 
  0x00000269e8088304: 9424 8000 | 0000 4c89 | 5424 784c | 8b94 2498 | 0000 004c | 8994 2480 | 0000 0089 | 8424 e400 
  0x00000269e8088324: 0000 6690 

  0x00000269e8088328: ;   {runtime_call UncommonTrapBlob}
  0x00000269e8088328: c5f8 77e8 

  0x00000269e808832c: ; ImmutableOopMap {rbp=Oop [64]=Oop [72]=Oop [80]=Oop [88]=Oop [112]=Oop [128]=Oop [160]=Oop [168]=NarrowOop [172]=NarrowOop [240]=Oop }
                      ;*ifeq {reexecute=1 rethrow=0 return_oop=0}
                      ; - (reexecute) java.util.concurrent.ConcurrentHashMap::get@152 (line 947)
                      ; - java.lang.ClassLoader::definePackage@47 (line 2125)
                      ; - java.lang.ClassLoader::getDefinedPackage@32 (line 2267)
                      ; - java.net.URLClassLoader::getAndVerifyPackage@2 (line 457)
                      ; - java.net.URLClassLoader::defineClass@46 (line 492)
                      ; - java.net.URLClassLoader$1::run@43 (line 427)
                      ; - java.net.URLClassLoader$1::run@1 (line 421)
                      ; - java.security.AccessController::executePrivileged@29 (line 809)
                      ; - java.security.AccessController::doPrivileged@13 (line 714)
                      ; - java.net.URLClassLoader::findClass@13 (line 420)
                      ; - java.lang.ClassLoader::loadClass@69 (line 593)
  0x00000269e808832c: 50c0 83ff 

  0x00000269e8088330: ;   {other}
  0x00000269e8088330: 0f1f 8400 | a095 00ab | ba45 ffff | ff44 8b44 | 242c 4489 | 4424 204c | 8b44 2440 | 4c89 4424 
  0x00000269e8088350: 304c 8b44 | 2448 4c89 | 4424 384c | 8b44 2458 | 4c89 4424 | 404c 8b84 | 24d8 0000 | 004c 8944 
  0x00000269e8088370: 2448 4c8b | 4424 604c | 8944 2450 | 4c8b 8424 | 8800 0000 | 4c89 4424 | 584c 894c | 2460 4c8b 
  0x00000269e8088390: 8424 9000 | 0000 4c89 | 4424 704c | 8b84 2480 | 0000 004c | 8944 2478 | 448b 8424 | b000 0000 
  0x00000269e80883b0: 4489 4424 | 244c 899c | 2490 0000 | 004c 8994 | 2498 0000 | 004c 89b4 | 24a0 0000 | 004c 89b4 
  0x00000269e80883d0: 24a8 0000 | 004c 898c | 24b8 0000 | 0048 898c | 24c8 0000 | 0089 b424 | d000 0000 | 899c 24d4 
  0x00000269e80883f0: 0000 0090 

  0x00000269e80883f4: ;   {runtime_call UncommonTrapBlob}
  0x00000269e80883f4: c5f8 77e8 

  0x00000269e80883f8: ; ImmutableOopMap {[36]=NarrowOop [64]=Oop [72]=Oop [80]=Oop [88]=Oop [96]=Oop [112]=Oop [144]=Oop [152]=Oop [160]=Oop [168]=Oop [184]=Oop [200]=Oop [208]=NarrowOop }
                      ;*ifeq {reexecute=1 rethrow=0 return_oop=0}
                      ; - (reexecute) java.util.HashMap::getNode@85 (line 581)
                      ; - java.util.HashMap::get@2 (line 564)
                      ; - java.util.jar.Manifest::getAttributes@5 (line 160)
                      ; - java.util.jar.Manifest::getTrustedAttributes@2 (line 177)
                      ; - java.util.jar.JavaUtilJarAccessImpl::getTrustedAttributes@2 (line 38)
                      ; - java.net.URLClassLoader::isSealed@18 (line 601)
                      ; - java.net.URLClassLoader::getAndVerifyPackage@68 (line 469)
                      ; - java.net.URLClassLoader::defineClass@46 (line 492)
                      ; - java.net.URLClassLoader$1::run@43 (line 427)
                      ; - java.net.URLClassLoader$1::run@1 (line 421)
                      ; - java.security.AccessController::executePrivileged@29 (line 809)
                      ; - java.security.AccessController::doPrivileged@13 (line 714)
                      ; - java.net.URLClassLoader::findClass@13 (line 420)
                      ; - java.lang.ClassLoader::loadClass@69 (line 593)
  0x00000269e80883f8: 84bf 83ff 

  0x00000269e80883fc: ;   {other}
  0x00000269e80883fc: 0f1f 8400 | 6c96 00ac | ba45 ffff | ff44 8b44 | 242c 4489 | 4424 204c | 8b44 2440 | 4c89 4424 
  0x00000269e808841c: 304c 8b44 | 2448 4c89 | 4424 384c | 8b44 2458 | 4c89 4424 | 404c 8b84 | 24d8 0000 | 004c 8944 
  0x00000269e808843c: 2448 4c8b | 4424 604c | 8944 2450 | 4c8b 8424 | 8800 0000 | 4c89 4424 | 584c 894c | 2460 4c8b 
  0x00000269e808845c: 8424 9000 | 0000 4c89 | 4424 704c | 8b84 2480 | 0000 004c | 8944 2478 | 448b 8424 | b000 0000 
  0x00000269e808847c: 4489 4424 | 244c 89b4 | 2488 0000 | 004c 899c | 2490 0000 | 004c 8994 | 2498 0000 | 004c 898c 
  0x00000269e808849c: 24a8 0000 | 0048 89bc | 24b0 0000 | 0089 8424 | b800 0000 | 899c 24bc | 0000 0090 

  0x00000269e80884b8: ;   {runtime_call UncommonTrapBlob}
  0x00000269e80884b8: c5f8 77e8 

  0x00000269e80884bc: ; ImmutableOopMap {[36]=NarrowOop [64]=Oop [72]=Oop [80]=Oop [88]=Oop [96]=Oop [112]=Oop [136]=Oop [144]=Oop [152]=Oop [168]=Oop [176]=Oop [184]=NarrowOop }
                      ;*ifeq {reexecute=1 rethrow=0 return_oop=0}
                      ; - (reexecute) java.util.HashMap::getNode@85 (line 581)
                      ; - java.util.LinkedHashMap::get@2 (line 536)
                      ; - java.util.jar.Attributes::get@5 (line 106)
                      ; - java.util.jar.Attributes::getValue@2 (line 142)
                      ; - java.net.URLClassLoader::isSealed@58 (line 608)
                      ; - java.net.URLClassLoader::getAndVerifyPackage@68 (line 469)
                      ; - java.net.URLClassLoader::defineClass@46 (line 492)
                      ; - java.net.URLClassLoader$1::run@43 (line 427)
                      ; - java.net.URLClassLoader$1::run@1 (line 421)
                      ; - java.security.AccessController::executePrivileged@29 (line 809)
                      ; - java.security.AccessController::doPrivileged@13 (line 714)
                      ; - java.net.URLClassLoader::findClass@13 (line 420)
                      ; - java.lang.ClassLoader::loadClass@69 (line 593)
  0x00000269e80884bc: c0be 83ff 

  0x00000269e80884c0: ;   {other}
  0x00000269e80884c0: 0f1f 8400 | 3097 00ad | 498b d849 | 8bd7 c5f8 | 7749 ba20 | 9b4a d7ff | 7f00 0041 

  0x00000269e80884dc: ;   {other}
  0x00000269e80884dc: ffd2 0f1f | 8400 0000 | 0000 e962 | bfff ff49 | 8bd7 c5f8 | 7749 ba20 | 9b4a d7ff | 7f00 0041 
  0x00000269e80884fc: ;   {other}
  0x00000269e80884fc: ffd2 0f1f | 8400 0000 | 0000 e980 | bfff ffba | deff ffff | 488b 6c24 | 6844 8b5c | 242c 4489 
  0x00000269e808851c: 5c24 204c | 8b5c 2440 | 4c89 5c24 | 304c 8b5c | 2448 4c89 | 5c24 384c | 8b5c 2458 | 4c89 5c24 
  0x00000269e808853c: 404c 8b9c | 24a0 0000 | 004c 895c | 2448 4c8b | 5c24 604c | 895c 2450 | 4c8b 9c24 | 8800 0000 
  0x00000269e808855c: 4c89 5c24 | 584c 8b5c | 2478 4c89 | 5c24 704c | 8b9c 2480 | 0000 004c | 895c 2478 | 448b 9c24 
  0x00000269e808857c: 9000 0000 | 4489 5c24 | 244c 8994 | 24a0 0000 | 004c 8984 | 24a8 0000 | 0066 6690 

  0x00000269e8088598: ;   {runtime_call UncommonTrapBlob}
  0x00000269e8088598: c5f8 77e8 

  0x00000269e808859c: ; ImmutableOopMap {rbp=Oop [36]=NarrowOop [64]=Oop [72]=Oop [80]=Oop [88]=Oop [112]=Oop [152]=Oop [160]=Oop [168]=Oop [248]=Oop }
                      ;*invokevirtual close {reexecute=0 rethrow=0 return_oop=0}
                      ; - java.util.jar.JarFile::getManifestFromReference@152 (line 433)
                      ; - java.util.jar.JarFile::getManifest@1 (line 405)
                      ; - jdk.internal.loader.URLClassPath$JarLoader$2::getManifest@22 (line 853)
                      ; - java.net.URLClassLoader::defineClass@34 (line 491)
                      ; - java.net.URLClassLoader$1::run@43 (line 427)
                      ; - java.net.URLClassLoader$1::run@1 (line 421)
                      ; - java.security.AccessController::executePrivileged@29 (line 809)
                      ; - java.security.AccessController::doPrivileged@13 (line 714)
                      ; - java.net.URLClassLoader::findClass@13 (line 420)
                      ; - java.lang.ClassLoader::loadClass@69 (line 593)
  0x00000269e808859c: e0bd 83ff 

  0x00000269e80885a0: ;   {other}
  0x00000269e80885a0: 0f1f 8400 | 1098 00ae | ba45 ffff | ff4c 8b54 | 2468 4c89 | 5424 2044 | 8b54 242c | 4489 5424 
  0x00000269e80885c0: 284c 8b54 | 2440 4c89 | 5424 384c | 8b54 2448 | 4c89 5424 | 404c 8b54 | 2458 4c89 | 5424 484c 
  0x00000269e80885e0: 8b94 2498 | 0000 004c | 8954 2450 | 4c8b 5424 | 604c 8954 | 2458 4c8b | 9424 8800 | 0000 4c89 
  0x00000269e8088600: 5424 6044 | 8b9c 2490 | 0000 0044 | 895c 242c | 4c89 8424 | a800 0000 

  0x00000269e8088618: ;   {runtime_call UncommonTrapBlob}
  0x00000269e8088618: c5f8 77e8 

  0x00000269e808861c: ; ImmutableOopMap {[32]=Oop [44]=NarrowOop [72]=Oop [80]=Oop [88]=Oop [96]=Oop [120]=Oop [160]=Oop [168]=Oop [248]=Oop }
                      ;*ifne {reexecute=1 rethrow=0 return_oop=0}
                      ; - (reexecute) java.util.jar.JarFile::getManifestFromReference@52 (line 419)
                      ; - java.util.jar.JarFile::getManifest@1 (line 405)
                      ; - jdk.internal.loader.URLClassPath$JarLoader$2::getManifest@22 (line 853)
                      ; - java.net.URLClassLoader::defineClass@34 (line 491)
                      ; - java.net.URLClassLoader$1::run@43 (line 427)
                      ; - java.net.URLClassLoader$1::run@1 (line 421)
                      ; - java.security.AccessController::executePrivileged@29 (line 809)
                      ; - java.security.AccessController::doPrivileged@13 (line 714)
                      ; - java.net.URLClassLoader::findClass@13 (line 420)
                      ; - java.lang.ClassLoader::loadClass@69 (line 593)
  0x00000269e808861c: 60bd 83ff 

  0x00000269e8088620: ;   {other}
  0x00000269e8088620: 0f1f 8400 | 9098 00af | ba45 ffff | ff44 8b44 | 242c 4489 | 4424 204c | 8b5c 2440 | 4c89 5c24 
  0x00000269e8088640: 304c 8b5c | 2448 4c89 | 5c24 384c | 8b5c 2458 | 4c89 5c24 | 404c 8b5c | 2470 4c89 | 5c24 484c 
  0x00000269e8088660: 8b5c 2460 | 4c89 5c24 | 504c 8b9c | 2488 0000 | 004c 895c | 2458 4c8b | 5c24 784c | 895c 2470 
  0x00000269e8088680: 4c8b 9c24 | 8000 0000 | 4c89 5c24 | 7844 8b9c | 2490 0000 | 0044 895c | 2424 4c8b | 9c24 a800 
  0x00000269e80886a0: 0000 4c89 | 9c24 9800 | 0000 8984 | 24a8 0000 | 0066 6690 

  0x00000269e80886b4: ;   {runtime_call UncommonTrapBlob}
  0x00000269e80886b4: c5f8 77e8 

  0x00000269e80886b8: ; ImmutableOopMap {rbp=Oop [36]=NarrowOop [64]=Oop [72]=Oop [80]=Oop [88]=Oop [112]=Oop [152]=Oop [160]=Oop [248]=Oop }
                      ;*if_icmpne {reexecute=1 rethrow=0 return_oop=0}
                      ; - (reexecute) java.util.jar.JarFile::getManifestFromReference@65 (line 420)
                      ; - java.util.jar.JarFile::getManifest@1 (line 405)
                      ; - jdk.internal.loader.URLClassPath$JarLoader$2::getManifest@22 (line 853)
                      ; - java.net.URLClassLoader::defineClass@34 (line 491)
                      ; - java.net.URLClassLoader$1::run@43 (line 427)
                      ; - java.net.URLClassLoader$1::run@1 (line 421)
                      ; - java.security.AccessController::executePrivileged@29 (line 809)
                      ; - java.security.AccessController::doPrivileged@13 (line 714)
                      ; - java.net.URLClassLoader::findClass@13 (line 420)
                      ; - java.lang.ClassLoader::loadClass@69 (line 593)
  0x00000269e80886b8: c4bc 83ff 

  0x00000269e80886bc: ;   {other}
  0x00000269e80886bc: 0f1f 8400 | 2c99 00b0 | 498b d7c5 | f877 49ba | 209b 4ad7 | ff7f 0000 

  0x00000269e80886d4: ;   {other}
  0x00000269e80886d4: 41ff d20f | 1f84 0000 | 0000 0090 | e9d5 bfff | ff49 8bd7 | c5f8 7749 | ba20 9b4a | d7ff 7f00 
  0x00000269e80886f4: 0041 ffd2 

  0x00000269e80886f8: ;   {other}
  0x00000269e80886f8: 0f1f 8400 | 0000 0000 | e906 a4ff | ff49 8bd7 | c5f8 7749 | ba20 9b4a | d7ff 7f00 | 0041 ffd2 
  0x00000269e8088718: ;   {other}
  0x00000269e8088718: 0f1f 8400 | 0000 0000 | e92f a4ff | ff49 8bd7 | c5f8 7749 | ba20 9b4a | d7ff 7f00 | 0041 ffd2 
  0x00000269e8088738: ;   {other}
  0x00000269e8088738: 0f1f 8400 | 0000 0000 | e98f a5ff | ff49 8bd7 | c5f8 7749 | ba20 9b4a | d7ff 7f00 | 0041 ffd2 
  0x00000269e8088758: ;   {other}
  0x00000269e8088758: 0f1f 8400 | 0000 0000 | e92d a5ff | ff49 8bd7 | c5f8 7749 | ba20 9b4a | d7ff 7f00 | 0041 ffd2 
  0x00000269e8088778: ;   {other}
  0x00000269e8088778: 0f1f 8400 | 0000 0000 | e966 a9ff | ff49 8bd7 | c5f8 7749 | ba20 9b4a | d7ff 7f00 | 0041 ffd2 
  0x00000269e8088798: ;   {other}
  0x00000269e8088798: 0f1f 8400 | 0000 0000 | e9a6 a8ff | ff49 8bd7 | c5f8 7749 | ba20 9b4a | d7ff 7f00 | 0041 ffd2 
  0x00000269e80887b8: ;   {other}
  0x00000269e80887b8: 0f1f 8400 | 0000 0000 | e9cc a9ff | ff49 8bd7 | c5f8 7749 | ba20 9b4a | d7ff 7f00 | 0041 ffd2 
  0x00000269e80887d8: ;   {other}
  0x00000269e80887d8: 0f1f 8400 | 0000 0000 | e9f7 a9ff | ff49 8bd7 | c5f8 7749 | ba20 9b4a | d7ff 7f00 | 0041 ffd2 
  0x00000269e80887f8: ;   {other}
  0x00000269e80887f8: 0f1f 8400 | 0000 0000 | e966 a6ff | ff49 8bd7 | c5f8 7749 | ba20 9b4a | d7ff 7f00 | 0041 ffd2 
  0x00000269e8088818: ;   {other}
  0x00000269e8088818: 0f1f 8400 | 0000 0000 | e9ed a5ff | ff49 8bd7 | c5f8 7749 | ba20 9b4a | d7ff 7f00 | 0041 ffd2 
  0x00000269e8088838: ;   {other}
  0x00000269e8088838: 0f1f 8400 | 0000 0000 | e9c6 a6ff | ff49 8bd7 | c5f8 7749 | ba20 9b4a | d7ff 7f00 | 0041 ffd2 
  0x00000269e8088858: ;   {other}
  0x00000269e8088858: 0f1f 8400 | 0000 0000 | e9a6 abff | ff49 8bd7 | c5f8 7749 | ba20 9b4a | d7ff 7f00 | 0041 ffd2 
  0x00000269e8088878: ;   {other}
  0x00000269e8088878: 0f1f 8400 | 0000 0000 | e92d abff | ff49 8bd7 | c5f8 7749 | ba20 9b4a | d7ff 7f00 | 0041 ffd2 
  0x00000269e8088898: ;   {other}
  0x00000269e8088898: 0f1f 8400 | 0000 0000 | e90c acff | ff49 8bd8 | 498b d7c5 | f877 49ba | 209b 4ad7 | ff7f 0000 
  0x00000269e80888b8: ;   {other}
  0x00000269e80888b8: 41ff d20f | 1f84 0000 | 0000 00e9 | 95c1 ffff | 498b d7c5 | f877 49ba | 209b 4ad7 | ff7f 0000 
  0x00000269e80888d8: ;   {other}
  0x00000269e80888d8: 41ff d20f | 1f84 0000 | 0000 00e9 | e39d ffff | 488b fb49 | 8bd8 498b | d7c5 f877 | 49ba 209b 
  0x00000269e80888f8: 4ad7 ff7f | 0000 41ff 

  0x00000269e8088900: ;   {other}
  0x00000269e8088900: d20f 1f84 | 0000 0000 | 00e9 42c8 | ffff 498b | d7c5 f877 | 49ba 209b | 4ad7 ff7f | 0000 41ff 
  0x00000269e8088920: ;   {other}
  0x00000269e8088920: d20f 1f84 | 0000 0000 | 00e9 409d | ffff 498b | d7c5 f877 | 49ba 209b | 4ad7 ff7f | 0000 41ff 
  0x00000269e8088940: ;   {other}
  0x00000269e8088940: d20f 1f84 | 0000 0000 | 004c 8bd5 | e9a5 9eff | ffba 45ff | ffff 4c8b | 5424 384c | 8954 2420 
  0x00000269e8088960: 448b 5424 | 2c44 8954 | 2428 4c8b | 5424 404c | 8954 2438 | 4c8b 5424 | 484c 8954 | 2440 4c8b 
  0x00000269e8088980: 5424 584c | 8954 2448 | 4c8b 9424 | 9800 0000 | 4c89 5424 | 504c 8b54 | 2460 4c89 | 5424 584c 
  0x00000269e80889a0: 8b94 2488 | 0000 004c | 8954 2460 | 448b 9424 | 9000 0000 | 4489 5424 | 2c4c 8b54 | 2478 4c89 
  0x00000269e80889c0: 9424 9000 | 0000 4889 | 8424 a800 | 0000 6690 

  0x00000269e80889d0: ;   {runtime_call UncommonTrapBlob}
  0x00000269e80889d0: c5f8 77e8 

  0x00000269e80889d4: ; ImmutableOopMap {rbp=NarrowOop [32]=Oop [44]=NarrowOop [72]=Oop [80]=Oop [88]=Oop [96]=Oop [144]=Oop [168]=Oop [248]=Oop }
                      ;*ifnull {reexecute=1 rethrow=0 return_oop=0}
                      ; - (reexecute) java.util.jar.JarFile::maybeInstantiateVerifier@27 (line 723)
                      ; - java.util.jar.JarFile::ensureInitialization@1 (line 1064)
                      ; - java.util.jar.JavaUtilJarAccessImpl::ensureInitialization@1 (line 42)
                      ; - jdk.internal.loader.URLClassPath$JarLoader$2::getManifest@10 (line 852)
                      ; - java.net.URLClassLoader::defineClass@34 (line 491)
                      ; - java.net.URLClassLoader$1::run@43 (line 427)
                      ; - java.net.URLClassLoader$1::run@1 (line 421)
                      ; - java.security.AccessController::executePrivileged@29 (line 809)
                      ; - java.security.AccessController::doPrivileged@13 (line 714)
                      ; - java.net.URLClassLoader::findClass@13 (line 420)
                      ; - java.lang.ClassLoader::loadClass@69 (line 593)
  0x00000269e80889d4: a8b9 83ff 

  0x00000269e80889d8: ;   {other}
  0x00000269e80889d8: 0f1f 8400 | 489c 00b1 | 8994 249c | 0000 0044 | 8984 2498 | 0000 004c | 8954 2478 | 4c89 7424 
  0x00000269e80889f8: 704c 8b94 | 2490 0000 | 004c 8954 | 2468 4c89 | 5c24 3844 | 8b9c 24b0 | 0000 0044 | 895c 2428 
  0x00000269e8088a18: 4c89 8c24 | e000 0000 

  0x00000269e8088a20: ;   {metadata('java/lang/String')}
  0x00000269e8088a20: 48ba 78e8 | 0080 6902 | 0000 498b | ed4c 8b94 | 24d8 0000 | 004c 8994 | 24a8 0000 | 004c 898c 
  0x00000269e8088a40: 24b0 0000 | 0066 6690 

  0x00000269e8088a48: ;   {runtime_call _new_instance_Java}
  0x00000269e8088a48: c5f8 77e8 

  0x00000269e8088a4c: ; ImmutableOopMap {rbp=Oop [40]=NarrowOop [48]=Oop [56]=Oop [80]=Oop [88]=Oop [96]=Oop [104]=Oop [112]=Oop [120]=Oop [136]=Oop [152]=NarrowOop [168]=Oop [176]=Oop [216]=Oop [224]=Oop }
                      ;*new {reexecute=0 rethrow=0 return_oop=1}
                      ; - java.lang.StringConcatHelper::simpleConcat@17 (line 425)
                      ; - java.lang.String::concat@11 (line 2899)
                      ; - java.net.URLClassLoader::isSealed@15 (line 601)
                      ; - java.net.URLClassLoader::getAndVerifyPackage@68 (line 469)
                      ; - java.net.URLClassLoader::defineClass@46 (line 492)
                      ; - java.net.URLClassLoader$1::run@43 (line 427)
                      ; - java.net.URLClassLoader$1::run@1 (line 421)
                      ; - java.security.AccessController::executePrivileged@29 (line 809)
                      ; - java.security.AccessController::doPrivileged@13 (line 714)
                      ; - java.net.URLClassLoader::findClass@13 (line 420)
                      ; - java.lang.ClassLoader::loadClass@69 (line 593)
  0x00000269e8088a4c: b031 86ff 

  0x00000269e8088a50: ;   {other}
  0x00000269e8088a50: 0f1f 8400 | c09c 00b2 | 4c8b 8c24 | b000 0000 | 448b 5424 | 2844 8994 | 24b0 0000 | 004c 8b5c 
  0x00000269e8088a70: 2438 4c8b | 5424 684c | 8994 2490 | 0000 004c | 8b74 2470 | 4c8b 5424 | 7844 8b84 | 2498 0000 
  0x00000269e8088a90: 008b 9424 | 9c00 0000 | e954 b7ff | ffba c6ff | ffff 488b | ac24 e000 | 0000 448b | 5c24 2c44 
  0x00000269e8088ab0: 895c 2420 | 4c8b 5c24 | 404c 895c | 2430 4c8b | 5c24 484c | 895c 2438 | 4c8b 5c24 | 584c 895c 
  0x00000269e8088ad0: 2440 4c8b | 9c24 d800 | 0000 4c89 | 5c24 484c | 8b5c 2460 | 4c89 5c24 | 504c 8944 | 2470 4c8b 
  0x00000269e8088af0: 9c24 8000 | 0000 4c89 | 5c24 7844 | 8954 2424 | 4c89 8424 | 8000 0000 

  0x00000269e8088b08: ;   {runtime_call UncommonTrapBlob}
  0x00000269e8088b08: c5f8 77e8 

  0x00000269e8088b0c: ; ImmutableOopMap {rbp=Oop [64]=Oop [72]=Oop [80]=Oop [112]=Oop [128]=Oop }
                      ;*invokevirtual getCodeSourceURL {reexecute=0 rethrow=0 return_oop=0}
                      ; - java.net.URLClassLoader::defineClass@13 (line 487)
                      ; - java.net.URLClassLoader$1::run@43 (line 427)
                      ; - java.net.URLClassLoader$1::run@1 (line 421)
                      ; - java.security.AccessController::executePrivileged@29 (line 809)
                      ; - java.security.AccessController::doPrivileged@13 (line 714)
                      ; - java.net.URLClassLoader::findClass@13 (line 420)
                      ; - java.lang.ClassLoader::loadClass@69 (line 593)
  0x00000269e8088b0c: 70b8 83ff 

  0x00000269e8088b10: ;   {other}
  0x00000269e8088b10: 0f1f 8400 | 809d 00b3 | bade ffff | ff44 8b54 | 242c 4489 | 5424 284c | 8b54 2440 | 4c89 5424 
  0x00000269e8088b30: 384c 8b54 | 2448 4c89 | 5424 404c | 8b54 2458 | 4c89 5424 | 484c 8b94 | 24d8 0000 | 004c 8954 
  0x00000269e8088b50: 2450 4c8b | 5424 604c | 8954 2458 | 4c8b 9424 | 8800 0000 | 4c89 5424 | 604c 894c | 2468 4c8b 
  0x00000269e8088b70: 9424 9000 | 0000 4c89 | 5424 784c | 898c 2498 | 0000 004c | 899c 24a0 | 0000 004c | 89b4 24a8 
  0x00000269e8088b90: 0000 004c | 899c 24c0 | 0000 0090 

  0x00000269e8088b9c: ;   {runtime_call UncommonTrapBlob}
  0x00000269e8088b9c: c5f8 77e8 

  0x00000269e8088ba0: ; ImmutableOopMap {rbp=NarrowOop [72]=Oop [80]=Oop [88]=Oop [96]=Oop [104]=Oop [120]=Oop [152]=Oop [160]=Oop [168]=Oop [176]=NarrowOop [192]=Oop }
                      ;*checkcast {reexecute=0 rethrow=0 return_oop=0}
                      ; - java.lang.ClassLoader::getDefinedPackage@16 (line 2263)
                      ; - java.net.URLClassLoader::getAndVerifyPackage@2 (line 457)
                      ; - java.net.URLClassLoader::defineClass@46 (line 492)
                      ; - java.net.URLClassLoader$1::run@43 (line 427)
                      ; - java.net.URLClassLoader$1::run@1 (line 421)
                      ; - java.security.AccessController::executePrivileged@29 (line 809)
                      ; - java.security.AccessController::doPrivileged@13 (line 714)
                      ; - java.net.URLClassLoader::findClass@13 (line 420)
                      ; - java.lang.ClassLoader::loadClass@69 (line 593)
  0x00000269e8088ba0: dcb7 83ff 

  0x00000269e8088ba4: ;   {other}
  0x00000269e8088ba4: 0f1f 8400 | 149e 00b4 | bade ffff | ff44 8b54 | 242c 4489 | 5424 204c | 8b54 2440 | 4c89 5424 
  0x00000269e8088bc4: 304c 8b54 | 2448 4c89 | 5424 384c | 8b54 2458 | 4c89 5424 | 404c 8b54 | 2468 4c89 | 5424 484c 
  0x00000269e8088be4: 8b54 2460 | 4c89 5424 | 504c 8b94 | 2488 0000 | 004c 8954 | 2458 4c8b | 9424 9000 | 0000 4c89 
  0x00000269e8088c04: 5424 704c | 8b94 2480 | 0000 004c | 8954 2478 | 448b 9c24 | b000 0000 | 4489 9c24 | a800 0000 
  0x00000269e8088c24: 4889 8424 | c000 0000 

  0x00000269e8088c2c: ;   {runtime_call UncommonTrapBlob}
  0x00000269e8088c2c: c5f8 77e8 

  0x00000269e8088c30: ; ImmutableOopMap {rbp=Oop [64]=Oop [72]=Oop [80]=Oop [88]=Oop [112]=Oop [152]=Oop [160]=Oop [168]=NarrowOop [192]=Oop }
                      ;*checkcast {reexecute=0 rethrow=0 return_oop=0}
                      ; - java.lang.ClassLoader::definePackage@81 (line 2129)
                      ; - java.lang.ClassLoader::getDefinedPackage@32 (line 2267)
                      ; - java.net.URLClassLoader::getAndVerifyPackage@2 (line 457)
                      ; - java.net.URLClassLoader::defineClass@46 (line 492)
                      ; - java.net.URLClassLoader$1::run@43 (line 427)
                      ; - java.net.URLClassLoader$1::run@1 (line 421)
                      ; - java.security.AccessController::executePrivileged@29 (line 809)
                      ; - java.security.AccessController::doPrivileged@13 (line 714)
                      ; - java.net.URLClassLoader::findClass@13 (line 420)
                      ; - java.lang.ClassLoader::loadClass@69 (line 593)
  0x00000269e8088c30: 4cb7 83ff 

  0x00000269e8088c34: ;   {other}
  0x00000269e8088c34: 0f1f 8400 | a49e 00b5 | bade ffff | ff8b 5c24 | 2c89 5c24 | 284c 8b44 | 2440 4c89 | 4424 384c 
  0x00000269e8088c54: 8b44 2448 | 4c89 4424 | 404c 8b44 | 2458 4c89 | 4424 484c | 8b84 24d8 | 0000 004c | 8944 2450 
  0x00000269e8088c74: 4c8b 4424 | 604c 8944 | 2458 4c8b | 8424 8800 | 0000 4c89 | 4424 604c | 894c 2468 | 4c8b 8424 
  0x00000269e8088c94: 9000 0000 | 4c89 4424 | 7844 8b84 | 24b0 0000 | 0044 8944 | 242c 4c89 | 9c24 9800 | 0000 4c89 
  0x00000269e8088cb4: 9424 a000 | 0000 4c89 | b424 a800 | 0000 4c89 | b424 b000 | 0000 4c89 | 8c24 c000 | 0000 4889 
  0x00000269e8088cd4: 8c24 c800 | 0000 6690 

  0x00000269e8088cdc: ;   {runtime_call UncommonTrapBlob}
  0x00000269e8088cdc: c5f8 77e8 

  0x00000269e8088ce0: ; ImmutableOopMap {rbp=NarrowOop [44]=NarrowOop [72]=Oop [80]=Oop [88]=Oop [96]=Oop [104]=Oop [120]=Oop [152]=Oop [160]=Oop [168]=Oop [176]=Oop [192]=Oop [200]=Oop }
                      ;*checkcast {reexecute=0 rethrow=0 return_oop=0}
                      ; - java.util.jar.Manifest::getAttributes@10 (line 160)
                      ; - java.util.jar.Manifest::getTrustedAttributes@2 (line 177)
                      ; - java.util.jar.JavaUtilJarAccessImpl::getTrustedAttributes@2 (line 38)
                      ; - java.net.URLClassLoader::isSealed@18 (line 601)
                      ; - java.net.URLClassLoader::getAndVerifyPackage@68 (line 469)
                      ; - java.net.URLClassLoader::defineClass@46 (line 492)
                      ; - java.net.URLClassLoader$1::run@43 (line 427)
                      ; - java.net.URLClassLoader$1::run@1 (line 421)
                      ; - java.security.AccessController::executePrivileged@29 (line 809)
                      ; - java.security.AccessController::doPrivileged@13 (line 714)
                      ; - java.net.URLClassLoader::findClass@13 (line 420)
                      ; - java.lang.ClassLoader::loadClass@69 (line 593)
  0x00000269e8088ce0: 9cb6 83ff 

  0x00000269e8088ce4: ;   {other}
  0x00000269e8088ce4: 0f1f 8400 | 549f 00b6 | bade ffff | ff44 8b44 | 242c 4489 | 4424 284c | 8b44 2440 | 4c89 4424 
  0x00000269e8088d04: 384c 8b44 | 2448 4c89 | 4424 404c | 8b44 2458 | 4c89 4424 | 484c 8b84 | 24d8 0000 | 004c 8944 
  0x00000269e8088d24: 2450 4c8b | 4424 604c | 8944 2458 | 4c8b 8424 | 8800 0000 | 4c89 4424 | 604c 894c | 2468 4c8b 
  0x00000269e8088d44: 8424 9000 | 0000 4c89 | 4424 788b | 8c24 b000 | 0000 894c | 242c 4c89 | b424 9000 | 0000 4c89 
  0x00000269e8088d64: 9c24 9800 | 0000 4c89 | 9424 a000 | 0000 4c89 | 8c24 b000 | 0000 6690 

  0x00000269e8088d7c: ;   {runtime_call UncommonTrapBlob}
  0x00000269e8088d7c: c5f8 77e8 

  0x00000269e8088d80: ; ImmutableOopMap {rbp=NarrowOop [44]=NarrowOop [72]=Oop [80]=Oop [88]=Oop [96]=Oop [104]=Oop [120]=Oop [144]=Oop [152]=Oop [160]=Oop [176]=Oop }
                      ;*checkcast {reexecute=0 rethrow=0 return_oop=0}
                      ; - java.util.jar.Attributes::getValue@5 (line 142)
                      ; - java.net.URLClassLoader::isSealed@58 (line 608)
                      ; - java.net.URLClassLoader::getAndVerifyPackage@68 (line 469)
                      ; - java.net.URLClassLoader::defineClass@46 (line 492)
                      ; - java.net.URLClassLoader$1::run@43 (line 427)
                      ; - java.net.URLClassLoader$1::run@1 (line 421)
                      ; - java.security.AccessController::executePrivileged@29 (line 809)
                      ; - java.security.AccessController::doPrivileged@13 (line 714)
                      ; - java.net.URLClassLoader::findClass@13 (line 420)
                      ; - java.lang.ClassLoader::loadClass@69 (line 593)
  0x00000269e8088d80: fcb5 83ff 

  0x00000269e8088d84: ;   {other}
  0x00000269e8088d84: 0f1f 8400 | f49f 00b7 | bade ffff | ff4c 8b94 | 24e0 0000 | 004c 8954 | 2420 448b | 5c24 2c44 
  0x00000269e8088da4: 895c 2428 | 4c8b 5424 | 404c 8954 | 2438 4c8b | 5424 484c | 8954 2440 | 4c8b 5424 | 584c 8954 
  0x00000269e8088dc4: 2448 4c8b | 9424 d800 | 0000 4c89 | 5424 504c | 8b54 2460 | 4c89 5424 | 584c 8b94 | 2488 0000 
  0x00000269e8088de4: 004c 8954 | 2460 4c8b | 9424 9000 | 0000 4c89 | 5424 784c | 8984 24a0 | 0000 0090 

  0x00000269e8088e00: ;   {runtime_call UncommonTrapBlob}
  0x00000269e8088e00: c5f8 77e8 

  0x00000269e8088e04: ; ImmutableOopMap {rbp=NarrowOop [32]=Oop [72]=Oop [80]=Oop [88]=Oop [96]=Oop [120]=Oop [160]=Oop [176]=NarrowOop [248]=Oop }
                      ;*checkcast {reexecute=0 rethrow=0 return_oop=0}
                      ; - java.util.jar.JarFile::getManifestFromReference@14 (line 409)
                      ; - java.util.jar.JarFile::getManifest@1 (line 405)
                      ; - jdk.internal.loader.URLClassPath$JarLoader$2::getManifest@22 (line 853)
                      ; - java.net.URLClassLoader::defineClass@34 (line 491)
                      ; - java.net.URLClassLoader$1::run@43 (line 427)
                      ; - java.net.URLClassLoader$1::run@1 (line 421)
                      ; - java.security.AccessController::executePrivileged@29 (line 809)
                      ; - java.security.AccessController::doPrivileged@13 (line 714)
                      ; - java.net.URLClassLoader::findClass@13 (line 420)
                      ; - java.lang.ClassLoader::loadClass@69 (line 593)
  0x00000269e8088e04: 78b5 83ff 

  0x00000269e8088e08: ;   {other}
  0x00000269e8088e08: 0f1f 8400 | 78a0 00b8 | bade ffff | ff8b 4c24 | 2c89 4c24 | 284c 8b44 | 2440 4c89 | 4424 384c 
  0x00000269e8088e28: 8b44 2448 | 4c89 4424 | 404c 8b44 | 2458 4c89 | 4424 484c | 8b84 24d8 | 0000 004c | 8944 2450 
  0x00000269e8088e48: 4c8b 4424 | 604c 8944 | 2458 4c8b | 8424 8800 | 0000 4c89 | 4424 604c | 894c 2468 | 4c8b 8424 
  0x00000269e8088e68: 9000 0000 | 4c89 4424 | 784c 898c | 2498 0000 | 004c 899c | 24a0 0000 | 004c 89b4 | 24a8 0000 
  0x00000269e8088e88: 004c 899c | 24c0 0000 | 0044 8994 | 24b4 0000 | 0066 6690 

  0x00000269e8088e9c: ;   {runtime_call UncommonTrapBlob}
  0x00000269e8088e9c: c5f8 77e8 

  0x00000269e8088ea0: ; ImmutableOopMap {rbp=NarrowOop [72]=Oop [80]=Oop [88]=Oop [96]=Oop [104]=Oop [120]=Oop [152]=Oop [160]=Oop [168]=Oop [176]=NarrowOop [180]=NarrowOop [192]=Oop }
                      ;*checkcast {reexecute=0 rethrow=0 return_oop=0}
                      ; - java.lang.ClassLoader::definePackage@50 (line 2125)
                      ; - java.lang.ClassLoader::getDefinedPackage@32 (line 2267)
                      ; - java.net.URLClassLoader::getAndVerifyPackage@2 (line 457)
                      ; - java.net.URLClassLoader::defineClass@46 (line 492)
                      ; - java.net.URLClassLoader$1::run@43 (line 427)
                      ; - java.net.URLClassLoader$1::run@1 (line 421)
                      ; - java.security.AccessController::executePrivileged@29 (line 809)
                      ; - java.security.AccessController::doPrivileged@13 (line 714)
                      ; - java.net.URLClassLoader::findClass@13 (line 420)
                      ; - java.lang.ClassLoader::loadClass@69 (line 593)
  0x00000269e8088ea0: dcb4 83ff 

  0x00000269e8088ea4: ;   {other}
  0x00000269e8088ea4: 0f1f 8400 | 14a1 00b9 | 488b e8e9 | 8486 ffff | 448b 5808 | 0f1f 8400 | 0000 0000 

  0x00000269e8088ec0: ;   {metadata('java/lang/ClassNotFoundException')}
  0x00000269e8088ec0: 4181 fba0 | ac06 000f | 843f 6bff | ff48 8be8 | e963 86ff | ff48 8be8 | e95b 86ff | ff48 8be8 
  0x00000269e8088ee0: e953 86ff | ff48 8be8 | e94b 86ff | ffba f6ff | ffff 488b | 6c24 5090 

  0x00000269e8088ef8: ;   {runtime_call UncommonTrapBlob}
  0x00000269e8088ef8: c5f8 77e8 

  0x00000269e8088efc: ; ImmutableOopMap {rbp=Oop [88]=Oop [216]=Oop }
                      ;*arraylength {reexecute=0 rethrow=0 return_oop=0}
                      ; - java.lang.String::isEmpty@4 (line 1532)
                      ; - java.lang.ClassLoader::checkName@5 (line 1155)
                      ; - java.lang.ClassLoader::findLoadedClass@1 (line 1298)
                      ; - java.lang.ClassLoader::loadClass@10 (line 575)
  0x00000269e8088efc: 80b4 83ff 

  0x00000269e8088f00: ;   {other}
  0x00000269e8088f00: 0f1f 8400 | 70a1 00ba | baf6 ffff | ff48 8bac | 24e0 0000 | 0044 8b5c | 242c 4489 | 5c24 204c 
  0x00000269e8088f20: 8b54 2440 | 4c89 5424 | 304c 8b54 | 2448 4c89 | 5424 384c | 8b54 2458 | 4c89 5424 | 404c 8b94 
  0x00000269e8088f40: 24d8 0000 | 0048 895c | 2450 4c89 | 5424 5890 

  0x00000269e8088f50: ;   {runtime_call UncommonTrapBlob}
  0x00000269e8088f50: c5f8 77e8 

  0x00000269e8088f54: ; ImmutableOopMap {rbp=Oop [64]=Oop [80]=Oop [88]=Oop [216]=Oop }
                      ;*arraylength {reexecute=0 rethrow=0 return_oop=0}
                      ; - java.lang.StringLatin1::replace@8 (line 295)
                      ; - java.lang.String::replace@18 (line 2933)
                      ; - java.net.URLClassLoader$1::run@8 (line 423)
                      ; - java.net.URLClassLoader$1::run@1 (line 421)
                      ; - java.security.AccessController::executePrivileged@29 (line 809)
                      ; - java.security.AccessController::doPrivileged@13 (line 714)
                      ; - java.net.URLClassLoader::findClass@13 (line 420)
                      ; - java.lang.ClassLoader::loadClass@69 (line 593)
  0x00000269e8088f54: 28b4 83ff 

  0x00000269e8088f58: ;   {other}
  0x00000269e8088f58: 0f1f 8400 | c8a1 00bb | ba45 ffff | ff48 8b6c | 2450 4c89 | 5424 204c | 8b54 2458 | 4c89 5424 
  0x00000269e8088f78: 3866 6690 

  0x00000269e8088f7c: ;   {runtime_call UncommonTrapBlob}
  0x00000269e8088f7c: c5f8 77e8 

  0x00000269e8088f80: ; ImmutableOopMap {rbp=Oop [32]=Oop [56]=Oop }
                      ;*ifnull {reexecute=1 rethrow=0 return_oop=0}
                      ; - (reexecute) java.lang.ClassLoader::checkName@1 (line 1155)
                      ; - java.lang.ClassLoader::findLoadedClass@1 (line 1298)
                      ; - java.lang.ClassLoader::loadClass@10 (line 575)
  0x00000269e8088f80: fcb3 83ff 

  0x00000269e8088f84: ;   {other}
  0x00000269e8088f84: 0f1f 8400 | f4a1 00bc | baf6 ffff | ff44 8b54 | 242c 4489 | 5424 204c | 8b54 2440 | 4c89 5424 
  0x00000269e8088fa4: 304c 8b54 | 2448 4c89 | 5424 384c | 8b54 2458 | 4c89 5424 | 404c 8b94 | 24d8 0000 | 004c 8954 
  0x00000269e8088fc4: 2448 4c8b | 5424 604c | 8954 2450 | 4c8b 9424 | 8800 0000 | 4c89 5424 | 5848 8944 | 2478 6690 
  0x00000269e8088fe4: ;   {runtime_call UncommonTrapBlob}
  0x00000269e8088fe4: c5f8 77e8 

  0x00000269e8088fe8: ; ImmutableOopMap {rbp=Oop [64]=Oop [72]=Oop [80]=Oop [88]=Oop }
                      ;*arraylength {reexecute=0 rethrow=0 return_oop=0}
                      ; - java.lang.String::length@4 (line 1519)
                      ; - java.lang.String::lastIndexOf@3 (line 2535)
                      ; - java.net.URLClassLoader::defineClass@7 (line 486)
                      ; - java.net.URLClassLoader$1::run@43 (line 427)
                      ; - java.net.URLClassLoader$1::run@1 (line 421)
                      ; - java.security.AccessController::executePrivileged@29 (line 809)
                      ; - java.security.AccessController::doPrivileged@13 (line 714)
                      ; - java.net.URLClassLoader::findClass@13 (line 420)
                      ; - java.lang.ClassLoader::loadClass@69 (line 593)
  0x00000269e8088fe8: 94b3 83ff 

  0x00000269e8088fec: ;   {other}
  0x00000269e8088fec: 0f1f 8400 | 5ca2 00bd | baf6 ffff | ff44 8b5c | 242c 4489 | 5c24 204c | 8b54 2440 | 4c89 5424 
  0x00000269e808900c: 304c 8b54 | 2448 4c89 | 5424 384c | 8b54 2458 | 4c89 5424 | 404c 8b94 | 24d8 0000 | 004c 8954 
  0x00000269e808902c: 2448 4c8b | 5424 604c | 8954 2450 

  0x00000269e8089038: ;   {runtime_call UncommonTrapBlob}
  0x00000269e8089038: c5f8 77e8 

  0x00000269e808903c: ; ImmutableOopMap {rbp=Oop [64]=Oop [72]=Oop [80]=Oop [136]=Oop [152]=Oop }
                      ;*arraylength {reexecute=0 rethrow=0 return_oop=0}
                      ; - java.net.URLClassLoader::defineClass@217 (line 524)
                      ; - java.net.URLClassLoader$1::run@43 (line 427)
                      ; - java.net.URLClassLoader$1::run@1 (line 421)
                      ; - java.security.AccessController::executePrivileged@29 (line 809)
                      ; - java.security.AccessController::doPrivileged@13 (line 714)
                      ; - java.net.URLClassLoader::findClass@13 (line 420)
                      ; - java.lang.ClassLoader::loadClass@69 (line 593)
  0x00000269e808903c: 40b3 83ff 

  0x00000269e8089040: ;   {other}
  0x00000269e8089040: 0f1f 8400 | b0a2 00be | baf6 ffff | ff48 8bac | 24e0 0000 | 0044 8b5c | 242c 4489 | 5c24 204c 
  0x00000269e8089060: 8b54 2440 | 4c89 5424 | 304c 8b54 | 2448 4c89 | 5424 384c | 8b54 2458 | 4c89 5424 | 404c 8b94 
  0x00000269e8089080: 24d8 0000 | 004c 8954 | 2448 4c8b | 5424 604c | 8954 2450 | 4c8b 9424 | 8800 0000 | 4c89 5424 
  0x00000269e80890a0: 584d 8bd0 | 4c89 5424 | 704c 8b94 | 2480 0000 | 004c 8954 | 2478 6690 

  0x00000269e80890b8: ;   {runtime_call UncommonTrapBlob}
  0x00000269e80890b8: c5f8 77e8 

  0x00000269e80890bc: ; ImmutableOopMap {rbp=Oop [64]=Oop [72]=Oop [80]=Oop [88]=Oop [112]=Oop [176]=NarrowOop [248]=Oop }
                      ;*getfield jar {reexecute=1 rethrow=0 return_oop=0}
                      ; - (reexecute) jdk.internal.loader.URLClassPath$JarLoader$2::getManifest@7 (line 852)
                      ; - java.net.URLClassLoader::defineClass@34 (line 491)
                      ; - java.net.URLClassLoader$1::run@43 (line 427)
                      ; - java.net.URLClassLoader$1::run@1 (line 421)
                      ; - java.security.AccessController::executePrivileged@29 (line 809)
                      ; - java.security.AccessController::doPrivileged@13 (line 714)
                      ; - java.net.URLClassLoader::findClass@13 (line 420)
                      ; - java.lang.ClassLoader::loadClass@69 (line 593)
  0x00000269e80890bc: c0b2 83ff 

  0x00000269e80890c0: ;   {other}
  0x00000269e80890c0: 0f1f 8400 | 30a3 00bf | baf6 ffff | ff48 8bac | 24e0 0000 | 0044 8b54 | 242c 4489 | 5424 204c 
  0x00000269e80890e0: 8b54 2440 | 4c89 5424 | 304c 8b54 | 2448 4c89 | 5424 384c | 8b54 2458 | 4c89 5424 | 404c 8b94 
  0x00000269e8089100: 24d8 0000 | 004c 8954 | 2448 4c8b | 5424 604c | 8954 2450 | 4c8b 9424 | 8800 0000 | 4c89 5424 
  0x00000269e8089120: 584c 8b94 | 2490 0000 | 004c 8954 | 2470 4c8b | 9424 8000 | 0000 4c89 | 5424 7890 

  0x00000269e808913c: ;   {runtime_call UncommonTrapBlob}
  0x00000269e808913c: c5f8 77e8 

  0x00000269e8089140: ; ImmutableOopMap {rbp=Oop [64]=Oop [72]=Oop [80]=Oop [88]=Oop [112]=Oop [176]=NarrowOop [248]=Oop }
                      ;*getfield jar {reexecute=1 rethrow=0 return_oop=0}
                      ; - (reexecute) jdk.internal.loader.URLClassPath$JarLoader$2::getManifest@19 (line 853)
                      ; - java.net.URLClassLoader::defineClass@34 (line 491)
                      ; - java.net.URLClassLoader$1::run@43 (line 427)
                      ; - java.net.URLClassLoader$1::run@1 (line 421)
                      ; - java.security.AccessController::executePrivileged@29 (line 809)
                      ; - java.security.AccessController::doPrivileged@13 (line 714)
                      ; - java.net.URLClassLoader::findClass@13 (line 420)
                      ; - java.lang.ClassLoader::loadClass@69 (line 593)
  0x00000269e8089140: 3cb2 83ff 

  0x00000269e8089144: ;   {other}
  0x00000269e8089144: 0f1f 8400 | b4a3 00c0 | baf6 ffff | ff48 8bac | 24e0 0000 | 0044 8b5c | 242c 4489 | 5c24 204c 
  0x00000269e8089164: 8b54 2440 | 4c89 5424 | 304c 8b54 | 2448 4c89 | 5424 384c | 8b54 2458 | 4c89 5424 | 404c 8b94 
  0x00000269e8089184: 24d8 0000 | 004c 8954 | 2448 4c8b | 5424 604c | 8954 2450 | 4c8b 9424 | 8800 0000 | 4c89 5424 
  0x00000269e80891a4: 584c 8b94 | 2490 0000 | 004c 8954 | 2470 4c8b | 9424 8000 | 0000 4c89 | 5424 7890 

  0x00000269e80891c0: ;   {runtime_call UncommonTrapBlob}
  0x00000269e80891c0: c5f8 77e8 

  0x00000269e80891c4: ; ImmutableOopMap {rbp=Oop [64]=Oop [72]=Oop [80]=Oop [88]=Oop [112]=Oop [176]=NarrowOop [248]=Oop }
                      ;*invokevirtual getManifest {reexecute=0 rethrow=0 return_oop=0}
                      ; - jdk.internal.loader.URLClassPath$JarLoader$2::getManifest@22 (line 853)
                      ; - java.net.URLClassLoader::defineClass@34 (line 491)
                      ; - java.net.URLClassLoader$1::run@43 (line 427)
                      ; - java.net.URLClassLoader$1::run@1 (line 421)
                      ; - java.security.AccessController::executePrivileged@29 (line 809)
                      ; - java.security.AccessController::doPrivileged@13 (line 714)
                      ; - java.net.URLClassLoader::findClass@13 (line 420)
                      ; - java.lang.ClassLoader::loadClass@69 (line 593)
  0x00000269e80891c4: b8b1 83ff 

  0x00000269e80891c8: ;   {other}
  0x00000269e80891c8: 0f1f 8400 | 38a4 00c1 | baf6 ffff | ff48 8bac | 24e0 0000 | 0044 8b5c | 242c 4489 | 5c24 204c 
  0x00000269e80891e8: 8b5c 2440 | 4c89 5c24 | 304c 8b5c | 2448 4c89 | 5c24 384c | 8b5c 2458 | 4c89 5c24 | 404c 8b9c 
  0x00000269e8089208: 24d8 0000 | 004c 895c | 2448 4c8b | 5c24 604c | 895c 2450 | 4c8b 9c24 | 8800 0000 | 4c89 5c24 
  0x00000269e8089228: 584c 8b9c | 2480 0000 | 004c 895c | 2470 4489 | 5424 244c | 8984 2488 | 0000 0090 

  0x00000269e8089244: ;   {runtime_call UncommonTrapBlob}
  0x00000269e8089244: c5f8 77e8 

  0x00000269e8089248: ; ImmutableOopMap {rbp=Oop [64]=Oop [72]=Oop [80]=Oop [88]=Oop [136]=Oop }
                      ;*getfield csu {reexecute=1 rethrow=0 return_oop=0}
                      ; - (reexecute) jdk.internal.loader.URLClassPath$JarLoader$2::getCodeSourceURL@4 (line 846)
                      ; - java.net.URLClassLoader::defineClass@13 (line 487)
                      ; - java.net.URLClassLoader$1::run@43 (line 427)
                      ; - java.net.URLClassLoader$1::run@1 (line 421)
                      ; - java.security.AccessController::executePrivileged@29 (line 809)
                      ; - java.security.AccessController::doPrivileged@13 (line 714)
                      ; - java.net.URLClassLoader::findClass@13 (line 420)
                      ; - java.lang.ClassLoader::loadClass@69 (line 593)
  0x00000269e8089248: 34b1 83ff 

  0x00000269e808924c: ;   {other}
  0x00000269e808924c: 0f1f 8400 | bca4 00c2 | baf6 ffff | ff44 8b44 | 242c 4489 | 4424 204c | 8b54 2440 | 4c89 5424 
  0x00000269e808926c: 304c 8b54 | 2448 4c89 | 5424 384c | 8b54 2458 | 4c89 5424 | 404c 8b94 | 24d8 0000 | 004c 8954 
  0x00000269e808928c: 2448 4c8b | 5424 604c | 8954 2450 | 4c8b 9424 | 8800 0000 | 4c89 5424 | 584c 894c | 2460 4c8b 
  0x00000269e80892ac: 9424 9000 | 0000 4c89 | 5424 704c | 8b94 2480 | 0000 004c | 8954 2478 | 4c89 9c24 | 8000 0000 
  0x00000269e80892cc: 4c89 b424 | 8800 0000 | 4c89 8c24 | 9800 0000 

  0x00000269e80892dc: ;   {runtime_call UncommonTrapBlob}
  0x00000269e80892dc: c5f8 77e8 

  0x00000269e80892e0: ; ImmutableOopMap {[64]=Oop [72]=Oop [80]=Oop [88]=Oop [96]=Oop [112]=Oop [128]=Oop [136]=Oop [152]=Oop [176]=NarrowOop }
                      ;*arraylength {reexecute=0 rethrow=0 return_oop=0}
                      ; - java.lang.String::isEmpty@4 (line 1532)
                      ; - java.lang.ClassLoader::definePackage@1 (line 2120)
                      ; - java.lang.ClassLoader::getDefinedPackage@32 (line 2267)
                      ; - java.net.URLClassLoader::getAndVerifyPackage@2 (line 457)
                      ; - java.net.URLClassLoader::defineClass@46 (line 492)
                      ; - java.net.URLClassLoader$1::run@43 (line 427)
                      ; - java.net.URLClassLoader$1::run@1 (line 421)
                      ; - java.security.AccessController::executePrivileged@29 (line 809)
                      ; - java.security.AccessController::doPrivileged@13 (line 714)
                      ; - java.net.URLClassLoader::findClass@13 (line 420)
                      ; - java.lang.ClassLoader::loadClass@69 (line 593)
  0x00000269e80892e0: 9cb0 83ff 

  0x00000269e80892e4: ;   {other}
  0x00000269e80892e4: 0f1f 8400 | 54a5 00c3 | baf6 ffff | ff44 8b44 | 242c 4489 | 4424 204c | 8b54 2440 | 4c89 5424 
  0x00000269e8089304: 304c 8b54 | 2448 4c89 | 5424 384c | 8b54 2458 | 4c89 5424 | 404c 8b94 | 24d8 0000 | 004c 8954 
  0x00000269e8089324: 2448 4c8b | 5424 604c | 8954 2450 | 4c8b 9424 | 8800 0000 | 4c89 5424 | 584c 894c | 2460 4c8b 
  0x00000269e8089344: 9424 9000 | 0000 4c89 | 5424 704c | 8b94 2480 | 0000 004c | 8954 2478 | 4c89 9c24 | 8000 0000 
  0x00000269e8089364: 4c89 b424 | 8800 0000 | 4c89 8c24 | 9800 0000 

  0x00000269e8089374: ;   {runtime_call UncommonTrapBlob}
  0x00000269e8089374: c5f8 77e8 

  0x00000269e8089378: ; ImmutableOopMap {[64]=Oop [72]=Oop [80]=Oop [88]=Oop [96]=Oop [112]=Oop [128]=Oop [136]=Oop [152]=Oop [176]=NarrowOop }
                      ;*invokevirtual isNamed {reexecute=0 rethrow=0 return_oop=0}
                      ; - java.lang.Package::isSealed@4 (line 235)
                      ; - java.net.URLClassLoader::getAndVerifyPackage@14 (line 460)
                      ; - java.net.URLClassLoader::defineClass@46 (line 492)
                      ; - java.net.URLClassLoader$1::run@43 (line 427)
                      ; - java.net.URLClassLoader$1::run@1 (line 421)
                      ; - java.security.AccessController::executePrivileged@29 (line 809)
                      ; - java.security.AccessController::doPrivileged@13 (line 714)
                      ; - java.net.URLClassLoader::findClass@13 (line 420)
                      ; - java.lang.ClassLoader::loadClass@69 (line 593)
  0x00000269e8089378: 04b0 83ff 

  0x00000269e808937c: ;   {other}
  0x00000269e808937c: 0f1f 8400 | eca5 00c4 | baf6 ffff | ff44 8b44 | 242c 4489 | 4424 204c | 8b54 2440 | 4c89 5424 
  0x00000269e808939c: 304c 8b54 | 2448 4c89 | 5424 384c | 8b54 2458 | 4c89 5424 | 404c 8b94 | 24d8 0000 | 004c 8954 
  0x00000269e80893bc: 2448 4c8b | 5424 604c | 8954 2450 | 4c8b 9424 | 8800 0000 | 4c89 5424 | 584c 894c | 2460 4c8b 
  0x00000269e80893dc: 9424 9000 | 0000 4c89 | 5424 704c | 8b94 2480 | 0000 004c | 8954 2478 | 4c89 9c24 | 8000 0000 
  0x00000269e80893fc: 4c89 b424 | 8800 0000 | 4c89 8c24 | 9800 0000 

  0x00000269e808940c: ;   {runtime_call UncommonTrapBlob}
  0x00000269e808940c: c5f8 77e8 

  0x00000269e8089410: ; ImmutableOopMap {[64]=Oop [72]=Oop [80]=Oop [88]=Oop [96]=Oop [112]=Oop [128]=Oop [136]=Oop [152]=Oop [176]=NarrowOop }
                      ;*getfield sealBase {reexecute=1 rethrow=0 return_oop=0}
                      ; - (reexecute) java.lang.Package::isSealed@14 (line 235)
                      ; - java.net.URLClassLoader::getAndVerifyPackage@14 (line 460)
                      ; - java.net.URLClassLoader::defineClass@46 (line 492)
                      ; - java.net.URLClassLoader$1::run@43 (line 427)
                      ; - java.net.URLClassLoader$1::run@1 (line 421)
                      ; - java.security.AccessController::executePrivileged@29 (line 809)
                      ; - java.security.AccessController::doPrivileged@13 (line 714)
                      ; - java.net.URLClassLoader::findClass@13 (line 420)
                      ; - java.lang.ClassLoader::loadClass@69 (line 593)
  0x00000269e8089410: 6caf 83ff 

  0x00000269e8089414: ;   {other}
  0x00000269e8089414: 0f1f 8400 | 84a6 00c5 | baf6 ffff | ff44 8b44 | 242c 4489 | 4424 204c | 8b54 2440 | 4c89 5424 
  0x00000269e8089434: 304c 8b54 | 2448 4c89 | 5424 384c | 8b54 2458 | 4c89 5424 | 404c 8b94 | 24d8 0000 | 004c 8954 
  0x00000269e8089454: 2448 4c8b | 5424 604c | 8954 2450 | 4c8b 9424 | 8800 0000 | 4c89 5424 | 584c 894c | 2460 4c8b 
  0x00000269e8089474: 9424 9000 | 0000 4c89 | 5424 704c | 8b94 2480 | 0000 004c | 8954 2478 | 4c89 9c24 | 8000 0000 
  0x00000269e8089494: 4c89 b424 | 8800 0000 | 4c89 8c24 | 9800 0000 

  0x00000269e80894a4: ;   {runtime_call UncommonTrapBlob}
  0x00000269e80894a4: c5f8 77e8 

  0x00000269e80894a8: ; ImmutableOopMap {[64]=Oop [72]=Oop [80]=Oop [88]=Oop [96]=Oop [112]=Oop [128]=Oop [136]=Oop [152]=Oop [176]=NarrowOop }
                      ;*arraylength {reexecute=0 rethrow=0 return_oop=0}
                      ; - java.lang.StringLatin1::replace@8 (line 295)
                      ; - java.lang.String::replace@18 (line 2933)
                      ; - java.net.URLClassLoader::isSealed@9 (line 601)
                      ; - java.net.URLClassLoader::getAndVerifyPackage@68 (line 469)
                      ; - java.net.URLClassLoader::defineClass@46 (line 492)
                      ; - java.net.URLClassLoader$1::run@43 (line 427)
                      ; - java.net.URLClassLoader$1::run@1 (line 421)
                      ; - java.security.AccessController::executePrivileged@29 (line 809)
                      ; - java.security.AccessController::doPrivileged@13 (line 714)
                      ; - java.net.URLClassLoader::findClass@13 (line 420)
                      ; - java.lang.ClassLoader::loadClass@69 (line 593)
  0x00000269e80894a8: d4ae 83ff 

  0x00000269e80894ac: ;   {other}
  0x00000269e80894ac: 0f1f 8400 | 1ca7 00c6 | baf6 ffff | ff44 8b54 | 242c 4489 | 5424 204c | 8b54 2440 | 4c89 5424 
  0x00000269e80894cc: 304c 8b54 | 2448 4c89 | 5424 384c | 8b54 2458 | 4c89 5424 | 404c 8b94 | 24d8 0000 | 004c 8954 
  0x00000269e80894ec: 2448 4c8b | 5424 604c | 8954 2450 | 4c8b 9424 | 8800 0000 | 4c89 5424 | 584c 894c | 2460 4c8b 
  0x00000269e808950c: 9424 9000 | 0000 4c89 | 5424 704c | 8b94 2480 | 0000 004c | 8954 2478 | 4c89 9c24 | 8000 0000 
  0x00000269e808952c: 4c89 b424 | 8800 0000 | 4c89 8c24 | 9800 0000 | 4889 8424 | a000 0000 

  0x00000269e8089544: ;   {runtime_call UncommonTrapBlob}
  0x00000269e8089544: c5f8 77e8 

  0x00000269e8089548: ; ImmutableOopMap {[64]=Oop [72]=Oop [80]=Oop [88]=Oop [96]=Oop [112]=Oop [128]=Oop [136]=Oop [152]=Oop [160]=Oop [176]=NarrowOop }
                      ;*invokeinterface get {reexecute=0 rethrow=0 return_oop=0}
                      ; - java.util.jar.Manifest::getAttributes@5 (line 160)
                      ; - java.util.jar.Manifest::getTrustedAttributes@2 (line 177)
                      ; - java.util.jar.JavaUtilJarAccessImpl::getTrustedAttributes@2 (line 38)
                      ; - java.net.URLClassLoader::isSealed@18 (line 601)
                      ; - java.net.URLClassLoader::getAndVerifyPackage@68 (line 469)
                      ; - java.net.URLClassLoader::defineClass@46 (line 492)
                      ; - java.net.URLClassLoader$1::run@43 (line 427)
                      ; - java.net.URLClassLoader$1::run@1 (line 421)
                      ; - java.security.AccessController::executePrivileged@29 (line 809)
                      ; - java.security.AccessController::doPrivileged@13 (line 714)
                      ; - java.net.URLClassLoader::findClass@13 (line 420)
                      ; - java.lang.ClassLoader::loadClass@69 (line 593)
  0x00000269e8089548: 34ae 83ff 

  0x00000269e808954c: ;   {other}
  0x00000269e808954c: 0f1f 8400 | bca7 00c7 | baf6 ffff | ff44 8b54 | 242c 4489 | 5424 204c | 8b54 2440 | 4c89 5424 
  0x00000269e808956c: 304c 8b54 | 2448 4c89 | 5424 384c | 8b54 2458 | 4c89 5424 | 404c 8b94 | 24d8 0000 | 004c 8954 
  0x00000269e808958c: 2448 4c8b | 5424 604c | 8954 2450 | 4c8b 9424 | 8800 0000 | 4c89 5424 | 584c 894c | 2460 4c8b 
  0x00000269e80895ac: 9424 9000 | 0000 4c89 | 5424 704c | 8b94 2480 | 0000 004c | 8954 2478 | 4c89 9c24 | 8000 0000 
  0x00000269e80895cc: 4c89 b424 | 8800 0000 | 4c89 8c24 | 9800 0000 

  0x00000269e80895dc: ;   {runtime_call UncommonTrapBlob}
  0x00000269e80895dc: c5f8 77e8 

  0x00000269e80895e0: ; ImmutableOopMap {[64]=Oop [72]=Oop [80]=Oop [88]=Oop [96]=Oop [112]=Oop [128]=Oop [136]=Oop [152]=Oop [176]=NarrowOop }
                      ;*invokeinterface get {reexecute=0 rethrow=0 return_oop=0}
                      ; - java.util.jar.Attributes::get@5 (line 106)
                      ; - java.util.jar.Attributes::getValue@2 (line 142)
                      ; - java.net.URLClassLoader::isSealed@58 (line 608)
                      ; - java.net.URLClassLoader::getAndVerifyPackage@68 (line 469)
                      ; - java.net.URLClassLoader::defineClass@46 (line 492)
                      ; - java.net.URLClassLoader$1::run@43 (line 427)
                      ; - java.net.URLClassLoader$1::run@1 (line 421)
                      ; - java.security.AccessController::executePrivileged@29 (line 809)
                      ; - java.security.AccessController::doPrivileged@13 (line 714)
                      ; - java.net.URLClassLoader::findClass@13 (line 420)
                      ; - java.lang.ClassLoader::loadClass@69 (line 593)
  0x00000269e80895e0: 9cad 83ff 

  0x00000269e80895e4: ;   {other}
  0x00000269e80895e4: 0f1f 8400 | 54a8 00c8 | ba45 ffff | ff48 8bac | 24e0 0000 | 0044 8b5c | 242c 4489 | 5c24 204c 
  0x00000269e8089604: 8b5c 2440 | 4c89 5c24 | 304c 8b5c | 2448 4c89 | 5c24 384c | 8b5c 2458 | 4c89 5c24 | 404c 8b9c 
  0x00000269e8089624: 24d8 0000 | 004c 895c | 2448 4c8b | 5c24 604c | 895c 2450 | 4c8b 9c24 | 8800 0000 | 4c89 5c24 
  0x00000269e8089644: 584c 8b9c | 2490 0000 | 004c 895c | 2470 4c8b | 9c24 8000 | 0000 4c89 | 5c24 7844 | 8994 24a4 
  0x00000269e8089664: 0000 0090 

  0x00000269e8089668: ;   {runtime_call UncommonTrapBlob}
  0x00000269e8089668: c5f8 77e8 

  0x00000269e808966c: ; ImmutableOopMap {rbp=Oop [64]=Oop [72]=Oop [80]=Oop [88]=Oop [112]=Oop [164]=NarrowOop [176]=NarrowOop [248]=Oop }
                      ;*ifnonnull {reexecute=1 rethrow=0 return_oop=0}
                      ; - (reexecute) jdk.internal.access.SharedSecrets::javaUtilJarAccess@5 (line 139)
                      ; - jdk.internal.loader.URLClassPath$JarLoader$2::getManifest@0 (line 852)
                      ; - java.net.URLClassLoader::defineClass@34 (line 491)
                      ; - java.net.URLClassLoader$1::run@43 (line 427)
                      ; - java.net.URLClassLoader$1::run@1 (line 421)
                      ; - java.security.AccessController::executePrivileged@29 (line 809)
                      ; - java.security.AccessController::doPrivileged@13 (line 714)
                      ; - java.net.URLClassLoader::findClass@13 (line 420)
                      ; - java.lang.ClassLoader::loadClass@69 (line 593)
  0x00000269e808966c: 10ad 83ff 

  0x00000269e8089670: ;   {other}
  0x00000269e8089670: 0f1f 8400 | e0a8 00c9 | ba45 ffff | ff4c 8b94 | 24e0 0000 | 004c 8954 | 2420 448b | 5424 2c44 
  0x00000269e8089690: 8954 2428 | 4c8b 5424 | 404c 8954 | 2438 4c8b | 5424 484c | 8954 2440 | 4c8b 5424 | 584c 8954 
  0x00000269e80896b0: 2448 4c8b | 9424 d800 | 0000 4c89 | 5424 504c | 8b54 2460 | 4c89 5424 | 584c 8b94 | 2488 0000 
  0x00000269e80896d0: 004c 8954 | 2460 4c8b | 9424 9000 | 0000 4c89 | 5424 784c | 8984 24a0 | 0000 0090 

  0x00000269e80896ec: ;   {runtime_call UncommonTrapBlob}
  0x00000269e80896ec: c5f8 77e8 

  0x00000269e80896f0: ; ImmutableOopMap {rbp=NarrowOop [32]=Oop [72]=Oop [80]=Oop [88]=Oop [96]=Oop [120]=Oop [160]=Oop [176]=NarrowOop [248]=Oop }
                      ;*ifnull {reexecute=1 rethrow=0 return_oop=0}
                      ; - (reexecute) java.lang.ref.SoftReference::get@6 (line 114)
                      ; - java.util.jar.JarFile::getManifestFromReference@11 (line 409)
                      ; - java.util.jar.JarFile::getManifest@1 (line 405)
                      ; - jdk.internal.loader.URLClassPath$JarLoader$2::getManifest@22 (line 853)
                      ; - java.net.URLClassLoader::defineClass@34 (line 491)
                      ; - java.net.URLClassLoader$1::run@43 (line 427)
                      ; - java.net.URLClassLoader$1::run@1 (line 421)
                      ; - java.security.AccessController::executePrivileged@29 (line 809)
                      ; - java.security.AccessController::doPrivileged@13 (line 714)
                      ; - java.net.URLClassLoader::findClass@13 (line 420)
                      ; - java.lang.ClassLoader::loadClass@69 (line 593)
  0x00000269e80896f0: 8cac 83ff 

  0x00000269e80896f4: ;   {other}
  0x00000269e80896f4: 0f1f 8400 | 64a9 00ca | baf4 ffff | ff44 8b5c | 242c 4489 | 5c24 204c | 8b54 2440 | 4c89 5424 
  0x00000269e8089714: 304c 8b54 | 2448 4c89 | 5424 384c | 8b54 2458 | 4c89 5424 | 404c 8b54 | 2468 4c89 | 5424 484c 
  0x00000269e8089734: 8b54 2460 | 4c89 5424 | 504c 8b94 | 2488 0000 | 004c 8954 | 2458 4c8b | 9424 9000 | 0000 4c89 
  0x00000269e8089754: 5424 704c | 8b94 2480 | 0000 004c | 8954 2478 | 448b 9c24 | b000 0000 | 4489 9c24 | a800 0000 
  0x00000269e8089774: ;   {runtime_call UncommonTrapBlob}
  0x00000269e8089774: c5f8 77e8 

  0x00000269e8089778: ; ImmutableOopMap {rbp=Oop [64]=Oop [72]=Oop [80]=Oop [88]=Oop [112]=Oop [152]=Oop [160]=Oop [168]=NarrowOop }
                      ;*checkcast {reexecute=0 rethrow=0 return_oop=0}
                      ; - java.lang.ClassLoader::definePackage@81 (line 2129)
                      ; - java.lang.ClassLoader::getDefinedPackage@32 (line 2267)
                      ; - java.net.URLClassLoader::getAndVerifyPackage@2 (line 457)
                      ; - java.net.URLClassLoader::defineClass@46 (line 492)
                      ; - java.net.URLClassLoader$1::run@43 (line 427)
                      ; - java.net.URLClassLoader$1::run@1 (line 421)
                      ; - java.security.AccessController::executePrivileged@29 (line 809)
                      ; - java.security.AccessController::doPrivileged@13 (line 714)
                      ; - java.net.URLClassLoader::findClass@13 (line 420)
                      ; - java.lang.ClassLoader::loadClass@69 (line 593)
  0x00000269e8089778: 04ac 83ff 

  0x00000269e808977c: ;   {other}
  0x00000269e808977c: 0f1f 8400 | eca9 00cb | ba45 ffff | ff8b 4c24 | 2c89 4c24 | 2048 8b4c | 2440 4889 | 4c24 3048 
  0x00000269e808979c: 8b4c 2448 | 4889 4c24 | 3848 8b4c | 2458 4889 | 4c24 4048 | 8b8c 24d8 | 0000 0048 | 894c 2448 
  0x00000269e80897bc: 488b 4c24 | 6048 894c | 2450 488b | 8c24 8800 | 0000 4889 | 4c24 584c | 894c 2460 | 488b 8c24 
  0x00000269e80897dc: 9000 0000 | 4889 4c24 | 7048 8b8c | 2480 0000 | 0048 894c | 2478 8b9c | 24b0 0000 | 0089 5c24 
  0x00000269e80897fc: 244c 899c | 2490 0000 | 004c 8994 | 2498 0000 | 004c 899c | 24a0 0000 | 004c 89b4 | 24a8 0000 
  0x00000269e808981c: 004c 898c | 24b8 0000 | 0044 8984 | 24c4 0000 | 0066 6690 

  0x00000269e8089830: ;   {runtime_call UncommonTrapBlob}
  0x00000269e8089830: c5f8 77e8 

  0x00000269e8089834: ; ImmutableOopMap {[36]=NarrowOop [64]=Oop [72]=Oop [80]=Oop [88]=Oop [96]=Oop [112]=Oop [144]=Oop [152]=Oop [160]=Oop [168]=Oop [184]=Oop [196]=NarrowOop }
                      ;*ifnonnull {reexecute=1 rethrow=0 return_oop=0}
                      ; - (reexecute) jdk.internal.access.SharedSecrets::javaUtilJarAccess@5 (line 139)
                      ; - java.net.URLClassLoader::isSealed@0 (line 600)
                      ; - java.net.URLClassLoader::getAndVerifyPackage@68 (line 469)
                      ; - java.net.URLClassLoader::defineClass@46 (line 492)
                      ; - java.net.URLClassLoader$1::run@43 (line 427)
                      ; - java.net.URLClassLoader$1::run@1 (line 421)
                      ; - java.security.AccessController::executePrivileged@29 (line 809)
                      ; - java.security.AccessController::doPrivileged@13 (line 714)
                      ; - java.net.URLClassLoader::findClass@13 (line 420)
                      ; - java.lang.ClassLoader::loadClass@69 (line 593)
  0x00000269e8089834: 48ab 83ff 

  0x00000269e8089838: ;   {other}
  0x00000269e8089838: 0f1f 8400 | a8aa 00cc | ba45 ffff | ff8b 5c24 | 2c89 5c24 | 204c 8b44 | 2440 4c89 | 4424 304c 
  0x00000269e8089858: 8b44 2448 | 4c89 4424 | 384c 8b44 | 2458 4c89 | 4424 404c | 8b84 24d8 | 0000 004c | 8944 2448 
  0x00000269e8089878: 4c8b 4424 | 604c 8944 | 2450 4c8b | 8424 8800 | 0000 4c89 | 4424 584c | 894c 2460 | 4c8b 8424 
  0x00000269e8089898: 9000 0000 | 4c89 4424 | 704c 8b84 | 2480 0000 | 004c 8944 | 2478 8b9c | 24b0 0000 | 0089 5c24 
  0x00000269e80898b8: 244c 89b4 | 2488 0000 | 004c 899c | 2490 0000 | 004c 8994 | 2498 0000 | 004c 898c | 24a8 0000 
  0x00000269e80898d8: 0089 8c24 | b400 0000 

  0x00000269e80898e0: ;   {runtime_call UncommonTrapBlob}
  0x00000269e80898e0: c5f8 77e8 

  0x00000269e80898e4: ; ImmutableOopMap {[36]=NarrowOop [64]=Oop [72]=Oop [80]=Oop [88]=Oop [96]=Oop [112]=Oop [136]=Oop [144]=Oop [152]=Oop [168]=Oop [180]=NarrowOop }
                      ;*ifnull {reexecute=1 rethrow=0 return_oop=0}
                      ; - (reexecute) java.net.URLClassLoader::isSealed@51 (line 607)
                      ; - java.net.URLClassLoader::getAndVerifyPackage@68 (line 469)
                      ; - java.net.URLClassLoader::defineClass@46 (line 492)
                      ; - java.net.URLClassLoader$1::run@43 (line 427)
                      ; - java.net.URLClassLoader$1::run@1 (line 421)
                      ; - java.security.AccessController::executePrivileged@29 (line 809)
                      ; - java.security.AccessController::doPrivileged@13 (line 714)
                      ; - java.net.URLClassLoader::findClass@13 (line 420)
                      ; - java.lang.ClassLoader::loadClass@69 (line 593)
  0x00000269e80898e4: 98aa 83ff 

  0x00000269e80898e8: ;   {other}
  0x00000269e80898e8: 0f1f 8400 | 58ab 00cd | baf6 ffff | ff44 8b54 | 242c 4489 | 5424 204c | 8b54 2440 | 4c89 5424 
  0x00000269e8089908: 304c 8b54 | 2448 4c89 | 5424 384c | 8b54 2458 | 4c89 5424 | 404c 8b94 | 24d8 0000 | 004c 8954 
  0x00000269e8089928: 2448 4c8b | 5424 604c | 8954 2450 | 4c8b 9424 | 8800 0000 | 4c89 5424 | 584c 894c | 2460 4c8b 
  0x00000269e8089948: 9424 9000 | 0000 4c89 | 5424 704c | 8b94 2480 | 0000 004c | 8954 2478 | 4c89 9c24 | 8000 0000 
  0x00000269e8089968: 4c89 b424 | 8800 0000 | 4c89 8c24 | 9800 0000 

  0x00000269e8089978: ;   {runtime_call UncommonTrapBlob}
  0x00000269e8089978: c5f8 77e8 

  0x00000269e808997c: ; ImmutableOopMap {[64]=Oop [72]=Oop [80]=Oop [88]=Oop [96]=Oop [112]=Oop [128]=Oop [136]=Oop [152]=Oop [176]=NarrowOop }
                      ;*arraylength {reexecute=0 rethrow=0 return_oop=0}
                      ; - java.lang.String::length@4 (line 1519)
                      ; - java.lang.String::equalsIgnoreCase@14 (line 1992)
                      ; - java.net.URLClassLoader::isSealed@68 (line 611)
                      ; - java.net.URLClassLoader::getAndVerifyPackage@68 (line 469)
                      ; - java.net.URLClassLoader::defineClass@46 (line 492)
                      ; - java.net.URLClassLoader$1::run@43 (line 427)
                      ; - java.net.URLClassLoader$1::run@1 (line 421)
                      ; - java.security.AccessController::executePrivileged@29 (line 809)
                      ; - java.security.AccessController::doPrivileged@13 (line 714)
                      ; - java.net.URLClassLoader::findClass@13 (line 420)
                      ; - java.lang.ClassLoader::loadClass@69 (line 593)
  0x00000269e808997c: 00aa 83ff 

  0x00000269e8089980: ;   {other}
  0x00000269e8089980: 0f1f 8400 | f0ab 00ce | ba45 ffff | ff8b 5c24 | 2c89 5c24 | 2848 8b4c | 2440 4889 | 4c24 3848 
  0x00000269e80899a0: 8b4c 2448 | 4889 4c24 | 4048 8b4c | 2458 4889 | 4c24 4848 | 8b8c 24d8 | 0000 0048 | 894c 2450 
  0x00000269e80899c0: 488b 4c24 | 6048 894c | 2458 488b | 8c24 8800 | 0000 4889 | 4c24 604c | 894c 2468 | 488b 8c24 
  0x00000269e80899e0: 9000 0000 | 4889 4c24 | 784c 898c | 2498 0000 | 004c 899c | 24a0 0000 | 004c 89b4 | 24a8 0000 
  0x00000269e8089a00: 004c 899c | 24c0 0000 | 0044 8984 | 24b4 0000 | 0044 8994 | 24e0 0000 | 0066 6690 

  0x00000269e8089a1c: ;   {runtime_call UncommonTrapBlob}
  0x00000269e8089a1c: c5f8 77e8 

  0x00000269e8089a20: ; ImmutableOopMap {rbp=NarrowOop [72]=Oop [80]=Oop [88]=Oop [96]=Oop [104]=Oop [120]=Oop [152]=Oop [160]=Oop [168]=Oop [176]=NarrowOop [180]=NarrowOop [192]=Oop }
                      ;*ifnull {reexecute=1 rethrow=0 return_oop=0}
                      ; - (reexecute) java.util.concurrent.ConcurrentHashMap::get@67 (line 940)
                      ; - java.lang.ClassLoader::getDefinedPackage@13 (line 2263)
                      ; - java.net.URLClassLoader::getAndVerifyPackage@2 (line 457)
                      ; - java.net.URLClassLoader::defineClass@46 (line 492)
                      ; - java.net.URLClassLoader$1::run@43 (line 427)
                      ; - java.net.URLClassLoader$1::run@1 (line 421)
                      ; - java.security.AccessController::executePrivileged@29 (line 809)
                      ; - java.security.AccessController::doPrivileged@13 (line 714)
                      ; - java.net.URLClassLoader::findClass@13 (line 420)
                      ; - java.lang.ClassLoader::loadClass@69 (line 593)
  0x00000269e8089a20: 5ca9 83ff 

  0x00000269e8089a24: ;   {other}
  0x00000269e8089a24: 0f1f 8400 | 94ac 00cf | ba45 ffff | ff8b 7c24 | 2c89 7c24 | 2848 8b5c | 2440 4889 | 5c24 3848 
  0x00000269e8089a44: 8b5c 2448 | 4889 5c24 | 4048 8b5c | 2458 4889 | 5c24 4848 | 8b9c 24d8 | 0000 0048 | 895c 2450 
  0x00000269e8089a64: 488b 5c24 | 6048 895c | 2458 488b | 9c24 8800 | 0000 4889 | 5c24 604c | 894c 2468 | 488b 9c24 
  0x00000269e8089a84: 9000 0000 | 4889 5c24 | 784c 898c | 2498 0000 | 004c 899c | 24a0 0000 | 004c 89b4 | 24a8 0000 
  0x00000269e8089aa4: 004c 899c | 24c0 0000 | 0044 8994 | 24b4 0000 | 0089 8c24 | e000 0000 | 4489 8424 | e400 0000 
  0x00000269e8089ac4: ;   {runtime_call UncommonTrapBlob}
  0x00000269e8089ac4: c5f8 77e8 

  0x00000269e8089ac8: ; ImmutableOopMap {rbp=NarrowOop [72]=Oop [80]=Oop [88]=Oop [96]=Oop [104]=Oop [120]=Oop [152]=Oop [160]=Oop [168]=Oop [176]=NarrowOop [180]=NarrowOop [192]=Oop [224]=NarrowOop }
                      ;*ifnull {reexecute=1 rethrow=0 return_oop=0}
                      ; - (reexecute) java.util.concurrent.ConcurrentHashMap::get@67 (line 940)
                      ; - java.lang.ClassLoader::definePackage@47 (line 2125)
                      ; - java.lang.ClassLoader::getDefinedPackage@32 (line 2267)
                      ; - java.net.URLClassLoader::getAndVerifyPackage@2 (line 457)
                      ; - java.net.URLClassLoader::defineClass@46 (line 492)
                      ; - java.net.URLClassLoader$1::run@43 (line 427)
                      ; - java.net.URLClassLoader$1::run@1 (line 421)
                      ; - java.security.AccessController::executePrivileged@29 (line 809)
                      ; - java.security.AccessController::doPrivileged@13 (line 714)
                      ; - java.net.URLClassLoader::findClass@13 (line 420)
                      ; - java.lang.ClassLoader::loadClass@69 (line 593)
  0x00000269e8089ac8: b4a8 83ff 

  0x00000269e8089acc: ;   {other}
  0x00000269e8089acc: 0f1f 8400 | 3cad 00d0 | baf6 ffff | ff48 8bac | 24e0 0000 | 0044 8b54 | 242c 4489 | 5424 204c 
  0x00000269e8089aec: 8b54 2440 | 4c89 5424 | 304c 8b54 | 2448 4c89 | 5424 384c | 8b54 2458 | 4c89 5424 | 404c 8b54 
  0x00000269e8089b0c: 2470 4c89 | 5424 484c | 8b54 2460 | 4c89 5424 | 504c 8b94 | 2488 0000 | 004c 8954 | 2458 4c8b 
  0x00000269e8089b2c: 5424 784c | 8954 2470 | 4c8b 9424 | 8000 0000 | 4c89 5424 | 7844 8b9c | 2490 0000 | 0044 895c 
  0x00000269e8089b4c: 2424 6690 

  0x00000269e8089b50: ;   {runtime_call UncommonTrapBlob}
  0x00000269e8089b50: c5f8 77e8 

  0x00000269e8089b54: ; ImmutableOopMap {rbp=Oop [36]=NarrowOop [64]=Oop [72]=Oop [80]=Oop [88]=Oop [112]=Oop [152]=Oop [168]=Oop [176]=NarrowOop [184]=Oop [248]=Oop }
                      ;*arraylength {reexecute=0 rethrow=0 return_oop=0}
                      ; - java.io.ByteArrayInputStream::<init>@21 (line 109)
                      ; - java.util.jar.JarFile::getManifestFromReference@114 (line 429)
                      ; - java.util.jar.JarFile::getManifest@1 (line 405)
                      ; - jdk.internal.loader.URLClassPath$JarLoader$2::getManifest@22 (line 853)
                      ; - java.net.URLClassLoader::defineClass@34 (line 491)
                      ; - java.net.URLClassLoader$1::run@43 (line 427)
                      ; - java.net.URLClassLoader$1::run@1 (line 421)
                      ; - java.security.AccessController::executePrivileged@29 (line 809)
                      ; - java.security.AccessController::doPrivileged@13 (line 714)
                      ; - java.net.URLClassLoader::findClass@13 (line 420)
                      ; - java.lang.ClassLoader::loadClass@69 (line 593)
  0x00000269e8089b54: 28a8 83ff 

  0x00000269e8089b58: ;   {other}
  0x00000269e8089b58: 0f1f 8400 | c8ad 00d1 | ba45 ffff | ff48 8b6c | 2468 448b | 4c24 2c44 | 894c 2420 | 4c8b 5c24 
  0x00000269e8089b78: 404c 895c | 2430 4c8b | 5c24 484c | 895c 2438 | 4c8b 5c24 | 584c 895c | 2440 4c8b | 9c24 a000 
  0x00000269e8089b98: 0000 4c89 | 5c24 484c | 8b5c 2460 | 4c89 5c24 | 504c 8b9c | 2488 0000 | 004c 895c | 2458 4c8b 
  0x00000269e8089bb8: 5c24 784c | 895c 2470 | 4c8b 9c24 | 8000 0000 | 4c89 5c24 | 7844 8b8c | 2490 0000 | 0044 894c 
  0x00000269e8089bd8: 2424 4c89 | 9424 a000 | 0000 4c89 | 8424 b000 | 0000 6690 

  0x00000269e8089bec: ;   {runtime_call UncommonTrapBlob}
  0x00000269e8089bec: c5f8 77e8 

  0x00000269e8089bf0: ; ImmutableOopMap {rbp=Oop [36]=NarrowOop [64]=Oop [72]=Oop [80]=Oop [88]=Oop [112]=Oop [152]=Oop [160]=Oop [176]=Oop [248]=Oop }
                      ;*ifnull {reexecute=1 rethrow=0 return_oop=0}
                      ; - (reexecute) java.util.jar.JarFile::getManifestFromReference@148 (line 433)
                      ; - java.util.jar.JarFile::getManifest@1 (line 405)
                      ; - jdk.internal.loader.URLClassPath$JarLoader$2::getManifest@22 (line 853)
                      ; - java.net.URLClassLoader::defineClass@34 (line 491)
                      ; - java.net.URLClassLoader$1::run@43 (line 427)
                      ; - java.net.URLClassLoader$1::run@1 (line 421)
                      ; - java.security.AccessController::executePrivileged@29 (line 809)
                      ; - java.security.AccessController::doPrivileged@13 (line 714)
                      ; - java.net.URLClassLoader::findClass@13 (line 420)
                      ; - java.lang.ClassLoader::loadClass@69 (line 593)
  0x00000269e8089bf0: 8ca7 83ff 

  0x00000269e8089bf4: ;   {other}
  0x00000269e8089bf4: 0f1f 8400 | 64ae 00d2 | eb00 488b | e8e9 d279 | ffff baf6 | ffff ff48 | 8bac 24e0 | 0000 0044 
  0x00000269e8089c14: 8b4c 242c | 4489 4c24 | 204c 8b5c | 2440 4c89 | 5c24 304c | 8b5c 2448 | 4c89 5c24 | 384c 8b5c 
  0x00000269e8089c34: 2458 4c89 | 5c24 404c | 8b9c 24d8 | 0000 004c | 895c 2448 | 4c8b 5c24 | 604c 895c | 2450 4c8b 
  0x00000269e8089c54: 9c24 8800 | 0000 4c89 | 5c24 584c | 8b9c 2480 | 0000 004c | 895c 2470 | 4489 5424 | 244c 8984 
  0x00000269e8089c74: 2488 0000 | 0066 6690 

  0x00000269e8089c7c: ;   {runtime_call UncommonTrapBlob}
  0x00000269e8089c7c: c5f8 77e8 

  0x00000269e8089c80: ; ImmutableOopMap {rbp=Oop [64]=Oop [72]=Oop [80]=Oop [88]=Oop [136]=Oop }
                      ;*invokevirtual getBaseURL {reexecute=0 rethrow=0 return_oop=0}
                      ; - jdk.internal.loader.URLClassPath$FileLoader$1::getCodeSourceURL@4 (line 1117)
                      ; - java.net.URLClassLoader::defineClass@13 (line 487)
                      ; - java.net.URLClassLoader$1::run@43 (line 427)
                      ; - java.net.URLClassLoader$1::run@1 (line 421)
                      ; - java.security.AccessController::executePrivileged@29 (line 809)
                      ; - java.security.AccessController::doPrivileged@13 (line 714)
                      ; - java.net.URLClassLoader::findClass@13 (line 420)
                      ; - java.lang.ClassLoader::loadClass@69 (line 593)
  0x00000269e8089c80: fca6 83ff 

  0x00000269e8089c84: ;   {other}
  0x00000269e8089c84: 0f1f 8400 | f4ae 00d3 | ba97 ffff | ff48 8b6c | 2470 448b | 5c24 2c44 | 895c 2420 | 4c8b 5424 
  0x00000269e8089ca4: 404c 8954 | 2430 4c8b | 5424 484c | 8954 2438 | 4c8b 5424 | 584c 8954 | 2440 4c8b | 9424 a000 
  0x00000269e8089cc4: 0000 4c89 | 5424 484c | 8b54 2460 | 4c89 5424 | 504c 8b94 | 2488 0000 | 004c 8954 | 2458 4c8b 
  0x00000269e8089ce4: 9424 8000 | 0000 4c89 | 5424 7844 | 8b9c 2490 | 0000 0044 | 899c 2480 | 0000 0090 

  0x00000269e8089d00: ;   {runtime_call UncommonTrapBlob}
  0x00000269e8089d00: c5f8 77e8 

  0x00000269e8089d04: ; ImmutableOopMap {rbp=Oop [64]=Oop [72]=Oop [80]=Oop [88]=Oop [128]=NarrowOop [152]=Oop [176]=NarrowOop }
                      ;*invokevirtual clone {reexecute=1 rethrow=0 return_oop=0}
                      ; - (reexecute) java.util.Arrays::copyOfRange@18 (line 3856)
                      ; - java.lang.StringLatin1::newString@16 (line 752)
                      ; - java.lang.String::substring@41 (line 2839)
                      ; - java.net.URLClassLoader::defineClass@28 (line 489)
                      ; - java.net.URLClassLoader$1::run@43 (line 427)
                      ; - java.net.URLClassLoader$1::run@1 (line 421)
                      ; - java.security.AccessController::executePrivileged@29 (line 809)
                      ; - java.security.AccessController::doPrivileged@13 (line 714)
                      ; - java.net.URLClassLoader::findClass@13 (line 420)
                      ; - java.lang.ClassLoader::loadClass@69 (line 593)
  0x00000269e8089d04: 78a6 83ff 

  0x00000269e8089d08: ;   {other}
  0x00000269e8089d08: 0f1f 8400 | 78af 00d4 | baf4 ffff | ff44 8b5c | 242c 4489 | 5c24 204c | 8b54 2440 | 4c89 5424 
  0x00000269e8089d28: 3066 6690 

  0x00000269e8089d2c: ;   {runtime_call UncommonTrapBlob}
  0x00000269e8089d2c: c5f8 77e8 

  0x00000269e8089d30: ; ImmutableOopMap {[88]=Oop [224]=Oop }
                      ;*checkcast {reexecute=0 rethrow=0 return_oop=0}
                      ; - java.net.URLClassLoader::findClass@28 (line 442)
                      ; - java.lang.ClassLoader::loadClass@69 (line 593)
  0x00000269e8089d30: 4ca6 83ff 

  0x00000269e8089d34: ;   {other}
  0x00000269e8089d34: 0f1f 8400 | a4af 00d5 | 4c8b d090 | e96c 0600 | 0048 8bd8 | e98f 0200 | 0048 8bd8 | e987 0200 
  0x00000269e8089d54: 004c 8bd0 | e924 0100 | 004c 8bd0 | e9fa 0600 | 0048 8bd8 | e96f 0200 | 0048 8b6c | 2478 4c8b 
  0x00000269e8089d74: 9c24 8000 | 0000 4c89 | 5c24 2044 | 8b84 2490 | 0000 0044 | 8944 2428 | 488b 9424 | b000 0000 
  0x00000269e8089d94: 4c8b c04c | 8b94 24e0 | 0000 004c | 8954 2438 | 4c8b 9424 | d800 0000 | 4c89 5424 | 7066 6690 
  0x00000269e8089db4: ;   {optimized virtual_call}
  0x00000269e8089db4: c5f8 77e8 

  0x00000269e8089db8: ; ImmutableOopMap {rbp=Oop [40]=NarrowOop [56]=Oop [88]=Oop [96]=Oop [112]=Oop [136]=Oop [176]=Oop [216]=Oop [224]=Oop [248]=Oop }
                      ;*invokevirtual addSuppressed {reexecute=0 rethrow=0 return_oop=0}
                      ; - java.util.jar.JarFile::getManifestFromReference@177 (line 431)
                      ; - java.util.jar.JarFile::getManifest@1 (line 405)
                      ; - jdk.internal.loader.URLClassPath$JarLoader$2::getManifest@22 (line 853)
                      ; - java.net.URLClassLoader::defineClass@34 (line 491)
                      ; - java.net.URLClassLoader$1::run@43 (line 427)
                      ; - java.net.URLClassLoader$1::run@1 (line 421)
                      ; - java.security.AccessController::executePrivileged@29 (line 809)
                      ; - java.security.AccessController::doPrivileged@13 (line 714)
                      ; - java.net.URLClassLoader::findClass@13 (line 420)
                      ; - java.lang.ClassLoader::loadClass@69 (line 593)
  0x00000269e8089db8: c44c 83ff 

  0x00000269e8089dbc: ;   {other}
  0x00000269e8089dbc: 0f1f 8400 | 2cb0 00d6 | e913 0500 | 00e9 c904 | 0000 e9c4 | 0400 0048 | 8984 24b0 | 0000 000f 
  0x00000269e8089ddc: 1f44 0000 | e9ba 0400 | 0048 8bd8 | 448b 5008 | 49b8 0000 | 0080 6902 | 0000 4d03 | c2e9 7506 
  0x00000269e8089dfc: 0000 4c8b | d0e9 ab05 | 0000 4c8b | d0e9 a305 | 0000 4c8b | d0e9 9b05 | 0000 4c8b | d0e9 9305 
  0x00000269e8089e1c: 0000 4c8b | d0e9 8b05 | 0000 4c8b | d0e9 8305 | 0000 4c8b | d0e9 7b05 | 0000 4c8b | d0e9 7305 
  0x00000269e8089e3c: 0000 4c8b | d0e9 6b05 | 0000 4c8b | d0e9 6305 | 0000 4c8b | d0e9 5b05 | 0000 4c8b | d0e9 5305 
  0x00000269e8089e5c: 0000 4c8b | d0e9 4b05 | 0000 4c8b | d0e9 4305 | 0000 4c8b | d0e9 3b05 | 0000 4c8b | d0e9 3305 
  0x00000269e8089e7c: 0000 4c8b | d049 8bda | 458b 5a08 | e99c 0700 | 004c 8bd0 | e91c 0500 | 0048 8bd8 | e9b9 0700 
  0x00000269e8089e9c: 0048 8944 | 2450 488b | 6c24 384c | 8b94 2480 | 0000 004c | 8954 2420 | 488b 5424 

  0x00000269e8089eb8: ;   {no_reloc}
  0x00000269e8089eb8: 704c 8b54 | 2478 4c89 | 5424 704c | 8b94 2498 | 0000 004c | 8994 2480 | 0000 0090 

  0x00000269e8089ed4: ;   {static_call}
  0x00000269e8089ed4: c5f8 77e8 

  0x00000269e8089ed8: ; ImmutableOopMap {rbp=Oop [40]=NarrowOop [80]=Oop [88]=Oop [96]=Oop [104]=Oop [112]=Oop [128]=Oop [136]=Oop [216]=Oop [224]=Oop [248]=Oop }
                      ;*invokestatic endInit {reexecute=0 rethrow=0 return_oop=0}
                      ; - java.util.jar.JarFile::ensureInitialization@53 (line 1074)
                      ; - java.util.jar.JavaUtilJarAccessImpl::ensureInitialization@1 (line 42)
                      ; - jdk.internal.loader.URLClassPath$JarLoader$2::getManifest@10 (line 852)
                      ; - java.net.URLClassLoader::defineClass@34 (line 491)
                      ; - java.net.URLClassLoader$1::run@43 (line 427)
                      ; - java.net.URLClassLoader$1::run@1 (line 421)
                      ; - java.security.AccessController::executePrivileged@29 (line 809)
                      ; - java.security.AccessController::doPrivileged@13 (line 714)
                      ; - java.net.URLClassLoader::findClass@13 (line 420)
                      ; - java.lang.ClassLoader::loadClass@69 (line 593)
  0x00000269e8089ed8: a451 83ff 

  0x00000269e8089edc: ;   {other}
  0x00000269e8089edc: 0f1f 8400 | 4cb1 00d7 | 4c8b 5424 | 5049 8bda | e9eb 0000 | 0048 8bd8 | e9e3 0000 | 004c 8bd0 
  0x00000269e8089efc: 0f1f 4000 | e95a 0500 | 004c 8bd0 | e952 0500 | 004c 8bd0 | e94a 0500 | 004c 8bd0 | e982 0000 
  0x00000269e8089f1c: 004c 8bd0 | e93a 0500 | 004c 8bd0 | e932 0500 | 0048 8bd8 | e9f3 0500 | 0048 8bd8 | e9eb 0500 
  0x00000269e8089f3c: 0048 8bd8 | e9e3 0500 | 0048 8bd8 | 448b 5008 | 49b8 0000 | 0080 6902 | 0000 4d03 | c2e9 1505 
  0x00000269e8089f5c: 0000 4c8b | d0eb 034c | 8bd0 498b | da45 8b52 | 0849 b800 | 0000 8069 | 0200 004d | 03c2 e9f4 
  0x00000269e8089f7c: 0400 0048 | 8bd8 e9cf | 0600 004c | 8bd0 eb03 | 4c8b d049 | 8bda e991 | 0500 004c | 8bd0 eb03 
  0x00000269e8089f9c: 4c8b d049 | 8bda e981 | 0500 0048 | 8bd8 448b | 5008 49b8 | 0000 0080 | 6902 0000 | 4d03 c24d 
  0x00000269e8089fbc: 8b50 5090 | 4c3b d50f | 85aa 0400 | 0045 33c9 | e95d 0300 | 004c 8bd0 | e957 0400 

  0x00000269e8089fd8: ;   {no_reloc}
  0x00000269e8089fd8: 0048 8bd8 | 4c8b 5c24 | 6848 8d84 | 2438 0100 | 0048 8338 | 000f 8479 | 0000 004d | 8b13 41f6 
  0x00000269e8089ff8: c202 0f84 | 6200 0000 | 4983 ba86 | 0000 0000 | 7409 49ff | 8a86 0000 | 00eb 4b49 | 8b82 9600 
  0x00000269e808a018: 0000 490b | 828e 0000 | 0075 0a49 | c742 3e00 | 0000 00eb | 3d49 83ba | 9e00 0000 | 0074 2248 
  0x00000269e808a038: 33c0 49c7 | 423e 0000 | 0000 f083 | 0424 0049 | 83ba 9e00 | 0000 0075 | 0df0 4d0f | b17a 3e75 
  0x00000269e808a058: 0583 c801 | eb0c a800 | eb08 4c8b | 10f0 4d0f | b113 750a | 49ff 8f48 | 0500 0045 | 33d2 0f84 
  0x00000269e808a078: 3803 0000 | 488b 4c24 | 6848 8d94 | 2438 0100 | 004d 8bc7 | c5f8 7749 | baa0 c38b | d7ff 7f00 
  0x00000269e808a098: 0041 ffd2 

  0x00000269e808a09c: ;   {other}
  0x00000269e808a09c: 0f1f 8400 | 0000 0000 | e90b 0300 | 0048 8bd8 | 448b 5008 | 49bb 0000 | 0080 6902 | 0000 4d03 
  0x00000269e808a0bc: da4d 8b53 

  0x00000269e808a0c0: ;   {metadata('java/io/IOException')}
  0x00000269e808a0c0: 4849 bb90 | 5404 8169 | 0200 004d | 3bd3 0f85 | 08ff ffff | 4c8b d849 | 8b87 b801 | 0000 4c8b 
  0x00000269e808a0e0: d049 83c2 | 284d 3b97 | c801 0000 | 0f83 da05 | 0000 4d89 | 97b8 0100 | 0041 0f0d | 8ac0 0000 
  0x00000269e808a100: 0048 c700 | 0100 0000 

  0x00000269e808a108: ;   {metadata('java/lang/RuntimeException')}
  0x00000269e808a108: c740 08c0 | d005 0044 | 8960 0c4c | 8960 104c | 8960 184c | 8960 204c | 895c 2450 | 4c8b d04c 
  0x00000269e808a128: 8954 2470 | 488b 6c24 | 784c 8b94 | 2480 0000 | 004c 8954 | 2420 448b | 9424 9000 | 0000 4489 
  0x00000269e808a148: 5424 2848 | 8b54 2470 | 4c8b 4424 | 504c 8b94 | 24e0 0000 | 004c 8954 | 2450 4c8b | 9424 d800 
  0x00000269e808a168: 0000 4c89 | 9424 8000 | 0000 6690 

  0x00000269e808a174: ;   {optimized virtual_call}
  0x00000269e808a174: c5f8 77e8 

  0x00000269e808a178: ; ImmutableOopMap {rbp=Oop [40]=NarrowOop [80]=Oop [88]=Oop [96]=Oop [104]=Oop [112]=Oop [128]=Oop [136]=Oop [216]=Oop [224]=Oop [248]=Oop }
                      ;*invokespecial <init> {reexecute=0 rethrow=0 return_oop=0}
                      ; - java.util.jar.JarFile::ensureInitialization@13 (line 1066)
                      ; - java.util.jar.JavaUtilJarAccessImpl::ensureInitialization@1 (line 42)
                      ; - jdk.internal.loader.URLClassPath$JarLoader$2::getManifest@10 (line 852)
                      ; - java.net.URLClassLoader::defineClass@34 (line 491)
                      ; - java.net.URLClassLoader$1::run@43 (line 427)
                      ; - java.net.URLClassLoader$1::run@1 (line 421)
                      ; - java.security.AccessController::executePrivileged@29 (line 809)
                      ; - java.security.AccessController::doPrivileged@13 (line 714)
                      ; - java.net.URLClassLoader::findClass@13 (line 420)
                      ; - java.lang.ClassLoader::loadClass@69 (line 593)
  0x00000269e808a178: 0449 83ff 

  0x00000269e808a17c: ;   {other}
  0x00000269e808a17c: 0f1f 8400 | ecb3 00d8 | 4c8b 5c24 | 6848 8d84 | 2438 0100 | 0048 8338 | 000f 8479 | 0000 004d 
  0x00000269e808a19c: 8b13 41f6 | c202 0f84 | 6200 0000 | 4983 ba86 | 0000 0000 | 7409 49ff | 8a86 0000 | 00eb 4b49 
  0x00000269e808a1bc: 8b82 9600 | 0000 490b | 828e 0000 | 0075 0a49 | c742 3e00 | 0000 00eb | 3d49 83ba | 9e00 0000 
  0x00000269e808a1dc: 0074 2248 | 33c0 49c7 | 423e 0000 | 0000 f083 | 0424 0049 | 83ba 9e00 | 0000 0075 | 0df0 4d0f 
  0x00000269e808a1fc: b17a 3e75 | 0583 c801 | eb0c a800 | eb08 4c8b | 10f0 4d0f | b113 750a | 49ff 8f48 | 0500 0045 
  0x00000269e808a21c: 33d2 6690 | 0f85 7605 | 0000 4c8b | 5424 7049 | 8bda e932 | 0300 004c | 8bd0 e924 | 0200 004c 
  0x00000269e808a23c: 8bd0 6690 | e91a 0200 | 004c 8bd0 | e964 0100 | 004c 8bd0 | e95c 0100 | 004c 8bd0 | e954 0100 
  0x00000269e808a25c: 004c 8bd0 | e94c 0100 | 004c 8bd0 | e944 0100 | 004c 8bd0 | e93c 0100 | 004c 8bd0 

  0x00000269e808a278: ;   {no_reloc}
  0x00000269e808a278: e934 0100 | 004c 8bd0 | e92c 0100 | 004c 8bd0 | e924 0100 | 004c 8bd0 | e9ca 0100 | 00eb 0048 
  0x00000269e808a298: 8984 24b0 | 0000 004c | 8b54 2438 | 4d85 d274 | 3349 8bd2 | 488b ac24 | e000 0000 | 4c8b 9424 
  0x00000269e808a2b8: d800 0000 | 4c89 5424 | 6890 c5f8 | 7748 b8ff | ffff ffff 

  0x00000269e808a2cc: ;   {virtual_call}
  0x00000269e808a2cc: ffff ffe8 

  0x00000269e808a2d0: ; ImmutableOopMap {rbp=Oop [88]=Oop [96]=Oop [104]=Oop [120]=Oop [136]=Oop [144]=NarrowOop [176]=Oop [216]=Oop [224]=Oop [248]=Oop }
                      ;*invokevirtual close {reexecute=0 rethrow=0 return_oop=0}
                      ; - java.util.jar.JarFile::getManifestFromReference@165 (line 431)
                      ; - java.util.jar.JarFile::getManifest@1 (line 405)
                      ; - jdk.internal.loader.URLClassPath$JarLoader$2::getManifest@22 (line 853)
                      ; - java.net.URLClassLoader::defineClass@34 (line 491)
                      ; - java.net.URLClassLoader$1::run@43 (line 427)
                      ; - java.net.URLClassLoader$1::run@1 (line 421)
                      ; - java.security.AccessController::executePrivileged@29 (line 809)
                      ; - java.security.AccessController::doPrivileged@13 (line 714)
                      ; - java.net.URLClassLoader::findClass@13 (line 420)
                      ; - java.lang.ClassLoader::loadClass@69 (line 593)
  0x00000269e808a2d0: ac4a 83ff 

  0x00000269e808a2d4: ;   {other}
  0x00000269e808a2d4: 0f1f 8400 | 44b5 00d9 | 4c8b 9424 | b000 0000 | e9c8 0000 | 004c 8bd0 | e96e 0100 | 004c 8bd0 
  0x00000269e808a2f4: e966 0100 | 004c 8bd0 | 0f1f 4000 | e95a 0100 | 0048 8bd8 | 448b 5808 | 49b8 0000 | 0080 6902 
  0x00000269e808a314: 0000 4d03 | c34d 8b50 | 5066 6690 | 4c3b d50f | 854a 0100 | 004c 8b4c | 2438 488b | ac24 9000 
  0x00000269e808a334: 0000 488b | 9424 e000 | 0000 4c8b | 4424 6848 | 8b7c 2430 | 4c8b 9424 | d800 0000 | 4c89 5424 
  0x00000269e808a354: 7866 6690 

  0x00000269e808a358: ;   {optimized virtual_call}
  0x00000269e808a358: c5f8 77e8 

  0x00000269e808a35c: ; ImmutableOopMap {rbp=Oop [48]=Oop [80]=Oop [88]=Oop [96]=Oop [104]=Oop [120]=Oop [136]=Oop [176]=NarrowOop [216]=Oop [224]=Oop }
                      ;*invokevirtual getAndVerifyPackage {reexecute=0 rethrow=0 return_oop=1}
                      ; - java.net.URLClassLoader::defineClass@97 (line 502)
                      ; - java.net.URLClassLoader$1::run@43 (line 427)
                      ; - java.net.URLClassLoader$1::run@1 (line 421)
                      ; - java.security.AccessController::executePrivileged@29 (line 809)
                      ; - java.security.AccessController::doPrivileged@13 (line 714)
                      ; - java.net.URLClassLoader::findClass@13 (line 420)
                      ; - java.lang.ClassLoader::loadClass@69 (line 593)
  0x00000269e808a35c: 2047 83ff 

  0x00000269e808a360: ;   {other}
  0x00000269e808a360: 0f1f 8400 | d0b5 00da | 4885 c00f | 84cf 0300 | 004c 8b8c | 24e0 0000 | 00e9 de5e | ffff 4c8b 
  0x00000269e808a380: d0e9 d900 | 0000 4c8b | d0e9 d100 | 0000 4c8b | d0e9 c900 | 0000 4c8b | d0e9 c100 | 0000 4c8b 
  0x00000269e808a3a0: d0e9 b900 | 0000 4c8b | d0e9 b100 | 0000 4c8b | d049 8bda | 448b 5b08 | 49b8 0000 | 0080 6902 
  0x00000269e808a3c0: 0000 4d03 | c3e9 a900 | 0000 488b | d844 8b50 | 0849 b800 | 0000 8069 | 0200 004d | 03c2 6690 
  0x00000269e808a3e0: e98e 0000 | 0048 8bd8 | 448b 5008 | 49b8 0000 | 0080 6902 | 0000 4d03 | c2e9 7500 | 0000 488b 
  0x00000269e808a400: d844 8b50 | 0849 b800 | 0000 8069 | 0200 004d | 03c2 e95c | 0000 0048 | 8bd8 448b | 5008 49b8 
  0x00000269e808a420: 0000 0080 | 6902 0000 | 4d03 c2eb | 464c 8bd0 | 498b da45 | 8b52 0849 | b800 0000 | 8069 0200 
  0x00000269e808a440: 004d 03c2 | eb2d 488b | d844 8b50 | 0849 b800 | 0000 8069 | 0200 004d | 03c2 eb17 

  0x00000269e808a45c: ;   {no_reloc}
  0x00000269e808a45c: 4c8b d049 | 8bda 458b | 5a08 49b8 | 0000 0080 | 6902 0000 | 4d03 c34d 

  0x00000269e808a474: ;   {metadata('java/io/IOException')}
  0x00000269e808a474: 8b50 4849 | bb90 5404 | 8169 0200 | 004d 3bd3 | 0f84 f301 | 0000 4d8b 

  0x00000269e808a48c: ;   {metadata('java/lang/ClassFormatError')}
  0x00000269e808a48c: 5050 49bb | 002f 2d81 | 6902 0000 | 0f1f 8400 | 0000 0000 | 4d3b d30f | 857f 0000 | 0048 8beb 
  0x00000269e808a4ac: 488b 9424 | 8800 0000 | 6690 c5f8 | 7748 b8ff | ffff ffff 

  0x00000269e808a4c0: ;   {virtual_call}
  0x00000269e808a4c0: ffff ffe8 

  0x00000269e808a4c4: ; ImmutableOopMap {rbp=Oop [88]=Oop [96]=Oop [136]=Oop [216]=Oop [224]=Oop }
                      ;*invokevirtual getDataError {reexecute=0 rethrow=0 return_oop=1}
                      ; - java.net.URLClassLoader$1::run@63 (line 431)
                      ; - java.net.URLClassLoader$1::run@1 (line 421)
                      ; - java.security.AccessController::executePrivileged@29 (line 809)
                      ; - java.security.AccessController::doPrivileged@13 (line 714)
                      ; - java.net.URLClassLoader::findClass@13 (line 420)
                      ; - java.lang.ClassLoader::loadClass@69 (line 593)
  0x00000269e808a4c4: b848 83ff 

  0x00000269e808a4c8: ;   {other}
  0x00000269e808a4c8: 0f1f 8400 | 38b7 00db | 4885 c00f | 845f 70ff | ff48 8b94 | 2488 0000 | 0090 c5f8 | 7748 b8ff 
  0x00000269e808a4e8: ffff ffff 

  0x00000269e808a4ec: ;   {virtual_call}
  0x00000269e808a4ec: ffff ffe8 

  0x00000269e808a4f0: ; ImmutableOopMap {rbp=Oop [88]=Oop [96]=Oop [216]=Oop [224]=Oop }
                      ;*invokevirtual getDataError {reexecute=0 rethrow=0 return_oop=1}
                      ; - java.net.URLClassLoader$1::run@71 (line 432)
                      ; - java.net.URLClassLoader$1::run@1 (line 421)
                      ; - java.security.AccessController::executePrivileged@29 (line 809)
                      ; - java.security.AccessController::doPrivileged@13 (line 714)
                      ; - java.net.URLClassLoader::findClass@13 (line 420)
                      ; - java.lang.ClassLoader::loadClass@69 (line 593)
  0x00000269e808a4f0: 8c48 83ff 

  0x00000269e808a4f4: ;   {other}
  0x00000269e808a4f4: 0f1f 8400 | 64b7 00dc | 4c8b 5c24 | 604c 895c | 2420 488b | d54c 8bc0 

  0x00000269e808a50c: ;   {optimized virtual_call}
  0x00000269e808a50c: c5f8 77e8 

  0x00000269e808a510: ; ImmutableOopMap {rbp=Oop [32]=Oop [88]=Oop [216]=Oop [224]=Oop }
                      ;*invokevirtual addSuppressed {reexecute=0 rethrow=0 return_oop=0}
                      ; - java.net.URLClassLoader$1::run@74 (line 432)
                      ; - java.net.URLClassLoader$1::run@1 (line 421)
                      ; - java.security.AccessController::executePrivileged@29 (line 809)
                      ; - java.security.AccessController::doPrivileged@13 (line 714)
                      ; - java.net.URLClassLoader::findClass@13 (line 420)
                      ; - java.lang.ClassLoader::loadClass@69 (line 593)
  0x00000269e808a510: 6c45 83ff 

  0x00000269e808a514: ;   {other}
  0x00000269e808a514: 0f1f 8400 | 84b7 00dd | 0f1f 4000 | e913 70ff | ff48 8bd8 | 448b 4308 | 49bb 0000 | 0080 6902 
  0x00000269e808a534: 0000 4d03 | d8eb 1448 | 8bd8 448b | 5008 49bb | 0000 0080 | 6902 0000 | 4d03 da4d 

  0x00000269e808a550: ;   {metadata('java/lang/RuntimeException')}
  0x00000269e808a550: 8b53 4849 | b8c0 d005 | 8069 0200 | 0066 6690 | 4d3b d075 | 0848 8beb | e9cb 6fff | ff4d 8b53 
  0x00000269e808a570: ;   {metadata('java/lang/Exception')}
  0x00000269e808a570: 4049 bb20 | c000 8069 | 0200 000f | 1f44 0000 | 4d3b d30f | 859c 0000 | 004c 8bd3 | 4c89 5424 
  0x00000269e808a590: 6849 8b87 | b801 0000 | 4c8b d049 | 83c2 2890 | 4d3b 97c8 | 0100 000f | 83b1 0000 | 004d 8997 
  0x00000269e808a5b0: b801 0000 | 410f 0d8a | c000 0000 | 48c7 0001 

  0x00000269e808a5c0: ;   {metadata('java/security/PrivilegedActionException')}
  0x00000269e808a5c0: 0000 00c7 | 4008 68ae | 0401 4489 | 600c 4c89 | 6010 4c89 | 6018 4c89 | 6020 488b | e848 8bd5 
  0x00000269e808a5e0: 4c8b 4424 | 6866 6690 

  0x00000269e808a5e8: ;   {optimized virtual_call}
  0x00000269e808a5e8: c5f8 77e8 

  0x00000269e808a5ec: ; ImmutableOopMap {rbp=Oop [88]=Oop [216]=Oop [224]=Oop }
                      ;*invokespecial <init> {reexecute=0 rethrow=0 return_oop=0}
                      ; - java.security.AccessController::wrapException@5 (line 830)
                      ; - java.security.AccessController::doPrivileged@22 (line 718)
                      ; - java.net.URLClassLoader::findClass@13 (line 420)
                      ; - java.lang.ClassLoader::loadClass@69 (line 593)
  0x00000269e808a5ec: 9044 83ff 

  0x00000269e808a5f0: ;   {other}
  0x00000269e808a5f0: 0f1f 8400 | 60b8 00de | 488b d590 

  0x00000269e808a5fc: ;   {optimized virtual_call}
  0x00000269e808a5fc: c5f8 77e8 

  0x00000269e808a600: ; ImmutableOopMap {[88]=Oop [224]=Oop }
                      ;*invokevirtual getException {reexecute=0 rethrow=0 return_oop=1}
                      ; - java.net.URLClassLoader::findClass@25 (line 442)
                      ; - java.lang.ClassLoader::loadClass@69 (line 593)
  0x00000269e808a600: 7c44 83ff 

  0x00000269e808a604: ;   {other}
  0x00000269e808a604: 0f1f 8400 | 74b8 00df 

  0x00000269e808a60c: ; implicit exception: dispatches to 0x00000269e8089d10
  0x00000269e808a60c: 448b 5008 

  0x00000269e808a610: ;   {metadata('java/lang/ClassNotFoundException')}
  0x00000269e808a610: 4181 faa0 | ac06 000f | 85e8 0000 | 0048 8be8 | e913 6fff | ff44 8b5b 

  0x00000269e808a628: ;   {metadata('java/security/PrivilegedActionException')}
  0x00000269e808a628: 0849 ba68 | ae04 8169 | 0200 0049 | b800 0000 | 8069 0200 | 004d 03c3 | 4d8b 5848 | 4d3b da75 
  0x00000269e808a648: 0d48 8bd3 | ebad 488b | d8eb 0348 | 8bd8 488b | ebe9 da6e 

  0x00000269e808a65c: ;   {metadata('java/security/PrivilegedActionException')}
  0x00000269e808a65c: ffff 48ba | 68ae 0481 | 6902 0000 

  0x00000269e808a668: ;   {runtime_call _new_instance_Java}
  0x00000269e808a668: c5f8 77e8 

  0x00000269e808a66c: ; ImmutableOopMap {[88]=Oop [104]=Oop [216]=Oop [224]=Oop }
                      ;*new {reexecute=0 rethrow=0 return_oop=1}
                      ; - java.security.AccessController::wrapException@0 (line 830)
                      ; - java.security.AccessController::doPrivileged@22 (line 718)
                      ; - java.net.URLClassLoader::findClass@13 (line 420)
                      ; - java.lang.ClassLoader::loadClass@69 (line 593)
  0x00000269e808a66c: 9015 86ff 

  0x00000269e808a670: ;   {other}
  0x00000269e808a670: 0f1f 8400 | e0b8 00e0 | e95d ffff | ff48 8beb | ba2f 0000 | 004c 8b54 | 2440 4c89 | 5424 384c 
  0x00000269e808a690: 8b54 2448 | 4c89 5424 | 404c 8b54 | 2458 4c89 | 5424 484c | 8b94 24d8 | 0000 004c | 8954 2450 
  0x00000269e808a6b0: 4c8b 5424 | 604c 8954 | 2458 6690 

  0x00000269e808a6bc: ;   {runtime_call UncommonTrapBlob}
  0x00000269e808a6bc: c5f8 77e8 

  0x00000269e808a6c0: ; ImmutableOopMap {rbp=Oop [72]=Oop [80]=Oop [88]=Oop [224]=Oop }
                      ;*new {reexecute=0 rethrow=0 return_oop=0}
                      ; - java.net.URLClassLoader$1::run@48 (line 429)
                      ; - java.net.URLClassLoader$1::run@1 (line 421)
                      ; - java.security.AccessController::executePrivileged@29 (line 809)
                      ; - java.security.AccessController::doPrivileged@13 (line 714)
                      ; - java.net.URLClassLoader::findClass@13 (line 420)
                      ; - java.lang.ClassLoader::loadClass@69 (line 593)
  0x00000269e808a6c0: bc9c 83ff 

  0x00000269e808a6c4: ;   {other}
  0x00000269e808a6c4: 0f1f 8400 | 34b9 00e1 | 4c89 5c24 

  0x00000269e808a6d0: ;   {metadata('java/lang/RuntimeException')}
  0x00000269e808a6d0: 5048 bac0 | d005 8069 | 0200 0048 | 8b6c 2438 | 4c8b 9424 | 9800 0000 | 4c89 5424 | 7066 6690 
  0x00000269e808a6f0: ;   {runtime_call _new_instance_Java}
  0x00000269e808a6f0: c5f8 77e8 

  0x00000269e808a6f4: ; ImmutableOopMap {rbp=Oop [80]=Oop [88]=Oop [96]=Oop [104]=Oop [112]=Oop [120]=Oop [136]=Oop [144]=NarrowOop [216]=Oop [224]=Oop [248]=Oop }
                      ;*new {reexecute=0 rethrow=0 return_oop=1}
                      ; - java.util.jar.JarFile::ensureInitialization@8 (line 1066)
                      ; - java.util.jar.JavaUtilJarAccessImpl::ensureInitialization@1 (line 42)
                      ; - jdk.internal.loader.URLClassPath$JarLoader$2::getManifest@10 (line 852)
                      ; - java.net.URLClassLoader::defineClass@34 (line 491)
                      ; - java.net.URLClassLoader$1::run@43 (line 427)
                      ; - java.net.URLClassLoader$1::run@1 (line 421)
                      ; - java.security.AccessController::executePrivileged@29 (line 809)
                      ; - java.security.AccessController::doPrivileged@13 (line 714)
                      ; - java.net.URLClassLoader::findClass@13 (line 420)
                      ; - java.lang.ClassLoader::loadClass@69 (line 593)
  0x00000269e808a6f4: 0815 86ff 

  0x00000269e808a6f8: ;   {other}
  0x00000269e808a6f8: 0f1f 8400 | 68b9 00e2 | e91f faff | ffba deff | ffff 448b | 5c24 2c44 | 895c 2420 | 4c8b 5424 
  0x00000269e808a718: 404c 8954 | 2430 4c8b | 5424 484c | 8954 2438 | 4889 4424 | 4866 6690 

  0x00000269e808a730: ;   {runtime_call UncommonTrapBlob}
  0x00000269e808a730: c5f8 77e8 

  0x00000269e808a734: ; ImmutableOopMap {[72]=Oop [88]=Oop [224]=Oop }
                      ;*checkcast {reexecute=0 rethrow=0 return_oop=0}
                      ; - java.net.URLClassLoader::findClass@28 (line 442)
                      ; - java.lang.ClassLoader::loadClass@69 (line 593)
  0x00000269e808a734: 489c 83ff 

  0x00000269e808a738: ;   {other}
  0x00000269e808a738: 0f1f 8400 | a8b9 00e3 | bafd 0000 | 0044 8b54 | 242c 4489 | 5424 204c | 8b54 2440 | 4c89 5424 
  0x00000269e808a758: 304c 8b54 | 2448 4c89 | 5424 384c | 8b54 2458 | 4c89 5424 | 404c 8b54 | 2478 4c89 | 5424 484c 
  0x00000269e808a778: 8b54 2460 | 4c89 5424 | 504c 8b54 | 2468 4c89 | 5424 6090 

  0x00000269e808a78c: ;   {runtime_call UncommonTrapBlob}
  0x00000269e808a78c: c5f8 77e8 

  0x00000269e808a790: ; ImmutableOopMap {[64]=Oop [72]=Oop [80]=Oop [96]=Oop [136]=Oop [224]=Oop }
                      ;*new {reexecute=0 rethrow=0 return_oop=0}
                      ; - java.net.URLClassLoader::defineClass@103 (line 504)
                      ; - java.net.URLClassLoader$1::run@43 (line 427)
                      ; - java.net.URLClassLoader$1::run@1 (line 421)
                      ; - java.security.AccessController::executePrivileged@29 (line 809)
                      ; - java.security.AccessController::doPrivileged@13 (line 714)
                      ; - java.net.URLClassLoader::findClass@13 (line 420)
                      ; - java.lang.ClassLoader::loadClass@69 (line 593)
  0x00000269e808a790: ec9b 83ff 

  0x00000269e808a794: ;   {other}
  0x00000269e808a794: 0f1f 8400 | 04ba 00e4 | 498b cb48 | 8d94 2438 | 0100 004d | 8bc7 c5f8 | 7749 baa0 | c38b d7ff 
  0x00000269e808a7b4: 7f00 0041 

  0x00000269e808a7b8: ;   {other}
  0x00000269e808a7b8: ffd2 0f1f | 8400 0000 | 0000 e95f 

  0x00000269e808a7c4: ;   {internal_word}
  0x00000269e808a7c4: faff ff49 | ba59 0508 | e869 0200 | 004d 8997 | 6004 0000 

  0x00000269e808a7d8: ;   {runtime_call SafepointBlob}
  0x00000269e808a7d8: e9a3 ac83 

  0x00000269e808a7dc: ;   {runtime_call StubRoutines (final stubs)}
  0x00000269e808a7dc: ffe8 bebc | 81ff e957 | 4fff fff4 
[Stub Code]
  0x00000269e808a7e8: ;   {no_reloc}
  0x00000269e808a7e8: 48bb 0000 | 0000 0000 

  0x00000269e808a7f0: ;   {runtime_call nmethod}
  0x00000269e808a7f0: 0000 e9fb 

  0x00000269e808a7f4: ;   {static_stub}
  0x00000269e808a7f4: ffff ff48 | bb00 0000 | 0000 0000 

  0x00000269e808a800: ;   {runtime_call nmethod}
  0x00000269e808a800: 00e9 fbff 

  0x00000269e808a804: ;   {static_stub}
  0x00000269e808a804: ffff 48bb | 0000 0000 | 0000 0000 

  0x00000269e808a810: ;   {runtime_call nmethod}
  0x00000269e808a810: e9fb ffff 

  0x00000269e808a814: ;   {static_stub}
  0x00000269e808a814: ff48 bb00 | 0000 0000 

  0x00000269e808a81c: ;   {runtime_call nmethod}
  0x00000269e808a81c: 0000 00e9 | fbff ffff 

  0x00000269e808a824: ;   {static_stub}
  0x00000269e808a824: 48bb 0000 | 0000 0000 

  0x00000269e808a82c: ;   {runtime_call nmethod}
  0x00000269e808a82c: 0000 e9fb 

  0x00000269e808a830: ;   {static_stub}
  0x00000269e808a830: ffff ff48 | bb00 0000 | 0000 0000 

  0x00000269e808a83c: ;   {runtime_call nmethod}
  0x00000269e808a83c: 00e9 fbff 

  0x00000269e808a840: ;   {static_stub}
  0x00000269e808a840: ffff 48bb | 0000 0000 | 0000 0000 

  0x00000269e808a84c: ;   {runtime_call nmethod}
  0x00000269e808a84c: e9fb ffff 

  0x00000269e808a850: ;   {static_stub}
  0x00000269e808a850: ff48 bb00 | 0000 0000 

  0x00000269e808a858: ;   {runtime_call nmethod}
  0x00000269e808a858: 0000 00e9 | fbff ffff 

  0x00000269e808a860: ;   {static_stub}
  0x00000269e808a860: 48bb 0000 | 0000 0000 

  0x00000269e808a868: ;   {runtime_call nmethod}
  0x00000269e808a868: 0000 e9fb 

  0x00000269e808a86c: ;   {static_stub}
  0x00000269e808a86c: ffff ff48 | bb00 0000 | 0000 0000 

  0x00000269e808a878: ;   {runtime_call nmethod}
  0x00000269e808a878: 00e9 fbff 

  0x00000269e808a87c: ;   {static_stub}
  0x00000269e808a87c: ffff 48bb | 0000 0000 | 0000 0000 

  0x00000269e808a888: ;   {runtime_call nmethod}
  0x00000269e808a888: e9fb ffff 

  0x00000269e808a88c: ;   {static_stub}
  0x00000269e808a88c: ff48 bb00 | 0000 0000 

  0x00000269e808a894: ;   {runtime_call nmethod}
  0x00000269e808a894: 0000 00e9 | fbff ffff 

  0x00000269e808a89c: ;   {static_stub}
  0x00000269e808a89c: 48bb 0000 | 0000 0000 

  0x00000269e808a8a4: ;   {runtime_call nmethod}
  0x00000269e808a8a4: 0000 e9fb 

  0x00000269e808a8a8: ;   {static_stub}
  0x00000269e808a8a8: ffff ff48 | bb00 0000 | 0000 0000 

  0x00000269e808a8b4: ;   {runtime_call nmethod}
  0x00000269e808a8b4: 00e9 fbff 

  0x00000269e808a8b8: ;   {static_stub}
  0x00000269e808a8b8: ffff 48bb | 0000 0000 | 0000 0000 

  0x00000269e808a8c4: ;   {runtime_call nmethod}
  0x00000269e808a8c4: e9fb ffff 

  0x00000269e808a8c8: ;   {static_stub}
  0x00000269e808a8c8: ff48 bb00 | 0000 0000 

  0x00000269e808a8d0: ;   {runtime_call nmethod}
  0x00000269e808a8d0: 0000 00e9 | fbff ffff 

  0x00000269e808a8d8: ;   {static_stub}
  0x00000269e808a8d8: 48bb 0000 | 0000 0000 

  0x00000269e808a8e0: ;   {runtime_call nmethod}
  0x00000269e808a8e0: 0000 e9fb 

  0x00000269e808a8e4: ;   {static_stub}
  0x00000269e808a8e4: ffff ff48 | bb00 0000 | 0000 0000 

  0x00000269e808a8f0: ;   {runtime_call nmethod}
  0x00000269e808a8f0: 00e9 fbff 

  0x00000269e808a8f4: ;   {static_stub}
  0x00000269e808a8f4: ffff 48bb | 0000 0000 | 0000 0000 

  0x00000269e808a900: ;   {runtime_call nmethod}
  0x00000269e808a900: e9fb ffff 

  0x00000269e808a904: ;   {static_stub}
  0x00000269e808a904: ff48 bb00 | 0000 0000 

  0x00000269e808a90c: ;   {runtime_call nmethod}
  0x00000269e808a90c: 0000 00e9 | fbff ffff 

  0x00000269e808a914: ;   {static_stub}
  0x00000269e808a914: 48bb 0000 | 0000 0000 

  0x00000269e808a91c: ;   {runtime_call nmethod}
  0x00000269e808a91c: 0000 e9fb 

  0x00000269e808a920: ;   {static_stub}
  0x00000269e808a920: ffff ff48 | bb00 0000 | 0000 0000 

  0x00000269e808a92c: ;   {runtime_call nmethod}
  0x00000269e808a92c: 00e9 fbff 

  0x00000269e808a930: ;   {static_stub}
  0x00000269e808a930: ffff 48bb | 6072 4080 | 6902 0000 

  0x00000269e808a93c: ;   {runtime_call I2C/C2I adapters}
  0x00000269e808a93c: e9ad ac80 

  0x00000269e808a940: ;   {static_stub}
  0x00000269e808a940: ff48 bb00 | 0000 0000 

  0x00000269e808a948: ;   {runtime_call nmethod}
  0x00000269e808a948: 0000 00e9 | fbff ffff 

  0x00000269e808a950: ;   {static_stub}
  0x00000269e808a950: 48bb 0000 | 0000 0000 

  0x00000269e808a958: ;   {runtime_call nmethod}
  0x00000269e808a958: 0000 e9fb 

  0x00000269e808a95c: ;   {static_stub}
  0x00000269e808a95c: ffff ff48 | bb00 0000 | 0000 0000 

  0x00000269e808a968: ;   {runtime_call nmethod}
  0x00000269e808a968: 00e9 fbff 

  0x00000269e808a96c: ;   {static_stub}
  0x00000269e808a96c: ffff 48bb | 0000 0000 | 0000 0000 

  0x00000269e808a978: ;   {runtime_call nmethod}
  0x00000269e808a978: e9fb ffff 

  0x00000269e808a97c: ;   {static_stub}
  0x00000269e808a97c: ff48 bb00 | 0000 0000 

  0x00000269e808a984: ;   {runtime_call nmethod}
  0x00000269e808a984: 0000 00e9 | fbff ffff 

  0x00000269e808a98c: ;   {static_stub}
  0x00000269e808a98c: 48bb 0000 | 0000 0000 

  0x00000269e808a994: ;   {runtime_call nmethod}
  0x00000269e808a994: 0000 e9fb 

  0x00000269e808a998: ;   {static_stub}
  0x00000269e808a998: ffff ff48 | bb00 0000 | 0000 0000 

  0x00000269e808a9a4: ;   {runtime_call nmethod}
  0x00000269e808a9a4: 00e9 fbff 

  0x00000269e808a9a8: ;   {static_stub}
  0x00000269e808a9a8: ffff 48bb | 0000 0000 | 0000 0000 

  0x00000269e808a9b4: ;   {runtime_call nmethod}
  0x00000269e808a9b4: e9fb ffff 

  0x00000269e808a9b8: ;   {static_stub}
  0x00000269e808a9b8: ff48 bb00 | 0000 0000 

  0x00000269e808a9c0: ;   {runtime_call nmethod}
  0x00000269e808a9c0: 0000 00e9 | fbff ffff 

  0x00000269e808a9c8: ;   {static_stub}
  0x00000269e808a9c8: 48bb 0000 | 0000 0000 

  0x00000269e808a9d0: ;   {runtime_call nmethod}
  0x00000269e808a9d0: 0000 e9fb 

  0x00000269e808a9d4: ;   {static_stub}
  0x00000269e808a9d4: ffff ff48 | bb00 0000 | 0000 0000 

  0x00000269e808a9e0: ;   {runtime_call nmethod}
  0x00000269e808a9e0: 00e9 fbff 

  0x00000269e808a9e4: ;   {static_stub}
  0x00000269e808a9e4: ffff 48bb | 0000 0000 | 0000 0000 

  0x00000269e808a9f0: ;   {runtime_call nmethod}
  0x00000269e808a9f0: e9fb ffff 

  0x00000269e808a9f4: ;   {static_stub}
  0x00000269e808a9f4: ff48 bb00 | 0000 0000 

  0x00000269e808a9fc: ;   {runtime_call nmethod}
  0x00000269e808a9fc: 0000 00e9 | fbff ffff 

  0x00000269e808aa04: ;   {static_stub}
  0x00000269e808aa04: 48bb 0000 | 0000 0000 

  0x00000269e808aa0c: ;   {runtime_call nmethod}
  0x00000269e808aa0c: 0000 e9fb 

  0x00000269e808aa10: ;   {static_stub}
  0x00000269e808aa10: ffff ff48 | bb00 0000 | 0000 0000 

  0x00000269e808aa1c: ;   {runtime_call nmethod}
  0x00000269e808aa1c: 00e9 fbff 

  0x00000269e808aa20: ;   {static_stub}
  0x00000269e808aa20: ffff 48bb | 0000 0000 | 0000 0000 

  0x00000269e808aa2c: ;   {runtime_call nmethod}
  0x00000269e808aa2c: e9fb ffff 

  0x00000269e808aa30: ;   {static_stub}
  0x00000269e808aa30: ff48 bb00 | 0000 0000 

  0x00000269e808aa38: ;   {runtime_call nmethod}
  0x00000269e808aa38: 0000 00e9 | fbff ffff 

  0x00000269e808aa40: ;   {static_stub}
  0x00000269e808aa40: 48bb 0000 | 0000 0000 

  0x00000269e808aa48: ;   {runtime_call nmethod}
  0x00000269e808aa48: 0000 e9fb 

  0x00000269e808aa4c: ;   {runtime_call ExceptionBlob}
  0x00000269e808aa4c: ffff ffe9 | ac14 86ff 
[Deopt Handler Code]
  0x00000269e808aa54: e800 0000 | 0048 832c 

  0x00000269e808aa5c: ;   {runtime_call DeoptimizationBlob}
  0x00000269e808aa5c: 2405 e9bd | 9c83 fff4 | f4f4 f4f4 
[/MachCode]


---------------  P R O C E S S  ---------------

Threads class SMR info:
_java_thread_list=0x00000269fa552510, length=71, elements={
0x00000269d74291c0, 0x00000269f33e57b0, 0x00000269f33e63b0, 0x00000269f33e6fb0,
0x00000269f33e7a00, 0x00000269f33ec470, 0x00000269f33ecec0, 0x00000269f33edc40,
0x00000269f33f4c30, 0x00000269f369c880, 0x00000269f359ceb0, 0x00000269f94166d0,
0x00000269f95087d0, 0x00000269f8a01120, 0x00000269f87358a0, 0x00000269f8c56a70,
0x00000269f8976fc0, 0x00000269f979c430, 0x00000269f979a9f0, 0x00000269f979bda0,
0x00000269f9799640, 0x00000269f9798fb0, 0x00000269f979a360, 0x00000269f979b710,
0x00000269f9799cd0, 0x00000269f9e7fe70, 0x00000269f9e7eac0, 0x00000269f9e80b90,
0x00000269f9e7a920, 0x00000269f9e7afb0, 0x00000269f9e818b0, 0x00000269f9e7d080,
0x00000269f9e7c9f0, 0x00000269f9e7d710, 0x00000269f9e7dda0, 0x00000269f9e80500,
0x00000269f9e7e430, 0x00000269f9e81220, 0x00000269f9e7c360, 0x00000269f9e81f40,
0x00000269f9e7b640, 0x00000269f9e7f150, 0x00000269f9e7f7e0, 0x00000269f9e7bcd0,
0x00000269fb4a7630, 0x00000269fb4a6fa0, 0x00000269fb4a20e0, 0x00000269fb4a4840,
0x00000269fb4a1a50, 0x00000269fb4a4ed0, 0x00000269fb4a41b0, 0x00000269fb4a2770,
0x00000269fb4a5560, 0x00000269fb4a3490, 0x00000269fb4a5bf0, 0x00000269fb4a6280,
0x00000269fb4a6910, 0x00000269fb4a2e00, 0x00000269fb4a3b20, 0x00000269f979b080,
0x00000269fc678af0, 0x00000269fc679180, 0x00000269fc679810, 0x00000269fc679ea0,
0x00000269fc67a530, 0x00000269fc678460, 0x00000269fc6742c0, 0x00000269fc67b250,
0x00000269fc67abc0, 0x00000269fc674950, 0x00000269fc674fe0
}

Java Threads: ( => current thread )
  0x00000269d74291c0 JavaThread "main"                              [_thread_blocked, id=17432, stack(0x0000009765c00000,0x0000009765d00000) (1024K)]
  0x00000269f33e57b0 JavaThread "Reference Handler"          daemon [_thread_blocked, id=3160, stack(0x0000009766400000,0x0000009766500000) (1024K)]
  0x00000269f33e63b0 JavaThread "Finalizer"                  daemon [_thread_blocked, id=10712, stack(0x0000009766500000,0x0000009766600000) (1024K)]
  0x00000269f33e6fb0 JavaThread "Signal Dispatcher"          daemon [_thread_blocked, id=8000, stack(0x0000009766600000,0x0000009766700000) (1024K)]
  0x00000269f33e7a00 JavaThread "Attach Listener"            daemon [_thread_blocked, id=9160, stack(0x0000009766700000,0x0000009766800000) (1024K)]
  0x00000269f33ec470 JavaThread "Service Thread"             daemon [_thread_blocked, id=5928, stack(0x0000009766800000,0x0000009766900000) (1024K)]
  0x00000269f33ecec0 JavaThread "Monitor Deflation Thread"   daemon [_thread_blocked, id=7688, stack(0x0000009766900000,0x0000009766a00000) (1024K)]
  0x00000269f33edc40 JavaThread "C2 CompilerThread0"         daemon [_thread_blocked, id=7260, stack(0x0000009766a00000,0x0000009766b00000) (1024K)]
  0x00000269f33f4c30 JavaThread "C1 CompilerThread0"         daemon [_thread_blocked, id=9668, stack(0x0000009766b00000,0x0000009766c00000) (1024K)]
  0x00000269f369c880 JavaThread "Common-Cleaner"             daemon [_thread_blocked, id=1936, stack(0x0000009766c00000,0x0000009766d00000) (1024K)]
  0x00000269f359ceb0 JavaThread "Notification Thread"        daemon [_thread_blocked, id=1344, stack(0x0000009766d00000,0x0000009766e00000) (1024K)]
  0x00000269f94166d0 JavaThread "Daemon health stats"               [_thread_blocked, id=17988, stack(0x0000009767100000,0x0000009767200000) (1024K)]
  0x00000269f95087d0 JavaThread "Incoming local TCP Connector on port 7731"        [_thread_in_native, id=14464, stack(0x0000009767200000,0x0000009767300000) (1024K)]
  0x00000269f8a01120 JavaThread "Daemon periodic checks"            [_thread_blocked, id=8376, stack(0x0000009767300000,0x0000009767400000) (1024K)]
  0x00000269f87358a0 JavaThread "Daemon"                            [_thread_blocked, id=12728, stack(0x0000009767400000,0x0000009767500000) (1024K)]
  0x00000269f8c56a70 JavaThread "Handler for socket connection from /127.0.0.1:7731 to /127.0.0.1:7732"        [_thread_in_native, id=11236, stack(0x0000009767500000,0x0000009767600000) (1024K)]
  0x00000269f8976fc0 JavaThread "Cancel handler"                    [_thread_blocked, id=14712, stack(0x0000009767600000,0x0000009767700000) (1024K)]
=>0x00000269f979c430 JavaThread "Daemon worker"                     [_thread_in_vm, id=17768, stack(0x0000009767700000,0x0000009767800000) (1024K)]
  0x00000269f979a9f0 JavaThread "Asynchronous log dispatcher for DefaultDaemonConnection: socket connection from /127.0.0.1:7731 to /127.0.0.1:7732"        [_thread_blocked, id=5860, stack(0x0000009767800000,0x0000009767900000) (1024K)]
  0x00000269f979bda0 JavaThread "Stdin handler"                     [_thread_blocked, id=15652, stack(0x0000009767900000,0x0000009767a00000) (1024K)]
  0x00000269f9799640 JavaThread "Daemon client event forwarder"        [_thread_blocked, id=14496, stack(0x0000009767a00000,0x0000009767b00000) (1024K)]
  0x00000269f9798fb0 JavaThread "Cache worker for journal cache (C:\Users\moner\.gradle\caches\journal-1)"        [_thread_blocked, id=13320, stack(0x0000009767b00000,0x0000009767c00000) (1024K)]
  0x00000269f979a360 JavaThread "File lock request listener"        [_thread_in_native, id=13568, stack(0x0000009767c00000,0x0000009767d00000) (1024K)]
  0x00000269f979b710 JavaThread "File lock release action executor"        [_thread_blocked, id=6844, stack(0x0000009767d00000,0x0000009767e00000) (1024K)]
  0x00000269f9799cd0 JavaThread "Cache worker for file hash cache (C:\Users\moner\.gradle\caches\9.3.1\fileHashes)"        [_thread_blocked, id=1140, stack(0x0000009767e00000,0x0000009767f00000) (1024K)]
  0x00000269f9e7fe70 JavaThread "Cache worker for file hash cache (D:\M\test\android\.gradle\9.3.1\fileHashes)"        [_thread_blocked, id=12968, stack(0x0000009767f00000,0x0000009768000000) (1024K)]
  0x00000269f9e7eac0 JavaThread "Cache worker for Build Output Cleanup Cache (D:\M\test\android\.gradle\buildOutputCleanup)"        [_thread_blocked, id=9136, stack(0x0000009768000000,0x0000009768100000) (1024K)]
  0x00000269f9e80b90 JavaThread "File watcher server"        daemon [_thread_in_native, id=14340, stack(0x0000009768100000,0x0000009768200000) (1024K)]
  0x00000269f9e7a920 JavaThread "File watcher consumer"      daemon [_thread_blocked, id=1268, stack(0x0000009768200000,0x0000009768300000) (1024K)]
  0x00000269f9e7afb0 JavaThread "Cache worker for checksums cache (D:\M\test\android\.gradle\9.3.1\checksums)"        [_thread_blocked, id=11528, stack(0x0000009768300000,0x0000009768400000) (1024K)]
  0x00000269f9e818b0 JavaThread "Cache worker for file content cache (C:\Users\moner\.gradle\caches\9.3.1\fileContent)"        [_thread_blocked, id=1660, stack(0x0000009768400000,0x0000009768500000) (1024K)]
  0x00000269f9e7d080 JavaThread "Cache worker for cache directory md-supplier (C:\Users\moner\.gradle\caches\9.3.1\md-supplier)"        [_thread_blocked, id=10756, stack(0x0000009768500000,0x0000009768600000) (1024K)]
  0x00000269f9e7c9f0 JavaThread "Cache worker for cache directory md-rule (C:\Users\moner\.gradle\caches\9.3.1\md-rule)"        [_thread_blocked, id=10908, stack(0x0000009768600000,0x0000009768700000) (1024K)]
  0x00000269f9e7d710 JavaThread "jar transforms"                    [_thread_blocked, id=6140, stack(0x0000009768700000,0x0000009768800000) (1024K)]
  0x00000269f9e7dda0 JavaThread "jar transforms Thread 2"           [_thread_blocked, id=9304, stack(0x0000009768800000,0x0000009768900000) (1024K)]
  0x00000269f9e80500 JavaThread "Cache worker for Build Output Cleanup Cache (D:\flutter_windows_3.47.5-stable\flutter\packages\flutter_tools\gradle\.gradle\buildOutputCleanup)"        [_thread_blocked, id=12064, stack(0x0000009765a00000,0x0000009765b00000) (1024K)]
  0x00000269f9e7e430 JavaThread "Unconstrained build operations"        [_thread_blocked, id=18404, stack(0x0000009765b00000,0x0000009765c00000) (1024K)]
  0x00000269f9e81220 JavaThread "Unconstrained build operations Thread 2"        [_thread_blocked, id=11768, stack(0x0000009768900000,0x0000009768a00000) (1024K)]
  0x00000269f9e7c360 JavaThread "Unconstrained build operations Thread 3"        [_thread_blocked, id=12352, stack(0x0000009768a00000,0x0000009768b00000) (1024K)]
  0x00000269f9e81f40 JavaThread "Unconstrained build operations Thread 4"        [_thread_blocked, id=9428, stack(0x0000009768b00000,0x0000009768c00000) (1024K)]
  0x00000269f9e7b640 JavaThread "Unconstrained build operations Thread 5"        [_thread_blocked, id=17860, stack(0x0000009768c00000,0x0000009768d00000) (1024K)]
  0x00000269f9e7f150 JavaThread "Unconstrained build operations Thread 6"        [_thread_blocked, id=18044, stack(0x0000009768d00000,0x0000009768e00000) (1024K)]
  0x00000269f9e7f7e0 JavaThread "Unconstrained build operations Thread 7"        [_thread_blocked, id=14544, stack(0x0000009768e00000,0x0000009768f00000) (1024K)]
  0x00000269f9e7bcd0 JavaThread "Unconstrained build operations Thread 8"        [_thread_blocked, id=15284, stack(0x0000009768f00000,0x0000009769000000) (1024K)]
  0x00000269fb4a7630 JavaThread "Unconstrained build operations Thread 9"        [_thread_blocked, id=13596, stack(0x0000009769000000,0x0000009769100000) (1024K)]
  0x00000269fb4a6fa0 JavaThread "Memory manager"                    [_thread_blocked, id=7680, stack(0x0000009769100000,0x0000009769200000) (1024K)]
  0x00000269fb4a20e0 JavaThread "build event listener"              [_thread_blocked, id=12988, stack(0x0000009769200000,0x0000009769300000) (1024K)]
  0x00000269fb4a4840 JavaThread "Execution worker"                  [_thread_blocked, id=9272, stack(0x0000009769400000,0x0000009769500000) (1024K)]
  0x00000269fb4a1a50 JavaThread "Execution worker Thread 2"         [_thread_blocked, id=17264, stack(0x0000009769500000,0x0000009769600000) (1024K)]
  0x00000269fb4a4ed0 JavaThread "Execution worker Thread 3"         [_thread_blocked, id=15608, stack(0x0000009769600000,0x0000009769700000) (1024K)]
  0x00000269fb4a41b0 JavaThread "Cache worker for execution history cache (D:\flutter_windows_3.47.5-stable\flutter\packages\flutter_tools\gradle\.gradle\9.3.1\executionHistory)"        [_thread_blocked, id=10692, stack(0x0000009769700000,0x0000009769800000) (1024K)]
  0x00000269fb4a2770 JavaThread "Unconstrained build operations Thread 10"        [_thread_blocked, id=14580, stack(0x0000009769800000,0x0000009769900000) (1024K)]
  0x00000269fb4a5560 JavaThread "Unconstrained build operations Thread 11"        [_thread_blocked, id=13484, stack(0x0000009769900000,0x0000009769a00000) (1024K)]
  0x00000269fb4a3490 JavaThread "Unconstrained build operations Thread 12"        [_thread_blocked, id=18052, stack(0x0000009769a00000,0x0000009769b00000) (1024K)]
  0x00000269fb4a5bf0 JavaThread "Unconstrained build operations Thread 13"        [_thread_blocked, id=9276, stack(0x0000009769b00000,0x0000009769c00000) (1024K)]
  0x00000269fb4a6280 JavaThread "Unconstrained build operations Thread 14"        [_thread_blocked, id=8228, stack(0x0000009769c00000,0x0000009769d00000) (1024K)]
  0x00000269fb4a6910 JavaThread "Unconstrained build operations Thread 15"        [_thread_blocked, id=17924, stack(0x0000009769d00000,0x0000009769e00000) (1024K)]
  0x00000269fb4a2e00 JavaThread "Unconstrained build operations Thread 16"        [_thread_blocked, id=7396, stack(0x0000009769e00000,0x0000009769f00000) (1024K)]
  0x00000269fb4a3b20 JavaThread "Unconstrained build operations Thread 17"        [_thread_blocked, id=15780, stack(0x0000009769f00000,0x000000976a000000) (1024K)]
  0x00000269f979b080 JavaThread "Unconstrained build operations Thread 18"        [_thread_blocked, id=11668, stack(0x000000976a000000,0x000000976a100000) (1024K)]
  0x00000269fc678af0 JavaThread "Unconstrained build operations Thread 19"        [_thread_blocked, id=10496, stack(0x000000976a100000,0x000000976a200000) (1024K)]
  0x00000269fc679180 JavaThread "Unconstrained build operations Thread 20"        [_thread_blocked, id=10420, stack(0x000000976a200000,0x000000976a300000) (1024K)]
  0x00000269fc679810 JavaThread "Unconstrained build operations Thread 21"        [_thread_blocked, id=14504, stack(0x000000976a300000,0x000000976a400000) (1024K)]
  0x00000269fc679ea0 JavaThread "Unconstrained build operations Thread 22"        [_thread_blocked, id=17684, stack(0x000000976a400000,0x000000976a500000) (1024K)]
  0x00000269fc67a530 JavaThread "Unconstrained build operations Thread 23"        [_thread_blocked, id=14212, stack(0x000000976a500000,0x000000976a600000) (1024K)]
  0x00000269fc678460 JavaThread "Unconstrained build operations Thread 24"        [_thread_blocked, id=14376, stack(0x000000976a600000,0x000000976a700000) (1024K)]
  0x00000269fc6742c0 JavaThread "Unconstrained build operations Thread 25"        [_thread_blocked, id=7360, stack(0x000000976a700000,0x000000976a800000) (1024K)]
  0x00000269fc67b250 JavaThread "Unconstrained build operations Thread 26"        [_thread_blocked, id=17392, stack(0x000000976a800000,0x000000976a900000) (1024K)]
  0x00000269fc67abc0 JavaThread "Unconstrained build operations Thread 27"        [_thread_blocked, id=16192, stack(0x000000976a900000,0x000000976aa00000) (1024K)]
  0x00000269fc674950 JavaThread "Unconstrained build operations Thread 28"        [_thread_blocked, id=14472, stack(0x000000976aa00000,0x000000976ab00000) (1024K)]
  0x00000269fc674fe0 JavaThread "Unconstrained build operations Thread 29"        [_thread_blocked, id=5896, stack(0x000000976ab00000,0x000000976ac00000) (1024K)]
Total: 71

Other Threads:
  0x00000269f33c6330 VMThread "VM Thread"                           [id=13928, stack(0x0000009766300000,0x0000009766400000) (1024K)] _threads_hazard_ptr=0x00000269fa552510
  0x00000269d74eeb90 WatcherThread "VM Periodic Task Thread"        [id=7664, stack(0x0000009766200000,0x0000009766300000) (1024K)]
  0x00000269d74628e0 WorkerThread "GC Thread#0"                     [id=12424, stack(0x0000009765d00000,0x0000009765e00000) (1024K)]
  0x00000269f3725490 WorkerThread "GC Thread#1"                     [id=18208, stack(0x0000009766e00000,0x0000009766f00000) (1024K)]
  0x00000269f3725830 WorkerThread "GC Thread#2"                     [id=9648, stack(0x0000009766f00000,0x0000009767000000) (1024K)]
  0x00000269f386e240 WorkerThread "GC Thread#3"                     [id=17488, stack(0x0000009767000000,0x0000009767100000) (1024K)]
  0x00000269d746b8c0 ConcurrentGCThread "G1 Main Marker"            [id=10516, stack(0x0000009765e00000,0x0000009765f00000) (1024K)]
  0x00000269d746d3d0 WorkerThread "G1 Conc#0"                       [id=16380, stack(0x0000009765f00000,0x0000009766000000) (1024K)]
  0x00000269f32810a0 ConcurrentGCThread "G1 Refine#0"               [id=9708, stack(0x0000009766000000,0x0000009766100000) (1024K)]
  0x00000269d74e5690 ConcurrentGCThread "G1 Service"                [id=3444, stack(0x0000009766100000,0x0000009766200000) (1024K)]
Total: 10

Threads with active compile tasks:
Total: 0

VM state: synchronizing (normal execution)

VM Mutex/Monitor currently owned by a thread:  ([mutex/lock_event])
[0x00007fffd7e3b4f0] Metaspace_lock - owner thread: 0x00000269f979c430
[0x00007fffd7e3d570] Threads_lock - owner thread: 0x00000269f33c6330

Heap address: 0x00000000c0000000, size: 1024 MB, Compressed Oops mode: 32-bit

CDS archive(s) mapped at: [0x0000026980000000-0x0000026980c80000-0x0000026980c80000), size 13107200, SharedBaseAddress: 0x0000026980000000, ArchiveRelocationMode: 1.
Compressed class space mapped at: 0x0000026981000000-0x000002699b000000, reserved size: 436207616
Narrow klass base: 0x0000026980000000, Narrow klass shift: 0, Narrow klass range: 0x100000000

GC Precious Log:
 CardTable entry size: 512
 Card Set container configuration: InlinePtr #cards 5 size 8 Array Of Cards #cards 12 size 40 Howl #buckets 4 coarsen threshold 1843 Howl Bitmap #cards 512 size 80 coarsen threshold 460 Card regions per heap region 1 cards per card region 2048
 CPUs: 4 total, 4 available
 Memory: 8123M
 Large Page Support: Disabled
 NUMA Support: Disabled
 Compressed Oops: Enabled (32-bit)
 Heap Region Size: 1M
 Heap Min Capacity: 8M
 Heap Initial Capacity: 128M
 Heap Max Capacity: 1G
 Pre-touch: Disabled
 Parallel Workers: 4
 Concurrent Workers: 1
 Concurrent Refinement Workers: 4
 Periodic GC: Disabled

Heap:
 garbage-first heap   total 116736K, used 91614K [0x00000000c0000000, 0x0000000100000000)
  region size 1024K, 26 young (26624K), 1 survivors (1024K)
 Metaspace       used 79192K, committed 81408K, reserved 557056K
  class space    used 11896K, committed 12992K, reserved 425984K

Heap Regions: E=young(eden), S=young(survivor), O=old, HS=humongous(starts), HC=humongous(continues), CS=collection set, F=free, TAMS=top-at-mark-start, PB=parsable bottom
|   0|0x00000000c0000000, 0x00000000c0100000, 0x00000000c0100000|100%|HS|  |TAMS 0x00000000c0000000| PB 0x00000000c0000000| Complete 
|   1|0x00000000c0100000, 0x00000000c0200000, 0x00000000c0200000|100%|HC|  |TAMS 0x00000000c0100000| PB 0x00000000c0100000| Complete 
|   2|0x00000000c0200000, 0x00000000c0300000, 0x00000000c0300000|100%|HC|  |TAMS 0x00000000c0200000| PB 0x00000000c0200000| Complete 
|   3|0x00000000c0300000, 0x00000000c0400000, 0x00000000c0400000|100%|HC|  |TAMS 0x00000000c0300000| PB 0x00000000c0300000| Complete 
|   4|0x00000000c0400000, 0x00000000c0500000, 0x00000000c0500000|100%| O|  |TAMS 0x00000000c0400000| PB 0x00000000c0400000| Untracked 
|   5|0x00000000c0500000, 0x00000000c0600000, 0x00000000c0600000|100%| O|  |TAMS 0x00000000c0500000| PB 0x00000000c0500000| Untracked 
|   6|0x00000000c0600000, 0x00000000c0700000, 0x00000000c0700000|100%| O|  |TAMS 0x00000000c0600000| PB 0x00000000c0600000| Untracked 
|   7|0x00000000c0700000, 0x00000000c0800000, 0x00000000c0800000|100%|HS|  |TAMS 0x00000000c0700000| PB 0x00000000c0700000| Complete 
|   8|0x00000000c0800000, 0x00000000c0900000, 0x00000000c0900000|100%| O|  |TAMS 0x00000000c0800000| PB 0x00000000c0800000| Untracked 
|   9|0x00000000c0900000, 0x00000000c0a00000, 0x00000000c0a00000|100%| O|  |TAMS 0x00000000c0900000| PB 0x00000000c0900000| Untracked 
|  10|0x00000000c0a00000, 0x00000000c0b00000, 0x00000000c0b00000|100%| O|  |TAMS 0x00000000c0a00000| PB 0x00000000c0a00000| Untracked 
|  11|0x00000000c0b00000, 0x00000000c0c00000, 0x00000000c0c00000|100%| O|  |TAMS 0x00000000c0b00000| PB 0x00000000c0b00000| Untracked 
|  12|0x00000000c0c00000, 0x00000000c0d00000, 0x00000000c0d00000|100%| O|  |TAMS 0x00000000c0c00000| PB 0x00000000c0c00000| Untracked 
|  13|0x00000000c0d00000, 0x00000000c0e00000, 0x00000000c0e00000|100%| O|  |TAMS 0x00000000c0d00000| PB 0x00000000c0d00000| Untracked 
|  14|0x00000000c0e00000, 0x00000000c0f00000, 0x00000000c0f00000|100%| O|  |TAMS 0x00000000c0e00000| PB 0x00000000c0e00000| Untracked 
|  15|0x00000000c0f00000, 0x00000000c1000000, 0x00000000c1000000|100%| O|  |TAMS 0x00000000c0f00000| PB 0x00000000c0f00000| Untracked 
|  16|0x00000000c1000000, 0x00000000c1100000, 0x00000000c1100000|100%| O|  |TAMS 0x00000000c1000000| PB 0x00000000c1000000| Untracked 
|  17|0x00000000c1100000, 0x00000000c1200000, 0x00000000c1200000|100%| O|  |TAMS 0x00000000c1100000| PB 0x00000000c1100000| Untracked 
|  18|0x00000000c1200000, 0x00000000c1300000, 0x00000000c1300000|100%| O|  |TAMS 0x00000000c1200000| PB 0x00000000c1200000| Untracked 
|  19|0x00000000c1300000, 0x00000000c1400000, 0x00000000c1400000|100%| O|  |TAMS 0x00000000c1300000| PB 0x00000000c1300000| Untracked 
|  20|0x00000000c1400000, 0x00000000c1500000, 0x00000000c1500000|100%| O|  |TAMS 0x00000000c1400000| PB 0x00000000c1400000| Untracked 
|  21|0x00000000c1500000, 0x00000000c1600000, 0x00000000c1600000|100%| O|  |TAMS 0x00000000c1500000| PB 0x00000000c1500000| Untracked 
|  22|0x00000000c1600000, 0x00000000c1600000, 0x00000000c1700000|  0%| F|  |TAMS 0x00000000c1600000| PB 0x00000000c1600000| Untracked 
|  23|0x00000000c1700000, 0x00000000c1800000, 0x00000000c1800000|100%| O|  |TAMS 0x00000000c1700000| PB 0x00000000c1700000| Untracked 
|  24|0x00000000c1800000, 0x00000000c1900000, 0x00000000c1900000|100%| O|  |TAMS 0x00000000c1800000| PB 0x00000000c1800000| Untracked 
|  25|0x00000000c1900000, 0x00000000c1a00000, 0x00000000c1a00000|100%| O|  |TAMS 0x00000000c1900000| PB 0x00000000c1900000| Untracked 
|  26|0x00000000c1a00000, 0x00000000c1b00000, 0x00000000c1b00000|100%| O|  |TAMS 0x00000000c1a00000| PB 0x00000000c1a00000| Untracked 
|  27|0x00000000c1b00000, 0x00000000c1c00000, 0x00000000c1c00000|100%| O|  |TAMS 0x00000000c1b00000| PB 0x00000000c1b00000| Untracked 
|  28|0x00000000c1c00000, 0x00000000c1d00000, 0x00000000c1d00000|100%| O|  |TAMS 0x00000000c1c00000| PB 0x00000000c1c00000| Untracked 
|  29|0x00000000c1d00000, 0x00000000c1e00000, 0x00000000c1e00000|100%| O|  |TAMS 0x00000000c1d00000| PB 0x00000000c1d00000| Untracked 
|  30|0x00000000c1e00000, 0x00000000c1f00000, 0x00000000c1f00000|100%| O|  |TAMS 0x00000000c1e00000| PB 0x00000000c1e00000| Untracked 
|  31|0x00000000c1f00000, 0x00000000c2000000, 0x00000000c2000000|100%| O|  |TAMS 0x00000000c1f00000| PB 0x00000000c1f00000| Untracked 
|  32|0x00000000c2000000, 0x00000000c2100000, 0x00000000c2100000|100%| O|  |TAMS 0x00000000c2000000| PB 0x00000000c2000000| Untracked 
|  33|0x00000000c2100000, 0x00000000c2200000, 0x00000000c2200000|100%| O|  |TAMS 0x00000000c2100000| PB 0x00000000c2100000| Untracked 
|  34|0x00000000c2200000, 0x00000000c2300000, 0x00000000c2300000|100%| O|  |TAMS 0x00000000c2200000| PB 0x00000000c2200000| Untracked 
|  35|0x00000000c2300000, 0x00000000c2400000, 0x00000000c2400000|100%| O|  |TAMS 0x00000000c2300000| PB 0x00000000c2300000| Untracked 
|  36|0x00000000c2400000, 0x00000000c2500000, 0x00000000c2500000|100%| O|  |TAMS 0x00000000c2400000| PB 0x00000000c2400000| Untracked 
|  37|0x00000000c2500000, 0x00000000c2600000, 0x00000000c2600000|100%| O|  |TAMS 0x00000000c2500000| PB 0x00000000c2500000| Untracked 
|  38|0x00000000c2600000, 0x00000000c2700000, 0x00000000c2700000|100%| O|  |TAMS 0x00000000c2600000| PB 0x00000000c2600000| Untracked 
|  39|0x00000000c2700000, 0x00000000c2800000, 0x00000000c2800000|100%| O|  |TAMS 0x00000000c2700000| PB 0x00000000c2700000| Untracked 
|  40|0x00000000c2800000, 0x00000000c2900000, 0x00000000c2900000|100%|HS|  |TAMS 0x00000000c2800000| PB 0x00000000c2800000| Complete 
|  41|0x00000000c2900000, 0x00000000c2a00000, 0x00000000c2a00000|100%|HC|  |TAMS 0x00000000c2900000| PB 0x00000000c2900000| Complete 
|  42|0x00000000c2a00000, 0x00000000c2b00000, 0x00000000c2b00000|100%|HS|  |TAMS 0x00000000c2a00000| PB 0x00000000c2a00000| Complete 
|  43|0x00000000c2b00000, 0x00000000c2c00000, 0x00000000c2c00000|100%|HC|  |TAMS 0x00000000c2b00000| PB 0x00000000c2b00000| Complete 
|  44|0x00000000c2c00000, 0x00000000c2d00000, 0x00000000c2d00000|100%| O|  |TAMS 0x00000000c2c00000| PB 0x00000000c2c00000| Untracked 
|  45|0x00000000c2d00000, 0x00000000c2e00000, 0x00000000c2e00000|100%| O|  |TAMS 0x00000000c2d00000| PB 0x00000000c2d00000| Untracked 
|  46|0x00000000c2e00000, 0x00000000c2f00000, 0x00000000c2f00000|100%| O|  |TAMS 0x00000000c2e00000| PB 0x00000000c2e00000| Untracked 
|  47|0x00000000c2f00000, 0x00000000c3000000, 0x00000000c3000000|100%| O|  |TAMS 0x00000000c2f00000| PB 0x00000000c2f00000| Untracked 
|  48|0x00000000c3000000, 0x00000000c3100000, 0x00000000c3100000|100%| O|  |TAMS 0x00000000c3000000| PB 0x00000000c3000000| Untracked 
|  49|0x00000000c3100000, 0x00000000c3200000, 0x00000000c3200000|100%| O|  |TAMS 0x00000000c3100000| PB 0x00000000c3100000| Untracked 
|  50|0x00000000c3200000, 0x00000000c3300000, 0x00000000c3300000|100%| O|  |TAMS 0x00000000c3200000| PB 0x00000000c3200000| Untracked 
|  51|0x00000000c3300000, 0x00000000c3400000, 0x00000000c3400000|100%| O|  |TAMS 0x00000000c3300000| PB 0x00000000c3300000| Untracked 
|  52|0x00000000c3400000, 0x00000000c3500000, 0x00000000c3500000|100%| O|  |TAMS 0x00000000c3400000| PB 0x00000000c3400000| Untracked 
|  53|0x00000000c3500000, 0x00000000c3600000, 0x00000000c3600000|100%| O|  |TAMS 0x00000000c3500000| PB 0x00000000c3500000| Untracked 
|  54|0x00000000c3600000, 0x00000000c3700000, 0x00000000c3700000|100%| O|  |TAMS 0x00000000c3600000| PB 0x00000000c3600000| Untracked 
|  55|0x00000000c3700000, 0x00000000c3800000, 0x00000000c3800000|100%| O|Cm|TAMS 0x00000000c3700000| PB 0x00000000c3700000| Complete 
|  56|0x00000000c3800000, 0x00000000c3900000, 0x00000000c3900000|100%| O|  |TAMS 0x00000000c3800000| PB 0x00000000c3800000| Untracked 
|  57|0x00000000c3900000, 0x00000000c3a00000, 0x00000000c3a00000|100%| O|  |TAMS 0x00000000c3900000| PB 0x00000000c3900000| Untracked 
|  58|0x00000000c3a00000, 0x00000000c3b00000, 0x00000000c3b00000|100%| O|  |TAMS 0x00000000c3a00000| PB 0x00000000c3a00000| Untracked 
|  59|0x00000000c3b00000, 0x00000000c3b00000, 0x00000000c3c00000|  0%| F|  |TAMS 0x00000000c3b00000| PB 0x00000000c3b00000| Untracked 
|  60|0x00000000c3c00000, 0x00000000c3d00000, 0x00000000c3d00000|100%| O|  |TAMS 0x00000000c3c00000| PB 0x00000000c3c00000| Untracked 
|  61|0x00000000c3d00000, 0x00000000c3e00000, 0x00000000c3e00000|100%| O|  |TAMS 0x00000000c3d00000| PB 0x00000000c3d00000| Untracked 
|  62|0x00000000c3e00000, 0x00000000c3f00000, 0x00000000c3f00000|100%| O|  |TAMS 0x00000000c3e00000| PB 0x00000000c3e00000| Untracked 
|  63|0x00000000c3f00000, 0x00000000c4000000, 0x00000000c4000000|100%| O|  |TAMS 0x00000000c3f00000| PB 0x00000000c3f00000| Untracked 
|  64|0x00000000c4000000, 0x00000000c4100000, 0x00000000c4100000|100%| O|  |TAMS 0x00000000c4000000| PB 0x00000000c4000000| Untracked 
|  65|0x00000000c4100000, 0x00000000c4197878, 0x00000000c4200000| 59%| O|  |TAMS 0x00000000c4100000| PB 0x00000000c4100000| Untracked 
|  66|0x00000000c4200000, 0x00000000c4200000, 0x00000000c4300000|  0%| F|  |TAMS 0x00000000c4200000| PB 0x00000000c4200000| Untracked 
|  67|0x00000000c4300000, 0x00000000c4300000, 0x00000000c4400000|  0%| F|  |TAMS 0x00000000c4300000| PB 0x00000000c4300000| Untracked 
|  68|0x00000000c4400000, 0x00000000c4400000, 0x00000000c4500000|  0%| F|  |TAMS 0x00000000c4400000| PB 0x00000000c4400000| Untracked 
|  69|0x00000000c4500000, 0x00000000c4500000, 0x00000000c4600000|  0%| F|  |TAMS 0x00000000c4500000| PB 0x00000000c4500000| Untracked 
|  70|0x00000000c4600000, 0x00000000c4600000, 0x00000000c4700000|  0%| F|  |TAMS 0x00000000c4600000| PB 0x00000000c4600000| Untracked 
|  71|0x00000000c4700000, 0x00000000c4700000, 0x00000000c4800000|  0%| F|  |TAMS 0x00000000c4700000| PB 0x00000000c4700000| Untracked 
|  72|0x00000000c4800000, 0x00000000c4800000, 0x00000000c4900000|  0%| F|  |TAMS 0x00000000c4800000| PB 0x00000000c4800000| Untracked 
|  73|0x00000000c4900000, 0x00000000c4900000, 0x00000000c4a00000|  0%| F|  |TAMS 0x00000000c4900000| PB 0x00000000c4900000| Untracked 
|  74|0x00000000c4a00000, 0x00000000c4a00000, 0x00000000c4b00000|  0%| F|  |TAMS 0x00000000c4a00000| PB 0x00000000c4a00000| Untracked 
|  75|0x00000000c4b00000, 0x00000000c4be0370, 0x00000000c4c00000| 87%| S|CS|TAMS 0x00000000c4b00000| PB 0x00000000c4b00000| Complete 
|  76|0x00000000c4c00000, 0x00000000c4c00000, 0x00000000c4d00000|  0%| F|  |TAMS 0x00000000c4c00000| PB 0x00000000c4c00000| Untracked 
|  77|0x00000000c4d00000, 0x00000000c4d00000, 0x00000000c4e00000|  0%| F|  |TAMS 0x00000000c4d00000| PB 0x00000000c4d00000| Untracked 
|  78|0x00000000c4e00000, 0x00000000c4e00000, 0x00000000c4f00000|  0%| F|  |TAMS 0x00000000c4e00000| PB 0x00000000c4e00000| Untracked 
|  79|0x00000000c4f00000, 0x00000000c4f00000, 0x00000000c5000000|  0%| F|  |TAMS 0x00000000c4f00000| PB 0x00000000c4f00000| Untracked 
|  80|0x00000000c5000000, 0x00000000c5000000, 0x00000000c5100000|  0%| F|  |TAMS 0x00000000c5000000| PB 0x00000000c5000000| Untracked 
|  81|0x00000000c5100000, 0x00000000c5100000, 0x00000000c5200000|  0%| F|  |TAMS 0x00000000c5100000| PB 0x00000000c5100000| Untracked 
|  82|0x00000000c5200000, 0x00000000c5200000, 0x00000000c5300000|  0%| F|  |TAMS 0x00000000c5200000| PB 0x00000000c5200000| Untracked 
|  83|0x00000000c5300000, 0x00000000c5300000, 0x00000000c5400000|  0%| F|  |TAMS 0x00000000c5300000| PB 0x00000000c5300000| Untracked 
|  84|0x00000000c5400000, 0x00000000c5400000, 0x00000000c5500000|  0%| F|  |TAMS 0x00000000c5400000| PB 0x00000000c5400000| Untracked 
|  85|0x00000000c5500000, 0x00000000c5500000, 0x00000000c5600000|  0%| F|  |TAMS 0x00000000c5500000| PB 0x00000000c5500000| Untracked 
|  86|0x00000000c5600000, 0x00000000c5600000, 0x00000000c5700000|  0%| F|  |TAMS 0x00000000c5600000| PB 0x00000000c5600000| Untracked 
|  87|0x00000000c5700000, 0x00000000c5700000, 0x00000000c5800000|  0%| F|  |TAMS 0x00000000c5700000| PB 0x00000000c5700000| Untracked 
|  88|0x00000000c5800000, 0x00000000c5803450, 0x00000000c5900000|  1%| E|  |TAMS 0x00000000c5800000| PB 0x00000000c5800000| Complete 
|  89|0x00000000c5900000, 0x00000000c5a00000, 0x00000000c5a00000|100%| E|CS|TAMS 0x00000000c5900000| PB 0x00000000c5900000| Complete 
|  90|0x00000000c5a00000, 0x00000000c5b00000, 0x00000000c5b00000|100%| E|CS|TAMS 0x00000000c5a00000| PB 0x00000000c5a00000| Complete 
|  91|0x00000000c5b00000, 0x00000000c5c00000, 0x00000000c5c00000|100%| E|CS|TAMS 0x00000000c5b00000| PB 0x00000000c5b00000| Complete 
|  92|0x00000000c5c00000, 0x00000000c5d00000, 0x00000000c5d00000|100%| E|CS|TAMS 0x00000000c5c00000| PB 0x00000000c5c00000| Complete 
|  93|0x00000000c5d00000, 0x00000000c5e00000, 0x00000000c5e00000|100%| E|CS|TAMS 0x00000000c5d00000| PB 0x00000000c5d00000| Complete 
|  94|0x00000000c5e00000, 0x00000000c5f00000, 0x00000000c5f00000|100%| E|CS|TAMS 0x00000000c5e00000| PB 0x00000000c5e00000| Complete 
|  95|0x00000000c5f00000, 0x00000000c6000000, 0x00000000c6000000|100%| E|CS|TAMS 0x00000000c5f00000| PB 0x00000000c5f00000| Complete 
|  96|0x00000000c6000000, 0x00000000c6100000, 0x00000000c6100000|100%| E|CS|TAMS 0x00000000c6000000| PB 0x00000000c6000000| Complete 
|  97|0x00000000c6100000, 0x00000000c6200000, 0x00000000c6200000|100%| E|CS|TAMS 0x00000000c6100000| PB 0x00000000c6100000| Complete 
|  98|0x00000000c6200000, 0x00000000c6300000, 0x00000000c6300000|100%| E|CS|TAMS 0x00000000c6200000| PB 0x00000000c6200000| Complete 
|  99|0x00000000c6300000, 0x00000000c6400000, 0x00000000c6400000|100%| E|CS|TAMS 0x00000000c6300000| PB 0x00000000c6300000| Complete 
| 100|0x00000000c6400000, 0x00000000c6500000, 0x00000000c6500000|100%| E|CS|TAMS 0x00000000c6400000| PB 0x00000000c6400000| Complete 
| 101|0x00000000c6500000, 0x00000000c6600000, 0x00000000c6600000|100%| E|CS|TAMS 0x00000000c6500000| PB 0x00000000c6500000| Complete 
| 102|0x00000000c6600000, 0x00000000c6700000, 0x00000000c6700000|100%| E|CS|TAMS 0x00000000c6600000| PB 0x00000000c6600000| Complete 
| 103|0x00000000c6700000, 0x00000000c6800000, 0x00000000c6800000|100%| E|CS|TAMS 0x00000000c6700000| PB 0x00000000c6700000| Complete 
| 104|0x00000000c6800000, 0x00000000c6900000, 0x00000000c6900000|100%| E|CS|TAMS 0x00000000c6800000| PB 0x00000000c6800000| Complete 
| 105|0x00000000c6900000, 0x00000000c6a00000, 0x00000000c6a00000|100%| E|CS|TAMS 0x00000000c6900000| PB 0x00000000c6900000| Complete 
| 106|0x00000000c6a00000, 0x00000000c6b00000, 0x00000000c6b00000|100%| E|CS|TAMS 0x00000000c6a00000| PB 0x00000000c6a00000| Complete 
| 107|0x00000000c6b00000, 0x00000000c6c00000, 0x00000000c6c00000|100%| E|CS|TAMS 0x00000000c6b00000| PB 0x00000000c6b00000| Complete 
| 108|0x00000000c6c00000, 0x00000000c6d00000, 0x00000000c6d00000|100%| E|CS|TAMS 0x00000000c6c00000| PB 0x00000000c6c00000| Complete 
| 109|0x00000000c6d00000, 0x00000000c6e00000, 0x00000000c6e00000|100%| E|CS|TAMS 0x00000000c6d00000| PB 0x00000000c6d00000| Complete 
| 110|0x00000000c6e00000, 0x00000000c6f00000, 0x00000000c6f00000|100%| E|CS|TAMS 0x00000000c6e00000| PB 0x00000000c6e00000| Complete 
| 127|0x00000000c7f00000, 0x00000000c8000000, 0x00000000c8000000|100%| E|CS|TAMS 0x00000000c7f00000| PB 0x00000000c7f00000| Complete 
|1022|0x00000000ffe00000, 0x00000000fff00000, 0x00000000fff00000|100%| E|CS|TAMS 0x00000000ffe00000| PB 0x00000000ffe00000| Complete 
|1023|0x00000000fff00000, 0x0000000100000000, 0x0000000100000000|100%| O|  |TAMS 0x00000000fff00000| PB 0x00000000fff00000| Untracked 

Card table byte_map: [0x00000269efd40000,0x00000269eff40000] _byte_map_base: 0x00000269ef740000

Marking Bits: (CMBitMap*) 0x00000269d7462fe0
 Bits: [0x00000269eff40000, 0x00000269f0f40000)

Polling page: 0x00000269d5420000

Metaspace:

Usage:
  Non-class:     65.72 MB used.
      Class:     11.62 MB used.
       Both:     77.34 MB used.

Virtual space:
  Non-class space:      128.00 MB reserved,      66.81 MB ( 52%) committed,  2 nodes.
      Class space:      416.00 MB reserved,      12.69 MB (  3%) committed,  1 nodes.
             Both:      544.00 MB reserved,      79.50 MB ( 15%) committed. 

Chunk freelists:
   Non-Class:  12.61 MB
       Class:  3.16 MB
        Both:  15.77 MB

MaxMetaspaceSize: 512.00 MB
CompressedClassSpaceSize: 416.00 MB
Initial GC threshold: 21.00 MB
Current GC threshold: 123.06 MB
CDS: on
 - commit_granule_bytes: 65536.
 - commit_granule_words: 8192.
 - virtual_space_node_default_size: 8388608.
 - enlarge_chunks_in_place: 1.
 - use_allocation_guard: 0.


Internal statistics:

num_allocs_failed_limit: 6.
num_arena_births: 4048.
num_arena_deaths: 2.
num_vsnodes_births: 3.
num_vsnodes_deaths: 0.
num_space_committed: 1272.
num_space_uncommitted: 0.
num_chunks_returned_to_freelist: 8.
num_chunks_taken_from_freelist: 7986.
num_chunk_merges: 6.
num_chunk_splits: 5119.
num_chunks_enlarged: 3059.
num_inconsistent_stats: 0.

CodeHeap 'non-profiled nmethods': size=128192Kb used=5857Kb max_used=5857Kb free=122334Kb
 bounds [0x00000269e7e10000, 0x00000269e83d0000, 0x00000269efb40000]
CodeHeap 'profiled nmethods': size=128192Kb used=16424Kb max_used=17083Kb free=111767Kb
 bounds [0x00000269dfb40000, 0x00000269e0c00000, 0x00000269e7870000]
CodeHeap 'non-nmethods': size=5760Kb used=1962Kb max_used=2019Kb free=3797Kb
 bounds [0x00000269e7870000, 0x00000269e7ae0000, 0x00000269e7e10000]
CodeCache: size=262144Kb, used=24243Kb, max_used=24959Kb, free=237898Kb
 total_blobs=9906, nmethods=9078, adapters=732, full_count=0
Compilation: enabled, stopped_count=0, restarted_count=0

Compilation events (20 events):
Event: 336.841 Thread 0x00000269f33f4c30 10913       1       kotlin.ranges.IntProgression::getFirst (5 bytes)
Event: 336.842 Thread 0x00000269f33f4c30 nmethod 10913 0x00000269e7ff5d10 code [0x00000269e7ff5ea0, 0x00000269e7ff5f68]
Event: 337.902 Thread 0x00000269f33f4c30 10914       1       kotlin.jvm.internal.CallableReference::getName (5 bytes)
Event: 337.902 Thread 0x00000269f33f4c30 nmethod 10914 0x00000269e7ff5910 code [0x00000269e7ff5aa0, 0x00000269e7ff5b68]
Event: 337.903 Thread 0x00000269f33f4c30 10915       1       kotlin.jvm.internal.CallableReference::getSignature (5 bytes)
Event: 337.903 Thread 0x00000269f33f4c30 nmethod 10915 0x00000269e81db090 code [0x00000269e81db220, 0x00000269e81db2e8]
Event: 337.903 Thread 0x00000269f33f4c30 10916       1       kotlin.jvm.internal.CallableReference::getBoundReceiver (5 bytes)
Event: 337.903 Thread 0x00000269f33f4c30 nmethod 10916 0x00000269e81dad90 code [0x00000269e81daf20, 0x00000269e81dafe8]
Event: 338.298 Thread 0x00000269f33edc40 10917   !   4       java.util.zip.InflaterInputStream::read (129 bytes)
Event: 338.316 Thread 0x00000269f33f4c30 10918       3       sun.nio.fs.WindowsPathParser::isSlash (18 bytes)
Event: 338.317 Thread 0x00000269f33f4c30 nmethod 10918 0x00000269e04b2d10 code [0x00000269e04b2ea0, 0x00000269e04b3010]
Event: 338.342 Thread 0x00000269f33f4c30 10919       3       org.gradle.internal.serialize.InputStreamBackedDecoder::readInt (8 bytes)
Event: 338.343 Thread 0x00000269f33f4c30 nmethod 10919 0x00000269e022aa10 code [0x00000269e022ac20, 0x00000269e022b2a0]
Event: 338.344 Thread 0x00000269f33f4c30 10920       3       org.gradle.internal.serialize.InputStreamBackedDecoder::readString (8 bytes)
Event: 338.344 Thread 0x00000269f33f4c30 nmethod 10920 0x00000269e0573890 code [0x00000269e0573a40, 0x00000269e0573bd8]
Event: 338.348 Thread 0x00000269f33f4c30 10921       3       org.jetbrains.kotlin.it.unimi.dsi.fastutil.HashCommon::mix (10 bytes)
Event: 338.348 Thread 0x00000269f33f4c30 nmethod 10921 0x00000269dff73b10 code [0x00000269dff73ca0, 0x00000269dff73da0]
Event: 338.543 Thread 0x00000269f33edc40 nmethod 10917 0x00000269e83c5090 code [0x00000269e83c5520, 0x00000269e83c9598]
Event: 338.995 Thread 0x00000269f33f4c30 10922       3       sun.nio.fs.WindowsPathParser::normalize (233 bytes)
Event: 339.003 Thread 0x00000269f33f4c30 nmethod 10922 0x00000269dfd63210 code [0x00000269dfd637c0, 0x00000269dfd662f0]

GC Heap History (20 events):
Event: 273.886 GC heap before
{Heap before GC invocations=30 (full 0):
 garbage-first heap   total 102400K, used 85935K [0x00000000c0000000, 0x0000000100000000)
  region size 1024K, 28 young (28672K), 3 survivors (3072K)
 Metaspace       used 73190K, committed 75456K, reserved 491520K
  class space    used 10736K, committed 11840K, reserved 425984K
}
Event: 273.904 GC heap after
{Heap after GC invocations=31 (full 0):
 garbage-first heap   total 102400K, used 63154K [0x00000000c0000000, 0x0000000100000000)
  region size 1024K, 2 young (2048K), 2 survivors (2048K)
 Metaspace       used 73190K, committed 75456K, reserved 491520K
  class space    used 10736K, committed 11840K, reserved 425984K
}
Event: 285.052 GC heap before
{Heap before GC invocations=31 (full 0):
 garbage-first heap   total 102400K, used 93874K [0x00000000c0000000, 0x0000000100000000)
  region size 1024K, 33 young (33792K), 2 survivors (2048K)
 Metaspace       used 73305K, committed 75584K, reserved 491520K
  class space    used 10738K, committed 11840K, reserved 425984K
}
Event: 285.085 GC heap after
{Heap after GC invocations=32 (full 0):
 garbage-first heap   total 102400K, used 64281K [0x00000000c0000000, 0x0000000100000000)
  region size 1024K, 4 young (4096K), 4 survivors (4096K)
 Metaspace       used 73305K, committed 75584K, reserved 491520K
  class space    used 10738K, committed 11840K, reserved 425984K
}
Event: 298.683 GC heap before
{Heap before GC invocations=32 (full 0):
 garbage-first heap   total 102400K, used 92953K [0x00000000c0000000, 0x0000000100000000)
  region size 1024K, 33 young (33792K), 4 survivors (4096K)
 Metaspace       used 73319K, committed 75584K, reserved 491520K
  class space    used 10738K, committed 11840K, reserved 425984K
}
Event: 298.709 GC heap after
{Heap after GC invocations=33 (full 0):
 garbage-first heap   total 102400K, used 65772K [0x00000000c0000000, 0x0000000100000000)
  region size 1024K, 4 young (4096K), 4 survivors (4096K)
 Metaspace       used 73319K, committed 75584K, reserved 491520K
  class space    used 10738K, committed 11840K, reserved 425984K
}
Event: 311.767 GC heap before
{Heap before GC invocations=34 (full 0):
 garbage-first heap   total 112640K, used 93420K [0x00000000c0000000, 0x0000000100000000)
  region size 1024K, 32 young (32768K), 4 survivors (4096K)
 Metaspace       used 73323K, committed 75584K, reserved 491520K
  class space    used 10738K, committed 11840K, reserved 425984K
}
Event: 311.783 GC heap after
{Heap after GC invocations=35 (full 0):
 garbage-first heap   total 112640K, used 67298K [0x00000000c0000000, 0x0000000100000000)
  region size 1024K, 4 young (4096K), 4 survivors (4096K)
 Metaspace       used 73323K, committed 75584K, reserved 491520K
  class space    used 10738K, committed 11840K, reserved 425984K
}
Event: 315.676 GC heap before
{Heap before GC invocations=35 (full 0):
 garbage-first heap   total 112640K, used 103138K [0x00000000c0000000, 0x0000000100000000)
  region size 1024K, 40 young (40960K), 4 survivors (4096K)
 Metaspace       used 73418K, committed 75648K, reserved 491520K
  class space    used 10751K, committed 11840K, reserved 425984K
}
Event: 315.707 GC heap after
{Heap after GC invocations=36 (full 0):
 garbage-first heap   total 112640K, used 67852K [0x00000000c0000000, 0x0000000100000000)
  region size 1024K, 3 young (3072K), 3 survivors (3072K)
 Metaspace       used 73418K, committed 75648K, reserved 491520K
  class space    used 10751K, committed 11840K, reserved 425984K
}
Event: 317.732 GC heap before
{Heap before GC invocations=36 (full 0):
 garbage-first heap   total 112640K, used 104716K [0x00000000c0000000, 0x0000000100000000)
  region size 1024K, 39 young (39936K), 3 survivors (3072K)
 Metaspace       used 73418K, committed 75648K, reserved 491520K
  class space    used 10751K, committed 11840K, reserved 425984K
}
Event: 317.741 GC heap after
{Heap after GC invocations=37 (full 0):
 garbage-first heap   total 112640K, used 67848K [0x00000000c0000000, 0x0000000100000000)
  region size 1024K, 3 young (3072K), 3 survivors (3072K)
 Metaspace       used 73418K, committed 75648K, reserved 491520K
  class space    used 10751K, committed 11840K, reserved 425984K
}
Event: 320.212 GC heap before
{Heap before GC invocations=38 (full 0):
 garbage-first heap   total 114688K, used 103688K [0x00000000c0000000, 0x0000000100000000)
  region size 1024K, 39 young (39936K), 3 survivors (3072K)
 Metaspace       used 73419K, committed 75648K, reserved 491520K
  class space    used 10751K, committed 11840K, reserved 425984K
}
Event: 320.220 GC heap after
{Heap after GC invocations=39 (full 0):
 garbage-first heap   total 114688K, used 67398K [0x00000000c0000000, 0x0000000100000000)
  region size 1024K, 1 young (1024K), 1 survivors (1024K)
 Metaspace       used 73419K, committed 75648K, reserved 491520K
  class space    used 10751K, committed 11840K, reserved 425984K
}
Event: 322.971 GC heap before
{Heap before GC invocations=39 (full 0):
 garbage-first heap   total 114688K, used 107334K [0x00000000c0000000, 0x0000000100000000)
  region size 1024K, 40 young (40960K), 1 survivors (1024K)
 Metaspace       used 73438K, committed 75648K, reserved 491520K
  class space    used 10751K, committed 11840K, reserved 425984K
}
Event: 322.989 GC heap after
{Heap after GC invocations=40 (full 0):
 garbage-first heap   total 114688K, used 67805K [0x00000000c0000000, 0x0000000100000000)
  region size 1024K, 1 young (1024K), 1 survivors (1024K)
 Metaspace       used 73438K, committed 75648K, reserved 491520K
  class space    used 10751K, committed 11840K, reserved 425984K
}
Event: 324.410 GC heap before
{Heap before GC invocations=40 (full 0):
 garbage-first heap   total 114688K, used 106717K [0x00000000c0000000, 0x0000000100000000)
  region size 1024K, 39 young (39936K), 1 survivors (1024K)
 Metaspace       used 73438K, committed 75648K, reserved 491520K
  class space    used 10751K, committed 11840K, reserved 425984K
}
Event: 324.414 GC heap after
{Heap after GC invocations=41 (full 0):
 garbage-first heap   total 114688K, used 68398K [0x00000000c0000000, 0x0000000100000000)
  region size 1024K, 2 young (2048K), 2 survivors (2048K)
 Metaspace       used 73438K, committed 75648K, reserved 491520K
  class space    used 10751K, committed 11840K, reserved 425984K
}
Event: 333.764 GC heap before
{Heap before GC invocations=42 (full 0):
 garbage-first heap   total 116736K, used 106286K [0x00000000c0000000, 0x0000000100000000)
  region size 1024K, 39 young (39936K), 2 survivors (2048K)
 Metaspace       used 75390K, committed 77632K, reserved 557056K
  class space    used 11086K, committed 12160K, reserved 425984K
}
Event: 333.770 GC heap after
{Heap after GC invocations=43 (full 0):
 garbage-first heap   total 116736K, used 67038K [0x00000000c0000000, 0x0000000100000000)
  region size 1024K, 1 young (1024K), 1 survivors (1024K)
 Metaspace       used 75390K, committed 77632K, reserved 557056K
  class space    used 11086K, committed 12160K, reserved 425984K
}

Dll operation events (15 events):
Event: 0.146 Loaded shared library C:\Users\moner\AppData\Roaming\Code\User\globalStorage\pleiades.java-extension-pack-jdk\java\21\bin\java.dll
Event: 0.609 Loaded shared library C:\Users\moner\AppData\Roaming\Code\User\globalStorage\pleiades.java-extension-pack-jdk\java\21\bin\jsvml.dll
Event: 1.150 Loaded shared library C:\Users\moner\AppData\Roaming\Code\User\globalStorage\pleiades.java-extension-pack-jdk\java\21\bin\zip.dll
Event: 1.277 Loaded shared library C:\Users\moner\AppData\Roaming\Code\User\globalStorage\pleiades.java-extension-pack-jdk\java\21\bin\instrument.dll
Event: 1.315 Loaded shared library C:\Users\moner\AppData\Roaming\Code\User\globalStorage\pleiades.java-extension-pack-jdk\java\21\bin\net.dll
Event: 1.345 Loaded shared library C:\Users\moner\AppData\Roaming\Code\User\globalStorage\pleiades.java-extension-pack-jdk\java\21\bin\nio.dll
Event: 1.365 Loaded shared library C:\Users\moner\AppData\Roaming\Code\User\globalStorage\pleiades.java-extension-pack-jdk\java\21\bin\zip.dll
Event: 5.755 Loaded shared library C:\Users\moner\AppData\Roaming\Code\User\globalStorage\pleiades.java-extension-pack-jdk\java\21\bin\jimage.dll
Event: 9.201 Loaded shared library C:\Users\moner\AppData\Roaming\Code\User\globalStorage\pleiades.java-extension-pack-jdk\java\21\bin\verify.dll
Event: 9.651 Loaded shared library C:\Users\moner\.gradle\native\660c5614fbf4a5f2a75b1949f50a0caf5cd603558e7d8a26e50b933a0cfb79d1\windows-amd64\native-platform.dll
Event: 9.728 Loaded shared library C:\Users\moner\.gradle\native\0.2.8\x86_64-windows-gnu\gradle-fileevents.dll
Event: 24.195 Loaded shared library C:\Users\moner\AppData\Roaming\Code\User\globalStorage\pleiades.java-extension-pack-jdk\java\21\bin\management.dll
Event: 24.206 Loaded shared library C:\Users\moner\AppData\Roaming\Code\User\globalStorage\pleiades.java-extension-pack-jdk\java\21\bin\management_ext.dll
Event: 26.748 Loaded shared library C:\Users\moner\AppData\Roaming\Code\User\globalStorage\pleiades.java-extension-pack-jdk\java\21\bin\extnet.dll
Event: 28.958 Loaded shared library C:\Users\moner\AppData\Roaming\Code\User\globalStorage\pleiades.java-extension-pack-jdk\java\21\bin\sunmscapi.dll

Deoptimization events (20 events):
Event: 337.727 Thread 0x00000269f979c430 Uncommon trap: trap_request=0xffffffde fr.pc=0x00000269e7e8d240 relative=0x00000000000008a0
Event: 337.727 Thread 0x00000269f979c430 Uncommon trap: reason=class_check action=maybe_recompile pc=0x00000269e7e8d240 method=jdk.internal.reflect.Reflection.filterMethods(Ljava/lang/Class;[Ljava/lang/reflect/Method;)[Ljava/lang/reflect/Method; @ 13 c2
Event: 337.727 Thread 0x00000269f979c430 DEOPT PACKING pc=0x00000269e7e8d240 sp=0x00000097677f4cc0
Event: 337.727 Thread 0x00000269f979c430 DEOPT UNPACKING pc=0x00000269e78c4422 sp=0x00000097677f4c08 mode 2
Event: 337.727 Thread 0x00000269f979c430 Uncommon trap: trap_request=0xffffffde fr.pc=0x00000269e7e8d240 relative=0x00000000000008a0
Event: 337.727 Thread 0x00000269f979c430 Uncommon trap: reason=class_check action=maybe_recompile pc=0x00000269e7e8d240 method=jdk.internal.reflect.Reflection.filterMethods(Ljava/lang/Class;[Ljava/lang/reflect/Method;)[Ljava/lang/reflect/Method; @ 13 c2
Event: 337.727 Thread 0x00000269f979c430 DEOPT PACKING pc=0x00000269e7e8d240 sp=0x00000097677f4880
Event: 337.727 Thread 0x00000269f979c430 DEOPT UNPACKING pc=0x00000269e78c4422 sp=0x00000097677f47c8 mode 2
Event: 338.212 Thread 0x00000269f979c430 Uncommon trap: trap_request=0xffffff45 fr.pc=0x00000269e7ea58b0 relative=0x00000000000017d0
Event: 338.212 Thread 0x00000269f979c430 Uncommon trap: reason=unstable_if action=reinterpret pc=0x00000269e7ea58b0 method=sun.nio.fs.WindowsPathParser.isSlash(C)Z @ 9 c2
Event: 338.212 Thread 0x00000269f979c430 DEOPT PACKING pc=0x00000269e7ea58b0 sp=0x00000097677f4710
Event: 338.212 Thread 0x00000269f979c430 DEOPT UNPACKING pc=0x00000269e78c4422 sp=0x00000097677f46b0 mode 2
Event: 338.316 Thread 0x00000269f979c430 Uncommon trap: trap_request=0xffffff45 fr.pc=0x00000269e7e33670 relative=0x0000000000000050
Event: 338.316 Thread 0x00000269f979c430 Uncommon trap: reason=unstable_if action=reinterpret pc=0x00000269e7e33670 method=sun.nio.fs.WindowsPathParser.isSlash(C)Z @ 9 c2
Event: 338.316 Thread 0x00000269f979c430 DEOPT PACKING pc=0x00000269e7e33670 sp=0x00000097677f4720
Event: 338.316 Thread 0x00000269f979c430 DEOPT UNPACKING pc=0x00000269e78c4422 sp=0x00000097677f46a8 mode 2
Event: 338.995 Thread 0x00000269f979c430 Uncommon trap: trap_request=0xffffff45 fr.pc=0x00000269e7ea06f0 relative=0x00000000000017b0
Event: 338.995 Thread 0x00000269f979c430 Uncommon trap: reason=unstable_if action=reinterpret pc=0x00000269e7ea06f0 method=sun.nio.fs.WindowsPathParser.isSlash(C)Z @ 9 c2
Event: 338.995 Thread 0x00000269f979c430 DEOPT PACKING pc=0x00000269e7ea06f0 sp=0x00000097677f2920
Event: 338.995 Thread 0x00000269f979c430 DEOPT UNPACKING pc=0x00000269e78c4422 sp=0x00000097677f28e0 mode 2

Classes loaded (20 events):
Event: 242.618 Loading class java/util/stream/ReduceOps$6
Event: 242.619 Loading class java/util/stream/ReduceOps$6 done
Event: 242.619 Loading class java/util/stream/ReduceOps$5ReducingSink
Event: 242.620 Loading class java/util/stream/ReduceOps$5ReducingSink done
Event: 242.620 Loading class java/util/stream/ReferencePipeline$4$1
Event: 242.620 Loading class java/util/stream/ReferencePipeline$4$1 done
Event: 254.236 Loading class java/util/concurrent/ConcurrentLinkedQueue$Itr
Event: 254.236 Loading class java/util/concurrent/ConcurrentLinkedQueue$Itr done
Event: 312.744 Loading class java/util/zip/ZipFile$ZipEntryIterator
Event: 312.745 Loading class java/util/zip/ZipFile$ZipEntryIterator done
Event: 329.078 Loading class java/util/EmptyStackException
Event: 329.079 Loading class java/util/EmptyStackException done
Event: 331.446 Loading class sun/misc/Unsafe
Event: 331.447 Loading class sun/misc/Unsafe done
Event: 333.042 Loading class javax/swing/Icon
Event: 333.043 Loading class javax/swing/Icon done
Event: 338.393 Loading class java/util/Stack
Event: 338.394 Loading class java/util/Stack done
Event: 338.995 Loading class java/nio/file/FileChannelLinesSpliterator
Event: 338.996 Loading class java/nio/file/FileChannelLinesSpliterator done

Classes unloaded (1 events):
Event: 159.221 Thread 0x00000269f33c6330 Unloading class 0x0000026981804000 'java/lang/invoke/LambdaForm$DMH+0x0000026981804000'

Classes redefined (0 events):
No events

Internal exceptions (20 events):
Event: 253.617 Thread 0x00000269f9799640 Exception <a 'java/lang/NoSuchMethodError'{0x00000000c4968b48}: static Lorg/gradle/internal/build/event/types/DefaultTaskSuccessResult;.<clinit>()V> (0x00000000c4968b48) 
thrown [s\src\hotspot\share\prims\jni.cpp, line 1111]
Event: 253.657 Thread 0x00000269fb4a4ed0 Exception <a 'sun/nio/fs/WindowsException'{0x00000000c4984e40}> (0x00000000c4984e40) 
thrown [s\src\hotspot\share\prims\jni.cpp, line 520]
Event: 253.663 Thread 0x00000269fb4a4ed0 Exception <a 'sun/nio/fs/WindowsException'{0x00000000c4987370}> (0x00000000c4987370) 
thrown [s\src\hotspot\share\prims\jni.cpp, line 520]
Event: 253.664 Thread 0x00000269fb4a4ed0 Exception <a 'sun/nio/fs/WindowsException'{0x00000000c4989680}> (0x00000000c4989680) 
thrown [s\src\hotspot\share\prims\jni.cpp, line 520]
Event: 253.667 Thread 0x00000269fb4a4ed0 Exception <a 'sun/nio/fs/WindowsException'{0x00000000c498b538}> (0x00000000c498b538) 
thrown [s\src\hotspot\share\prims\jni.cpp, line 520]
Event: 253.755 Thread 0x00000269fb4a4840 Exception <a 'sun/nio/fs/WindowsException'{0x00000000c49de8a0}> (0x00000000c49de8a0) 
thrown [s\src\hotspot\share\prims\jni.cpp, line 520]
Event: 253.756 Thread 0x00000269fb4a4840 Exception <a 'sun/nio/fs/WindowsException'{0x00000000c49e0ae8}> (0x00000000c49e0ae8) 
thrown [s\src\hotspot\share\prims\jni.cpp, line 520]
Event: 253.757 Thread 0x00000269fb4a4840 Exception <a 'sun/nio/fs/WindowsException'{0x00000000c49e29b8}> (0x00000000c49e29b8) 
thrown [s\src\hotspot\share\prims\jni.cpp, line 520]
Event: 253.760 Thread 0x00000269fb4a4840 Exception <a 'sun/nio/fs/WindowsException'{0x00000000c49e7570}> (0x00000000c49e7570) 
thrown [s\src\hotspot\share\prims\jni.cpp, line 520]
Event: 254.017 Thread 0x00000269fb4a4840 Exception <a 'sun/nio/fs/WindowsException'{0x00000000c4866908}> (0x00000000c4866908) 
thrown [s\src\hotspot\share\prims\jni.cpp, line 520]
Event: 254.055 Thread 0x00000269fb4a4ed0 Exception <a 'sun/nio/fs/WindowsException'{0x00000000c4840280}> (0x00000000c4840280) 
thrown [s\src\hotspot\share\prims\jni.cpp, line 520]
Event: 254.056 Thread 0x00000269fb4a4ed0 Exception <a 'sun/nio/fs/WindowsException'{0x00000000c4843800}> (0x00000000c4843800) 
thrown [s\src\hotspot\share\prims\jni.cpp, line 520]
Event: 269.747 Thread 0x00000269f979c430 Implicit null exception at 0x00000269e832b900 to 0x00000269e832da1c
Event: 308.154 Thread 0x00000269fc674fe0 Implicit null exception at 0x00000269e8363fc0 to 0x00000269e8364035
Event: 312.390 Thread 0x00000269f979c430 Implicit null exception at 0x00000269e8307c93 to 0x00000269e8307e08
Event: 312.751 Thread 0x00000269f979c430 Implicit null exception at 0x00000269e7fed58f to 0x00000269e7fee598
Event: 328.524 Thread 0x00000269f979c430 Exception <a 'sun/nio/fs/WindowsException'{0x00000000c56775b8}> (0x00000000c56775b8) 
thrown [s\src\hotspot\share\prims\jni.cpp, line 520]
Event: 338.317 Thread 0x00000269f979c430 Exception <a 'sun/nio/fs/WindowsException'{0x00000000c6246028}> (0x00000000c6246028) 
thrown [s\src\hotspot\share\prims\jni.cpp, line 520]
Event: 338.317 Thread 0x00000269f979c430 Exception <a 'sun/nio/fs/WindowsException'{0x00000000c6248200}> (0x00000000c6248200) 
thrown [s\src\hotspot\share\prims\jni.cpp, line 520]
Event: 339.004 Thread 0x00000269f979c430 Exception <a 'sun/nio/fs/WindowsException'{0x00000000c5dff3d8}> (0x00000000c5dff3d8) 
thrown [s\src\hotspot\share\prims\jni.cpp, line 520]

ZGC Phase Switch (0 events):
No events

VM Operations (20 events):
Event: 329.077 Executing VM operation: HandshakeAllThreads (Deoptimize)
Event: 329.078 Executing VM operation: HandshakeAllThreads (Deoptimize) done
Event: 329.078 Executing VM operation: Cleanup
Event: 329.078 Executing VM operation: Cleanup done
Event: 329.136 Executing VM operation: HandshakeAllThreads (Deoptimize)
Event: 329.137 Executing VM operation: HandshakeAllThreads (Deoptimize) done
Event: 331.150 Executing VM operation: Cleanup
Event: 331.150 Executing VM operation: Cleanup done
Event: 331.454 Executing VM operation: HandshakeAllThreads (Deoptimize)
Event: 331.454 Executing VM operation: HandshakeAllThreads (Deoptimize) done
Event: 331.961 Executing VM operation: HandshakeAllThreads (Deoptimize)
Event: 331.961 Executing VM operation: HandshakeAllThreads (Deoptimize) done
Event: 332.965 Executing VM operation: Cleanup
Event: 332.966 Executing VM operation: Cleanup done
Event: 333.657 Executing VM operation: G1CollectForAllocation (G1 Evacuation Pause)
Event: 333.771 Executing VM operation: G1CollectForAllocation (G1 Evacuation Pause) done
Event: 337.831 Executing VM operation: Cleanup
Event: 337.831 Executing VM operation: Cleanup done
Event: 338.833 Executing VM operation: Cleanup
Event: 338.833 Executing VM operation: Cleanup done

Memory protections (0 events):
No events

Nmethod flushes (20 events):
Event: 324.913 Thread 0x00000269f33c6330 flushing  nmethod 0x00000269e01bca90
Event: 324.913 Thread 0x00000269f33c6330 flushing  nmethod 0x00000269e01d2f90
Event: 324.913 Thread 0x00000269f33c6330 flushing  nmethod 0x00000269e02d9710
Event: 324.913 Thread 0x00000269f33c6330 flushing  nmethod 0x00000269e0420890
Event: 324.913 Thread 0x00000269f33c6330 flushing  nmethod 0x00000269e0425b10
Event: 324.913 Thread 0x00000269f33c6330 flushing  nmethod 0x00000269e042a690
Event: 324.913 Thread 0x00000269f33c6330 flushing  nmethod 0x00000269e04a5590
Event: 324.913 Thread 0x00000269f33c6330 flushing  nmethod 0x00000269e0564b90
Event: 324.913 Thread 0x00000269f33c6330 flushing  nmethod 0x00000269e0568e10
Event: 324.913 Thread 0x00000269f33c6330 flushing  nmethod 0x00000269e0580410
Event: 324.913 Thread 0x00000269f33c6330 flushing  nmethod 0x00000269e0582c90
Event: 324.913 Thread 0x00000269f33c6330 flushing  nmethod 0x00000269e0585690
Event: 324.913 Thread 0x00000269f33c6330 flushing  nmethod 0x00000269e05cf210
Event: 324.913 Thread 0x00000269f33c6330 flushing  nmethod 0x00000269e0618590
Event: 324.913 Thread 0x00000269f33c6330 flushing  nmethod 0x00000269e061a590
Event: 324.913 Thread 0x00000269f33c6330 flushing  nmethod 0x00000269e064fe10
Event: 324.913 Thread 0x00000269f33c6330 flushing  nmethod 0x00000269e07e9e90
Event: 324.913 Thread 0x00000269f33c6330 flushing  nmethod 0x00000269e096f110
Event: 324.913 Thread 0x00000269f33c6330 flushing  nmethod 0x00000269e09ef790
Event: 324.913 Thread 0x00000269f33c6330 flushing  nmethod 0x00000269e0b59190

Events (20 events):
Event: 246.446 Thread 0x00000269fb4a4ed0 Thread added: 0x00000269fb4a5bf0
Event: 246.447 Thread 0x00000269fb4a4ed0 Thread added: 0x00000269fb4a6280
Event: 246.448 Thread 0x00000269fb4a4ed0 Thread added: 0x00000269fb4a6910
Event: 246.769 Thread 0x00000269fb4a4ed0 Thread added: 0x00000269fb4a2e00
Event: 246.770 Thread 0x00000269fb4a4ed0 Thread added: 0x00000269fb4a3b20
Event: 246.770 Thread 0x00000269fb4a4ed0 Thread added: 0x00000269f979b080
Event: 252.463 Thread 0x00000269fb4a4ed0 Thread added: 0x00000269fc678af0
Event: 252.463 Thread 0x00000269fb4a4ed0 Thread added: 0x00000269fc679180
Event: 264.973 Thread 0x00000269f979c430 Thread added: 0x00000269fc679810
Event: 264.974 Thread 0x00000269f979c430 Thread added: 0x00000269fc679ea0
Event: 264.981 Thread 0x00000269f979c430 Thread added: 0x00000269fc67a530
Event: 266.061 Thread 0x00000269f979c430 Thread added: 0x00000269fc678460
Event: 266.082 Thread 0x00000269f979c430 Thread added: 0x00000269fc6742c0
Event: 266.086 Thread 0x00000269f979c430 Thread added: 0x00000269fc67b250
Event: 274.765 Thread 0x00000269f979c430 Thread added: 0x00000269fc67abc0
Event: 274.766 Thread 0x00000269f979c430 Thread added: 0x00000269fc674950
Event: 274.767 Thread 0x00000269f979c430 Thread added: 0x00000269fc674fe0
Event: 314.298 Thread 0x00000269fb4a13c0 Thread exited: 0x00000269fb4a13c0
Event: 321.464 Thread 0x00000269f33edc40 Thread added: 0x00000269f3785480
Event: 324.792 Thread 0x00000269f3785480 Thread exited: 0x00000269f3785480


Dynamic libraries:
0x00007ff72a820000 - 0x00007ff72a82e000 	C:\Users\moner\AppData\Roaming\Code\User\globalStorage\pleiades.java-extension-pack-jdk\java\21\bin\java.exe
0x00007ff850930000 - 0x00007ff850b44000 	C:\WINDOWS\SYSTEM32\ntdll.dll
0x00007ff84f650000 - 0x00007ff84f713000 	C:\WINDOWS\System32\KERNEL32.DLL
0x00007ff84e1d0000 - 0x00007ff84e56c000 	C:\WINDOWS\System32\KERNELBASE.dll
0x00007ff84e0b0000 - 0x00007ff84e1c1000 	C:\WINDOWS\System32\ucrtbase.dll
0x00007ff848fc0000 - 0x00007ff848fd8000 	C:\Users\moner\AppData\Roaming\Code\User\globalStorage\pleiades.java-extension-pack-jdk\java\21\bin\jli.dll
0x00007ff84f2b0000 - 0x00007ff84f45d000 	C:\WINDOWS\System32\USER32.dll
0x00007ff84e710000 - 0x00007ff84e736000 	C:\WINDOWS\System32\win32u.dll
0x00007ff84f8a0000 - 0x00007ff84f8c9000 	C:\WINDOWS\System32\GDI32.dll
0x00007ff84e5f0000 - 0x00007ff84e702000 	C:\WINDOWS\System32\gdi32full.dll
0x00007ff84df50000 - 0x00007ff84dfea000 	C:\WINDOWS\System32\msvcp_win.dll
0x00007ff848fa0000 - 0x00007ff848fbe000 	C:\Users\moner\AppData\Roaming\Code\User\globalStorage\pleiades.java-extension-pack-jdk\java\21\bin\VCRUNTIME140.dll
0x00007ff83b860000 - 0x00007ff83baee000 	C:\WINDOWS\WinSxS\amd64_microsoft.windows.common-controls_6595b64144ccf1df_6.0.22621.608_none_a9444ca7c10bb01d\COMCTL32.dll
0x00007ff84e740000 - 0x00007ff84e7e7000 	C:\WINDOWS\System32\msvcrt.dll
0x00007ff84f270000 - 0x00007ff84f2a2000 	C:\WINDOWS\System32\IMM32.DLL
0x00007ff84ab10000 - 0x00007ff84ab1c000 	C:\Users\moner\AppData\Roaming\Code\User\globalStorage\pleiades.java-extension-pack-jdk\java\21\bin\vcruntime140_1.dll
0x00007ff847940000 - 0x00007ff8479cd000 	C:\Users\moner\AppData\Roaming\Code\User\globalStorage\pleiades.java-extension-pack-jdk\java\21\bin\msvcp140.dll
0x00007fffd7180000 - 0x00007fffd7f20000 	C:\Users\moner\AppData\Roaming\Code\User\globalStorage\pleiades.java-extension-pack-jdk\java\21\bin\server\jvm.dll
0x00007ff84f5a0000 - 0x00007ff84f64e000 	C:\WINDOWS\System32\ADVAPI32.dll
0x00007ff84f4f0000 - 0x00007ff84f594000 	C:\WINDOWS\System32\sechost.dll
0x00007ff84ef50000 - 0x00007ff84f065000 	C:\WINDOWS\System32\RPCRT4.dll
0x00007ff84e7f0000 - 0x00007ff84e861000 	C:\WINDOWS\System32\WS2_32.dll
0x00007ff84cc80000 - 0x00007ff84cccd000 	C:\WINDOWS\SYSTEM32\POWRPROF.dll
0x00007ff846220000 - 0x00007ff846254000 	C:\WINDOWS\SYSTEM32\WINMM.dll
0x00007ff84ba40000 - 0x00007ff84ba4a000 	C:\WINDOWS\SYSTEM32\VERSION.dll
0x00007ff84cc60000 - 0x00007ff84cc73000 	C:\WINDOWS\SYSTEM32\UMPDC.dll
0x00007ff84ceb0000 - 0x00007ff84cec8000 	C:\WINDOWS\SYSTEM32\kernel.appcore.dll
0x00007ff84aa80000 - 0x00007ff84aa8a000 	C:\Users\moner\AppData\Roaming\Code\User\globalStorage\pleiades.java-extension-pack-jdk\java\21\bin\jimage.dll
0x00007ff837810000 - 0x00007ff837a3e000 	C:\WINDOWS\SYSTEM32\DBGHELP.DLL
0x00007ff84fa20000 - 0x00007ff84fdaa000 	C:\WINDOWS\System32\combase.dll
0x00007ff84f8f0000 - 0x00007ff84f9c7000 	C:\WINDOWS\System32\OLEAUT32.dll
0x00007ff8377d0000 - 0x00007ff837802000 	C:\WINDOWS\SYSTEM32\dbgcore.DLL
0x00007ff84e570000 - 0x00007ff84e5eb000 	C:\WINDOWS\System32\bcryptPrimitives.dll
0x00007ff848f60000 - 0x00007ff848f6f000 	C:\Users\moner\AppData\Roaming\Code\User\globalStorage\pleiades.java-extension-pack-jdk\java\21\bin\instrument.dll
0x00007ff83ef40000 - 0x00007ff83ef60000 	C:\Users\moner\AppData\Roaming\Code\User\globalStorage\pleiades.java-extension-pack-jdk\java\21\bin\java.dll
0x00007ff84fdb0000 - 0x00007ff85059f000 	C:\WINDOWS\System32\SHELL32.dll
0x00007ff84bda0000 - 0x00007ff84c668000 	C:\WINDOWS\SYSTEM32\windows.storage.dll
0x00007ff84bc60000 - 0x00007ff84bd9e000 	C:\WINDOWS\SYSTEM32\wintypes.dll
0x00007ff84f720000 - 0x00007ff84f811000 	C:\WINDOWS\System32\SHCORE.dll
0x00007ff84ea40000 - 0x00007ff84ea9e000 	C:\WINDOWS\System32\shlwapi.dll
0x00007ff84dca0000 - 0x00007ff84dcc1000 	C:\WINDOWS\SYSTEM32\profapi.dll
0x00007ff826950000 - 0x00007ff826a27000 	C:\Users\moner\AppData\Roaming\Code\User\globalStorage\pleiades.java-extension-pack-jdk\java\21\bin\jsvml.dll
0x00007ff83e1f0000 - 0x00007ff83e208000 	C:\Users\moner\AppData\Roaming\Code\User\globalStorage\pleiades.java-extension-pack-jdk\java\21\bin\zip.dll
0x00007ff848c60000 - 0x00007ff848c70000 	C:\Users\moner\AppData\Roaming\Code\User\globalStorage\pleiades.java-extension-pack-jdk\java\21\bin\net.dll
0x00007ff84b810000 - 0x00007ff84b93f000 	C:\WINDOWS\SYSTEM32\WINHTTP.dll
0x00007ff84d320000 - 0x00007ff84d389000 	C:\WINDOWS\system32\mswsock.dll
0x00007ff83e930000 - 0x00007ff83e946000 	C:\Users\moner\AppData\Roaming\Code\User\globalStorage\pleiades.java-extension-pack-jdk\java\21\bin\nio.dll
0x00007ff847840000 - 0x00007ff847850000 	C:\Users\moner\AppData\Roaming\Code\User\globalStorage\pleiades.java-extension-pack-jdk\java\21\bin\verify.dll
0x00007ff82a600000 - 0x00007ff82a627000 	C:\Users\moner\.gradle\native\660c5614fbf4a5f2a75b1949f50a0caf5cd603558e7d8a26e50b933a0cfb79d1\windows-amd64\native-platform.dll
0x00007ff8059d0000 - 0x00007ff805a47000 	C:\Users\moner\.gradle\native\0.2.8\x86_64-windows-gnu\gradle-fileevents.dll
0x00007ff847500000 - 0x00007ff84750a000 	C:\Users\moner\AppData\Roaming\Code\User\globalStorage\pleiades.java-extension-pack-jdk\java\21\bin\management.dll
0x00007ff844de0000 - 0x00007ff844dec000 	C:\Users\moner\AppData\Roaming\Code\User\globalStorage\pleiades.java-extension-pack-jdk\java\21\bin\management_ext.dll
0x00007ff84f8e0000 - 0x00007ff84f8e8000 	C:\WINDOWS\System32\PSAPI.DLL
0x00007ff84c930000 - 0x00007ff84c95d000 	C:\WINDOWS\SYSTEM32\IPHLPAPI.DLL
0x00007ff84f8d0000 - 0x00007ff84f8d9000 	C:\WINDOWS\System32\NSI.dll
0x00007ff844dc0000 - 0x00007ff844dc9000 	C:\Users\moner\AppData\Roaming\Code\User\globalStorage\pleiades.java-extension-pack-jdk\java\21\bin\extnet.dll
0x00007ff84d570000 - 0x00007ff84d58b000 	C:\WINDOWS\SYSTEM32\CRYPTSP.dll
0x00007ff84ce20000 - 0x00007ff84ce55000 	C:\WINDOWS\system32\rsaenh.dll
0x00007ff84d410000 - 0x00007ff84d438000 	C:\WINDOWS\SYSTEM32\USERENV.dll
0x00007ff84d730000 - 0x00007ff84d758000 	C:\WINDOWS\SYSTEM32\bcrypt.dll
0x00007ff84d590000 - 0x00007ff84d59c000 	C:\WINDOWS\SYSTEM32\CRYPTBASE.dll
0x00007ff844c30000 - 0x00007ff844c3e000 	C:\Users\moner\AppData\Roaming\Code\User\globalStorage\pleiades.java-extension-pack-jdk\java\21\bin\sunmscapi.dll
0x00007ff84dde0000 - 0x00007ff84df46000 	C:\WINDOWS\System32\CRYPT32.dll
0x00007ff84d700000 - 0x00007ff84d72d000 	C:\WINDOWS\SYSTEM32\ncrypt.dll
0x00007ff84d6c0000 - 0x00007ff84d6f7000 	C:\WINDOWS\SYSTEM32\NTASN1.dll
0x00007ff839b30000 - 0x00007ff839b38000 	C:\WINDOWS\system32\wshunix.dll

JVMTI agents:
C:\Users\moner\.gradle\wrapper\dists\gradle-9.3.1-all\9ot9r568e8zfvvd4mn8rbu1j0\gradle-9.3.1\lib\agents\gradle-instrumentation-agent-9.3.1.jar path:C:\Users\moner\AppData\Roaming\Code\User\globalStorage\pleiades.java-extension-pack-jdk\java\21\bin\instrument.dll, loaded, initialized, instrumentlib options:none

dbghelp: loaded successfully - version: 4.0.5 - missing functions: none
symbol engine: initialized successfully - sym options: 0x614 - pdb path: .;C:\Users\moner\AppData\Roaming\Code\User\globalStorage\pleiades.java-extension-pack-jdk\java\21\bin;C:\WINDOWS\SYSTEM32;C:\WINDOWS\WinSxS\amd64_microsoft.windows.common-controls_6595b64144ccf1df_6.0.22621.608_none_a9444ca7c10bb01d;C:\Users\moner\AppData\Roaming\Code\User\globalStorage\pleiades.java-extension-pack-jdk\java\21\bin\server;C:\Users\moner\.gradle\native\660c5614fbf4a5f2a75b1949f50a0caf5cd603558e7d8a26e50b933a0cfb79d1\windows-amd64;C:\Users\moner\.gradle\native\0.2.8\x86_64-windows-gnu

VM Arguments:
jvm_args: --add-opens=java.base/java.lang=ALL-UNNAMED --add-opens=java.base/java.lang.invoke=ALL-UNNAMED --add-opens=java.base/java.util=ALL-UNNAMED --add-opens=java.prefs/java.util.prefs=ALL-UNNAMED --add-exports=jdk.compiler/com.sun.tools.javac.api=ALL-UNNAMED --add-exports=jdk.compiler/com.sun.tools.javac.util=ALL-UNNAMED --add-opens=java.base/java.util=ALL-UNNAMED --add-opens=java.prefs/java.util.prefs=ALL-UNNAMED --add-opens=java.base/java.nio.charset=ALL-UNNAMED --add-opens=java.base/java.net=ALL-UNNAMED --add-opens=java.base/java.util.concurrent=ALL-UNNAMED --add-opens=java.base/java.util.concurrent.atomic=ALL-UNNAMED --add-opens=java.xml/javax.xml.namespace=ALL-UNNAMED --add-opens=java.base/java.time=ALL-UNNAMED -XX:MaxMetaspaceSize=512m -XX:ReservedCodeCacheSize=256m -XX:+HeapDumpOnOutOfMemoryError -Xmx1G -Dfile.encoding=UTF-8 -Duser.country=LY -Duser.language=ar -Duser.variant -javaagent:C:\Users\moner\.gradle\wrapper\dists\gradle-9.3.1-all\9ot9r568e8zfvvd4mn8rbu1j0\gradle-9.3.1\lib\agents\gradle-instrumentation-agent-9.3.1.jar 
java_command: org.gradle.launcher.daemon.bootstrap.GradleDaemon 9.3.1
java_class_path (initial): C:\Users\moner\.gradle\wrapper\dists\gradle-9.3.1-all\9ot9r568e8zfvvd4mn8rbu1j0\gradle-9.3.1\lib\gradle-daemon-main-9.3.1.jar
Launcher Type: SUN_STANDARD

[Global flags]
     intx CICompilerCount                          = 3                                         {product} {ergonomic}
   size_t CompressedClassSpaceSize                 = 436207616                                 {product} {ergonomic}
     uint ConcGCThreads                            = 1                                         {product} {ergonomic}
     uint G1ConcRefinementThreads                  = 4                                         {product} {ergonomic}
   size_t G1HeapRegionSize                         = 1048576                                   {product} {ergonomic}
    uintx GCDrainStackTargetSize                   = 64                                        {product} {ergonomic}
     bool HeapDumpOnOutOfMemoryError               = true                                   {manageable} {command line}
   size_t InitialHeapSize                          = 134217728                                 {product} {ergonomic}
   size_t MarkStackSize                            = 4194304                                   {product} {ergonomic}
   size_t MaxHeapSize                              = 1073741824                                {product} {command line}
   size_t MaxMetaspaceSize                         = 536870912                                 {product} {command line}
   size_t MaxNewSize                               = 643825664                                 {product} {ergonomic}
   size_t MinHeapDeltaBytes                        = 1048576                                   {product} {ergonomic}
   size_t MinHeapSize                              = 8388608                                   {product} {ergonomic}
    uintx NonNMethodCodeHeapSize                   = 5832780                                {pd product} {ergonomic}
    uintx NonProfiledCodeHeapSize                  = 131301338                              {pd product} {ergonomic}
    uintx ProfiledCodeHeapSize                     = 131301338                              {pd product} {ergonomic}
    uintx ReservedCodeCacheSize                    = 268435456                              {pd product} {command line}
     bool SegmentedCodeCache                       = true                                      {product} {ergonomic}
   size_t SoftMaxHeapSize                          = 1073741824                             {manageable} {ergonomic}
     bool UseCompressedOops                        = true                           {product lp64_product} {ergonomic}
     bool UseG1GC                                  = true                                      {product} {ergonomic}
     bool UseLargePagesIndividualAllocation        = false                                  {pd product} {ergonomic}

Logging:
Log output configuration:
 #0: stdout all=warning uptime,level,tags foldmultilines=false
 #1: stderr all=off uptime,level,tags foldmultilines=false

Release file:
IMPLEMENTOR="Eclipse Adoptium" 
IMPLEMENTOR_VERSION="Temurin-21.0.9+10" 
JAVA_RUNTIME_VERSION="21.0.9+10-LTS" 
JAVA_VERSION="21.0.9" 
JAVA_VERSION_DATE="2025-10-21" 
LIBC="default" 
MODULES="java.base java.compiler java.datatransfer java.xml java.prefs java.desktop java.instrument java.logging java.management java.security.sasl java.naming java.rmi java.management.rmi java.net.http java.scripting java.security.jgss java.transaction.xa java.sql java.sql.rowset java.xml.crypto java.se java.smartcardio jdk.accessibility jdk.internal.jvmstat jdk.attach jdk.charsets jdk.internal.opt jdk.zipfs jdk.compiler jdk.crypto.ec jdk.crypto.cryptoki jdk.crypto.mscapi jdk.dynalink jdk.internal.ed jdk.editpad jdk.hotspot.agent jdk.httpserver jdk.incubator.vector jdk.internal.le jdk.internal.vm.ci jdk.internal.vm.compiler jdk.internal.vm.compiler.management jdk.jartool jdk.javadoc jdk.jcmd jdk.management jdk.management.agent jdk.jconsole jdk.jdeps jdk.jdwp.agent jdk.jdi jdk.jfr jdk.jlink jdk.jpackage jdk.jshell jdk.jsobject jdk.jstatd jdk.localedata jdk.management.jfr jdk.naming.dns jdk.naming.rmi jdk.net jdk.nio.mapmode jdk.random jdk.sctp jdk.security.auth jdk.security.jgss jdk.unsupported jdk.unsupported.desktop jdk.xml.dom" 
OS_ARCH="x86_64" 
OS_NAME="Windows" 
SOURCE=".:git:759062135b07" 
BUILD_SOURCE="git:839fa0b45d809157cffd3dc8515aad262a4a1776"
BUILD_SOURCE_REPO="https://github.com/adoptium/temurin-build.git"
SOURCE_REPO="https://github.com/adoptium/jdk21u.git"
FULL_VERSION="21.0.9+10-LTS"
SEMANTIC_VERSION="21.0.9+10"
BUILD_INFO="OS: Windows Server 2022 Version: 10.0"
JVM_VARIANT="Hotspot"
JVM_VERSION="21.0.9+10-LTS"
IMAGE_TYPE="JDK"

Environment Variables:
PATH=C:\Users\moner\AppData\Local\Programs\Microsoft VS Code;C:\Python314\Scripts\;C:\Python314\;C:\Program Files\Common Files\Oracle\Java\javapath;C:\Program Files (x86)\Common Files\Oracle\Java\java8path;C:\Program Files (x86)\Common Files\Oracle\Java\javapath;C:\WINDOWS\system32;C:\WINDOWS;C:\WINDOWS\System32\Wbem;C:\WINDOWS\System32\WindowsPowerShell\v1.0\;C:\WINDOWS\System32\OpenSSH\;C:\Program Files\Java\jdk-23\bin;C:\Program Files\Git\cmd;C:\Program Files\dotnet\;C:\Program Files (x86)\Microsoft SQL Server\160\Tools\Binn\;C:\Program Files\Microsoft SQL Server\160\Tools\Binn\;C:\Program Files\Microsoft SQL Server\Client SDK\ODBC\170\Tools\Binn\;C:\Program Files\Microsoft SQL Server\160\DTS\Binn\;C:\Program Files\nodejs\;C:\ProgramData\chocolatey\bin;C:\Users\moner\AppData\Local\Microsoft\WindowsApps;C:\development\flutter\bin;C:\Users\moner\.dotnet\tools;C:\Users\moner\AppData\Local\Programs\Microsoft VS Code\bin;C:\Users\moner\AppData\Roaming\npm
USERNAME=moner
OS=Windows_NT
PROCESSOR_IDENTIFIER=Intel64 Family 6 Model 78 Stepping 3, GenuineIntel
TMP=C:\Users\moner\AppData\Local\Temp
TEMP=C:\Users\moner\AppData\Local\Temp




Periodic native trim disabled

---------------  S Y S T E M  ---------------

OS:
 Windows 11 , 64 bit Build 22621 (10.0.22621.1194)
OS uptime: 14 days 7:05 hours

CPU: total 4 (initial active 4) (2 cores per cpu, 2 threads per core) family 6 model 78 stepping 3 microcode 0xd6, cx8, cmov, fxsr, ht, mmx, 3dnowpref, sse, sse2, sse3, ssse3, sse4.1, sse4.2, popcnt, lzcnt, tsc, tscinvbit, avx, avx2, aes, erms, clmul, bmi1, bmi2, adx, fma, vzeroupper, clflush, clflushopt, rdtscp, f16c
Processor Information for the first 4 processors :
  Max Mhz: 1501, Current Mhz: 1100, Mhz Limit: 1095

Memory: 4k page, system-wide physical 8123M (759M free)
TotalPageFile size 14213M (AvailPageFile size 814M)
current process WorkingSet (physical memory assigned to process): 330M, peak: 330M
current process commit charge ("private bytes"): 366M, peak: 367M

vm_info: OpenJDK 64-Bit Server VM (21.0.9+10-LTS) for windows-amd64 JRE (21.0.9+10-LTS), built on 2025-10-21T00:00:00Z by "admin" with unknown MS VC++:1942

END.
