#
# There is insufficient memory for the Java Runtime Environment to continue.
# Native memory allocation (mmap) failed to map 65536 bytes. Error detail: Failed to commit metaspace.
# Possible reasons:
#   The system is out of physical RAM or swap space
#   This process is running with CompressedOops enabled, and the Java Heap may be blocking the growth of the native heap
# Possible solutions:
#   Reduce memory load on the system
#   Increase physical memory or swap space
#   Check if swap backing store is full
#   Decrease Java heap size (-Xmx/-Xms)
#   Decrease number of Java threads
#   Decrease Java thread stack sizes (-Xss)
#   Set larger code cache with -XX:ReservedCodeCacheSize=
#   JVM is running with Unscaled Compressed Oops mode in which the Java heap is
#     placed in the first 4GB address space. The Java Heap base address is the
#     maximum limit for the native heap growth. Please use -XX:HeapBaseMinAddress
#     to set the Java Heap base and to place the Java Heap above 4GB virtual address.
# This output file may be truncated or incomplete.
#
#  Out of Memory Error (virtualSpaceNode.cpp:113), pid=12520, tid=11724
#
# JRE version: OpenJDK Runtime Environment Temurin-21.0.12.1+1 (21.0.12.1+1) (build 21.0.12.1+1-LTS)
# Java VM: OpenJDK 64-Bit Server VM Temurin-21.0.12.1+1 (21.0.12.1+1-LTS, mixed mode, sharing, tiered, compressed oops, compressed class ptrs, g1 gc, windows-amd64)
# No core dump will be written. Minidumps are not enabled by default on client versions of Windows
#

---------------  S U M M A R Y ------------

Command Line: --add-opens=java.base/java.lang=ALL-UNNAMED --add-opens=java.base/java.lang.invoke=ALL-UNNAMED --add-opens=java.base/java.util=ALL-UNNAMED --add-opens=java.prefs/java.util.prefs=ALL-UNNAMED --add-exports=jdk.compiler/com.sun.tools.javac.api=ALL-UNNAMED --add-exports=jdk.compiler/com.sun.tools.javac.util=ALL-UNNAMED --add-opens=java.base/java.util=ALL-UNNAMED --add-opens=java.prefs/java.util.prefs=ALL-UNNAMED --add-opens=java.base/java.nio.charset=ALL-UNNAMED --add-opens=java.base/java.net=ALL-UNNAMED --add-opens=java.base/java.util.concurrent=ALL-UNNAMED --add-opens=java.base/java.util.concurrent.atomic=ALL-UNNAMED --add-opens=java.xml/javax.xml.namespace=ALL-UNNAMED --add-opens=java.base/java.time=ALL-UNNAMED -XX:MaxMetaspaceSize=512m -XX:ReservedCodeCacheSize=256m -XX:+HeapDumpOnOutOfMemoryError -Xmx1G -Dfile.encoding=UTF-8 -Duser.country=LY -Duser.language=ar -Duser.variant -javaagent:C:\Users\moner\.gradle\wrapper\dists\gradle-9.3.1-all\9ot9r568e8zfvvd4mn8rbu1j0\gradle-9.3.1\lib\agents\gradle-instrumentation-agent-9.3.1.jar org.gradle.launcher.daemon.bootstrap.GradleDaemon 9.3.1

Host: Intel(R) Core(TM) m5-6Y54 CPU @ 1.10GHz, 4 cores, 7G,  Windows 11 , 64 bit Build 22621 (10.0.22621.1194)
Time: Wed Sep 23 15:52:45 2026 elapsed time: 155.006054 seconds (0d 0h 2m 35s)

---------------  T H R E A D  ---------------

Current thread (0x000001f27cbaea10):  JavaThread "Daemon worker"        [_thread_in_vm, id=11724, stack(0x000000472e400000,0x000000472e500000) (1024K)]

Stack: [0x000000472e400000,0x000000472e500000]
Native frames: (J=compiled Java code, j=interpreted, Vv=VM code, C=native code)
V  [jvm.dll+0x6d83e9]
V  [jvm.dll+0x8b5736]
V  [jvm.dll+0x8b7cee]
V  [jvm.dll+0x8b83d3]
V  [jvm.dll+0x284596]
V  [jvm.dll+0x8b147e]
V  [jvm.dll+0x679ad4]
V  [jvm.dll+0x1e849b]
V  [jvm.dll+0x1e825e]
V  [jvm.dll+0x67c3d2]
V  [jvm.dll+0x67c202]
V  [jvm.dll+0x67a4ae]
V  [jvm.dll+0x26e440]
V  [jvm.dll+0x684715]
V  [jvm.dll+0x21973e]
V  [jvm.dll+0x219be5]
V  [jvm.dll+0x21a5d8]
V  [jvm.dll+0x20f80e]
V  [jvm.dll+0x5b6a7f]
V  [jvm.dll+0x82f606]
V  [jvm.dll+0x4792f8]
V  [jvm.dll+0x47f128]
C  [java.dll+0x17ec]

Java frames: (J=compiled Java code, j=interpreted, Vv=VM code)
J 846  java.lang.ClassLoader.defineClass1(Ljava/lang/ClassLoader;Ljava/lang/String;[BIILjava/security/ProtectionDomain;Ljava/lang/String;)Ljava/lang/Class; java.base@21.0.12.1 (0 bytes) @ 0x000001f251992091 [0x000001f251991fc0+0x00000000000000d1]
J 3766 c2 java.security.SecureClassLoader.defineClass(Ljava/lang/String;[BIILjava/security/CodeSource;)Ljava/lang/Class; java.base@21.0.12.1 (16 bytes) @ 0x000001f251b72d64 [0x000001f251b72540+0x0000000000000824]
J 10556 c2 java.net.URLClassLoader$1.run()Ljava/lang/Object; java.base@21.0.12.1 (5 bytes) @ 0x000001f251e6e78c [0x000001f251e6d8e0+0x0000000000000eac]
J 12827 c2 java.lang.ClassLoader.loadClass(Ljava/lang/String;Z)Ljava/lang/Class; java.base@21.0.12.1 (121 bytes) @ 0x000001f251f30560 [0x000001f251f30180+0x00000000000003e0]
J 3376 c2 java.lang.ClassLoader.loadClass(Ljava/lang/String;)Ljava/lang/Class; java.base@21.0.12.1 (7 bytes) @ 0x000001f251b2b6ec [0x000001f251b2b6a0+0x000000000000004c]
v  ~StubRoutines::call_stub 0x000001f25139100d
j  org.jetbrains.kotlin.backend.common.lower.InventNamesForLocalClasses.lower(Lorg/jetbrains/kotlin/ir/declarations/IrFile;)V+7
j  org.jetbrains.kotlin.backend.common.phaser.PhaseFactoriesKt.createFilePhase$lambda$1(Lkotlin/jvm/functions/Function1;Lorg/jetbrains/kotlin/backend/common/LoweringContext;Lorg/jetbrains/kotlin/ir/declarations/IrFile;)Lorg/jetbrains/kotlin/ir/declarations/IrFile;+25
j  org.jetbrains.kotlin.backend.common.phaser.PhaseFactoriesKt$$Lambda+0x000001f25f3f8cc8.invoke(Ljava/lang/Object;Ljava/lang/Object;)Ljava/lang/Object;+12
j  org.jetbrains.kotlin.backend.common.phaser.PhaseBuildersKt$createSimpleNamedCompilerPhase$1.phaseBody(Lorg/jetbrains/kotlin/config/LoggingContext;Ljava/lang/Object;)Ljava/lang/Object;+12
j  org.jetbrains.kotlin.config.phaser.NamedCompilerPhase.invoke(Lorg/jetbrains/kotlin/config/phaser/PhaseConfig;Lorg/jetbrains/kotlin/config/phaser/PhaserState;Lorg/jetbrains/kotlin/config/LoggingContext;Ljava/lang/Object;)Ljava/lang/Object;+304
j  org.jetbrains.kotlin.backend.common.phaser.PerformByIrFilePhase.invoke(Lorg/jetbrains/kotlin/config/phaser/PhaseConfig;Lorg/jetbrains/kotlin/config/phaser/PhaserState;Lorg/jetbrains/kotlin/backend/common/LoweringContext;Lorg/jetbrains/kotlin/ir/declarations/IrModuleFragment;)Lorg/jetbrains/kotlin/ir/declarations/IrModuleFragment;+106
j  org.jetbrains.kotlin.backend.common.phaser.PerformByIrFilePhase.invoke(Lorg/jetbrains/kotlin/config/phaser/PhaseConfig;Lorg/jetbrains/kotlin/config/phaser/PhaserState;Lorg/jetbrains/kotlin/config/LoggingContext;Ljava/lang/Object;)Ljava/lang/Object;+12
j  org.jetbrains.kotlin.backend.common.phaser.PhaseEngine.runPhase(Lorg/jetbrains/kotlin/config/phaser/NamedCompilerPhase;Ljava/lang/Object;Z)Ljava/lang/Object;+42
j  org.jetbrains.kotlin.backend.common.phaser.PhaseEngine.runPhase$default(Lorg/jetbrains/kotlin/backend/common/phaser/PhaseEngine;Lorg/jetbrains/kotlin/config/phaser/NamedCompilerPhase;Ljava/lang/Object;ZILjava/lang/Object;)Ljava/lang/Object;+13
j  org.jetbrains.kotlin.backend.jvm.JvmIrCodegenFactory.invokeLowerings(Lorg/jetbrains/kotlin/codegen/state/GenerationState;Lorg/jetbrains/kotlin/backend/jvm/JvmIrCodegenFactory$BackendInput;)Lorg/jetbrains/kotlin/backend/jvm/JvmIrCodegenFactory$CodegenInput;+704
j  org.jetbrains.kotlin.cli.jvm.compiler.legacy.pipeline.JvmCompilerPipelineKt.generateCodeFromIr(Lorg/jetbrains/kotlin/cli/jvm/compiler/legacy/pipeline/ModuleCompilerIrBackendInput;Lorg/jetbrains/kotlin/cli/jvm/compiler/legacy/pipeline/ModuleCompilerEnvironment;)Lorg/jetbrains/kotlin/codegen/state/GenerationState;+246
j  org.jetbrains.kotlin.scripting.compiler.plugin.impl.ScriptJvmCompilerImplsKt.doCompileWithK2(Lorg/jetbrains/kotlin/scripting/compiler/plugin/impl/SharedScriptCompilationContext;Lkotlin/script/experimental/api/SourceCode;Ljava/util/List;Ljava/util/List;Lorg/jetbrains/kotlin/scripting/compiler/plugin/impl/ScriptDiagnosticsMessageCollector;Lkotlin/jvm/functions/Function1;)Lkotlin/script/experimental/api/ResultWithDiagnostics;+1208
j  org.jetbrains.kotlin.scripting.compiler.plugin.impl.ScriptJvmCompilerImplsKt.compileImpl(Lkotlin/script/experimental/api/SourceCode;Lorg/jetbrains/kotlin/scripting/compiler/plugin/impl/SharedScriptCompilationContext;Lkotlin/script/experimental/api/ScriptCompilationConfiguration;Lorg/jetbrains/kotlin/scripting/compiler/plugin/impl/ScriptDiagnosticsMessageCollector;)Lkotlin/script/experimental/api/ResultWithDiagnostics;+313
j  org.jetbrains.kotlin.scripting.compiler.plugin.impl.ScriptJvmCompilerImplsKt.access$compileImpl(Lkotlin/script/experimental/api/SourceCode;Lorg/jetbrains/kotlin/scripting/compiler/plugin/impl/SharedScriptCompilationContext;Lkotlin/script/experimental/api/ScriptCompilationConfiguration;Lorg/jetbrains/kotlin/scripting/compiler/plugin/impl/ScriptDiagnosticsMessageCollector;)Lkotlin/script/experimental/api/ResultWithDiagnostics;+4
j  org.jetbrains.kotlin.scripting.compiler.plugin.impl.ScriptJvmCompilerFromEnvironment.compile$lambda$0$0(Lkotlin/script/experimental/api/ScriptCompilationConfiguration;Lkotlin/script/experimental/api/SourceCode;Lorg/jetbrains/kotlin/scripting/compiler/plugin/impl/ScriptJvmCompilerFromEnvironment;Lorg/jetbrains/kotlin/scripting/compiler/plugin/impl/ScriptDiagnosticsMessageCollector;)Lkotlin/script/experimental/api/ResultWithDiagnostics;+125
j  org.jetbrains.kotlin.scripting.compiler.plugin.impl.ScriptJvmCompilerFromEnvironment$$Lambda+0x000001f25ef859e0.invoke()Ljava/lang/Object;+16
j  org.jetbrains.kotlin.scripting.compiler.plugin.impl.ScriptJvmCompilerImplsKt.withScriptCompilationCache(Lkotlin/script/experimental/api/SourceCode;Lkotlin/script/experimental/api/ScriptCompilationConfiguration;Lorg/jetbrains/kotlin/scripting/compiler/plugin/impl/ScriptDiagnosticsMessageCollector;Lkotlin/jvm/functions/Function0;)Lkotlin/script/experimental/api/ResultWithDiagnostics;+97
j  org.jetbrains.kotlin.scripting.compiler.plugin.impl.ScriptJvmCompilerImplsKt.access$withScriptCompilationCache(Lkotlin/script/experimental/api/SourceCode;Lkotlin/script/experimental/api/ScriptCompilationConfiguration;Lorg/jetbrains/kotlin/scripting/compiler/plugin/impl/ScriptDiagnosticsMessageCollector;Lkotlin/jvm/functions/Function0;)Lkotlin/script/experimental/api/ResultWithDiagnostics;+4
j  org.jetbrains.kotlin.scripting.compiler.plugin.impl.ScriptJvmCompilerFromEnvironment.compile(Lkotlin/script/experimental/api/SourceCode;Lkotlin/script/experimental/api/ScriptCompilationConfiguration;)Lkotlin/script/experimental/api/ResultWithDiagnostics;+53
j  kotlin.script.experimental.jvmhost.JvmScriptCompiler.invoke$suspendImpl(Lkotlin/script/experimental/jvmhost/JvmScriptCompiler;Lkotlin/script/experimental/api/SourceCode;Lkotlin/script/experimental/api/ScriptCompilationConfiguration;Lkotlin/coroutines/Continuation;)Ljava/lang/Object;+15
j  kotlin.script.experimental.jvmhost.JvmScriptCompiler.invoke(Lkotlin/script/experimental/api/SourceCode;Lkotlin/script/experimental/api/ScriptCompilationConfiguration;Lkotlin/coroutines/Continuation;)Ljava/lang/Object;+4
j  kotlin.script.experimental.host.BasicScriptingHost$eval$1.invokeSuspend(Ljava/lang/Object;)Ljava/lang/Object;+64
j  kotlin.script.experimental.host.BasicScriptingHost$eval$1.invoke(Lkotlin/coroutines/Continuation;)Ljava/lang/Object;+11
j  kotlin.script.experimental.host.BasicScriptingHost$eval$1.invoke(Ljava/lang/Object;)Ljava/lang/Object;+5
j  kotlin.script.experimental.host.BasicScriptingHost$runInCoroutineContext$1.invokeSuspend(Ljava/lang/Object;)Ljava/lang/Object;+46
J 7709 c1 kotlin.coroutines.jvm.internal.BaseContinuationImpl.resumeWith(Ljava/lang/Object;)V (124 bytes) @ 0x000001f24a26d8dc [0x000001f24a26d4c0+0x000000000000041c]
j  kotlin.coroutines.ContinuationKt.startCoroutine(Lkotlin/jvm/functions/Function1;Lkotlin/coroutines/Continuation;)V+34
j  kotlin.script.experimental.impl.RunSuspendKt.internalScriptingRunSuspend(Lkotlin/jvm/functions/Function1;)Ljava/lang/Object;+19
j  kotlin.script.experimental.host.BasicScriptingHost.runInCoroutineContext(Lkotlin/jvm/functions/Function1;)Ljava/lang/Object;+18
j  kotlin.script.experimental.host.BasicScriptingHost.eval(Lkotlin/script/experimental/api/SourceCode;Lkotlin/script/experimental/api/ScriptCompilationConfiguration;Lkotlin/script/experimental/api/ScriptEvaluationConfiguration;)Lkotlin/script/experimental/api/ResultWithDiagnostics;+28
j  org.gradle.kotlin.dsl.support.KotlinCompilerKt.compileKotlinScriptModuleTo(Ljava/io/File;Lorg/gradle/kotlin/dsl/support/KotlinCompilerOptions;Ljava/lang/String;Ljava/util/Collection;Lorg/jetbrains/kotlin/scripting/definitions/ScriptDefinition;Ljava/lang/Iterable;Lorg/gradle/kotlin/dsl/support/LoggingMessageCollector;)V+920
j  org.gradle.kotlin.dsl.support.KotlinCompilerKt.compileKotlinScriptToDirectory(Ljava/io/File;Lorg/gradle/kotlin/dsl/support/KotlinCompilerOptions;Ljava/io/File;Lorg/jetbrains/kotlin/scripting/definitions/ScriptDefinition;Ljava/util/List;Lorg/slf4j/Logger;Lkotlin/jvm/functions/Function1;)Ljava/lang/String;+76
j  org.gradle.kotlin.dsl.execution.ResidualProgramCompiler.compileScript_C5AE47M$lambda$0(Lorg/gradle/kotlin/dsl/execution/ResidualProgramCompiler;Ljava/io/File;Lorg/jetbrains/kotlin/scripting/definitions/ScriptDefinition;Lorg/gradle/internal/classpath/ClassPath;Ljava/lang/String;)Ljava/lang/String;+35
j  org.gradle.kotlin.dsl.execution.ResidualProgramCompiler$$Lambda+0x000001f25ed94260.invoke()Ljava/lang/Object;+20
j  org.gradle.kotlin.dsl.provider.StandardKotlinScriptEvaluator$InterpreterHost$runCompileBuildOperation$1.call(Lorg/gradle/internal/operations/BuildOperationContext;)Ljava/lang/String;+10
j  org.gradle.kotlin.dsl.provider.StandardKotlinScriptEvaluator$InterpreterHost$runCompileBuildOperation$1.call(Lorg/gradle/internal/operations/BuildOperationContext;)Ljava/lang/Object;+2
J 8574 c1 org.gradle.internal.operations.DefaultBuildOperationRunner$CallableBuildOperationWorker.execute(Lorg/gradle/internal/operations/BuildOperation;Lorg/gradle/internal/operations/BuildOperationContext;)V (10 bytes) @ 0x000001f24a3bf6cc [0x000001f24a3bf460+0x000000000000026c]
J 7192 c1 org.gradle.internal.operations.DefaultBuildOperationRunner$2.execute(Lorg/gradle/internal/operations/BuildOperationDescriptor;Lorg/gradle/internal/operations/BuildOperationState;Lorg/gradle/internal/operations/BuildOperationState;Lorg/gradle/internal/operations/DefaultBuildOperationRunner$ReadableBuildOperationContext;Lorg/gradle/internal/operations/DefaultBuildOperationRunner$BuildOperationExecutionListener;)Lorg/gradle/internal/operations/BuildOperation; (110 bytes) @ 0x000001f2499654c4 [0x000001f2499652c0+0x0000000000000204]
J 7200 c1 org.gradle.internal.operations.DefaultBuildOperationRunner$2.execute(Lorg/gradle/internal/operations/BuildOperationDescriptor;Lorg/gradle/internal/operations/BuildOperationState;Lorg/gradle/internal/operations/BuildOperationState;Lorg/gradle/internal/operations/DefaultBuildOperationRunner$ReadableBuildOperationContext;Lorg/gradle/internal/operations/DefaultBuildOperationRunner$BuildOperationExecutionListener;)Ljava/lang/Object; (12 bytes) @ 0x000001f249c0303c [0x000001f249c02fc0+0x000000000000007c]
J 8455 c1 org.gradle.internal.operations.DefaultBuildOperationRunner.execute(Lorg/gradle/internal/operations/BuildOperationDescriptor$Builder;Lorg/gradle/internal/operations/DefaultBuildOperationRunner$BuildOperationExecution;)Ljava/lang/Object; (147 bytes) @ 0x000001f24a377bbc [0x000001f24a376d40+0x0000000000000e7c]
J 6242 c1 org.gradle.internal.operations.DefaultBuildOperationRunner.execute(Lorg/gradle/internal/operations/BuildOperation;Lorg/gradle/internal/operations/BuildOperationWorker;)V (22 bytes) @ 0x000001f24a137f84 [0x000001f24a137ce0+0x00000000000002a4]
J 8583 c1 org.gradle.internal.operations.DefaultBuildOperationRunner.call(Lorg/gradle/internal/operations/CallableBuildOperation;)Ljava/lang/Object; (20 bytes) @ 0x000001f24a3c2284 [0x000001f24a3c20e0+0x00000000000001a4]
j  org.gradle.kotlin.dsl.provider.StandardKotlinScriptEvaluator$InterpreterHost.runCompileBuildOperation(Ljava/lang/String;Ljava/lang/String;Lkotlin/jvm/functions/Function0;)Ljava/lang/String;+38
j  org.gradle.kotlin.dsl.execution.Interpreter$ProgramHost$compileSecondStageOf$cacheDir$1$1$1$1$1.invoke(Ljava/lang/String;Ljava/lang/String;Lkotlin/jvm/functions/Function0;)Ljava/lang/String;+28
j  org.gradle.kotlin.dsl.execution.Interpreter$ProgramHost$compileSecondStageOf$cacheDir$1$1$1$1$1.invoke(Ljava/lang/Object;Ljava/lang/Object;Ljava/lang/Object;)Ljava/lang/Object;+13
j  org.gradle.kotlin.dsl.execution.ResidualProgramCompiler.compileScript-C5AE47M(Ljava/io/File;Ljava/lang/String;Lorg/jetbrains/kotlin/scripting/definitions/ScriptDefinition;Ljava/lang/String;Lorg/gradle/internal/classpath/ClassPath;)Ljava/lang/String;+21
j  org.gradle.kotlin.dsl.execution.ResidualProgramCompiler.compileScript-C5AE47M$default(Lorg/gradle/kotlin/dsl/execution/ResidualProgramCompiler;Ljava/io/File;Ljava/lang/String;Lorg/jetbrains/kotlin/scripting/definitions/ScriptDefinition;Ljava/lang/String;Lorg/gradle/internal/classpath/ClassPath;ILjava/lang/Object;)Ljava/lang/String;+22
j  org.gradle.kotlin.dsl.execution.ResidualProgramCompiler.emitStage2ProgramFor(Ljava/io/File;Ljava/lang/String;)V+30
j  org.gradle.kotlin.dsl.execution.Interpreter$ProgramHost.compileSecondStageOf$lambda$0(Lorg/gradle/kotlin/dsl/execution/Interpreter;Lorg/gradle/groovy/scripts/ScriptSource;Ljava/lang/String;Lorg/gradle/kotlin/dsl/support/KotlinScriptHost;Ljava/lang/String;Lorg/gradle/kotlin/dsl/execution/ExecutableProgram$StagedProgram;Lorg/gradle/internal/classpath/ClassPath;Lorg/gradle/internal/hash/HashCode;Lorg/gradle/kotlin/dsl/execution/ProgramKind;Lorg/gradle/kotlin/dsl/execution/ProgramTarget;Ljava/io/File;)Lkotlin/Unit;+173
j  org.gradle.kotlin.dsl.execution.Interpreter$ProgramHost$$Lambda+0x000001f25ea422b0.invoke(Ljava/lang/Object;)Ljava/lang/Object;+44
j  org.gradle.kotlin.dsl.provider.StandardKotlinScriptEvaluator$KotlinScriptCompilationAndInstrumentation.compile(Ljava/io/File;)Ljava/io/File;+32
j  org.gradle.internal.scripts.BuildScriptCompilationAndInstrumentation.execute(Lorg/gradle/internal/execution/ExecutionContext;)Lorg/gradle/internal/execution/WorkOutput;+9
j  org.gradle.internal.execution.steps.ExecuteStep.executeInternal(Lorg/gradle/internal/execution/UnitOfWork;Lorg/gradle/internal/execution/steps/InputChangesContext;)Lorg/gradle/internal/execution/steps/Result;+16
j  org.gradle.internal.execution.steps.ExecuteStep.access$000(Lorg/gradle/internal/execution/UnitOfWork;Lorg/gradle/internal/execution/steps/InputChangesContext;)Lorg/gradle/internal/execution/steps/Result;+2
j  org.gradle.internal.execution.steps.ExecuteStep$1.call(Lorg/gradle/internal/operations/BuildOperationContext;)Lorg/gradle/internal/execution/steps/Result;+8
j  org.gradle.internal.execution.steps.ExecuteStep$1.call(Lorg/gradle/internal/operations/BuildOperationContext;)Ljava/lang/Object;+2
J 8574 c1 org.gradle.internal.operations.DefaultBuildOperationRunner$CallableBuildOperationWorker.execute(Lorg/gradle/internal/operations/BuildOperation;Lorg/gradle/internal/operations/BuildOperationContext;)V (10 bytes) @ 0x000001f24a3bf6cc [0x000001f24a3bf460+0x000000000000026c]
J 7192 c1 org.gradle.internal.operations.DefaultBuildOperationRunner$2.execute(Lorg/gradle/internal/operations/BuildOperationDescriptor;Lorg/gradle/internal/operations/BuildOperationState;Lorg/gradle/internal/operations/BuildOperationState;Lorg/gradle/internal/operations/DefaultBuildOperationRunner$ReadableBuildOperationContext;Lorg/gradle/internal/operations/DefaultBuildOperationRunner$BuildOperationExecutionListener;)Lorg/gradle/internal/operations/BuildOperation; (110 bytes) @ 0x000001f2499654c4 [0x000001f2499652c0+0x0000000000000204]
J 7200 c1 org.gradle.internal.operations.DefaultBuildOperationRunner$2.execute(Lorg/gradle/internal/operations/BuildOperationDescriptor;Lorg/gradle/internal/operations/BuildOperationState;Lorg/gradle/internal/operations/BuildOperationState;Lorg/gradle/internal/operations/DefaultBuildOperationRunner$ReadableBuildOperationContext;Lorg/gradle/internal/operations/DefaultBuildOperationRunner$BuildOperationExecutionListener;)Ljava/lang/Object; (12 bytes) @ 0x000001f249c0303c [0x000001f249c02fc0+0x000000000000007c]
J 8455 c1 org.gradle.internal.operations.DefaultBuildOperationRunner.execute(Lorg/gradle/internal/operations/BuildOperationDescriptor$Builder;Lorg/gradle/internal/operations/DefaultBuildOperationRunner$BuildOperationExecution;)Ljava/lang/Object; (147 bytes) @ 0x000001f24a377bbc [0x000001f24a376d40+0x0000000000000e7c]
J 6242 c1 org.gradle.internal.operations.DefaultBuildOperationRunner.execute(Lorg/gradle/internal/operations/BuildOperation;Lorg/gradle/internal/operations/BuildOperationWorker;)V (22 bytes) @ 0x000001f24a137f84 [0x000001f24a137ce0+0x00000000000002a4]
J 8583 c1 org.gradle.internal.operations.DefaultBuildOperationRunner.call(Lorg/gradle/internal/operations/CallableBuildOperation;)Ljava/lang/Object; (20 bytes) @ 0x000001f24a3c2284 [0x000001f24a3c20e0+0x00000000000001a4]
j  org.gradle.internal.execution.steps.ExecuteStep.execute(Lorg/gradle/internal/execution/UnitOfWork;Lorg/gradle/internal/execution/steps/ChangingOutputsContext;)Lorg/gradle/internal/execution/steps/Result;+28
j  org.gradle.internal.execution.steps.ExecuteStep.execute(Lorg/gradle/internal/execution/UnitOfWork;Lorg/gradle/internal/execution/steps/Context;)Lorg/gradle/internal/execution/steps/Result;+6
j  org.gradle.internal.execution.steps.CancelExecutionStep.execute(Lorg/gradle/internal/execution/UnitOfWork;Lorg/gradle/internal/execution/steps/Context;)Lorg/gradle/internal/execution/steps/Result;+35
j  org.gradle.internal.execution.steps.TimeoutStep.executeWithoutTimeout(Lorg/gradle/internal/execution/UnitOfWork;Lorg/gradle/internal/execution/steps/Context;)Lorg/gradle/internal/execution/steps/Result;+6
j  org.gradle.internal.execution.steps.TimeoutStep.execute(Lorg/gradle/internal/execution/UnitOfWork;Lorg/gradle/internal/execution/steps/Context;)Lorg/gradle/internal/execution/steps/Result;+92
j  org.gradle.internal.execution.steps.PreCreateOutputParentsStep.execute(Lorg/gradle/internal/execution/UnitOfWork;Lorg/gradle/internal/execution/steps/ChangingOutputsContext;)Lorg/gradle/internal/execution/steps/Result;+24
j  org.gradle.internal.execution.steps.PreCreateOutputParentsStep.execute(Lorg/gradle/internal/execution/UnitOfWork;Lorg/gradle/internal/execution/steps/Context;)Lorg/gradle/internal/execution/steps/Result;+6
j  org.gradle.internal.execution.steps.BroadcastChangingOutputsStep.execute(Lorg/gradle/internal/execution/UnitOfWork;Lorg/gradle/internal/execution/steps/InputChangesContext;)Lorg/gradle/internal/execution/steps/Result;+53
j  org.gradle.internal.execution.steps.BroadcastChangingOutputsStep.execute(Lorg/gradle/internal/execution/UnitOfWork;Lorg/gradle/internal/execution/steps/Context;)Lorg/gradle/internal/execution/steps/Result;+6
j  org.gradle.internal.execution.steps.CaptureOutputsAfterExecutionStep.execute(Lorg/gradle/internal/execution/UnitOfWork;Lorg/gradle/internal/execution/steps/WorkspaceContext;)Lorg/gradle/internal/execution/steps/AfterExecutionResult;+6
j  org.gradle.internal.execution.steps.CaptureOutputsAfterExecutionStep.execute(Lorg/gradle/internal/execution/UnitOfWork;Lorg/gradle/internal/execution/steps/Context;)Lorg/gradle/internal/execution/steps/Result;+6
j  org.gradle.internal.execution.steps.NoInputChangesStep.execute(Lorg/gradle/internal/execution/UnitOfWork;Lorg/gradle/internal/execution/steps/ValidationFinishedContext;)Lorg/gradle/internal/execution/steps/Result;+23
j  org.gradle.internal.execution.steps.NoInputChangesStep.execute(Lorg/gradle/internal/execution/UnitOfWork;Lorg/gradle/internal/execution/steps/Context;)Lorg/gradle/internal/execution/steps/Result;+6
j  org.gradle.internal.execution.steps.BuildCacheStep.executeWithoutCache(Lorg/gradle/internal/execution/UnitOfWork;Lorg/gradle/internal/execution/steps/WorkspaceContext;)Lorg/gradle/internal/execution/steps/AfterExecutionResult;+6
j  org.gradle.internal.execution.steps.BuildCacheStep.lambda$execute$1(Lorg/gradle/internal/execution/UnitOfWork;Lorg/gradle/internal/execution/steps/WorkspaceContext;Lorg/gradle/internal/execution/caching/CachingState$Disabled;)Lorg/gradle/internal/execution/steps/AfterExecutionResult;+3
j  org.gradle.internal.execution.steps.BuildCacheStep$$Lambda+0x000001f25ed87000.apply(Ljava/lang/Object;)Ljava/lang/Object;+16
j  org.gradle.internal.Either$Right.fold(Ljava/util/function/Function;Ljava/util/function/Function;)Ljava/lang/Object;+5
j  org.gradle.internal.execution.caching.CachingState.fold(Ljava/util/function/Function;Ljava/util/function/Function;)Ljava/lang/Object;+6
j  org.gradle.internal.execution.steps.BuildCacheStep.execute(Lorg/gradle/internal/execution/UnitOfWork;Lorg/gradle/internal/execution/steps/WorkspaceContext;)Lorg/gradle/internal/execution/steps/AfterExecutionResult;+25
j  org.gradle.internal.execution.steps.BuildCacheStep.execute(Lorg/gradle/internal/execution/UnitOfWork;Lorg/gradle/internal/execution/steps/Context;)Lorg/gradle/internal/execution/steps/Result;+6
j  org.gradle.internal.execution.steps.NeverUpToDateStep.execute(Lorg/gradle/internal/execution/UnitOfWork;Lorg/gradle/internal/execution/steps/NonIncrementalCachingContext;)Lorg/gradle/internal/execution/steps/UpToDateResult;+6
j  org.gradle.internal.execution.steps.NeverUpToDateStep.execute(Lorg/gradle/internal/execution/UnitOfWork;Lorg/gradle/internal/execution/steps/Context;)Lorg/gradle/internal/execution/steps/Result;+6
j  org.gradle.internal.execution.steps.legacy.MarkSnapshottingInputsFinishedStep.execute(Lorg/gradle/internal/execution/UnitOfWork;Lorg/gradle/internal/execution/steps/CachingContext;)Lorg/gradle/internal/execution/steps/Result;+18
j  org.gradle.internal.execution.steps.legacy.MarkSnapshottingInputsFinishedStep.execute(Lorg/gradle/internal/execution/UnitOfWork;Lorg/gradle/internal/execution/steps/Context;)Lorg/gradle/internal/execution/steps/Result;+6
j  org.gradle.internal.execution.steps.ResolveNonIncrementalCachingStateStep.executeDelegate(Lorg/gradle/internal/execution/UnitOfWork;Lorg/gradle/internal/execution/steps/ValidationFinishedContext;Lorg/gradle/internal/execution/caching/CachingState;)Lorg/gradle/internal/execution/steps/UpToDateResult;+14
j  org.gradle.internal.execution.steps.AbstractResolveCachingStateStep.execute(Lorg/gradle/internal/execution/UnitOfWork;Lorg/gradle/internal/execution/steps/ValidationFinishedContext;)Lorg/gradle/internal/execution/steps/CachingResult;+51
j  org.gradle.internal.execution.steps.AbstractResolveCachingStateStep.execute(Lorg/gradle/internal/execution/UnitOfWork;Lorg/gradle/internal/execution/steps/Context;)Lorg/gradle/internal/execution/steps/Result;+6
j  org.gradle.internal.execution.steps.ValidateStep.execute(Lorg/gradle/internal/execution/UnitOfWork;Lorg/gradle/internal/execution/steps/BeforeExecutionContext;)Lorg/gradle/internal/execution/steps/Result;+67
j  org.gradle.internal.execution.steps.ValidateStep.execute(Lorg/gradle/internal/execution/UnitOfWork;Lorg/gradle/internal/execution/steps/Context;)Lorg/gradle/internal/execution/steps/Result;+6
j  org.gradle.internal.execution.steps.AbstractCaptureStateBeforeExecutionStep.execute(Lorg/gradle/internal/execution/UnitOfWork;Lorg/gradle/internal/execution/steps/PreviousExecutionContext;)Lorg/gradle/internal/execution/steps/CachingResult;+49
j  org.gradle.internal.execution.steps.AbstractCaptureStateBeforeExecutionStep.execute(Lorg/gradle/internal/execution/UnitOfWork;Lorg/gradle/internal/execution/steps/Context;)Lorg/gradle/internal/execution/steps/Result;+6
j  org.gradle.internal.execution.steps.legacy.MarkSnapshottingInputsStartedStep.execute(Lorg/gradle/internal/execution/UnitOfWork;Lorg/gradle/internal/execution/steps/Context;)Lorg/gradle/internal/execution/steps/Result;+12
j  org.gradle.internal.execution.steps.AssignImmutableWorkspaceStep.executeInWorkspace(Lorg/gradle/internal/execution/UnitOfWork;Lorg/gradle/internal/execution/steps/IdentityContext;Ljava/io/File;)Lorg/gradle/internal/execution/steps/WorkspaceResult;+48
j  org.gradle.internal.execution.steps.AssignImmutableWorkspaceStep.lambda$execute$0(Lorg/gradle/internal/execution/workspace/ImmutableWorkspaceProvider$LockingImmutableWorkspace;Lorg/gradle/internal/execution/UnitOfWork;Lorg/gradle/internal/execution/steps/IdentityContext;)Lorg/gradle/internal/execution/steps/WorkspaceResult;+19
j  org.gradle.internal.execution.steps.AssignImmutableWorkspaceStep$$Lambda+0x000001f25e5f56c8.get()Ljava/lang/Object;+16
J 9648 c1 org.gradle.internal.execution.steps.AssignImmutableWorkspaceStep.lambda$execute$1(Lorg/gradle/internal/execution/UnitOfWork;Lorg/gradle/internal/execution/workspace/ImmutableWorkspaceProvider$LockingImmutableWorkspace;Lorg/gradle/internal/execution/steps/IdentityContext;)Lorg/gradle/internal/execution/steps/WorkspaceResult; (22 bytes) @ 0x000001f24a5e53cc [0x000001f24a5e4d60+0x000000000000066c]
J 9647 c1 org.gradle.internal.execution.steps.AssignImmutableWorkspaceStep$$Lambda+0x000001f25e5e96a0.get()Ljava/lang/Object; (20 bytes) @ 0x000001f24a5e495c [0x000001f24a5e48c0+0x000000000000009c]
j  org.gradle.internal.execution.workspace.impl.CacheBasedImmutableWorkspaceProvider$CacheContainer.lambda$withFileLock$0(Ljava/util/function/Supplier;)Ljava/lang/Object;+8
J 11650 c2 org.gradle.cache.internal.LockOnDemandCrossProcessCacheAccess.withFileLock(Ljava/util/function/Supplier;)Ljava/lang/Object; (24 bytes) @ 0x000001f251f09920 [0x000001f251f093e0+0x0000000000000540]
J 9636 c1 org.gradle.cache.internal.DefaultCacheFactory$ReferenceTrackingCache.withFileLock(Ljava/util/function/Supplier;)Ljava/lang/Object; (14 bytes) @ 0x000001f24a5de04c [0x000001f24a5ddde0+0x000000000000026c]
J 9632 c1 org.gradle.internal.execution.workspace.impl.CacheBasedImmutableWorkspaceProvider$2.withWorkspaceLock(Ljava/util/function/Supplier;)Ljava/lang/Object; (36 bytes) @ 0x000001f24a5da99c [0x000001f24a5d9f20+0x0000000000000a7c]
J 9393 c1 org.gradle.internal.execution.steps.AssignImmutableWorkspaceStep.execute(Lorg/gradle/internal/execution/UnitOfWork;Lorg/gradle/internal/execution/steps/IdentityContext;)Lorg/gradle/internal/execution/steps/WorkspaceResult; (96 bytes) @ 0x000001f24a5493fc [0x000001f24a548680+0x0000000000000d7c]
J 9640 c1 org.gradle.internal.execution.steps.AssignImmutableWorkspaceStep.execute(Lorg/gradle/internal/execution/UnitOfWork;Lorg/gradle/internal/execution/steps/Context;)Lorg/gradle/internal/execution/steps/Result; (10 bytes) @ 0x000001f24a5e09bc [0x000001f24a5e0840+0x000000000000017c]
J 9618 c1 org.gradle.internal.execution.steps.ChoosePipelineStep.execute(Lorg/gradle/internal/execution/UnitOfWork;Lorg/gradle/internal/execution/steps/IdentityContext;)Lorg/gradle/internal/execution/steps/Result; (71 bytes) @ 0x000001f24a5cdf84 [0x000001f24a5cd8a0+0x00000000000006e4]
J 9363 c1 org.gradle.internal.execution.steps.ChoosePipelineStep.execute(Lorg/gradle/internal/execution/UnitOfWork;Lorg/gradle/internal/execution/steps/Context;)Lorg/gradle/internal/execution/steps/Result; (10 bytes) @ 0x000001f24a53443c [0x000001f24a5342c0+0x000000000000017c]
j  org.gradle.internal.execution.steps.ExecuteWorkBuildOperationFiringStep.lambda$execute$2(Lorg/gradle/internal/execution/UnitOfWork;Lorg/gradle/internal/execution/steps/IdentityContext;)Lorg/gradle/internal/execution/steps/CachingResult;+6
j  org.gradle.internal.execution.steps.ExecuteWorkBuildOperationFiringStep$$Lambda+0x000001f25e5e9000.get()Ljava/lang/Object;+12
J 9619 c1 org.gradle.internal.execution.steps.ExecuteWorkBuildOperationFiringStep.execute(Lorg/gradle/internal/execution/UnitOfWork;Lorg/gradle/internal/execution/steps/Context;)Lorg/gradle/internal/execution/steps/Result; (10 bytes) @ 0x000001f24a5cf92c [0x000001f24a5ceac0+0x0000000000000e6c]
j  org.gradle.internal.execution.steps.IdentityCacheStep.execute(Lorg/gradle/internal/execution/UnitOfWork;Lorg/gradle/internal/execution/steps/IdentityContext;)Lorg/gradle/internal/execution/steps/WorkspaceResult;+6
j  org.gradle.internal.execution.steps.IdentityCacheStep.execute(Lorg/gradle/internal/execution/UnitOfWork;Lorg/gradle/internal/execution/steps/Context;)Lorg/gradle/internal/execution/steps/Result;+6
j  org.gradle.internal.execution.steps.IdentifyStep.execute(Lorg/gradle/internal/execution/UnitOfWork;Lorg/gradle/internal/execution/steps/ExecutionRequestContext;)Lorg/gradle/internal/execution/steps/Result;+11
j  org.gradle.internal.execution.steps.IdentifyStep.execute(Lorg/gradle/internal/execution/UnitOfWork;Lorg/gradle/internal/execution/steps/Context;)Lorg/gradle/internal/execution/steps/Result;+6
j  org.gradle.internal.execution.impl.DefaultExecutionEngine$1.execute()Lorg/gradle/internal/execution/ExecutionEngine$Result;+15
j  org.gradle.kotlin.dsl.provider.StandardKotlinScriptEvaluator$InterpreterHost.cachedDirFor(Lorg/gradle/kotlin/dsl/support/KotlinScriptHost;Lorg/gradle/kotlin/dsl/execution/ProgramId;Lorg/gradle/internal/classpath/ClassPath;Lorg/gradle/internal/classpath/ClassPath;Lkotlin/jvm/functions/Function1;)Ljava/io/File;+131
j  org.gradle.kotlin.dsl.execution.Interpreter$ProgramHost.compileSecondStageOf(Lorg/gradle/kotlin/dsl/execution/ExecutableProgram$StagedProgram;Lorg/gradle/kotlin/dsl/support/KotlinScriptHost;Lorg/gradle/kotlin/dsl/execution/ProgramId;Lorg/gradle/kotlin/dsl/execution/ProgramKind;Lorg/gradle/kotlin/dsl/execution/ProgramTarget;Lorg/gradle/internal/classpath/ClassPath;)Lorg/gradle/kotlin/dsl/execution/CompiledScript;+139
j  Program.loadSecondStageFor(Lorg/gradle/kotlin/dsl/execution/ExecutableProgram$Host;Lorg/gradle/kotlin/dsl/support/KotlinScriptHost;Lorg/gradle/kotlin/dsl/execution/ProgramId;Lorg/gradle/internal/classpath/ClassPath;)Lorg/gradle/kotlin/dsl/execution/CompiledScript;+12
j  org.gradle.kotlin.dsl.execution.Interpreter$ProgramHost.evaluateSecondStageOf(Lorg/gradle/kotlin/dsl/execution/ExecutableProgram$StagedProgram;Lorg/gradle/kotlin/dsl/support/KotlinScriptHost;Ljava/lang/String;Lorg/gradle/internal/hash/HashCode;Lorg/gradle/internal/classpath/ClassPath;)V+173
j  Program.execute(Lorg/gradle/kotlin/dsl/execution/ExecutableProgram$Host;Lorg/gradle/kotlin/dsl/support/KotlinScriptHost;)V+183
j  org.gradle.kotlin.dsl.execution.Interpreter$ProgramHost.eval(Lorg/gradle/kotlin/dsl/execution/CompiledScript;Lorg/gradle/kotlin/dsl/support/KotlinScriptHost;)V+89
j  org.gradle.kotlin.dsl.execution.Interpreter.eval(Ljava/lang/Object;Lorg/gradle/groovy/scripts/ScriptSource;Lorg/gradle/internal/hash/HashCode;Lorg/gradle/api/initialization/dsl/ScriptHandler;Lorg/gradle/api/internal/initialization/ClassLoaderScope;Lorg/gradle/api/internal/initialization/ClassLoaderScope;ZLjava/util/EnumSet;)V+213
j  org.gradle.kotlin.dsl.provider.StandardKotlinScriptEvaluator.evaluate(Ljava/lang/Object;Lorg/gradle/groovy/scripts/ScriptSource;Lorg/gradle/api/initialization/dsl/ScriptHandler;Lorg/gradle/api/internal/initialization/ClassLoaderScope;Lorg/gradle/api/internal/initialization/ClassLoaderScope;ZLjava/util/EnumSet;)V+167
j  org.gradle.kotlin.dsl.provider.KotlinScriptPluginFactory.create$lambda$0(Lorg/gradle/kotlin/dsl/provider/KotlinScriptPluginFactory;Lorg/gradle/groovy/scripts/ScriptSource;Lorg/gradle/api/internal/initialization/ClassLoaderScope;Lorg/gradle/api/initialization/dsl/ScriptHandler;Lorg/gradle/api/internal/initialization/ClassLoaderScope;ZLjava/lang/Object;)Lkotlin/Unit;+48
j  org.gradle.kotlin.dsl.provider.KotlinScriptPluginFactory$$Lambda+0x000001f25e5c65f0.invoke(Ljava/lang/Object;)Ljava/lang/Object;+25
j  org.gradle.kotlin.dsl.provider.KotlinScriptPlugin.apply(Ljava/lang/Object;)V+22
j  org.gradle.configuration.BuildOperationScriptPlugin$1.run(Lorg/gradle/internal/operations/BuildOperationContext;)V+11
J 7674 c1 org.gradle.internal.operations.DefaultBuildOperationRunner$1.execute(Lorg/gradle/internal/operations/BuildOperation;Lorg/gradle/internal/operations/BuildOperationContext;)V (10 bytes) @ 0x000001f24a25a5c4 [0x000001f24a25a360+0x0000000000000264]
J 7192 c1 org.gradle.internal.operations.DefaultBuildOperationRunner$2.execute(Lorg/gradle/internal/operations/BuildOperationDescriptor;Lorg/gradle/internal/operations/BuildOperationState;Lorg/gradle/internal/operations/BuildOperationState;Lorg/gradle/internal/operations/DefaultBuildOperationRunner$ReadableBuildOperationContext;Lorg/gradle/internal/operations/DefaultBuildOperationRunner$BuildOperationExecutionListener;)Lorg/gradle/internal/operations/BuildOperation; (110 bytes) @ 0x000001f2499654c4 [0x000001f2499652c0+0x0000000000000204]
J 7200 c1 org.gradle.internal.operations.DefaultBuildOperationRunner$2.execute(Lorg/gradle/internal/operations/BuildOperationDescriptor;Lorg/gradle/internal/operations/BuildOperationState;Lorg/gradle/internal/operations/BuildOperationState;Lorg/gradle/internal/operations/DefaultBuildOperationRunner$ReadableBuildOperationContext;Lorg/gradle/internal/operations/DefaultBuildOperationRunner$BuildOperationExecutionListener;)Ljava/lang/Object; (12 bytes) @ 0x000001f249c0303c [0x000001f249c02fc0+0x000000000000007c]
J 8455 c1 org.gradle.internal.operations.DefaultBuildOperationRunner.execute(Lorg/gradle/internal/operations/BuildOperationDescriptor$Builder;Lorg/gradle/internal/operations/DefaultBuildOperationRunner$BuildOperationExecution;)Ljava/lang/Object; (147 bytes) @ 0x000001f24a377bbc [0x000001f24a376d40+0x0000000000000e7c]
J 6242 c1 org.gradle.internal.operations.DefaultBuildOperationRunner.execute(Lorg/gradle/internal/operations/BuildOperation;Lorg/gradle/internal/operations/BuildOperationWorker;)V (22 bytes) @ 0x000001f24a137f84 [0x000001f24a137ce0+0x00000000000002a4]
J 7673 c1 org.gradle.internal.operations.DefaultBuildOperationRunner.run(Lorg/gradle/internal/operations/RunnableBuildOperation;)V (9 bytes) @ 0x000001f24a259fdc [0x000001f24a259f40+0x000000000000009c]
j  org.gradle.configuration.BuildOperationScriptPlugin.lambda$apply$0(Ljava/lang/Object;Lorg/gradle/internal/code/UserCodeApplicationId;)V+14
j  org.gradle.configuration.BuildOperationScriptPlugin$$Lambda+0x000001f25e5c7718.execute(Ljava/lang/Object;)V+12
j  org.gradle.internal.code.DefaultUserCodeApplicationContext.apply(Lorg/gradle/internal/code/UserCodeSource;Lorg/gradle/api/Action;)V+37
j  org.gradle.configuration.BuildOperationScriptPlugin.apply(Ljava/lang/Object;)V+71
j  org.gradle.configuration.project.BuildScriptProcessor$$Lambda+0x000001f25e70bbd8.accept(Ljava/lang/Object;)V+8
j  org.gradle.api.internal.project.DefaultProjectStateRegistry$ProjectStateImpl.lambda$applyToMutableState$0(Ljava/util/function/Consumer;Lorg/gradle/api/internal/project/ProjectInternal;)Ljava/lang/Object;+2
j  org.gradle.api.internal.project.DefaultProjectStateRegistry$ProjectStateImpl$$Lambda+0x000001f25e6e6488.apply(Ljava/lang/Object;)Ljava/lang/Object;+8
j  org.gradle.api.internal.project.DefaultProjectStateRegistry$ProjectStateImpl.lambda$fromMutableState$1(Ljava/util/function/Function;)Ljava/lang/Object;+5
j  org.gradle.api.internal.project.DefaultProjectStateRegistry$ProjectStateImpl$$Lambda+0x000001f25e6e66d0.get()Ljava/lang/Object;+8
j  org.gradle.api.internal.project.DefaultProjectStateRegistry$ProjectStateImpl.runWithModelLock(Ljava/util/function/Supplier;)Ljava/lang/Object;+89
j  org.gradle.api.internal.project.DefaultProjectStateRegistry$ProjectStateImpl.fromMutableState(Ljava/util/function/Function;)Ljava/lang/Object;+8
j  org.gradle.api.internal.project.DefaultProjectStateRegistry$ProjectStateImpl.applyToMutableState(Ljava/util/function/Consumer;)V+7
j  org.gradle.configuration.project.BuildScriptProcessor.execute(Lorg/gradle/api/internal/project/ProjectInternal;)V+88
j  org.gradle.configuration.project.BuildScriptProcessor.execute(Ljava/lang/Object;)V+5
j  org.gradle.configuration.project.ConfigureActionsProjectEvaluator.evaluate(Lorg/gradle/api/internal/project/ProjectInternal;Lorg/gradle/api/internal/project/ProjectStateInternal;)V+33
j  org.gradle.configuration.project.LifecycleProjectEvaluator$EvaluateProject.lambda$run$0(Lorg/gradle/internal/operations/BuildOperationContext;Lorg/gradle/api/internal/project/ProjectInternal;)V+67
j  org.gradle.configuration.project.LifecycleProjectEvaluator$EvaluateProject$$Lambda+0x000001f25e6e6250.accept(Ljava/lang/Object;)V+12
j  org.gradle.api.internal.project.DefaultProjectStateRegistry$ProjectStateImpl.lambda$applyToMutableState$0(Ljava/util/function/Consumer;Lorg/gradle/api/internal/project/ProjectInternal;)Ljava/lang/Object;+2
j  org.gradle.api.internal.project.DefaultProjectStateRegistry$ProjectStateImpl$$Lambda+0x000001f25e6e6488.apply(Ljava/lang/Object;)Ljava/lang/Object;+8
j  org.gradle.api.internal.project.DefaultProjectStateRegistry$ProjectStateImpl.lambda$fromMutableState$1(Ljava/util/function/Function;)Ljava/lang/Object;+5
j  org.gradle.api.internal.project.DefaultProjectStateRegistry$ProjectStateImpl$$Lambda+0x000001f25e6e66d0.get()Ljava/lang/Object;+8
j  org.gradle.api.internal.project.DefaultProjectStateRegistry$ProjectStateImpl.runWithModelLock(Ljava/util/function/Supplier;)Ljava/lang/Object;+89
j  org.gradle.api.internal.project.DefaultProjectStateRegistry$ProjectStateImpl.fromMutableState(Ljava/util/function/Function;)Ljava/lang/Object;+8
j  org.gradle.api.internal.project.DefaultProjectStateRegistry$ProjectStateImpl.applyToMutableState(Ljava/util/function/Consumer;)V+7
j  org.gradle.configuration.project.LifecycleProjectEvaluator$EvaluateProject.run(Lorg/gradle/internal/operations/BuildOperationContext;)V+16
J 7674 c1 org.gradle.internal.operations.DefaultBuildOperationRunner$1.execute(Lorg/gradle/internal/operations/BuildOperation;Lorg/gradle/internal/operations/BuildOperationContext;)V (10 bytes) @ 0x000001f24a25a5c4 [0x000001f24a25a360+0x0000000000000264]
J 7192 c1 org.gradle.internal.operations.DefaultBuildOperationRunner$2.execute(Lorg/gradle/internal/operations/BuildOperationDescriptor;Lorg/gradle/internal/operations/BuildOperationState;Lorg/gradle/internal/operations/BuildOperationState;Lorg/gradle/internal/operations/DefaultBuildOperationRunner$ReadableBuildOperationContext;Lorg/gradle/internal/operations/DefaultBuildOperationRunner$BuildOperationExecutionListener;)Lorg/gradle/internal/operations/BuildOperation; (110 bytes) @ 0x000001f2499654c4 [0x000001f2499652c0+0x0000000000000204]
J 7200 c1 org.gradle.internal.operations.DefaultBuildOperationRunner$2.execute(Lorg/gradle/internal/operations/BuildOperationDescriptor;Lorg/gradle/internal/operations/BuildOperationState;Lorg/gradle/internal/operations/BuildOperationState;Lorg/gradle/internal/operations/DefaultBuildOperationRunner$ReadableBuildOperationContext;Lorg/gradle/internal/operations/DefaultBuildOperationRunner$BuildOperationExecutionListener;)Ljava/lang/Object; (12 bytes) @ 0x000001f249c0303c [0x000001f249c02fc0+0x000000000000007c]
J 8455 c1 org.gradle.internal.operations.DefaultBuildOperationRunner.execute(Lorg/gradle/internal/operations/BuildOperationDescriptor$Builder;Lorg/gradle/internal/operations/DefaultBuildOperationRunner$BuildOperationExecution;)Ljava/lang/Object; (147 bytes) @ 0x000001f24a377bbc [0x000001f24a376d40+0x0000000000000e7c]
J 6242 c1 org.gradle.internal.operations.DefaultBuildOperationRunner.execute(Lorg/gradle/internal/operations/BuildOperation;Lorg/gradle/internal/operations/BuildOperationWorker;)V (22 bytes) @ 0x000001f24a137f84 [0x000001f24a137ce0+0x00000000000002a4]
J 7673 c1 org.gradle.internal.operations.DefaultBuildOperationRunner.run(Lorg/gradle/internal/operations/RunnableBuildOperation;)V (9 bytes) @ 0x000001f24a259fdc [0x000001f24a259f40+0x000000000000009c]
j  org.gradle.configuration.project.LifecycleProjectEvaluator.evaluate(Lorg/gradle/api/internal/project/ProjectInternal;Lorg/gradle/api/internal/project/ProjectStateInternal;)V+42
j  org.gradle.api.internal.project.DefaultProject.evaluateUnchecked()Lorg/gradle/api/internal/project/ProjectInternal;+20
j  org.gradle.api.internal.project.ProjectLifecycleController.lambda$ensureSelfConfigured$2()V+4
j  org.gradle.api.internal.project.ProjectLifecycleController$$Lambda+0x000001f25e6e27e0.run()V+4
j  org.gradle.internal.model.StateTransitionController.lambda$doTransition$14(Ljava/lang/Runnable;)Lorg/gradle/internal/build/ExecutionResult;+1
j  org.gradle.internal.model.StateTransitionController$$Lambda+0x000001f25e4608a0.get()Ljava/lang/Object;+4
j  org.gradle.internal.model.StateTransitionController.doTransition(Lorg/gradle/internal/model/StateTransitionController$State;Lorg/gradle/internal/model/StateTransitionController$State;Ljava/util/function/Supplier;)Lorg/gradle/internal/build/ExecutionResult;+24
j  org.gradle.internal.model.StateTransitionController.doTransition(Lorg/gradle/internal/model/StateTransitionController$State;Lorg/gradle/internal/model/StateTransitionController$State;Ljava/lang/Runnable;)V+9
j  org.gradle.internal.model.StateTransitionController.lambda$maybeTransitionIfNotCurrentlyTransitioning$10(Lorg/gradle/internal/model/StateTransitionController$State;Lorg/gradle/internal/model/StateTransitionController$State;Ljava/lang/Runnable;)V+16
j  org.gradle.internal.model.StateTransitionController$$Lambda+0x000001f25e6e2a08.run()V+16
j  org.gradle.internal.work.DefaultSynchronizer.withLock(Ljava/lang/Runnable;)V+6
j  org.gradle.internal.model.StateTransitionController.maybeTransitionIfNotCurrentlyTransitioning(Lorg/gradle/internal/model/StateTransitionController$State;Lorg/gradle/internal/model/StateTransitionController$State;Ljava/lang/Runnable;)V+13
j  org.gradle.api.internal.project.ProjectLifecycleController.ensureSelfConfigured()V+16
j  org.gradle.api.internal.project.DefaultProjectStateRegistry$ProjectStateImpl.ensureConfigured()V+19
j  org.gradle.api.internal.project.DefaultProject.evaluationDependsOn(Lorg/gradle/api/internal/project/ProjectInternal;)Lorg/gradle/api/Project;+40
j  org.gradle.api.internal.project.DefaultProject.evaluationDependsOn(Ljava/lang/String;)Lorg/gradle/api/Project;+26
j  org.gradle.api.internal.project.MutableStateAccessAwareProject.evaluationDependsOn(Ljava/lang/String;)Lorg/gradle/api/Project;+12
j  Build_gradle$3.execute(Lorg/gradle/api/Project;)V+14
j  Build_gradle$3.execute(Ljava/lang/Object;)V+5
J 7677 c1 org.gradle.api.internal.DefaultMutationGuard$1.execute(Ljava/lang/Object;)V (67 bytes) @ 0x000001f24a25b92c [0x000001f24a25b4c0+0x000000000000046c]
j  org.gradle.internal.Actions.with(Ljava/lang/Object;Lorg/gradle/api/Action;)Ljava/lang/Object;+2
j  org.gradle.api.internal.project.BuildOperationCrossProjectConfigurator$1.run(Lorg/gradle/internal/operations/BuildOperationContext;)V+20
J 7674 c1 org.gradle.internal.operations.DefaultBuildOperationRunner$1.execute(Lorg/gradle/internal/operations/BuildOperation;Lorg/gradle/internal/operations/BuildOperationContext;)V (10 bytes) @ 0x000001f24a25a5c4 [0x000001f24a25a360+0x0000000000000264]
J 7192 c1 org.gradle.internal.operations.DefaultBuildOperationRunner$2.execute(Lorg/gradle/internal/operations/BuildOperationDescriptor;Lorg/gradle/internal/operations/BuildOperationState;Lorg/gradle/internal/operations/BuildOperationState;Lorg/gradle/internal/operations/DefaultBuildOperationRunner$ReadableBuildOperationContext;Lorg/gradle/internal/operations/DefaultBuildOperationRunner$BuildOperationExecutionListener;)Lorg/gradle/internal/operations/BuildOperation; (110 bytes) @ 0x000001f2499654c4 [0x000001f2499652c0+0x0000000000000204]
J 7200 c1 org.gradle.internal.operations.DefaultBuildOperationRunner$2.execute(Lorg/gradle/internal/operations/BuildOperationDescriptor;Lorg/gradle/internal/operations/BuildOperationState;Lorg/gradle/internal/operations/BuildOperationState;Lorg/gradle/internal/operations/DefaultBuildOperationRunner$ReadableBuildOperationContext;Lorg/gradle/internal/operations/DefaultBuildOperationRunner$BuildOperationExecutionListener;)Ljava/lang/Object; (12 bytes) @ 0x000001f249c0303c [0x000001f249c02fc0+0x000000000000007c]
J 8455 c1 org.gradle.internal.operations.DefaultBuildOperationRunner.execute(Lorg/gradle/internal/operations/BuildOperationDescriptor$Builder;Lorg/gradle/internal/operations/DefaultBuildOperationRunner$BuildOperationExecution;)Ljava/lang/Object; (147 bytes) @ 0x000001f24a377bbc [0x000001f24a376d40+0x0000000000000e7c]
J 6242 c1 org.gradle.internal.operations.DefaultBuildOperationRunner.execute(Lorg/gradle/internal/operations/BuildOperation;Lorg/gradle/internal/operations/BuildOperationWorker;)V (22 bytes) @ 0x000001f24a137f84 [0x000001f24a137ce0+0x00000000000002a4]
J 7673 c1 org.gradle.internal.operations.DefaultBuildOperationRunner.run(Lorg/gradle/internal/operations/RunnableBuildOperation;)V (9 bytes) @ 0x000001f24a259fdc [0x000001f24a259f40+0x000000000000009c]
j  org.gradle.api.internal.project.BuildOperationCrossProjectConfigurator.lambda$runProjectConfigureAction$0(Lorg/gradle/api/internal/project/ProjectInternal;Lorg/gradle/api/Action;Lorg/gradle/api/internal/project/ProjectInternal;)V+15
j  org.gradle.api.internal.project.BuildOperationCrossProjectConfigurator$$Lambda+0x000001f25eb6a830.accept(Ljava/lang/Object;)V+16
j  org.gradle.api.internal.project.DefaultProjectStateRegistry$ProjectStateImpl.lambda$applyToMutableState$0(Ljava/util/function/Consumer;Lorg/gradle/api/internal/project/ProjectInternal;)Ljava/lang/Object;+2
j  org.gradle.api.internal.project.DefaultProjectStateRegistry$ProjectStateImpl$$Lambda+0x000001f25e6e6488.apply(Ljava/lang/Object;)Ljava/lang/Object;+8
j  org.gradle.api.internal.project.DefaultProjectStateRegistry$ProjectStateImpl.lambda$fromMutableState$1(Ljava/util/function/Function;)Ljava/lang/Object;+5
j  org.gradle.api.internal.project.DefaultProjectStateRegistry$ProjectStateImpl$$Lambda+0x000001f25e6e66d0.get()Ljava/lang/Object;+8
j  org.gradle.api.internal.project.DefaultProjectStateRegistry$ProjectStateImpl.runWithModelLock(Ljava/util/function/Supplier;)Ljava/lang/Object;+89
j  org.gradle.api.internal.project.DefaultProjectStateRegistry$ProjectStateImpl.fromMutableState(Ljava/util/function/Function;)Ljava/lang/Object;+8
j  org.gradle.api.internal.project.DefaultProjectStateRegistry$ProjectStateImpl.applyToMutableState(Ljava/util/function/Consumer;)V+7
j  org.gradle.api.internal.project.BuildOperationCrossProjectConfigurator.runProjectConfigureAction(Lorg/gradle/api/internal/project/ProjectInternal;Lorg/gradle/api/Action;)V+14
j  org.gradle.api.internal.project.BuildOperationCrossProjectConfigurator.access$100(Lorg/gradle/api/internal/project/BuildOperationCrossProjectConfigurator;Lorg/gradle/api/internal/project/ProjectInternal;Lorg/gradle/api/Action;)V+3
j  org.gradle.api.internal.project.BuildOperationCrossProjectConfigurator$BlockConfigureBuildOperation.run(Lorg/gradle/internal/operations/BuildOperationContext;)V+38
J 7674 c1 org.gradle.internal.operations.DefaultBuildOperationRunner$1.execute(Lorg/gradle/internal/operations/BuildOperation;Lorg/gradle/internal/operations/BuildOperationContext;)V (10 bytes) @ 0x000001f24a25a5c4 [0x000001f24a25a360+0x0000000000000264]
J 7192 c1 org.gradle.internal.operations.DefaultBuildOperationRunner$2.execute(Lorg/gradle/internal/operations/BuildOperationDescriptor;Lorg/gradle/internal/operations/BuildOperationState;Lorg/gradle/internal/operations/BuildOperationState;Lorg/gradle/internal/operations/DefaultBuildOperationRunner$ReadableBuildOperationContext;Lorg/gradle/internal/operations/DefaultBuildOperationRunner$BuildOperationExecutionListener;)Lorg/gradle/internal/operations/BuildOperation; (110 bytes) @ 0x000001f2499654c4 [0x000001f2499652c0+0x0000000000000204]
J 7200 c1 org.gradle.internal.operations.DefaultBuildOperationRunner$2.execute(Lorg/gradle/internal/operations/BuildOperationDescriptor;Lorg/gradle/internal/operations/BuildOperationState;Lorg/gradle/internal/operations/BuildOperationState;Lorg/gradle/internal/operations/DefaultBuildOperationRunner$ReadableBuildOperationContext;Lorg/gradle/internal/operations/DefaultBuildOperationRunner$BuildOperationExecutionListener;)Ljava/lang/Object; (12 bytes) @ 0x000001f249c0303c [0x000001f249c02fc0+0x000000000000007c]
J 8455 c1 org.gradle.internal.operations.DefaultBuildOperationRunner.execute(Lorg/gradle/internal/operations/BuildOperationDescriptor$Builder;Lorg/gradle/internal/operations/DefaultBuildOperationRunner$BuildOperationExecution;)Ljava/lang/Object; (147 bytes) @ 0x000001f24a377bbc [0x000001f24a376d40+0x0000000000000e7c]
J 6242 c1 org.gradle.internal.operations.DefaultBuildOperationRunner.execute(Lorg/gradle/internal/operations/BuildOperation;Lorg/gradle/internal/operations/BuildOperationWorker;)V (22 bytes) @ 0x000001f24a137f84 [0x000001f24a137ce0+0x00000000000002a4]
J 7673 c1 org.gradle.internal.operations.DefaultBuildOperationRunner.run(Lorg/gradle/internal/operations/RunnableBuildOperation;)V (9 bytes) @ 0x000001f24a259fdc [0x000001f24a259f40+0x000000000000009c]
j  org.gradle.api.internal.project.BuildOperationCrossProjectConfigurator.runBlockConfigureAction(Lorg/gradle/internal/operations/BuildOperationDescriptor$Builder;Ljava/lang/Iterable;Lorg/gradle/api/Action;)V+16
j  org.gradle.api.internal.project.BuildOperationCrossProjectConfigurator.subprojects(Ljava/lang/Iterable;Lorg/gradle/api/Action;)V+6
j  org.gradle.api.internal.project.DefaultProject.subprojects(Lorg/gradle/api/internal/project/ProjectInternal;Lorg/gradle/api/Action;)V+10
j  org.gradle.api.internal.project.DefaultProject.subprojects(Lorg/gradle/api/Action;)V+3
j  Build_gradle.<init>(Lorg/gradle/kotlin/dsl/support/KotlinScriptHost;Lorg/gradle/api/Project;)V+133
j  Program.execute(Lorg/gradle/kotlin/dsl/execution/ExecutableProgram$Host;Lorg/gradle/kotlin/dsl/support/KotlinScriptHost;)V+11
j  org.gradle.kotlin.dsl.execution.Interpreter$ProgramHost.eval(Lorg/gradle/kotlin/dsl/execution/CompiledScript;Lorg/gradle/kotlin/dsl/support/KotlinScriptHost;)V+89
j  org.gradle.kotlin.dsl.execution.Interpreter$ProgramHost.evaluateSecondStageOf(Lorg/gradle/kotlin/dsl/execution/ExecutableProgram$StagedProgram;Lorg/gradle/kotlin/dsl/support/KotlinScriptHost;Ljava/lang/String;Lorg/gradle/internal/hash/HashCode;Lorg/gradle/internal/classpath/ClassPath;)V+198
j  Program.execute(Lorg/gradle/kotlin/dsl/execution/ExecutableProgram$Host;Lorg/gradle/kotlin/dsl/support/KotlinScriptHost;)V+145
j  org.gradle.kotlin.dsl.execution.Interpreter$ProgramHost.eval(Lorg/gradle/kotlin/dsl/execution/CompiledScript;Lorg/gradle/kotlin/dsl/support/KotlinScriptHost;)V+89
j  org.gradle.kotlin.dsl.execution.Interpreter.eval(Ljava/lang/Object;Lorg/gradle/groovy/scripts/ScriptSource;Lorg/gradle/internal/hash/HashCode;Lorg/gradle/api/initialization/dsl/ScriptHandler;Lorg/gradle/api/internal/initialization/ClassLoaderScope;Lorg/gradle/api/internal/initialization/ClassLoaderScope;ZLjava/util/EnumSet;)V+213
j  org.gradle.kotlin.dsl.provider.StandardKotlinScriptEvaluator.evaluate(Ljava/lang/Object;Lorg/gradle/groovy/scripts/ScriptSource;Lorg/gradle/api/initialization/dsl/ScriptHandler;Lorg/gradle/api/internal/initialization/ClassLoaderScope;Lorg/gradle/api/internal/initialization/ClassLoaderScope;ZLjava/util/EnumSet;)V+167
j  org.gradle.kotlin.dsl.provider.KotlinScriptPluginFactory.create$lambda$0(Lorg/gradle/kotlin/dsl/provider/KotlinScriptPluginFactory;Lorg/gradle/groovy/scripts/ScriptSource;Lorg/gradle/api/internal/initialization/ClassLoaderScope;Lorg/gradle/api/initialization/dsl/ScriptHandler;Lorg/gradle/api/internal/initialization/ClassLoaderScope;ZLjava/lang/Object;)Lkotlin/Unit;+48
j  org.gradle.kotlin.dsl.provider.KotlinScriptPluginFactory$$Lambda+0x000001f25e5c65f0.invoke(Ljava/lang/Object;)Ljava/lang/Object;+25
j  org.gradle.kotlin.dsl.provider.KotlinScriptPlugin.apply(Ljava/lang/Object;)V+22
j  org.gradle.configuration.BuildOperationScriptPlugin$1.run(Lorg/gradle/internal/operations/BuildOperationContext;)V+11
J 7674 c1 org.gradle.internal.operations.DefaultBuildOperationRunner$1.execute(Lorg/gradle/internal/operations/BuildOperation;Lorg/gradle/internal/operations/BuildOperationContext;)V (10 bytes) @ 0x000001f24a25a5c4 [0x000001f24a25a360+0x0000000000000264]
J 7192 c1 org.gradle.internal.operations.DefaultBuildOperationRunner$2.execute(Lorg/gradle/internal/operations/BuildOperationDescriptor;Lorg/gradle/internal/operations/BuildOperationState;Lorg/gradle/internal/operations/BuildOperationState;Lorg/gradle/internal/operations/DefaultBuildOperationRunner$ReadableBuildOperationContext;Lorg/gradle/internal/operations/DefaultBuildOperationRunner$BuildOperationExecutionListener;)Lorg/gradle/internal/operations/BuildOperation; (110 bytes) @ 0x000001f2499654c4 [0x000001f2499652c0+0x0000000000000204]
J 7200 c1 org.gradle.internal.operations.DefaultBuildOperationRunner$2.execute(Lorg/gradle/internal/operations/BuildOperationDescriptor;Lorg/gradle/internal/operations/BuildOperationState;Lorg/gradle/internal/operations/BuildOperationState;Lorg/gradle/internal/operations/DefaultBuildOperationRunner$ReadableBuildOperationContext;Lorg/gradle/internal/operations/DefaultBuildOperationRunner$BuildOperationExecutionListener;)Ljava/lang/Object; (12 bytes) @ 0x000001f249c0303c [0x000001f249c02fc0+0x000000000000007c]
J 8455 c1 org.gradle.internal.operations.DefaultBuildOperationRunner.execute(Lorg/gradle/internal/operations/BuildOperationDescriptor$Builder;Lorg/gradle/internal/operations/DefaultBuildOperationRunner$BuildOperationExecution;)Ljava/lang/Object; (147 bytes) @ 0x000001f24a377bbc [0x000001f24a376d40+0x0000000000000e7c]
J 6242 c1 org.gradle.internal.operations.DefaultBuildOperationRunner.execute(Lorg/gradle/internal/operations/BuildOperation;Lorg/gradle/internal/operations/BuildOperationWorker;)V (22 bytes) @ 0x000001f24a137f84 [0x000001f24a137ce0+0x00000000000002a4]
J 7673 c1 org.gradle.internal.operations.DefaultBuildOperationRunner.run(Lorg/gradle/internal/operations/RunnableBuildOperation;)V (9 bytes) @ 0x000001f24a259fdc [0x000001f24a259f40+0x000000000000009c]
j  org.gradle.configuration.BuildOperationScriptPlugin.lambda$apply$0(Ljava/lang/Object;Lorg/gradle/internal/code/UserCodeApplicationId;)V+14
j  org.gradle.configuration.BuildOperationScriptPlugin$$Lambda+0x000001f25e5c7718.execute(Ljava/lang/Object;)V+12
j  org.gradle.internal.code.DefaultUserCodeApplicationContext.apply(Lorg/gradle/internal/code/UserCodeSource;Lorg/gradle/api/Action;)V+37
j  org.gradle.configuration.BuildOperationScriptPlugin.apply(Ljava/lang/Object;)V+71
j  org.gradle.configuration.project.BuildScriptProcessor$$Lambda+0x000001f25e70bbd8.accept(Ljava/lang/Object;)V+8
j  org.gradle.api.internal.project.DefaultProjectStateRegistry$ProjectStateImpl.lambda$applyToMutableState$0(Ljava/util/function/Consumer;Lorg/gradle/api/internal/project/ProjectInternal;)Ljava/lang/Object;+2
j  org.gradle.api.internal.project.DefaultProjectStateRegistry$ProjectStateImpl$$Lambda+0x000001f25e6e6488.apply(Ljava/lang/Object;)Ljava/lang/Object;+8
j  org.gradle.api.internal.project.DefaultProjectStateRegistry$ProjectStateImpl.lambda$fromMutableState$1(Ljava/util/function/Function;)Ljava/lang/Object;+5
j  org.gradle.api.internal.project.DefaultProjectStateRegistry$ProjectStateImpl$$Lambda+0x000001f25e6e66d0.get()Ljava/lang/Object;+8
j  org.gradle.api.internal.project.DefaultProjectStateRegistry$ProjectStateImpl.runWithModelLock(Ljava/util/function/Supplier;)Ljava/lang/Object;+89
j  org.gradle.api.internal.project.DefaultProjectStateRegistry$ProjectStateImpl.fromMutableState(Ljava/util/function/Function;)Ljava/lang/Object;+8
j  org.gradle.api.internal.project.DefaultProjectStateRegistry$ProjectStateImpl.applyToMutableState(Ljava/util/function/Consumer;)V+7
j  org.gradle.configuration.project.BuildScriptProcessor.execute(Lorg/gradle/api/internal/project/ProjectInternal;)V+88
j  org.gradle.configuration.project.BuildScriptProcessor.execute(Ljava/lang/Object;)V+5
j  org.gradle.configuration.project.ConfigureActionsProjectEvaluator.evaluate(Lorg/gradle/api/internal/project/ProjectInternal;Lorg/gradle/api/internal/project/ProjectStateInternal;)V+33
j  org.gradle.configuration.project.LifecycleProjectEvaluator$EvaluateProject.lambda$run$0(Lorg/gradle/internal/operations/BuildOperationContext;Lorg/gradle/api/internal/project/ProjectInternal;)V+67
j  org.gradle.configuration.project.LifecycleProjectEvaluator$EvaluateProject$$Lambda+0x000001f25e6e6250.accept(Ljava/lang/Object;)V+12
j  org.gradle.api.internal.project.DefaultProjectStateRegistry$ProjectStateImpl.lambda$applyToMutableState$0(Ljava/util/function/Consumer;Lorg/gradle/api/internal/project/ProjectInternal;)Ljava/lang/Object;+2
j  org.gradle.api.internal.project.DefaultProjectStateRegistry$ProjectStateImpl$$Lambda+0x000001f25e6e6488.apply(Ljava/lang/Object;)Ljava/lang/Object;+8
j  org.gradle.api.internal.project.DefaultProjectStateRegistry$ProjectStateImpl.lambda$fromMutableState$1(Ljava/util/function/Function;)Ljava/lang/Object;+5
j  org.gradle.api.internal.project.DefaultProjectStateRegistry$ProjectStateImpl$$Lambda+0x000001f25e6e66d0.get()Ljava/lang/Object;+8
j  org.gradle.api.internal.project.DefaultProjectStateRegistry$ProjectStateImpl$$Lambda+0x000001f25e6e68f8.create()Ljava/lang/Object;+4
j  org.gradle.internal.work.DefaultWorkerLeaseService.lambda$withLocksAcquired$0(Lorg/gradle/internal/Factory;Ljava/util/Collection;)Ljava/lang/Object;+1
j  org.gradle.internal.work.DefaultWorkerLeaseService$$Lambda+0x000001f25e280258.create()Ljava/lang/Object;+12
j  org.gradle.internal.work.ResourceLockStatistics$1.measure(Ljava/lang/String;Ljava/lang/Iterable;Lorg/gradle/internal/Factory;)Ljava/lang/Object;+1
j  org.gradle.internal.work.DefaultWorkerLeaseService.withLocksAcquired(Ljava/util/Collection;Lorg/gradle/internal/Factory;)Ljava/lang/Object;+21
j  org.gradle.internal.work.DefaultWorkerLeaseService.lambda$withReplacedLocks$3(Lorg/gradle/internal/resources/ResourceLock;Lorg/gradle/internal/Factory;)Ljava/lang/Object;+6
j  org.gradle.internal.work.DefaultWorkerLeaseService$$Lambda+0x000001f25e6e6b20.create()Ljava/lang/Object;+12
j  org.gradle.internal.work.DefaultWorkerLeaseService.withoutLocks(Ljava/util/Collection;Lorg/gradle/internal/Factory;)Ljava/lang/Object;+10
j  org.gradle.internal.work.DefaultWorkerLeaseService.withReplacedLocks(Ljava/util/Collection;Lorg/gradle/internal/resources/ResourceLock;Lorg/gradle/internal/Factory;)Ljava/lang/Object;+27
j  org.gradle.api.internal.project.DefaultProjectStateRegistry$ProjectStateImpl.runWithModelLock(Ljava/util/function/Supplier;)Ljava/lang/Object;+129
j  org.gradle.api.internal.project.DefaultProjectStateRegistry$ProjectStateImpl.fromMutableState(Ljava/util/function/Function;)Ljava/lang/Object;+8
j  org.gradle.api.internal.project.DefaultProjectStateRegistry$ProjectStateImpl.applyToMutableState(Ljava/util/function/Consumer;)V+7
j  org.gradle.configuration.project.LifecycleProjectEvaluator$EvaluateProject.run(Lorg/gradle/internal/operations/BuildOperationContext;)V+16
J 7674 c1 org.gradle.internal.operations.DefaultBuildOperationRunner$1.execute(Lorg/gradle/internal/operations/BuildOperation;Lorg/gradle/internal/operations/BuildOperationContext;)V (10 bytes) @ 0x000001f24a25a5c4 [0x000001f24a25a360+0x0000000000000264]
J 7192 c1 org.gradle.internal.operations.DefaultBuildOperationRunner$2.execute(Lorg/gradle/internal/operations/BuildOperationDescriptor;Lorg/gradle/internal/operations/BuildOperationState;Lorg/gradle/internal/operations/BuildOperationState;Lorg/gradle/internal/operations/DefaultBuildOperationRunner$ReadableBuildOperationContext;Lorg/gradle/internal/operations/DefaultBuildOperationRunner$BuildOperationExecutionListener;)Lorg/gradle/internal/operations/BuildOperation; (110 bytes) @ 0x000001f2499654c4 [0x000001f2499652c0+0x0000000000000204]
J 7200 c1 org.gradle.internal.operations.DefaultBuildOperationRunner$2.execute(Lorg/gradle/internal/operations/BuildOperationDescriptor;Lorg/gradle/internal/operations/BuildOperationState;Lorg/gradle/internal/operations/BuildOperationState;Lorg/gradle/internal/operations/DefaultBuildOperationRunner$ReadableBuildOperationContext;Lorg/gradle/internal/operations/DefaultBuildOperationRunner$BuildOperationExecutionListener;)Ljava/lang/Object; (12 bytes) @ 0x000001f249c0303c [0x000001f249c02fc0+0x000000000000007c]
J 8455 c1 org.gradle.internal.operations.DefaultBuildOperationRunner.execute(Lorg/gradle/internal/operations/BuildOperationDescriptor$Builder;Lorg/gradle/internal/operations/DefaultBuildOperationRunner$BuildOperationExecution;)Ljava/lang/Object; (147 bytes) @ 0x000001f24a377bbc [0x000001f24a376d40+0x0000000000000e7c]
J 6242 c1 org.gradle.internal.operations.DefaultBuildOperationRunner.execute(Lorg/gradle/internal/operations/BuildOperation;Lorg/gradle/internal/operations/BuildOperationWorker;)V (22 bytes) @ 0x000001f24a137f84 [0x000001f24a137ce0+0x00000000000002a4]
J 7673 c1 org.gradle.internal.operations.DefaultBuildOperationRunner.run(Lorg/gradle/internal/operations/RunnableBuildOperation;)V (9 bytes) @ 0x000001f24a259fdc [0x000001f24a259f40+0x000000000000009c]
j  org.gradle.configuration.project.LifecycleProjectEvaluator.evaluate(Lorg/gradle/api/internal/project/ProjectInternal;Lorg/gradle/api/internal/project/ProjectStateInternal;)V+42
j  org.gradle.api.internal.project.DefaultProject.evaluateUnchecked()Lorg/gradle/api/internal/project/ProjectInternal;+20
j  org.gradle.api.internal.project.ProjectLifecycleController.lambda$ensureSelfConfigured$2()V+4
j  org.gradle.api.internal.project.ProjectLifecycleController$$Lambda+0x000001f25e6e27e0.run()V+4
j  org.gradle.internal.model.StateTransitionController.lambda$doTransition$14(Ljava/lang/Runnable;)Lorg/gradle/internal/build/ExecutionResult;+1
j  org.gradle.internal.model.StateTransitionController$$Lambda+0x000001f25e4608a0.get()Ljava/lang/Object;+4
j  org.gradle.internal.model.StateTransitionController.doTransition(Lorg/gradle/internal/model/StateTransitionController$State;Lorg/gradle/internal/model/StateTransitionController$State;Ljava/util/function/Supplier;)Lorg/gradle/internal/build/ExecutionResult;+24
j  org.gradle.internal.model.StateTransitionController.doTransition(Lorg/gradle/internal/model/StateTransitionController$State;Lorg/gradle/internal/model/StateTransitionController$State;Ljava/lang/Runnable;)V+9
j  org.gradle.internal.model.StateTransitionController.lambda$maybeTransitionIfNotCurrentlyTransitioning$10(Lorg/gradle/internal/model/StateTransitionController$State;Lorg/gradle/internal/model/StateTransitionController$State;Ljava/lang/Runnable;)V+16
j  org.gradle.internal.model.StateTransitionController$$Lambda+0x000001f25e6e2a08.run()V+16
j  org.gradle.internal.work.DefaultSynchronizer.withLock(Ljava/lang/Runnable;)V+6
j  org.gradle.internal.model.StateTransitionController.maybeTransitionIfNotCurrentlyTransitioning(Lorg/gradle/internal/model/StateTransitionController$State;Lorg/gradle/internal/model/StateTransitionController$State;Ljava/lang/Runnable;)V+13
j  org.gradle.api.internal.project.ProjectLifecycleController.ensureSelfConfigured()V+16
j  org.gradle.api.internal.project.DefaultProjectStateRegistry$ProjectStateImpl.ensureConfigured()V+19
j  org.gradle.execution.TaskPathProjectEvaluator.configure(Lorg/gradle/api/internal/project/ProjectInternal;)V+6
j  org.gradle.execution.TaskPathProjectEvaluator.configureHierarchy(Lorg/gradle/api/internal/project/ProjectInternal;)V+2
j  org.gradle.configuration.DefaultProjectsPreparer.prepareProjects(Lorg/gradle/api/internal/GradleInternal;)V+52
j  org.gradle.configuration.BuildTreePreparingProjectsPreparer.prepareProjects(Lorg/gradle/api/internal/GradleInternal;)V+114
j  org.gradle.configuration.BuildOperationFiringProjectsPreparer$ConfigureBuild.run(Lorg/gradle/internal/operations/BuildOperationContext;)V+11
J 7674 c1 org.gradle.internal.operations.DefaultBuildOperationRunner$1.execute(Lorg/gradle/internal/operations/BuildOperation;Lorg/gradle/internal/operations/BuildOperationContext;)V (10 bytes) @ 0x000001f24a25a5c4 [0x000001f24a25a360+0x0000000000000264]
J 7192 c1 org.gradle.internal.operations.DefaultBuildOperationRunner$2.execute(Lorg/gradle/internal/operations/BuildOperationDescriptor;Lorg/gradle/internal/operations/BuildOperationState;Lorg/gradle/internal/operations/BuildOperationState;Lorg/gradle/internal/operations/DefaultBuildOperationRunner$ReadableBuildOperationContext;Lorg/gradle/internal/operations/DefaultBuildOperationRunner$BuildOperationExecutionListener;)Lorg/gradle/internal/operations/BuildOperation; (110 bytes) @ 0x000001f2499654c4 [0x000001f2499652c0+0x0000000000000204]
J 7200 c1 org.gradle.internal.operations.DefaultBuildOperationRunner$2.execute(Lorg/gradle/internal/operations/BuildOperationDescriptor;Lorg/gradle/internal/operations/BuildOperationState;Lorg/gradle/internal/operations/BuildOperationState;Lorg/gradle/internal/operations/DefaultBuildOperationRunner$ReadableBuildOperationContext;Lorg/gradle/internal/operations/DefaultBuildOperationRunner$BuildOperationExecutionListener;)Ljava/lang/Object; (12 bytes) @ 0x000001f249c0303c [0x000001f249c02fc0+0x000000000000007c]
J 8455 c1 org.gradle.internal.operations.DefaultBuildOperationRunner.execute(Lorg/gradle/internal/operations/BuildOperationDescriptor$Builder;Lorg/gradle/internal/operations/DefaultBuildOperationRunner$BuildOperationExecution;)Ljava/lang/Object; (147 bytes) @ 0x000001f24a377bbc [0x000001f24a376d40+0x0000000000000e7c]
J 6242 c1 org.gradle.internal.operations.DefaultBuildOperationRunner.execute(Lorg/gradle/internal/operations/BuildOperation;Lorg/gradle/internal/operations/BuildOperationWorker;)V (22 bytes) @ 0x000001f24a137f84 [0x000001f24a137ce0+0x00000000000002a4]
J 7673 c1 org.gradle.internal.operations.DefaultBuildOperationRunner.run(Lorg/gradle/internal/operations/RunnableBuildOperation;)V (9 bytes) @ 0x000001f24a259fdc [0x000001f24a259f40+0x000000000000009c]
j  org.gradle.configuration.BuildOperationFiringProjectsPreparer.prepareProjects(Lorg/gradle/api/internal/GradleInternal;)V+13
j  org.gradle.initialization.VintageBuildModelController.lambda$prepareProjects$2()V+8
j  org.gradle.initialization.VintageBuildModelController$$Lambda+0x000001f25e69c518.run()V+4
j  org.gradle.internal.model.StateTransitionController.lambda$doTransition$14(Ljava/lang/Runnable;)Lorg/gradle/internal/build/ExecutionResult;+1
j  org.gradle.internal.model.StateTransitionController$$Lambda+0x000001f25e4608a0.get()Ljava/lang/Object;+4
j  org.gradle.internal.model.StateTransitionController.doTransition(Lorg/gradle/internal/model/StateTransitionController$State;Lorg/gradle/internal/model/StateTransitionController$State;Ljava/util/function/Supplier;)Lorg/gradle/internal/build/ExecutionResult;+24
j  org.gradle.internal.model.StateTransitionController.doTransition(Lorg/gradle/internal/model/StateTransitionController$State;Lorg/gradle/internal/model/StateTransitionController$State;Ljava/lang/Runnable;)V+9
j  org.gradle.internal.model.StateTransitionController.lambda$transitionIfNotPreviously$11(Lorg/gradle/internal/model/StateTransitionController$State;Lorg/gradle/internal/model/StateTransitionController$State;Ljava/lang/Runnable;)V+16
j  org.gradle.internal.model.StateTransitionController$$Lambda+0x000001f25e460678.run()V+16
j  org.gradle.internal.work.DefaultSynchronizer.withLock(Ljava/lang/Runnable;)V+6
j  org.gradle.internal.model.StateTransitionController.transitionIfNotPreviously(Lorg/gradle/internal/model/StateTransitionController$State;Lorg/gradle/internal/model/StateTransitionController$State;Ljava/lang/Runnable;)V+13
j  org.gradle.initialization.VintageBuildModelController.prepareProjects()V+16
j  org.gradle.initialization.VintageBuildModelController.getConfiguredModel()Lorg/gradle/api/internal/GradleInternal;+5
j  org.gradle.internal.build.DefaultBuildLifecycleController.lambda$withProjectsConfigured$1(Ljava/util/function/Function;)Ljava/lang/Object;+5
j  org.gradle.internal.build.DefaultBuildLifecycleController$$Lambda+0x000001f25e460000.get()Ljava/lang/Object;+8
j  org.gradle.internal.model.StateTransitionController.lambda$notInState$3(Lorg/gradle/internal/model/StateTransitionController$State;Ljava/util/function/Supplier;)Ljava/lang/Object;+11
j  org.gradle.internal.model.StateTransitionController$$Lambda+0x000001f25e460228.create()Ljava/lang/Object;+12
j  org.gradle.internal.work.DefaultSynchronizer.withLock(Lorg/gradle/internal/Factory;)Ljava/lang/Object;+6
j  org.gradle.internal.model.StateTransitionController.notInState(Lorg/gradle/internal/model/StateTransitionController$State;Ljava/util/function/Supplier;)Ljava/lang/Object;+12
j  org.gradle.internal.build.DefaultBuildLifecycleController.withProjectsConfigured(Ljava/util/function/Function;)Ljava/lang/Object;+14
j  org.gradle.internal.build.DefaultBuildToolingModelController.locateBuilderForTarget(Ljava/lang/String;Z)Lorg/gradle/tooling/provider/model/internal/ToolingModelScope;+38
j  org.gradle.internal.buildtree.DefaultBuildTreeModelCreator$DefaultBuildTreeModelController.lambda$locateBuilderForBuildTarget$0(Ljava/lang/String;ZLorg/gradle/internal/build/BuildToolingModelController;)Lorg/gradle/tooling/provider/model/internal/ToolingModelScope;+3
j  org.gradle.internal.buildtree.DefaultBuildTreeModelCreator$DefaultBuildTreeModelController$$Lambda+0x000001f25e44eb78.apply(Ljava/lang/Object;)Ljava/lang/Object;+12
j  org.gradle.internal.build.DefaultBuildLifecycleController.withToolingModels(Ljava/util/function/Function;)Ljava/lang/Object;+15
j  org.gradle.internal.build.AbstractBuildState.withToolingModels(Ljava/util/function/Function;)Ljava/lang/Object;+5
j  org.gradle.internal.buildtree.DefaultBuildTreeModelCreator$DefaultBuildTreeModelController.locateBuilderForBuildTarget(Lorg/gradle/internal/build/BuildState;Ljava/lang/String;Z)Lorg/gradle/tooling/provider/model/internal/ToolingModelScope;+8
j  org.gradle.internal.buildtree.DefaultBuildTreeModelCreator$DefaultBuildTreeModelController.locateBuilderForDefaultTarget(Ljava/lang/String;Z)Lorg/gradle/tooling/provider/model/internal/ToolingModelScope;+10
j  org.gradle.internal.buildtree.DefaultBuildTreeModelCreator$DefaultBuildTreeModelController.locateBuilderForTarget(Lorg/gradle/internal/buildtree/BuildTreeModelTarget;Ljava/lang/String;Z)Lorg/gradle/tooling/provider/model/internal/ToolingModelScope;+10
j  org.gradle.internal.buildtree.DefaultBuildTreeModelCreator$DefaultBuildTreeModelController.access$200(Lorg/gradle/internal/buildtree/DefaultBuildTreeModelCreator$DefaultBuildTreeModelController;Lorg/gradle/internal/buildtree/BuildTreeModelTarget;Ljava/lang/String;Z)Lorg/gradle/tooling/provider/model/internal/ToolingModelScope;+4
j  org.gradle.internal.buildtree.DefaultBuildTreeModelCreator$DefaultBuildTreeModelController$1.call(Lorg/gradle/internal/operations/BuildOperationContext;)Ljava/lang/Object;+24
j  org.gradle.internal.operations.DefaultBuildOperationRunner$CallableBuildOperationWorker.execute(Lorg/gradle/internal/operations/CallableBuildOperation;Lorg/gradle/internal/operations/BuildOperationContext;)V+3
j  org.gradle.internal.operations.DefaultBuildOperationRunner$CallableBuildOperationWorker.execute(Lorg/gradle/internal/operations/BuildOperation;Lorg/gradle/internal/operations/BuildOperationContext;)V+6
j  org.gradle.internal.operations.DefaultBuildOperationRunner$2.execute(Lorg/gradle/internal/operations/BuildOperationDescriptor;Lorg/gradle/internal/operations/BuildOperationState;Lorg/gradle/internal/operations/BuildOperationState;Lorg/gradle/internal/operations/DefaultBuildOperationRunner$ReadableBuildOperationContext;Lorg/gradle/internal/operations/DefaultBuildOperationRunner$BuildOperationExecutionListener;)Lorg/gradle/internal/operations/BuildOperation;+22
j  org.gradle.internal.operations.DefaultBuildOperationRunner$2.execute(Lorg/gradle/internal/operations/BuildOperationDescriptor;Lorg/gradle/internal/operations/BuildOperationState;Lorg/gradle/internal/operations/BuildOperationState;Lorg/gradle/internal/operations/DefaultBuildOperationRunner$ReadableBuildOperationContext;Lorg/gradle/internal/operations/DefaultBuildOperationRunner$BuildOperationExecutionListener;)Ljava/lang/Object;+8
j  org.gradle.internal.operations.DefaultBuildOperationRunner.execute(Lorg/gradle/internal/operations/BuildOperationDescriptor$Builder;Lorg/gradle/internal/operations/DefaultBuildOperationRunner$BuildOperationExecution;)Ljava/lang/Object;+141
j  org.gradle.internal.operations.DefaultBuildOperationRunner.execute(Lorg/gradle/internal/operations/BuildOperation;Lorg/gradle/internal/operations/BuildOperationWorker;)V+17
j  org.gradle.internal.operations.DefaultBuildOperationRunner.call(Lorg/gradle/internal/operations/CallableBuildOperation;)Ljava/lang/Object;+12
j  org.gradle.internal.buildtree.DefaultBuildTreeModelCreator$DefaultBuildTreeModelController.getModel(Lorg/gradle/internal/buildtree/BuildTreeModelTarget;Ljava/lang/String;Ljava/lang/Object;)Ljava/lang/Object;+18
j  org.gradle.tooling.internal.provider.runner.BuildModelActionRunner$ModelCreateAction.fromBuildModel(Lorg/gradle/internal/buildtree/BuildTreeModelController;)Ljava/lang/Object;+14
j  org.gradle.internal.buildtree.DefaultBuildTreeModelCreator.fromBuildModel(Lorg/gradle/internal/buildtree/BuildTreeModelAction;)Ljava/lang/Object;+10
j  org.gradle.internal.cc.impl.barrier.BarrierAwareBuildTreeModelCreator.fromBuildModel$lambda$0(Lorg/gradle/internal/cc/impl/barrier/BarrierAwareBuildTreeModelCreator;Lorg/gradle/internal/buildtree/BuildTreeModelAction;)Ljava/lang/Object;+5
j  org.gradle.internal.cc.impl.barrier.BarrierAwareBuildTreeModelCreator$$Lambda+0x000001f25e3c7dd0.invoke()Ljava/lang/Object;+8
j  org.gradle.internal.cc.impl.barrier.VintageConfigurationTimeActionRunner.runConfigurationTimeAction(Lkotlin/jvm/functions/Function0;)Ljava/lang/Object;+25
j  org.gradle.internal.cc.impl.barrier.BarrierAwareBuildTreeModelCreator.fromBuildModel(Lorg/gradle/internal/buildtree/BuildTreeModelAction;)Ljava/lang/Object;+17
j  org.gradle.internal.buildtree.DefaultBuildTreeLifecycleController.lambda$fromBuildModel$2(Lorg/gradle/internal/buildtree/BuildTreeModelAction;Z)Lorg/gradle/internal/build/ExecutionResult;+57
j  org.gradle.internal.buildtree.DefaultBuildTreeLifecycleController$$Lambda+0x000001f25e44b320.get()Ljava/lang/Object;+12
j  org.gradle.internal.buildtree.DefaultBuildTreeLifecycleController.lambda$runBuild$4(Ljava/util/function/Supplier;)Ljava/lang/Object;+1
j  org.gradle.internal.buildtree.DefaultBuildTreeLifecycleController$$Lambda+0x000001f25e44b548.get()Ljava/lang/Object;+8
j  org.gradle.internal.model.StateTransitionController.lambda$transition$6(Ljava/util/function/Supplier;)Lorg/gradle/internal/build/ExecutionResult;+1
j  org.gradle.internal.model.StateTransitionController$$Lambda+0x000001f25e44b998.get()Ljava/lang/Object;+4
j  org.gradle.internal.model.StateTransitionController.doTransition(Lorg/gradle/internal/model/StateTransitionController$State;Lorg/gradle/internal/model/StateTransitionController$State;Ljava/util/function/Supplier;)Lorg/gradle/internal/build/ExecutionResult;+24
j  org.gradle.internal.model.StateTransitionController.lambda$transition$7(Lorg/gradle/internal/model/StateTransitionController$State;Lorg/gradle/internal/model/StateTransitionController$State;Ljava/util/function/Supplier;)Ljava/lang/Object;+9
j  org.gradle.internal.model.StateTransitionController$$Lambda+0x000001f25e44b770.create()Ljava/lang/Object;+16
j  org.gradle.internal.work.DefaultSynchronizer.withLock(Lorg/gradle/internal/Factory;)Ljava/lang/Object;+6
j  org.gradle.internal.model.StateTransitionController.transition(Lorg/gradle/internal/model/StateTransitionController$State;Lorg/gradle/internal/model/StateTransitionController$State;Ljava/util/function/Supplier;)Ljava/lang/Object;+13
j  org.gradle.internal.buildtree.DefaultBuildTreeLifecycleController.runBuild(Ljava/util/function/Supplier;)Ljava/lang/Object;+17
j  org.gradle.internal.buildtree.DefaultBuildTreeLifecycleController.fromBuildModel(ZLorg/gradle/internal/buildtree/BuildTreeModelAction;)Ljava/lang/Object;+9
j  org.gradle.tooling.internal.provider.runner.BuildModelActionRunner.run(Lorg/gradle/internal/invocation/BuildAction;Lorg/gradle/internal/buildtree/BuildTreeLifecycleController;)Lorg/gradle/internal/buildtree/BuildActionRunner$Result;+40
j  org.gradle.launcher.exec.ChainingBuildActionRunner.run(Lorg/gradle/internal/invocation/BuildAction;Lorg/gradle/internal/buildtree/BuildTreeLifecycleController;)Lorg/gradle/internal/buildtree/BuildActionRunner$Result;+34
j  org.gradle.internal.buildtree.ProblemReportingBuildActionRunner.run(Lorg/gradle/internal/invocation/BuildAction;Lorg/gradle/internal/buildtree/BuildTreeLifecycleController;)Lorg/gradle/internal/buildtree/BuildActionRunner$Result;+12
j  org.gradle.launcher.exec.BuildOutcomeReportingBuildActionRunner.run(Lorg/gradle/internal/invocation/BuildAction;Lorg/gradle/internal/buildtree/BuildTreeLifecycleController;)Lorg/gradle/internal/buildtree/BuildActionRunner$Result;+69
j  org.gradle.tooling.internal.provider.FileSystemWatchingBuildActionRunner.run(Lorg/gradle/internal/invocation/BuildAction;Lorg/gradle/internal/buildtree/BuildTreeLifecycleController;)Lorg/gradle/internal/buildtree/BuildActionRunner$Result;+317
j  org.gradle.launcher.exec.BuildCompletionNotifyingBuildActionRunner.run(Lorg/gradle/internal/invocation/BuildAction;Lorg/gradle/internal/buildtree/BuildTreeLifecycleController;)Lorg/gradle/internal/buildtree/BuildActionRunner$Result;+6
j  org.gradle.launcher.exec.RootBuildLifecycleBuildActionExecutor.lambda$execute$0(Lorg/gradle/internal/invocation/BuildAction;Lorg/gradle/internal/buildtree/BuildTreeLifecycleController;)Lorg/gradle/internal/buildtree/BuildActionRunner$Result;+6
j  org.gradle.launcher.exec.RootBuildLifecycleBuildActionExecutor$$Lambda+0x000001f25e435560.apply(Ljava/lang/Object;)Ljava/lang/Object;+12
j  org.gradle.composite.internal.DefaultRootBuildState.run(Ljava/util/function/Function;)Ljava/lang/Object;+92
j  org.gradle.launcher.exec.RootBuildLifecycleBuildActionExecutor.execute(Lorg/gradle/internal/invocation/BuildAction;)Lorg/gradle/internal/buildtree/BuildActionRunner$Result;+91
j  org.gradle.launcher.exec.BuildTreeLifecycleBuildActionExecutor.runRootBuildAction(Lorg/gradle/internal/invocation/BuildAction;Lorg/gradle/internal/service/ServiceRegistry;Lorg/gradle/internal/buildtree/BuildTreeModelControllerServices$Supplier;)Lorg/gradle/internal/buildtree/BuildActionRunner$Result;+39
j  org.gradle.launcher.exec.BuildTreeLifecycleBuildActionExecutor.execute(Lorg/gradle/internal/invocation/BuildAction;Lorg/gradle/internal/session/BuildSessionContext;)Lorg/gradle/internal/buildtree/BuildActionRunner$Result;+44
j  org.gradle.launcher.exec.RunAsBuildOperationBuildActionExecutor$2.call(Lorg/gradle/internal/operations/BuildOperationContext;)Lorg/gradle/internal/buildtree/BuildActionRunner$Result;+25
j  org.gradle.launcher.exec.RunAsBuildOperationBuildActionExecutor$2.call(Lorg/gradle/internal/operations/BuildOperationContext;)Ljava/lang/Object;+2
j  org.gradle.internal.operations.DefaultBuildOperationRunner$CallableBuildOperationWorker.execute(Lorg/gradle/internal/operations/CallableBuildOperation;Lorg/gradle/internal/operations/BuildOperationContext;)V+3
j  org.gradle.internal.operations.DefaultBuildOperationRunner$CallableBuildOperationWorker.execute(Lorg/gradle/internal/operations/BuildOperation;Lorg/gradle/internal/operations/BuildOperationContext;)V+6
j  org.gradle.internal.operations.DefaultBuildOperationRunner$2.execute(Lorg/gradle/internal/operations/BuildOperationDescriptor;Lorg/gradle/internal/operations/BuildOperationState;Lorg/gradle/internal/operations/BuildOperationState;Lorg/gradle/internal/operations/DefaultBuildOperationRunner$ReadableBuildOperationContext;Lorg/gradle/internal/operations/DefaultBuildOperationRunner$BuildOperationExecutionListener;)Lorg/gradle/internal/operations/BuildOperation;+22
j  org.gradle.internal.operations.DefaultBuildOperationRunner$2.execute(Lorg/gradle/internal/operations/BuildOperationDescriptor;Lorg/gradle/internal/operations/BuildOperationState;Lorg/gradle/internal/operations/BuildOperationState;Lorg/gradle/internal/operations/DefaultBuildOperationRunner$ReadableBuildOperationContext;Lorg/gradle/internal/operations/DefaultBuildOperationRunner$BuildOperationExecutionListener;)Ljava/lang/Object;+8
j  org.gradle.internal.operations.DefaultBuildOperationRunner.execute(Lorg/gradle/internal/operations/BuildOperationDescriptor$Builder;Lorg/gradle/internal/operations/DefaultBuildOperationRunner$BuildOperationExecution;)Ljava/lang/Object;+141
j  org.gradle.internal.operations.DefaultBuildOperationRunner.execute(Lorg/gradle/internal/operations/BuildOperation;Lorg/gradle/internal/operations/BuildOperationWorker;)V+17
j  org.gradle.internal.operations.DefaultBuildOperationRunner.call(Lorg/gradle/internal/operations/CallableBuildOperation;)Ljava/lang/Object;+12
j  org.gradle.launcher.exec.RunAsBuildOperationBuildActionExecutor.execute(Lorg/gradle/internal/invocation/BuildAction;Lorg/gradle/internal/session/BuildSessionContext;)Lorg/gradle/internal/buildtree/BuildActionRunner$Result;+23
j  org.gradle.launcher.exec.RunAsWorkerThreadBuildActionExecutor.lambda$execute$0(Lorg/gradle/internal/invocation/BuildAction;Lorg/gradle/internal/session/BuildSessionContext;)Lorg/gradle/internal/buildtree/BuildActionRunner$Result;+6
j  org.gradle.launcher.exec.RunAsWorkerThreadBuildActionExecutor$$Lambda+0x000001f25e276498.create()Ljava/lang/Object;+12
j  org.gradle.internal.work.DefaultWorkerLeaseService.lambda$withLocksAcquired$0(Lorg/gradle/internal/Factory;Ljava/util/Collection;)Ljava/lang/Object;+1
j  org.gradle.internal.work.DefaultWorkerLeaseService$$Lambda+0x000001f25e280258.create()Ljava/lang/Object;+12
j  org.gradle.internal.work.ResourceLockStatistics$1.measure(Ljava/lang/String;Ljava/lang/Iterable;Lorg/gradle/internal/Factory;)Ljava/lang/Object;+1
j  org.gradle.internal.work.DefaultWorkerLeaseService.withLocksAcquired(Ljava/util/Collection;Lorg/gradle/internal/Factory;)Ljava/lang/Object;+21
j  org.gradle.internal.work.DefaultWorkerLeaseService.withLocks(Ljava/util/Collection;Lorg/gradle/internal/Factory;)Ljava/lang/Object;+25
j  org.gradle.internal.work.DefaultWorkerLeaseService.runAsWorkerThread(Lorg/gradle/internal/Factory;)Ljava/lang/Object;+33
j  org.gradle.launcher.exec.RunAsWorkerThreadBuildActionExecutor.execute(Lorg/gradle/internal/invocation/BuildAction;Lorg/gradle/internal/session/BuildSessionContext;)Lorg/gradle/internal/buildtree/BuildActionRunner$Result;+12
j  org.gradle.tooling.internal.provider.continuous.ContinuousBuildActionExecutor.execute(Lorg/gradle/internal/invocation/BuildAction;Lorg/gradle/internal/session/BuildSessionContext;)Lorg/gradle/internal/buildtree/BuildActionRunner$Result;+58
j  org.gradle.tooling.internal.provider.SubscribableBuildActionExecutor.execute(Lorg/gradle/internal/invocation/BuildAction;Lorg/gradle/internal/session/BuildSessionContext;)Lorg/gradle/internal/buildtree/BuildActionRunner$Result;+30
j  org.gradle.internal.session.DefaultBuildSessionContext.execute(Lorg/gradle/internal/invocation/BuildAction;)Lorg/gradle/internal/buildtree/BuildActionRunner$Result;+64
j  org.gradle.internal.buildprocess.execution.BuildSessionLifecycleBuildActionExecutor$ActionImpl.apply(Lorg/gradle/internal/session/BuildSessionContext;)Lorg/gradle/launcher/exec/BuildActionResult;+6
j  org.gradle.internal.buildprocess.execution.BuildSessionLifecycleBuildActionExecutor$ActionImpl.apply(Ljava/lang/Object;)Ljava/lang/Object;+5
j  org.gradle.internal.session.BuildSessionState.run(Ljava/util/function/Function;)Ljava/lang/Object;+5
j  org.gradle.internal.buildprocess.execution.BuildSessionLifecycleBuildActionExecutor.execute(Lorg/gradle/internal/invocation/BuildAction;Lorg/gradle/launcher/exec/BuildActionParameters;Lorg/gradle/initialization/BuildRequestContext;)Lorg/gradle/launcher/exec/BuildActionResult;+105
j  org.gradle.internal.buildprocess.execution.BuildSessionLifecycleBuildActionExecutor.execute(Lorg/gradle/internal/invocation/BuildAction;Ljava/lang/Object;Ljava/lang/Object;)Lorg/gradle/launcher/exec/BuildActionResult;+10
j  org.gradle.internal.buildprocess.execution.StartParamsValidatingActionExecutor.execute(Lorg/gradle/internal/invocation/BuildAction;Lorg/gradle/launcher/exec/BuildActionParameters;Lorg/gradle/initialization/BuildRequestContext;)Lorg/gradle/launcher/exec/BuildActionResult;+142
j  org.gradle.internal.buildprocess.execution.StartParamsValidatingActionExecutor.execute(Lorg/gradle/internal/invocation/BuildAction;Ljava/lang/Object;Ljava/lang/Object;)Lorg/gradle/launcher/exec/BuildActionResult;+10
j  org.gradle.internal.buildprocess.execution.SessionFailureReportingActionExecutor.execute(Lorg/gradle/internal/invocation/BuildAction;Lorg/gradle/launcher/exec/BuildActionParameters;Lorg/gradle/initialization/BuildRequestContext;)Lorg/gradle/launcher/exec/BuildActionResult;+7
j  org.gradle.internal.buildprocess.execution.SessionFailureReportingActionExecutor.execute(Lorg/gradle/internal/invocation/BuildAction;Ljava/lang/Object;Ljava/lang/Object;)Lorg/gradle/launcher/exec/BuildActionResult;+10
j  org.gradle.internal.buildprocess.execution.SetupLoggingActionExecutor.execute(Lorg/gradle/internal/invocation/BuildAction;Lorg/gradle/launcher/exec/BuildActionParameters;Lorg/gradle/initialization/BuildRequestContext;)Lorg/gradle/launcher/exec/BuildActionResult;+50
j  org.gradle.internal.buildprocess.execution.SetupLoggingActionExecutor.execute(Lorg/gradle/internal/invocation/BuildAction;Ljava/lang/Object;Ljava/lang/Object;)Lorg/gradle/launcher/exec/BuildActionResult;+10
j  org.gradle.launcher.daemon.server.exec.ExecuteBuild.doBuild(Lorg/gradle/launcher/daemon/server/api/DaemonCommandExecution;Lorg/gradle/launcher/daemon/protocol/Build;)V+147
j  org.gradle.launcher.daemon.server.exec.BuildCommandOnly.execute(Lorg/gradle/launcher/daemon/server/api/DaemonCommandExecution;)V+49
j  org.gradle.launcher.daemon.server.api.DaemonCommandExecution.proceed()Z+23
j  org.gradle.launcher.daemon.server.exec.WatchForDisconnection.execute(Lorg/gradle/launcher/daemon/server/api/DaemonCommandExecution;)V+19
j  org.gradle.launcher.daemon.server.api.DaemonCommandExecution.proceed()Z+23
j  org.gradle.launcher.daemon.server.exec.ResetDeprecationLogger.execute(Lorg/gradle/launcher/daemon/server/api/DaemonCommandExecution;)V+7
j  org.gradle.launcher.daemon.server.api.DaemonCommandExecution.proceed()Z+23
j  org.gradle.launcher.daemon.server.exec.RequestStopIfSingleUsedDaemon.execute(Lorg/gradle/launcher/daemon/server/api/DaemonCommandExecution;)V+33
j  org.gradle.launcher.daemon.server.api.DaemonCommandExecution.proceed()Z+23
j  org.gradle.launcher.daemon.server.exec.ForwardClientInput.lambda$execute$0(Lorg/gradle/launcher/daemon/server/api/DaemonCommandExecution;Lorg/gradle/internal/daemon/clientinput/StdinHandler;)Ljava/lang/Object;+11
j  org.gradle.launcher.daemon.server.exec.ForwardClientInput$$Lambda+0x000001f25e18eda0.apply(Ljava/lang/Object;)Ljava/lang/Object;+8
j  org.gradle.internal.daemon.clientinput.ClientInputForwarder.forwardInput(Ljava/util/function/Function;)Ljava/lang/Object;+46
j  org.gradle.launcher.daemon.server.exec.ForwardClientInput.execute(Lorg/gradle/launcher/daemon/server/api/DaemonCommandExecution;)V+10
j  org.gradle.launcher.daemon.server.api.DaemonCommandExecution.proceed()Z+23
j  org.gradle.launcher.daemon.server.exec.LogAndCheckHealth.execute(Lorg/gradle/launcher/daemon/server/api/DaemonCommandExecution;)V+51
j  org.gradle.launcher.daemon.server.api.DaemonCommandExecution.proceed()Z+23
j  org.gradle.launcher.daemon.server.exec.LogToClient.doBuild(Lorg/gradle/launcher/daemon/server/api/DaemonCommandExecution;Lorg/gradle/launcher/daemon/protocol/Build;)V+87
j  org.gradle.launcher.daemon.server.exec.BuildCommandOnly.execute(Lorg/gradle/launcher/daemon/server/api/DaemonCommandExecution;)V+49
j  org.gradle.launcher.daemon.server.api.DaemonCommandExecution.proceed()Z+23
j  org.gradle.launcher.daemon.server.exec.EstablishBuildEnvironment.doBuild(Lorg/gradle/launcher/daemon/server/api/DaemonCommandExecution;Lorg/gradle/launcher/daemon/protocol/Build;)V+356
j  org.gradle.launcher.daemon.server.exec.BuildCommandOnly.execute(Lorg/gradle/launcher/daemon/server/api/DaemonCommandExecution;)V+49
j  org.gradle.launcher.daemon.server.api.DaemonCommandExecution.proceed()Z+23
j  org.gradle.launcher.daemon.server.exec.StartBuildOrRespondWithBusy$1.run()V+44
j  org.gradle.launcher.daemon.server.DaemonStateCoordinator.lambda$runCommand$0(Ljava/lang/Runnable;)V+1
j  org.gradle.launcher.daemon.server.DaemonStateCoordinator$$Lambda+0x000001f25e18b8b8.run()V+8
j  org.gradle.internal.concurrent.ExecutorPolicy$CatchAndRecordFailures.onExecute(Ljava/lang/Runnable;)V+1
j  org.gradle.internal.concurrent.AbstractManagedExecutor$1.run()V+25
j  java.util.concurrent.ThreadPoolExecutor.runWorker(Ljava/util/concurrent/ThreadPoolExecutor$Worker;)V+92 java.base@21.0.12.1
j  java.util.concurrent.ThreadPoolExecutor$Worker.run()V+5 java.base@21.0.12.1
j  java.lang.Thread.runWith(Ljava/lang/Object;Ljava/lang/Runnable;)V+5 java.base@21.0.12.1
j  java.lang.Thread.run()V+19 java.base@21.0.12.1
v  ~StubRoutines::call_stub 0x000001f25139100d

Compiled method (n/a) 155314  846     n 0       java.lang.ClassLoader::defineClass1 (native)
 total in heap  [0x000001f251991e10,0x000001f2519923a8] = 1432
 relocation     [0x000001f251991f70,0x000001f251991fa8] = 56
 main code      [0x000001f251991fc0,0x000001f2519923a1] = 993
 stub code      [0x000001f2519923a1,0x000001f2519923a8] = 7

[Constant Pool (empty)]

[MachCode]
[Entry Point]
  # {method} {0x000001f25d434c38} 'defineClass1' '(Ljava/lang/ClassLoader;Ljava/lang/String;[BIILjava/security/ProtectionDomain;Ljava/lang/String;)Ljava/lang/Class;' in 'java/lang/ClassLoader'
  # parm0:    rdx:rdx   = 'java/lang/ClassLoader'
  # parm1:    r8:r8     = 'java/lang/String'
  # parm2:    r9:r9     = '[B'
  # parm3:    rdi       = int
  # parm4:    rsi       = int
  # parm5:    rcx:rcx   = 'java/security/ProtectionDomain'
  # parm6:    [sp+0xa0]   = 'java/lang/String'  (sp of caller)
  0x000001f251991fc0: 448b 5208 | 49bb 0000 | 005d f201 | 0000 4d03 | d349 3bc2 | 0f84 0600 

  0x000001f251991fd8: ;   {runtime_call ic_miss_stub}
  0x000001f251991fd8: 0000 e9a1 | c7a4 ff90 
[Verified Entry Point]
  0x000001f251991fe0: 8984 2400 | 80ff ff55 | 488b ec48 | 81ec 9000 | 0000 6690 | 4181 7f20 | 1c00 0000 

  0x000001f251991ffc: ;   {runtime_call StubRoutines (final stubs)}
  0x000001f251991ffc: 7405 e89d | 44a3 ff48 | 837d 1000 | 488d 4510 | 480f 4445 | 1048 8944 | 2440 4889 | 4c24 7048 
  0x000001f25199201c: 83f9 0048 | 8d44 2470 | 480f 4444 | 2470 4889 | 4424 3848 | 8974 2430 | 4889 7c24 | 284c 894c 
  0x000001f25199203c: 2458 4983 | f900 488d | 4424 5848 | 0f44 4424 | 5848 8944 | 2420 4c89 | 4424 5049 | 83f8 004c 
  0x000001f25199205c: 8d4c 2450 | 4c0f 444c | 2450 4889 | 5424 4848 | 83fa 004c | 8d44 2448 | 4c0f 4444 

  0x000001f251992078: ;   {oop(a 'java/lang/Class'{0x00000000c07c1ac0} = 'java/lang/ClassLoader')}
  0x000001f251992078: 2448 49be | c01a 7cc0 | 0000 0000 | 4c89 7424 | 784c 8d74 | 2478 498b | d6c5 f877 

  0x000001f251992094: ;   {internal_word}
  0x000001f251992094: 49ba 9120 | 9951 f201 | 0000 4d89 | 97a8 0300 | 0049 89a7 | a003 0000 

  0x000001f2519920ac: ;   {external_word}
  0x000001f2519920ac: 49ba 066d | bada ff7f | 0000 4180 | 3a00 0f84 | 4e00 0000 | 5241 5041 

  0x000001f2519920c4: ;   {metadata({method} {0x000001f25d434c38} 'defineClass1' '(Ljava/lang/ClassLoader;Ljava/lang/String;[BIILjava/security/ProtectionDomain;Ljava/lang/String;)Ljava/lang/Class;' in 'java/lang/ClassLoader')}
  0x000001f2519920c4: 5148 ba30 | 4c43 5df2 | 0100 0049 | 8bcf 4883 | ec20 40f6 | c40f 0f84 | 1900 0000 | 4883 ec08 
  0x000001f2519920e4: ;   {runtime_call}
  0x000001f2519920e4: 48b8 e0ea | 63da ff7f | 0000 ffd0 | 4883 c408 | e90c 0000 

  0x000001f2519920f8: ;   {runtime_call}
  0x000001f2519920f8: 0048 b8e0 | ea63 daff | 7f00 00ff | d048 83c4 | 2041 5941 | 585a 498d | 8fc0 0300 | 0041 c787 
  0x000001f251992118: 4c04 0000 | 0400 0000 

  0x000001f251992120: ;   {runtime_call}
  0x000001f251992120: 48b8 ac16 | 0232 f87f | 0000 ffd0 | c5f8 7741 | c787 4c04 | 0000 0500 | 0000 f083 | 4424 c000 
  0x000001f251992140: 493b af50 | 0400 000f | 870e 0000 | 0041 83bf | 4804 0000 | 000f 842b | 0000 00c5 | f877 4889 
  0x000001f251992160: 45f8 498b | cf4c 8be4 | 4883 ec20 | 4883 e4f0 

  0x000001f251992170: ;   {runtime_call}
  0x000001f251992170: 48b8 0058 | 2fda ff7f | 0000 ffd0 | 498b e44d | 33e4 488b | 45f8 41c7 | 874c 0400 | 0008 0000 
  0x000001f251992190: 0041 83bf | c804 0000 | 020f 84d5 

  0x000001f25199219c: ;   {external_word}
  0x000001f25199219c: 0100 0049 | ba06 6dba | daff 7f00 | 0041 803a | 000f 844c | 0000 0048 

  0x000001f2519921b4: ;   {metadata({method} {0x000001f25d434c38} 'defineClass1' '(Ljava/lang/ClassLoader;Ljava/lang/String;[BIILjava/security/ProtectionDomain;Ljava/lang/String;)Ljava/lang/Class;' in 'java/lang/ClassLoader')}
  0x000001f2519921b4: 8945 f848 | ba30 4c43 | 5df2 0100 | 0049 8bcf | 4883 ec20 | 40f6 c40f | 0f84 1900 | 0000 4883 
  0x000001f2519921d4: ;   {runtime_call}
  0x000001f2519921d4: ec08 48b8 | e0ea 63da | ff7f 0000 | ffd0 4883 | c408 e90c 

  0x000001f2519921e8: ;   {runtime_call}
  0x000001f2519921e8: 0000 0048 | b8e0 ea63 | daff 7f00 | 00ff d048 | 83c4 2048 | 8b45 f849 | c787 a003 | 0000 0000 
  0x000001f251992208: 0000 49c7 | 87a8 0300 | 0000 0000 | 00c5 f877 | 4885 c00f | 8430 0100 | 00a8 030f | 8508 0000 
  0x000001f251992228: 0048 8b00 | e920 0100 | 00a8 010f | 8509 0000 | 0048 8b40 | fee9 0f01 | 0000 488b | 40ff 4180 
  0x000001f251992248: 7f40 000f | 8400 0100 | 0048 83f8 | 000f 84f6 | 0000 0049 | 8b4f 2848 | 83f9 000f | 8414 0000 
  0x000001f251992268: 0048 83e9 | 0849 894f | 2849 034f | 3848 8901 | e9d4 0000 | 0048 83ec | 7048 8904 | 2448 894c 
  0x000001f251992288: 2408 4889 | 5424 104c | 8944 2418 | 4c89 4c24 | 204c 8954 | 2428 4c89 | 5c24 30c5 | fb11 4424 
  0x000001f2519922a8: 40c5 fb11 | 4c24 48c5 | fb11 5424 | 50c5 fb11 | 5c24 58c5 | fb11 6424 | 60c5 fb11 | 6c24 6849 
  0x000001f2519922c8: 8bd7 488b | c848 83ec | 2040 f6c4 | 0f0f 8419 | 0000 0048 

  0x000001f2519922dc: ;   {runtime_call}
  0x000001f2519922dc: 83ec 0848 | b820 a422 | daff 7f00 | 00ff d048 | 83c4 08e9 | 0c00 0000 

  0x000001f2519922f4: ;   {runtime_call}
  0x000001f2519922f4: 48b8 20a4 | 22da ff7f | 0000 ffd0 | 4883 c420 | c5fb 106c | 2468 c5fb | 1064 2460 | c5fb 105c 
  0x000001f251992314: 2458 c5fb | 1054 2450 | c5fb 104c | 2448 c5fb | 1044 2440 | 4c8b 5c24 | 304c 8b54 | 2428 4c8b 
  0x000001f251992334: 4c24 204c | 8b44 2418 | 488b 5424 | 1048 8b4c | 2408 488b | 0424 4883 | c470 c5f8 | 7749 8b8f 
  0x000001f251992354: 3004 0000 | c781 0001 | 0000 0000 | 0000 c949 | 837f 0800 | 0f85 0100 

  0x000001f25199236c: ;   {runtime_call StubRoutines (initial stubs)}
  0x000001f25199236c: 0000 c3e9 | 8ceb 9fff | c5f8 7748 | 8945 f84c | 8be4 4883 | ec20 4883 

  0x000001f251992384: ;   {runtime_call}
  0x000001f251992384: e4f0 48b8 | 3022 64da | ff7f 0000 | ffd0 498b | e44d 33e4 | 488b 45f8 | e9fe fdff | fff4 f4f4 
  0x000001f2519923a4: f4f4 f4f4 
[/MachCode]


Compiled method (c2) 155340 3766       4       java.security.SecureClassLoader::defineClass (16 bytes)
 total in heap  [0x000001f251b72110,0x000001f251b76098] = 16264
 relocation     [0x000001f251b72270,0x000001f251b72530] = 704
 main code      [0x000001f251b72540,0x000001f251b74a80] = 9536
 stub code      [0x000001f251b74a80,0x000001f251b74b58] = 216
 oops           [0x000001f251b74b58,0x000001f251b74b68] = 16
 metadata       [0x000001f251b74b68,0x000001f251b74c70] = 264
 scopes data    [0x000001f251b74c70,0x000001f251b756f0] = 2688
 scopes pcs     [0x000001f251b756f0,0x000001f251b75c50] = 1376
 dependencies   [0x000001f251b75c50,0x000001f251b75c58] = 8
 handler table  [0x000001f251b75c58,0x000001f251b75fd0] = 888
 nul chk table  [0x000001f251b75fd0,0x000001f251b76098] = 200

[Constant Pool (empty)]

[MachCode]
[Entry Point]
  # {method} {0x000001f25d04e0e8} 'defineClass' '(Ljava/lang/String;[BIILjava/security/CodeSource;)Ljava/lang/Class;' in 'java/security/SecureClassLoader'
  # this:     rdx:rdx   = 'java/security/SecureClassLoader'
  # parm0:    r8:r8     = 'java/lang/String'
  # parm1:    r9:r9     = '[B'
  # parm2:    rdi       = int
  # parm3:    rsi       = int
  # parm4:    rcx:rcx   = 'java/security/CodeSource'
  #           [sp+0xa0]  (sp of caller)
  0x000001f251b72540: 448b 5208 | 49bb 0000 | 005d f201 | 0000 4d03 | d349 3bc2 

  0x000001f251b72554: ;   {runtime_call ic_miss_stub}
  0x000001f251b72554: 0f85 26c2 | 86ff 6690 | 0f1f 4000 
[Verified Entry Point]
  0x000001f251b72560: 8984 2400 | 80ff ff55 | 4881 ec90 | 0000 0090 | 4181 7f20 | 1c00 0000 | 0f85 f324 | 0000 8974 
  0x000001f251b72580: 243c 897c | 2438 4c89 | 4c24 304c | 8944 2428 | 4889 5424 | 2048 8be9 | 0f1f 8400 | 0000 0000 
  0x000001f251b725a0: 4885 c90f | 84bc 1c00 | 004d 8b87 | b801 0000 | 4d8b d049 | 83c2 1066 | 0f1f 8400 | 0000 0000 
  0x000001f251b725c0: 4d3b 97c8 | 0100 000f | 83d8 1600 | 004d 8997 | b801 0000 | 410f 0d8a | c000 0000 | 49c7 0001 
  0x000001f251b725e0: ;   {metadata('java/security/SecureClassLoader$CodeSourceKey')}
  0x000001f251b725e0: 0000 0041 | c740 08b8 | b411 004c | 8bd5 4589 | 500c 4d8b | 8fb8 0100 | 004c 8b54 | 2420 418b 
  0x000001f251b72600: 6a50 4d8b | d149 83c2 | 104d 3b97 | c801 0000 | 0f83 6316 | 0000 4d89 | 97b8 0100 | 0041 0f0d 
  0x000001f251b72620: 8ac0 0000 | 0049 c701 | 0100 0000 

  0x000001f251b7262c: ;   {metadata('java/security/SecureClassLoader$1')}
  0x000001f251b7262c: 41c7 4108 | 50ba 1100 | 4c8b 5424 | 2045 8951 | 0c66 6690 

  0x000001f251b72640: ; implicit exception: dispatches to 0x000001f251b74664
  0x000001f251b72640: 448b 5508 

  0x000001f251b72644: ;   {metadata('java/util/concurrent/ConcurrentHashMap')}
  0x000001f251b72644: 4181 fa80 | 2706 000f | 85f7 1800 | 0048 8bd5 

  0x000001f251b72654: ;   {optimized virtual_call}
  0x000001f251b72654: c5f8 77e8 

  0x000001f251b72658: ; ImmutableOopMap {[32]=Oop [40]=Oop [48]=Oop }
                      ;*invokeinterface computeIfAbsent {reexecute=0 rethrow=0 return_oop=1}
                      ; - java.security.SecureClassLoader::getProtectionDomain@28
                      ; - java.security.SecureClassLoader::defineClass@9
  0x000001f251b72658: 04bf 3800 

  0x000001f251b7265c: ;   {other}
  0x000001f251b7265c: 0f1f 8400 | 4c05 0000 

  0x000001f251b72664: ; implicit exception: dispatches to 0x000001f251b74684
  0x000001f251b72664: 448b 5808 

  0x000001f251b72668: ;   {metadata('java/security/ProtectionDomain')}
  0x000001f251b72668: 4181 fbe8 | 5800 000f | 85a7 1f00 | 004c 8bc8 | 488b 5424 | 204c 8b44 | 2428 6690 

  0x000001f251b72684: ;   {optimized virtual_call}
  0x000001f251b72684: c5f8 77e8 

  0x000001f251b72688: ; ImmutableOopMap {[32]=Oop [40]=Oop [48]=Oop }
                      ;*invokevirtual preDefineClass {reexecute=0 rethrow=0 return_oop=1}
                      ; - java.lang.ClassLoader::defineClass@4
                      ; - java.security.SecureClassLoader::defineClass@12
  0x000001f251b72688: 5427 0800 

  0x000001f251b7268c: ;   {other}
  0x000001f251b7268c: 0f1f 8400 | 7c05 0001 | 4889 4424 | 4044 8b58 | 1066 6690 

  0x000001f251b726a0: ; implicit exception: dispatches to 0x000001f251b748ac
  0x000001f251b726a0: 418b 5b0c | 85db 0f84 | d01b 0000 | 443b 6338 | 0f84 5518 | 0000 498b | 87b8 0100 | 004c 8bd0 
  0x000001f251b726c0: 4983 c218 | 4c8b eb4d | 3b97 c801 | 0000 0f83 | f415 0000 | 4d89 97b8 | 0100 0041 | 0f0d 8ac0 
  0x000001f251b726e0: 0000 0048 | c700 0100 

  0x000001f251b726e8: ;   {metadata('java/lang/StringBuilder')}
  0x000001f251b726e8: 0000 c740 | 0840 8000 | 0044 8960 | 0c4c 8960 | 1048 8bf0 | 498b 87b8 | 0100 004c | 8bd0 4983 
  0x000001f251b72708: c220 4d3b | 97c8 0100 | 000f 83ee | 1500 004d | 8997 b801 | 0000 410f | 0d8a c000 | 0000 48c7 
  0x000001f251b72728: 0001 0000 | 0041 0f0d | 8a00 0100 

  0x000001f251b72734: ;   {metadata({type array byte})}
  0x000001f251b72734: 00c7 4008 | 1823 0000 | 410f 0d8a | 4001 0000 | c740 0c10 | 0000 0041 | 0f0d 8a80 | 0100 004c 
  0x000001f251b72754: 8960 104c | 8960 184c | 8bd6 4c8b | c844 894e | 144c 8bd8 | 4d33 da49 | c1eb 144d | 85db 0f84 
  0x000001f251b72774: 300b 0000 | 49c1 ea09 | 48b9 0000 | 2659 f201 | 0000 4903 | ca80 3902 | 0f85 5d0b | 0000 4533 
  0x000001f251b72794: c044 8b5b | 1444 8866 | 1066 6690 | 4585 db0f | 84a2 0f00 | 0045 8b53 | 1441 8b7a | 0c45 8b51 
  0x000001f251b727b4: 0c41 0fbe | 4b10 c4e2 | 72f7 ff44 | 03c7 418b | d041 2bd2 | 498b c385 | d20f 8f44 | 0900 0044 
  0x000001f251b727d4: 0fbe 5610 | 450f be43 | 108b 4e0c | 453b d00f | 85ed 1000 | 0044 8b4e | 1445 3bc2 | 0f85 c619 
  0x000001f251b727f4: 0000 458b | 5b14 458b | 430c c4e2 | 29f7 e941 | 8b49 0c85 | ed0f 8c01 | 1800 0041 | 8d14 283b 
  0x000001f251b72814: ca0f 82f5 | 1700 000f | 1f44 0000 | 4585 c076 | 2a4d 8bd1 | 498d 5429 | 104d 63c0 | 4d8b d349 
  0x000001f251b72834: ;   {no_reloc}
  0x000001f251b72834: 8d4b 10c5 | f877 49ba | a045 3c51 | f201 0000 

  0x000001f251b72844: ;   {other}
  0x000001f251b72844: 41ff d20f | 1f84 0000 | 0000 0001 | 7e0c 8b7e | 1444 8b57 | 0c44 8b46 | 0c44 0fbe | 5e10 c442 
  0x000001f251b72864: 22f7 da45 | 8bd0 452b | d341 ffc2 | 4585 d20f | 8f2f 0500 | 000f 1f80 | 0000 0000 | 807e 1000 
  0x000001f251b72884: 0f85 9109 | 0000 8b6e | 0c44 8bdd | 41ff c344 | 895e 0c44 | 8b5f 0c0f | 1f44 0000 | 413b eb0f 
  0x000001f251b728a4: 837b 1600 | 00c6 442f | 103a 8b6b | 2485 ed0f | 851c 0900 

  0x000001f251b728b8: ;   {oop(""{0x00000000c075eec0})}
  0x000001f251b728b8: 0049 b9c0 | ee75 c000 | 0000 0045 | 8b51 1445 | 8b42 0c8b | 5614 448b | 5a0c 440f | be56 1041 
  0x000001f251b728d8: 0fbe 4910 | c4c2 2af7 | c3c4 c272 | f7f8 448b | 5e0c 468d | 041f 418b | e82b e885 | ed0f 8f5c 
  0x000001f251b728f8: 0500 000f | 1f44 0000 | 443b d10f | 8583 0e00 | 008b 4614 | 410f be69 | 1041 3bea | 0f85 fa17 
  0x000001f251b72918: 0000 458b | 4114 6690 

  0x000001f251b72920: ; implicit exception: dispatches to 0x000001f251b74714
  0x000001f251b72920: 458b 480c | c4c2 29f7 | eb44 8b50 | 0c85 ed0f | 8c33 1600 | 0045 8d1c | 290f 1f80 | 0000 0000 
  0x000001f251b72940: 453b d30f | 821f 1600 | 0045 85c9 | 762a 4d8b | d049 8d48 | 104d 63c1 | 4c8b d048 | 8d54 2810 
  0x000001f251b72960: c5f8 7749 | baa0 453c | 51f2 0100 | 0041 ffd2 

  0x000001f251b72970: ;   {other}
  0x000001f251b72970: 0f1f 8400 | 0000 0000 | 037e 0c89 | 7e0c 8b4b | 2844 8b59 | 1445 8b53 | 0c44 8b5e | 1445 8b43 
  0x000001f251b72990: 0c0f be51 | 1044 0fbe | 4e10 c442 | 6af7 f2c4 | 4232 f7c8 | 458d 043e | 418b d041 | 2bd1 488b 
  0x000001f251b729b0: f985 d20f | 8f5d 0500 | 0044 0fbe | 5610 440f | be41 1044 | 8b4e 0c45 | 3bd0 0f85 | 1b0e 0000 
  0x000001f251b729d0: 448b 5e14 | 453b c20f | 856f 1700 | 008b 4914 

  0x000001f251b729e0: ; implicit exception: dispatches to 0x000001f251b7477c
  0x000001f251b729e0: 448b 410c | c4c2 29f7 | e945 8b4b | 0c85 ed0f | 8ca3 1500 | 0041 8d3c | 280f 1f80 | 0000 0000 
  0x000001f251b72a00: 443b cf0f | 828f 1500 | 0045 85c0 | 762a 4d63 | c04c 8bd1 | 488d 4910 | 4d8b d349 | 8d54 2b10 
  0x000001f251b72a20: c5f8 7749 | baa0 453c | 51f2 0100 | 0041 ffd2 

  0x000001f251b72a30: ;   {other}
  0x000001f251b72a30: 0f1f 8400 | 0000 0000 | 458b c644 | 0346 0c44 | 8946 0c8b | 6b20 85ed | 0f85 7a18 | 0000 8b6e 
  0x000001f251b72a50: 1444 8b55 | 0c44 0fbe | 4e10 c442 | 32f7 d245 | 8bc8 452b | ca45 85c9 | 0f8f 6305 | 0000 448b 
  0x000001f251b72a70: 460c 807e | 1000 0f85 | d80d 0000 | 8b6e 1490 

  0x000001f251b72a80: ; implicit exception: dispatches to 0x000001f251b747cc
  0x000001f251b72a80: 448b 5d0c | 4585 c00f | 8c3f 1500 | 0045 3bd8 | 0f82 3615 | 0000 8b6b | 300f 1f80 | 0000 0000 
  0x000001f251b72aa0: 85ed 0f85 | 4018 0000 | 8b6e 1444 | 8b5d 0c44 | 0fbe 5610 | 448b 4e0c | c442 2af7 | c345 8bd9 
  0x000001f251b72ac0: 452b d845 | 85db 0f8f | ab05 0000 | 4585 d20f | 85c5 0d00 | 008b 6e14 

  0x000001f251b72ad8: ; implicit exception: dispatches to 0x000001f251b747fc
  0x000001f251b72ad8: 448b 550c | 0f1f 4000 | 4585 c90f | 8c07 1500 | 0045 3bd1 | 0f82 fe14 | 0000 498b | 87b8 0100 
  0x000001f251b72af8: 004c 8bd0 | 4983 c218 | 4d3b 97c8 | 0100 000f | 8343 1200 | 004d 8997 | b801 0000 | 410f 0d8a 
  0x000001f251b72b18: c000 0000 | 48c7 0001 

  0x000001f251b72b20: ;   {metadata('java/lang/String')}
  0x000001f251b72b20: 0000 00c7 | 4008 78e8 | 0000 4489 | 600c 4c89 | 6010 4889 | 4424 7044 | 8b56 0c44 | 8b46 1490 
  0x000001f251b72b40: 807e 1000 | 0f85 450b | 0000 418b | 580c 4d8b | d84c 895c | 2478 4d8d | 4810 660f | 1f44 0000 
  0x000001f251b72b60: 443b d30f | 859e 0000 | 0048 63f3 | 81fb 0000 | 1000 0f87 | 6712 0000 | 498b bfb8 | 0100 004c 
  0x000001f251b72b80: 8d56 1749 | 83e2 f84c | 8bdf 4d03 | da4d 3b9f | c801 0000 | 0f83 4512 | 0000 4d89 | 9fb8 0100 
  0x000001f251b72ba0: 0041 0f0d | 8bc0 0000 | 0048 c707 | 0100 0000 | 410f 0d8b | 0001 0000 

  0x000001f251b72bb8: ;   {metadata({type array byte})}
  0x000001f251b72bb8: c747 0818 | 2300 0089 | 5f0c 410f | 0d8b 4001 | 0000 410f | 0d8b 8001 | 0000 488b | d748 83c2 
  0x000001f251b72bd8: 1048 83c6 | 0748 c1ee | 0349 8bc9 | 4c8b c6c5 | f877 49ba | 604b 3c51 | f201 0000 

  0x000001f251b72bf4: ;   {other}
  0x000001f251b72bf4: 41ff d20f | 1f84 0000 | 0000 0048 | 8bdf e9e8 | 0000 0045 | 85d2 0f8c | f416 0000 | 4181 fa00 
  0x000001f251b72c14: 0010 000f | 8727 1400 | 004d 63da | 413b da8b | eb41 0f4f | ea3b dd0f | 8287 1400 | 0044 3bd5 
  0x000001f251b72c34: 0f82 7e14 | 0000 4983 | c317 498b | fb48 83e7 | f841 81fa | 0000 1000 | 0f87 3311 | 0000 498b 
  0x000001f251b72c54: 9fb8 0100 | 004c 8bc3 | 4c03 c790 | 4d3b 87c8 | 0100 000f | 8318 1100 | 004d 8987 | b801 0000 
  0x000001f251b72c74: 410f 0d88 | c000 0000 | 48c7 0301 | 0000 0041 | 0f0d 8800 

  0x000001f251b72c88: ;   {metadata({type array byte})}
  0x000001f251b72c88: 0100 00c7 | 4308 1823 | 0000 4489 | 530c 410f | 0d88 4001 | 0000 410f | 0d88 8001 | 0000 488b 
  0x000001f251b72ca8: d348 83c2 | 1049 c1eb | 0385 ed0f | 8493 1300 | 000f 1f80 | 0000 0000 | 413b ea0f | 8cd1 0600 
  0x000001f251b72cc8: 0048 83c7 | f048 c1ef | 0349 8bc9 | 4c8b c7c5 | f877 49ba | 604b 3c51 | f201 0000 

  0x000001f251b72ce4: ;   {other}
  0x000001f251b72ce4: 41ff d20f | 1f84 0000 | 0000 0041 | 807f 4000 | 0f85 b605 | 0000 4c8b | 5424 704c | 8bdb 4c8b 
  0x000001f251b72d04: 4424 7045 | 8958 144c | 8bdb 4d33 | da49 c1eb | 144d 85db | 741b 49c1 | ea09 49b8 | 0000 2659 
  0x000001f251b72d24: f201 0000 | 4d03 c241 | 8038 020f | 8510 0600 | 0048 8b54 | 2420 4c8b | 4424 284c | 8b4c 2430 
  0x000001f251b72d44: 8b7c 2438 | 8b74 243c | 488b 4c24 | 404c 8b54 | 2470 4c89 | 1424 6690 

  0x000001f251b72d5c: ;   {static_call}
  0x000001f251b72d5c: c5f8 77e8 

  0x000001f251b72d60: ; ImmutableOopMap {[32]=Oop [64]=Oop }
                      ;*invokestatic defineClass1 {reexecute=0 rethrow=0 return_oop=1}
                      ; - java.lang.ClassLoader::defineClass@27
                      ; - java.security.SecureClassLoader::defineClass@12
  0x000001f251b72d60: 7cf2 e1ff 

  0x000001f251b72d64: ;   {other}
  0x000001f251b72d64: 0f1f 8400 | 540c 0002 | 488b e848 | 8b54 2420 | 4c8b c04c | 8b4c 2440 

  0x000001f251b72d7c: ;   {optimized virtual_call}
  0x000001f251b72d7c: c5f8 77e8 

  0x000001f251b72d80: ; ImmutableOopMap {rbp=Oop }
                      ;*invokevirtual postDefineClass {reexecute=0 rethrow=0 return_oop=0}
                      ; - java.lang.ClassLoader::defineClass@37
                      ; - java.security.SecureClassLoader::defineClass@12
  0x000001f251b72d80: dc3f 4400 

  0x000001f251b72d84: ;   {other}
  0x000001f251b72d84: 0f1f 8400 | 740c 0003 | 488b c5c5 | f877 4881 | c490 0000 

  0x000001f251b72d98: ;   {poll_return}
  0x000001f251b72d98: 005d 493b | a750 0400 | 000f 87b4 | 1c00 00c3 | 897c 244c | 488b ee4c | 896c 2450 | 895c 2448 
  0x000001f251b72db8: 41ff c048 | 8bd6 6690 

  0x000001f251b72dc0: ;   {optimized virtual_call}
  0x000001f251b72dc0: c5f8 77e8 

  0x000001f251b72dc4: ; ImmutableOopMap {rbp=Oop [32]=Oop [40]=Oop [48]=Oop [64]=Oop [72]=NarrowOop [76]=NarrowOop [80]=Oop }
                      ;*invokevirtual newCapacity {reexecute=0 rethrow=0 return_oop=0}
                      ; - java.lang.AbstractStringBuilder::ensureCapacityInternal@24
                      ; - java.lang.AbstractStringBuilder::append@7
                      ; - java.lang.StringBuilder::append@2
                      ; - java.net.URLStreamHandler::toExternalForm@16
                      ; - java.net.URL::toExternalForm@5
                      ; - java.net.URL::toString@1
                      ; - java.lang.ClassLoader::defineClassSourceLocation@22
                      ; - java.lang.ClassLoader::defineClass@12
                      ; - java.security.SecureClassLoader::defineClass@12
  0x000001f251b72dc4: b8bc 86ff 

  0x000001f251b72dc8: ;   {other}
  0x000001f251b72dc8: 0f1f 8400 | b80c 0004 | 440f be55 | 10c4 6229 | f7c0 448b | 5c24 4c49 | 8bd3 6690 

  0x000001f251b72de4: ;   {static_call}
  0x000001f251b72de4: c5f8 77e8 

  0x000001f251b72de8: ; ImmutableOopMap {rbp=Oop [32]=Oop [40]=Oop [48]=Oop [64]=Oop [72]=NarrowOop [80]=Oop }
                      ;*invokestatic copyOf {reexecute=0 rethrow=0 return_oop=1}
                      ; - java.lang.AbstractStringBuilder::ensureCapacityInternal@32
                      ; - java.lang.AbstractStringBuilder::append@7
                      ; - java.lang.StringBuilder::append@2
                      ; - java.net.URLStreamHandler::toExternalForm@16
                      ; - java.net.URL::toExternalForm@5
                      ; - java.net.URL::toString@1
                      ; - java.lang.ClassLoader::defineClassSourceLocation@22
                      ; - java.lang.ClassLoader::defineClass@12
                      ; - java.security.SecureClassLoader::defineClass@12
  0x000001f251b72de8: 94c2 86ff 

  0x000001f251b72dec: ;   {other}
  0x000001f251b72dec: 0f1f 8400 | dc0c 0005 | 488b d866 | 0f1f 8400 | 0000 0000 | 4180 7f40 | 000f 8534 | 0b00 0048 
  0x000001f251b72e0c: 8bf5 488b | fb89 7e14 | 4c8b d64c | 8bdb 4d33 | da49 c1eb | 144d 85db | 7423 4885 | db74 1e49 
  0x000001f251b72e2c: c1ea 0948 | b900 0026 | 59f2 0100 | 0049 03ca | 0f1f 4000 | 8039 020f | 8546 0c00 | 008b 5c24 
  0x000001f251b72e4c: 484c 8b6c | 2450 e922 | faff ff89 | 7c24 6089 | 5424 4c4c | 894c 2458 | 488b ee4c | 896c 2450 
  0x000001f251b72e6c: 895c 2448 | 488b d690 

  0x000001f251b72e74: ;   {optimized virtual_call}
  0x000001f251b72e74: c5f8 77e8 

  0x000001f251b72e78: ; ImmutableOopMap {rbp=Oop [32]=Oop [40]=Oop [48]=Oop [64]=Oop [72]=NarrowOop [76]=NarrowOop [80]=Oop [88]=Oop }
                      ;*invokevirtual newCapacity {reexecute=0 rethrow=0 return_oop=0}
                      ; - java.lang.AbstractStringBuilder::ensureCapacityInternal@24
                      ; - java.lang.AbstractStringBuilder::append@21
                      ; - java.lang.StringBuilder::append@2
                      ; - java.net.URLStreamHandler::toExternalForm@59
                      ; - java.net.URL::toExternalForm@5
                      ; - java.net.URL::toString@1
                      ; - java.lang.ClassLoader::defineClassSourceLocation@22
                      ; - java.lang.ClassLoader::defineClass@12
                      ; - java.security.SecureClassLoader::defineClass@12
  0x000001f251b72e78: 04bc 86ff 

  0x000001f251b72e7c: ;   {other}
  0x000001f251b72e7c: 0f1f 8400 | 6c0d 0006 | 440f be5d | 10c4 6221 | f7c0 448b | 5424 4c49 | 8bd2 6690 

  0x000001f251b72e98: ;   {static_call}
  0x000001f251b72e98: c5f8 77e8 

  0x000001f251b72e9c: ; ImmutableOopMap {rbp=Oop [32]=Oop [40]=Oop [48]=Oop [64]=Oop [72]=NarrowOop [80]=Oop [88]=Oop }
                      ;*invokestatic copyOf {reexecute=0 rethrow=0 return_oop=1}
                      ; - java.lang.AbstractStringBuilder::ensureCapacityInternal@32
                      ; - java.lang.AbstractStringBuilder::append@21
                      ; - java.lang.StringBuilder::append@2
                      ; - java.net.URLStreamHandler::toExternalForm@59
                      ; - java.net.URL::toExternalForm@5
                      ; - java.net.URL::toString@1
                      ; - java.lang.ClassLoader::defineClassSourceLocation@22
                      ; - java.lang.ClassLoader::defineClass@12
                      ; - java.security.SecureClassLoader::defineClass@12
  0x000001f251b72e9c: e0c1 86ff 

  0x000001f251b72ea0: ;   {other}
  0x000001f251b72ea0: 0f1f 8400 | 900d 0007 | 488b d841 | 807f 4000 | 0f85 bf0a | 0000 488b | f54c 8bdb | 4489 5e14 
  0x000001f251b72ec0: 4c8b d64c | 8bdb 4d33 | da49 c1eb | 144d 85db | 741f 4885 | db74 1a49 | c1ea 0948 | b900 0026 
  0x000001f251b72ee0: 59f2 0100 | 0049 03ca | 8039 020f | 85ee 0b00 | 0044 0fbe | 5610 4c8b | 4c24 5841 | 0fbe 4910 
  0x000001f251b72f00: 448b 5e0c | 8b5c 2448 | 4c8b 6c24 | 508b 7c24 | 60e9 e5f9 | ffff 4889 | 7c24 6044 | 8974 245c 
  0x000001f251b72f20: 4489 5c24 | 5889 4c24 | 4c48 8bee | 4c89 6c24 | 5089 5c24 | 4848 8bd6 

  0x000001f251b72f38: ;   {optimized virtual_call}
  0x000001f251b72f38: c5f8 77e8 

  0x000001f251b72f3c: ; ImmutableOopMap {rbp=Oop [32]=Oop [40]=Oop [48]=Oop [64]=Oop [72]=NarrowOop [76]=NarrowOop [80]=Oop [88]=NarrowOop [96]=Oop }
                      ;*invokevirtual newCapacity {reexecute=0 rethrow=0 return_oop=0}
                      ; - java.lang.AbstractStringBuilder::ensureCapacityInternal@24
                      ; - java.lang.AbstractStringBuilder::append@21
                      ; - java.lang.StringBuilder::append@2
                      ; - java.net.URLStreamHandler::toExternalForm@77
                      ; - java.net.URL::toExternalForm@5
                      ; - java.net.URL::toString@1
                      ; - java.lang.ClassLoader::defineClassSourceLocation@22
                      ; - java.lang.ClassLoader::defineClass@12
                      ; - java.security.SecureClassLoader::defineClass@12
  0x000001f251b72f3c: 808e e2ff 

  0x000001f251b72f40: ;   {other}
  0x000001f251b72f40: 0f1f 8400 | 300e 0008 | 440f be55 | 10c4 6229 | f7c0 448b | 5424 5849 | 8bd2 6690 

  0x000001f251b72f5c: ;   {static_call}
  0x000001f251b72f5c: c5f8 77e8 

  0x000001f251b72f60: ; ImmutableOopMap {rbp=Oop [32]=Oop [40]=Oop [48]=Oop [64]=Oop [72]=NarrowOop [76]=NarrowOop [80]=Oop [96]=Oop }
                      ;*invokestatic copyOf {reexecute=0 rethrow=0 return_oop=1}
                      ; - java.lang.AbstractStringBuilder::ensureCapacityInternal@32
                      ; - java.lang.AbstractStringBuilder::append@21
                      ; - java.lang.StringBuilder::append@2
                      ; - java.net.URLStreamHandler::toExternalForm@77
                      ; - java.net.URL::toExternalForm@5
                      ; - java.net.URL::toString@1
                      ; - java.lang.ClassLoader::defineClassSourceLocation@22
                      ; - java.lang.ClassLoader::defineClass@12
                      ; - java.security.SecureClassLoader::defineClass@12
  0x000001f251b72f60: dc30 efff 

  0x000001f251b72f64: ;   {other}
  0x000001f251b72f64: 0f1f 8400 | 540e 0009 | 488b d841 | 807f 4000 | 0f85 350a | 0000 488b | f54c 8bd3 | 4489 5614 
  0x000001f251b72f84: 4c8b d64c | 8bdb 4d33 | da49 c1eb | 144d 85db | 741f 4885 | db74 1a49 | c1ea 0948 | b900 0026 
  0x000001f251b72fa4: 59f2 0100 | 0049 03ca | 8039 020f | 857b 0b00 | 008b 5c24 | 484c 8b6c | 2450 8b4c | 244c 448b 
  0x000001f251b72fc4: 7424 5c48 | 8b7c 2460 | e9e8 f9ff | ff48 8974 | 2458 4c89 | 6c24 5089 | 5c24 4848 | 8bd6 6690 
  0x000001f251b72fe4: ;   {optimized virtual_call}
  0x000001f251b72fe4: c5f8 77e8 

  0x000001f251b72fe8: ; ImmutableOopMap {rbp=NarrowOop [32]=Oop [40]=Oop [48]=Oop [64]=Oop [72]=NarrowOop [80]=Oop [88]=Oop }
                      ;*invokevirtual newCapacity {reexecute=0 rethrow=0 return_oop=0}
                      ; - java.lang.AbstractStringBuilder::ensureCapacityInternal@24
                      ; - java.lang.AbstractStringBuilder::append@21
                      ; - java.lang.StringBuilder::append@2
                      ; - java.net.URLStreamHandler::toExternalForm@113
                      ; - java.net.URL::toExternalForm@5
                      ; - java.net.URL::toString@1
                      ; - java.lang.ClassLoader::defineClassSourceLocation@22
                      ; - java.lang.ClassLoader::defineClass@12
                      ; - java.security.SecureClassLoader::defineClass@12
  0x000001f251b72fe8: 94ba 86ff 

  0x000001f251b72fec: ;   {other}
  0x000001f251b72fec: 0f1f 8400 | dc0e 000a | 4c8b 5424 | 5845 0fbe | 5a10 c462 | 21f7 c048 | 8bd5 498b | ea66 6690 
  0x000001f251b7300c: ;   {static_call}
  0x000001f251b7300c: c5f8 77e8 

  0x000001f251b73010: ; ImmutableOopMap {rbp=Oop [32]=Oop [40]=Oop [48]=Oop [64]=Oop [72]=NarrowOop [80]=Oop }
                      ;*invokestatic copyOf {reexecute=0 rethrow=0 return_oop=1}
                      ; - java.lang.AbstractStringBuilder::ensureCapacityInternal@32
                      ; - java.lang.AbstractStringBuilder::append@21
                      ; - java.lang.StringBuilder::append@2
                      ; - java.net.URLStreamHandler::toExternalForm@113
                      ; - java.net.URL::toExternalForm@5
                      ; - java.net.URL::toString@1
                      ; - java.lang.ClassLoader::defineClassSourceLocation@22
                      ; - java.lang.ClassLoader::defineClass@12
                      ; - java.security.SecureClassLoader::defineClass@12
  0x000001f251b73010: 6cc0 86ff 

  0x000001f251b73014: ;   {other}
  0x000001f251b73014: 0f1f 8400 | 040f 000b | 488b d890 | 4180 7f40 | 000f 85ba | 0900 0048 | 8bf5 4c8b | d344 8956 
  0x000001f251b73034: 144c 8bd6 | 4c8b db4d | 33da 49c1 | eb14 4d85 | db74 2248 | 85db 741d | 49c1 ea09 | 48b9 0000 
  0x000001f251b73054: 2659 f201 | 0000 4903 | ca66 6690 | 8039 020f | 851c 0b00 | 008b 5c24 | 484c 8b6c | 2450 e9f7 
  0x000001f251b73074: f9ff ff45 | 8bc1 4889 | 7424 4848 | 8bd6 6690 

  0x000001f251b73084: ;   {optimized virtual_call}
  0x000001f251b73084: c5f8 77e8 

  0x000001f251b73088: ; ImmutableOopMap {rbp=NarrowOop [32]=Oop [40]=Oop [48]=Oop [64]=Oop [72]=Oop }
                      ;*invokevirtual newCapacity {reexecute=0 rethrow=0 return_oop=0}
                      ; - java.lang.AbstractStringBuilder::ensureCapacityInternal@24
                      ; - java.lang.AbstractStringBuilder::append@21
                      ; - java.lang.StringBuilder::append@2
                      ; - java.net.URLStreamHandler::toExternalForm@149
                      ; - java.net.URL::toExternalForm@5
                      ; - java.net.URL::toString@1
                      ; - java.lang.ClassLoader::defineClassSourceLocation@22
                      ; - java.lang.ClassLoader::defineClass@12
                      ; - java.security.SecureClassLoader::defineClass@12
  0x000001f251b73088: f4b9 86ff 

  0x000001f251b7308c: ;   {other}
  0x000001f251b7308c: 0f1f 8400 | 7c0f 000c | 4c8b 5424 | 4845 0fbe | 5210 c462 | 29f7 c048 | 8bd5 488b | 6c24 4890 
  0x000001f251b730ac: ;   {static_call}
  0x000001f251b730ac: c5f8 77e8 

  0x000001f251b730b0: ; ImmutableOopMap {rbp=Oop [32]=Oop [40]=Oop [48]=Oop [64]=Oop }
                      ;*invokestatic copyOf {reexecute=0 rethrow=0 return_oop=1}
                      ; - java.lang.AbstractStringBuilder::ensureCapacityInternal@32
                      ; - java.lang.AbstractStringBuilder::append@21
                      ; - java.lang.StringBuilder::append@2
                      ; - java.net.URLStreamHandler::toExternalForm@149
                      ; - java.net.URL::toExternalForm@5
                      ; - java.net.URL::toString@1
                      ; - java.lang.ClassLoader::defineClassSourceLocation@22
                      ; - java.lang.ClassLoader::defineClass@12
                      ; - java.security.SecureClassLoader::defineClass@12
  0x000001f251b730b0: ccbf 86ff 

  0x000001f251b730b4: ;   {other}
  0x000001f251b730b4: 0f1f 8400 | a40f 000d | 488b d890 | 4180 7f40 | 000f 8554 | 0900 0048 | 8bf5 4c8b | db44 895e 
  0x000001f251b730d4: 144c 8bd6 | 4c8b db4d | 33da 49c1 | eb14 4d85 | db74 2248 | 85db 741d | 49c1 ea09 | 48b9 0000 
  0x000001f251b730f4: 2659 f201 | 0000 4903 | ca66 6690 | 8039 020f | 85ce 0a00 | 0044 0fbe | 5610 448b | 4e0c e9b5 
  0x000001f251b73114: f9ff ff48 | 8944 2460 | 897c 245c | 4489 5c24 | 5844 894c | 244c 488b | ee4c 896c | 2450 895c 
  0x000001f251b73134: 2448 488b | d666 6690 

  0x000001f251b7313c: ;   {optimized virtual_call}
  0x000001f251b7313c: c5f8 77e8 

  0x000001f251b73140: ; ImmutableOopMap {rbp=Oop [32]=Oop [40]=Oop [48]=Oop [64]=Oop [72]=NarrowOop [76]=NarrowOop [80]=Oop [88]=NarrowOop [96]=Oop }
                      ;*invokevirtual newCapacity {reexecute=0 rethrow=0 return_oop=0}
                      ; - java.lang.AbstractStringBuilder::ensureCapacityInternal@24
                      ; - java.lang.AbstractStringBuilder::append@21
                      ; - java.lang.StringBuilder::append@2
                      ; - java.net.URLStreamHandler::toExternalForm@11
                      ; - java.net.URL::toExternalForm@5
                      ; - java.net.URL::toString@1
                      ; - java.lang.ClassLoader::defineClassSourceLocation@22
                      ; - java.lang.ClassLoader::defineClass@12
                      ; - java.security.SecureClassLoader::defineClass@12
  0x000001f251b73140: 3cb9 86ff 

  0x000001f251b73144: ;   {other}
  0x000001f251b73144: 0f1f 8400 | 3410 000e | 440f be55 | 10c4 6229 | f7c0 448b | 5c24 4c49 | 8bd3 6690 

  0x000001f251b73160: ;   {static_call}
  0x000001f251b73160: c5f8 77e8 

  0x000001f251b73164: ; ImmutableOopMap {rbp=Oop [32]=Oop [40]=Oop [48]=Oop [64]=Oop [72]=NarrowOop [80]=Oop [88]=NarrowOop [96]=Oop }
                      ;*invokestatic copyOf {reexecute=0 rethrow=0 return_oop=1}
                      ; - java.lang.AbstractStringBuilder::ensureCapacityInternal@32
                      ; - java.lang.AbstractStringBuilder::append@21
                      ; - java.lang.StringBuilder::append@2
                      ; - java.net.URLStreamHandler::toExternalForm@11
                      ; - java.net.URL::toExternalForm@5
                      ; - java.net.URL::toString@1
                      ; - java.lang.ClassLoader::defineClassSourceLocation@22
                      ; - java.lang.ClassLoader::defineClass@12
                      ; - java.security.SecureClassLoader::defineClass@12
  0x000001f251b73164: 18bf 86ff 

  0x000001f251b73168: ;   {other}
  0x000001f251b73168: 0f1f 8400 | 5810 000f | 488b d841 | 807f 4000 | 0f85 d708 | 0000 488b | f54c 8bd3 | 4489 5614 
  0x000001f251b73188: 4c8b d64c | 8bdb 4d33 | da49 c1eb | 144d 85db | 741f 4885 | db74 1a49 | c1ea 0948 | b900 0026 
  0x000001f251b731a8: 59f2 0100 | 0049 03ca | 8039 020f | 856f 0a00 | 008b 5c24 | 484c 8b6c | 2450 448b | 5c24 588b 
  0x000001f251b731c8: 7c24 5c48 | 8b44 2460 | e9fe f5ff | ff48 8974 | 2458 4c89 | 6c24 5089 | 5c24 484c | 8bd5 4c89 
  0x000001f251b731e8: 5424 6049 | 8bd2 6690 

  0x000001f251b731f0: ;   {optimized virtual_call}
  0x000001f251b731f0: c5f8 77e8 

  0x000001f251b731f4: ; ImmutableOopMap {rbp=NarrowOop [32]=Oop [40]=Oop [48]=Oop [64]=Oop [72]=NarrowOop [80]=Oop [88]=Oop [96]=Oop }
                      ;*invokevirtual isEmpty {reexecute=0 rethrow=0 return_oop=0}
                      ; - java.net.URLStreamHandler::toExternalForm@29
                      ; - java.net.URL::toExternalForm@5
                      ; - java.net.URL::toString@1
                      ; - java.lang.ClassLoader::defineClassSourceLocation@22
                      ; - java.lang.ClassLoader::defineClass@12
                      ; - java.security.SecureClassLoader::defineClass@12
  0x000001f251b731f4: 4847 e4ff 

  0x000001f251b731f8: ;   {other}
  0x000001f251b731f8: 0f1f 8400 | e810 0010 | 85c0 0f84 | 4802 0000 | 8b5c 2448 | 4c8b 6c24 | 5048 8b74 | 2458 e99e 
  0x000001f251b73218: f6ff ff48 | 8974 2458 | 4c89 6c24 | 5089 5c24 | 4848 8b6c | 2420 488b | d666 6690 

  0x000001f251b73234: ;   {optimized virtual_call}
  0x000001f251b73234: c5f8 77e8 

  0x000001f251b73238: ; ImmutableOopMap {rbp=Oop [40]=Oop [48]=Oop [64]=Oop [72]=NarrowOop [80]=Oop [88]=Oop }
                      ;*invokevirtual isLatin1 {reexecute=0 rethrow=0 return_oop=0}
                      ; - java.lang.AbstractStringBuilder::append@46
                      ; - java.lang.StringBuilder::append@2
                      ; - java.net.URLStreamHandler::toExternalForm@16
                      ; - java.net.URL::toExternalForm@5
                      ; - java.net.URL::toString@1
                      ; - java.lang.ClassLoader::defineClassSourceLocation@22
                      ; - java.lang.ClassLoader::defineClass@12
                      ; - java.security.SecureClassLoader::defineClass@12
  0x000001f251b73238: 44b8 86ff 

  0x000001f251b7323c: ;   {other}
  0x000001f251b7323c: 0f1f 8400 | 2c11 0011 | 85c0 7418 | 488b 5424 | 5866 6690 

  0x000001f251b73250: ;   {optimized virtual_call}
  0x000001f251b73250: c5f8 77e8 

  0x000001f251b73254: ; ImmutableOopMap {rbp=Oop [40]=Oop [48]=Oop [64]=Oop [72]=NarrowOop [80]=Oop [88]=Oop }
                      ;*invokevirtual inflate {reexecute=0 rethrow=0 return_oop=0}
                      ; - java.lang.AbstractStringBuilder::append@53
                      ; - java.lang.StringBuilder::append@2
                      ; - java.net.URLStreamHandler::toExternalForm@16
                      ; - java.net.URL::toExternalForm@5
                      ; - java.net.URL::toString@1
                      ; - java.lang.ClassLoader::defineClassSourceLocation@22
                      ; - java.lang.ClassLoader::defineClass@12
                      ; - java.security.SecureClassLoader::defineClass@12
  0x000001f251b73254: 28b8 86ff 

  0x000001f251b73258: ;   {other}
  0x000001f251b73258: 0f1f 8400 | 4811 0012 | 4c8b 5c24 | 5845 8b53 | 1445 8b43 | 0c49 8bd2 | 458b d041 | ffc2 4589 
  0x000001f251b73278: 530c 41b9 | 3a00 0000 

  0x000001f251b73280: ;   {static_call}
  0x000001f251b73280: c5f8 77e8 

  0x000001f251b73284: ; ImmutableOopMap {rbp=Oop [40]=Oop [48]=Oop [64]=Oop [72]=NarrowOop [80]=Oop [88]=Oop }
                      ;*invokestatic putCharSB {reexecute=0 rethrow=0 return_oop=0}
                      ; - java.lang.AbstractStringBuilder::append@72
                      ; - java.lang.StringBuilder::append@2
                      ; - java.net.URLStreamHandler::toExternalForm@16
                      ; - java.net.URL::toExternalForm@5
                      ; - java.net.URL::toString@1
                      ; - java.lang.ClassLoader::defineClassSourceLocation@22
                      ; - java.lang.ClassLoader::defineClass@12
                      ; - java.security.SecureClassLoader::defineClass@12
  0x000001f251b73284: f8bd 86ff 

  0x000001f251b73288: ;   {other}
  0x000001f251b73288: 0f1f 8400 | 7811 0013 | 4889 6c24 | 208b 5c24 | 484c 8b6c | 2450 488b | 7424 58e9 | 06f6 ffff 
  0x000001f251b732a8: 4533 c0e9 | e5f4 ffff | 4c8b 5424 | 7045 8b5a | 140f 1f80 | 0000 0000 | 4585 db0f | 8431 faff 
  0x000001f251b732c8: ff4d 8b57 | 2849 8bcb | 4d85 d20f | 8467 0f00 | 004d 8b5f | 384b 894c | 13f8 4983 | c2f8 4d89 
  0x000001f251b732e8: 5728 e90b | faff ff4d | 8b57 484d | 8b5f 58f0 | 8344 24c0 | 0066 6690 | 8039 0074 | 3244 8821 
  0x000001f251b73308: 4d85 d274 | 0f4b 894c | 13f8 4983 | c2f8 4d89 | 5748 eb1b | 498b d7c5 | f877 49ba | 00a4 22da 
  0x000001f251b73328: ff7f 0000 

  0x000001f251b7332c: ;   {other}
  0x000001f251b7332c: 41ff d20f | 1f84 0000 | 0000 0044 | 8b46 0c44 | 8b4e 1490 | e950 f4ff | ff4d 8b57 | 484d 8b5f 
  0x000001f251b7334c: 58f0 8344 | 24c0 0041 | 8038 000f | 84d8 f9ff | ff45 8820 | 4d85 d275 | 2349 8bc8 | 498b d7c5 
  0x000001f251b7336c: f877 49ba | 00a4 22da | ff7f 0000 

  0x000001f251b73378: ;   {other}
  0x000001f251b73378: 41ff d20f | 1f84 0000 | 0000 00e9 | adf9 ffff | 4f89 4413 | f849 83c2 | f84d 8957 | 48e9 9bf9 
  0x000001f251b73398: ffff 4c63 | c54d 8d50 | 1049 8bca | 4883 e1f8 | 488b fb48 | 03f9 49c1 | ea03 4d2b | da49 8bcb 
  0x000001f251b733b8: 4833 c048 | 83f9 087f | 1048 ffc9 | 784f 4889 | 04cf 48ff | c97d f7eb | 44c5 fdef | c0e9 0d00 
  0x000001f251b733d8: 0000 c5fe | 7f07 c5fe | 7f47 2048 | 83c7 4048 | 83e9 087d | ed48 83c1 | 047c 0cc5 | fe7f 0748 
  0x000001f251b733f8: 83c7 2048 | 83e9 0448 | 83c1 047e | 1048 ffc9 | c5f9 d607 | 4883 c708 | 48ff c97d | f349 8bc9 
  0x000001f251b73418: c5f8 7749 | bac0 443c | 51f2 0100 | 0041 ffd2 

  0x000001f251b73428: ;   {other}
  0x000001f251b73428: 0f1f 8400 | 0000 0000 | e9ba f8ff | ff41 ba04 | 0000 0041 | b82f 0000 | 0066 4489 | 4310 6644 
  0x000001f251b73448: 8943 12e9 | c700 0000 | 448b 5d14 | 440f be6d | 1045 8b53 | 0cc4 4212 | f7da 4183 | c302 4585 
  0x000001f251b73468: db0f 8c18 | 1100 00c4 | 4211 f7c3 | 0f1f 8400 | 0000 0000 | 6666 6690 | 4181 f800 | 0010 000f 
  0x000001f251b73488: 87f2 1000 | 004d 63d0 | 4181 f800 | 0010 000f | 8778 1000 | 0049 8b9f | b801 0000 | 4983 c217 
  0x000001f251b734a8: 4983 e2f8 | 4c8b db4d | 03da 4d3b | 9fc8 0100 | 000f 8356 | 1000 004d | 899f b801 | 0000 410f 
  0x000001f251b734c8: 0d8b c000 | 0000 48c7 | 0301 0000 | 0041 0f0d | 8b00 0100 

  0x000001f251b734dc: ;   {metadata({type array byte})}
  0x000001f251b734dc: 00c7 4308 | 1823 0000 | 4489 430c | 410f 0d8b | 4001 0000 | 410f 0d8b | 8001 0000 | 0f1f 8400 
  0x000001f251b734fc: 0000 0000 | 4585 ed0f | 852c ffff | ffc6 4310 | 2fc6 4311 | 2f41 ba02 | 0000 004e | 8d5c 1310 
  0x000001f251b7351c: 448b 5514 | 418b 520c | 4d8b c24d | 8d52 1080 | 7d10 000f | 8422 0100 | 00d1 fa4c | 63c2 498b 
  0x000001f251b7353c: ca49 8bd3 | c5f8 7749 | ba80 463c | 51f2 0100 | 0041 ffd2 

  0x000001f251b73550: ;   {other}
  0x000001f251b73550: 0f1f 8400 | 0000 0000 | e999 0000 | 0049 8bf2 | 498b fb8b | ca83 e10f | 83e2 f074 | 1c48 8d34 
  0x000001f251b73570: 1648 8d3c | 5748 f7da | c4e2 7d30 | 0416 c5fe | 7f04 5748 | 83c2 1075 | ef8b d183 | e107 83e2 
  0x000001f251b73590: f874 27c4 | e279 3006 | c5fa 7f07 | 4883 c608 | 4883 c710 | e911 0000 | 00c4 e279 | 3004 16c5 
  0x000001f251b735b0: fa7f 0457 | 4883 c208 | 75ef 8bd1 | 83fa 047c | 19c5 f96e | 06c4 e279 | 30c0 c5f9 | d607 4883 
  0x000001f251b735d0: ea04 4883 | c604 4883 | c708 85d2 | 7418 488d | 3416 488d | 3c57 48f7 | da0f b60c | 1666 890c 
  0x000001f251b735f0: 5748 ffc2 | 75f3 498b | 87b8 0100 | 004c 8bd0 | 4983 c218 | 4d3b 97c8 | 0100 000f | 83d4 0e00 
  0x000001f251b73610: 004d 8997 | b801 0000 | 410f 0d8a | c000 0000 | 48c7 0001 

  0x000001f251b73624: ;   {metadata('java/lang/String')}
  0x000001f251b73624: 0000 00c7 | 4008 78e8 | 0000 4489 | 600c 4c89 | 6010 4c8b | c845 8869 | 104c 8bd3 | 4589 5114 
  0x000001f251b73644: 8b5c 2448 | 4c8b 6c24 | 5048 8b74 | 2458 e96c | f2ff ff66 | 0f1f 8400 | 0000 0000 | 4585 ed0f 
  0x000001f251b73664: 85f4 feff | ff4c 63c2 | 498b ca49 | 8bd3 c5f8 | 7749 bac0 | 443c 51f2 | 0100 0041 

  0x000001f251b73680: ;   {other}
  0x000001f251b73680: ffd2 0f1f | 8400 0000 | 0000 e967 | ffff ff44 | 0fb6 4e11 | 498b d066 | 0f1f 8400 | 0000 0000 
  0x000001f251b736a0: 4585 c90f | 8490 0700 | 0045 33c0 | 458b ca48 | 8944 2458 | 4489 5424 | 6448 8944 | 2468 6690 
  0x000001f251b736c0: ;   {static_call}
  0x000001f251b736c0: c5f8 77e8 

  0x000001f251b736c4: ; ImmutableOopMap {[32]=Oop [40]=Oop [48]=Oop [64]=Oop [88]=Oop [104]=Oop [112]=Oop }
                      ;*invokestatic compress {reexecute=0 rethrow=0 return_oop=1}
                      ; - java.lang.String::<init>@59
                      ; - java.lang.String::<init>@3
                      ; - java.lang.StringBuilder::toString@5
                      ; - java.net.URLStreamHandler::toExternalForm@152
                      ; - java.net.URL::toExternalForm@5
                      ; - java.net.URL::toString@1
                      ; - java.lang.ClassLoader::defineClassSourceLocation@22
                      ; - java.lang.ClassLoader::defineClass@12
                      ; - java.security.SecureClassLoader::defineClass@12
  0x000001f251b736c4: b8b9 86ff 

  0x000001f251b736c8: ;   {other}
  0x000001f251b736c8: 0f1f 8400 | b815 0014 | 488b d841 | 807f 4000 | 0f85 a60c | 0000 4c8b | 5424 584c | 8bc3 4d8b 
  0x000001f251b736e8: d84d 33da | 4d8b c848 | 8b4c 2458 | 4489 4914 | 49c1 eb14 | 0f1f 4000 | 4d85 db0f | 845b 0c00 
  0x000001f251b73708: 004d 85c0 | 0f84 5b0c | 0000 49c1 | ea09 49b9 | 0000 2659 | f201 0000 | 4d03 ca41 | 8039 020f 
  0x000001f251b73728: 8592 0c00 | 0045 8b58 | 0c44 8b44 | 2464 452b | c341 c1e8 | 1f4c 8b54 | 2458 4588 | 4210 e9ea 
  0x000001f251b73748: f5ff ff48 | 8974 2458 | 4c89 6c24 | 5089 5c24 | 4848 8b6c | 2420 488b | d666 6690 

  0x000001f251b73764: ;   {optimized virtual_call}
  0x000001f251b73764: c5f8 77e8 

  0x000001f251b73768: ; ImmutableOopMap {rbp=Oop [40]=Oop [48]=Oop [64]=Oop [72]=NarrowOop [80]=Oop [88]=Oop }
                      ;*invokevirtual appendNull {reexecute=0 rethrow=0 return_oop=1}
                      ; - java.lang.AbstractStringBuilder::append@5
                      ; - java.lang.StringBuilder::append@2
                      ; - java.net.URLStreamHandler::toExternalForm@11
                      ; - java.net.URL::toExternalForm@5
                      ; - java.net.URL::toString@1
                      ; - java.lang.ClassLoader::defineClassSourceLocation@22
                      ; - java.lang.ClassLoader::defineClass@12
                      ; - java.security.SecureClassLoader::defineClass@12
  0x000001f251b73768: 14b3 86ff 

  0x000001f251b7376c: ;   {other}
  0x000001f251b7376c: 0f1f 8400 | 5c16 0015 | 4889 6c24 | 208b 5c24 | 484c 8b6c | 2450 488b | 7424 58e9 | c6f0 ffff 
  0x000001f251b7378c: 4489 5c24 | 6889 7c24 | 4c4c 894c | 2460 4889 | 7424 584c | 896c 2450 | 895c 2448 | 488b 6c24 
  0x000001f251b737ac: 2048 8bd6 

  0x000001f251b737b0: ;   {optimized virtual_call}
  0x000001f251b737b0: c5f8 77e8 

  0x000001f251b737b4: ; ImmutableOopMap {rbp=Oop [40]=Oop [48]=Oop [64]=Oop [72]=NarrowOop [80]=Oop [88]=Oop [96]=Oop }
                      ;*invokevirtual inflate {reexecute=0 rethrow=0 return_oop=0}
                      ; - java.lang.AbstractStringBuilder::inflateIfNeededFor@18
                      ; - java.lang.AbstractStringBuilder::putStringAt@2
                      ; - java.lang.AbstractStringBuilder::append@30
                      ; - java.lang.StringBuilder::append@2
                      ; - java.net.URLStreamHandler::toExternalForm@59
                      ; - java.net.URL::toExternalForm@5
                      ; - java.net.URL::toString@1
                      ; - java.lang.ClassLoader::defineClassSourceLocation@22
                      ; - java.lang.ClassLoader::defineClass@12
                      ; - java.security.SecureClassLoader::defineClass@12
  0x000001f251b737b4: c8b2 86ff 

  0x000001f251b737b8: ;   {other}
  0x000001f251b737b8: 0f1f 8400 | a816 0016 | 488b 7424 | 5844 0fbe | 5610 4889 | 6c24 208b | 5c24 484c | 8b6c 2450 
  0x000001f251b737d8: 4c8b 4c24 | 608b 7c24 | 4c44 8b5c | 2468 e91e | f1ff ff44 | 894c 2464 | 4489 7424 | 6089 4c24 
  0x000001f251b737f8: 4c48 8974 | 2458 4c89 | 6c24 5089 | 5c24 4848 | 8b6c 2420 | 488b d648 | 897c 2478 

  0x000001f251b73814: ;   {optimized virtual_call}
  0x000001f251b73814: c5f8 77e8 

  0x000001f251b73818: ; ImmutableOopMap {rbp=Oop [40]=Oop [48]=Oop [64]=Oop [72]=NarrowOop [76]=NarrowOop [80]=Oop [88]=Oop [120]=Oop }
                      ;*invokevirtual inflate {reexecute=0 rethrow=0 return_oop=0}
                      ; - java.lang.AbstractStringBuilder::inflateIfNeededFor@18
                      ; - java.lang.AbstractStringBuilder::putStringAt@2
                      ; - java.lang.AbstractStringBuilder::append@30
                      ; - java.lang.StringBuilder::append@2
                      ; - java.net.URLStreamHandler::toExternalForm@77
                      ; - java.net.URL::toExternalForm@5
                      ; - java.net.URL::toString@1
                      ; - java.lang.ClassLoader::defineClassSourceLocation@22
                      ; - java.lang.ClassLoader::defineClass@12
                      ; - java.security.SecureClassLoader::defineClass@12
  0x000001f251b73818: 64b2 86ff 

  0x000001f251b7381c: ;   {other}
  0x000001f251b7381c: 0f1f 8400 | 0c17 0017 | 8b4c 244c | 440f be41 | 1048 8b74 | 2458 440f | be56 1048 | 896c 2420 
  0x000001f251b7383c: 8b5c 2448 | 4c8b 6c24 | 5044 8b74 | 2460 448b | 4c24 64e9 | 7cf1 ffff | 4489 4424 | 4c48 8bee 
  0x000001f251b7385c: 895c 2448 | 488b d64c | 896c 2450 

  0x000001f251b73868: ;   {optimized virtual_call}
  0x000001f251b73868: c5f8 77e8 

  0x000001f251b7386c: ; ImmutableOopMap {rbp=Oop [32]=Oop [40]=Oop [48]=Oop [64]=Oop [72]=NarrowOop [80]=Oop }
                      ;*invokevirtual inflate {reexecute=0 rethrow=0 return_oop=0}
                      ; - java.lang.AbstractStringBuilder::inflateIfNeededFor@18
                      ; - java.lang.AbstractStringBuilder::putStringAt@2
                      ; - java.lang.AbstractStringBuilder::append@30
                      ; - java.lang.StringBuilder::append@2
                      ; - java.net.URLStreamHandler::toExternalForm@113
                      ; - java.net.URL::toExternalForm@5
                      ; - java.net.URL::toString@1
                      ; - java.lang.ClassLoader::defineClassSourceLocation@22
                      ; - java.lang.ClassLoader::defineClass@12
                      ; - java.security.SecureClassLoader::defineClass@12
  0x000001f251b7386c: 10b2 86ff 

  0x000001f251b73870: ;   {other}
  0x000001f251b73870: 0f1f 8400 | 6017 0018 | 488b f544 | 0fbe 5610 | 8b6e 1445 | 85d2 0f85 | 300d 0000 | 8b5c 2448 
  0x000001f251b73890: 448b 4424 | 4ce9 e5f1 | ffff 4489 | 4c24 4848 | 8bee 488b | d666 6690 

  0x000001f251b738a8: ;   {optimized virtual_call}
  0x000001f251b738a8: c5f8 77e8 

  0x000001f251b738ac: ; ImmutableOopMap {rbp=Oop [32]=Oop [40]=Oop [48]=Oop [64]=Oop }
                      ;*invokevirtual inflate {reexecute=0 rethrow=0 return_oop=0}
                      ; - java.lang.AbstractStringBuilder::inflateIfNeededFor@18
                      ; - java.lang.AbstractStringBuilder::putStringAt@2
                      ; - java.lang.AbstractStringBuilder::append@30
                      ; - java.lang.StringBuilder::append@2
                      ; - java.net.URLStreamHandler::toExternalForm@149
                      ; - java.net.URL::toExternalForm@5
                      ; - java.net.URL::toString@1
                      ; - java.lang.ClassLoader::defineClassSourceLocation@22
                      ; - java.lang.ClassLoader::defineClass@12
                      ; - java.security.SecureClassLoader::defineClass@12
  0x000001f251b738ac: d0b1 86ff 

  0x000001f251b738b0: ;   {other}
  0x000001f251b738b0: 0f1f 8400 | a017 0019 | 488b f544 | 0fbe 5610 | 8b6e 1445 | 85d2 0f85 | 100d 0000 | 448b 4c24 
  0x000001f251b738d0: 48e9 02f2 | ffff 894c | 2464 897c | 2460 4489 | 5c24 4c48 | 8974 2458 | 4c89 6c24 | 5089 5c24 
  0x000001f251b738f0: 4848 8b6c | 2420 488b | d648 8944 | 2478 6690 

  0x000001f251b73900: ;   {optimized virtual_call}
  0x000001f251b73900: c5f8 77e8 

  0x000001f251b73904: ; ImmutableOopMap {rbp=Oop [40]=Oop [48]=Oop [64]=Oop [72]=NarrowOop [76]=NarrowOop [80]=Oop [88]=Oop [120]=Oop }
                      ;*invokevirtual inflate {reexecute=0 rethrow=0 return_oop=0}
                      ; - java.lang.AbstractStringBuilder::inflateIfNeededFor@18
                      ; - java.lang.AbstractStringBuilder::putStringAt@2
                      ; - java.lang.AbstractStringBuilder::append@30
                      ; - java.lang.StringBuilder::append@2
                      ; - java.net.URLStreamHandler::toExternalForm@11
                      ; - java.net.URL::toExternalForm@5
                      ; - java.net.URL::toString@1
                      ; - java.lang.ClassLoader::defineClassSourceLocation@22
                      ; - java.lang.ClassLoader::defineClass@12
                      ; - java.security.SecureClassLoader::defineClass@12
  0x000001f251b73904: 78b1 86ff 

  0x000001f251b73908: ;   {other}
  0x000001f251b73908: 0f1f 8400 | f817 001a | 448b 5c24 | 4c45 0fbe | 4310 488b | 7424 5844 | 0fbe 5610 | 4889 6c24 
  0x000001f251b73928: 208b 5c24 | 484c 8b6c | 2450 8b7c | 2460 8b4c | 2464 e9aa | eeff ff48 | 8bf5 448b | 5e14 4585 
  0x000001f251b73948: db0f 84bf | f4ff ff4d | 8b57 2849 | 8bcb 4d85 | d20f 84c6 | 0a00 004d | 8b5f 384b | 894c 13f8 
  0x000001f251b73968: 4983 c2f8 | 4d89 5728 | e999 f4ff | ff48 8bf5 | 448b 5614 | 0f1f 4000 | 4585 d20f | 8430 f5ff 
  0x000001f251b73988: ff4d 8b5f | 2849 8bca | 4d85 db0f | 84ac 0a00 | 004d 8b57 | 384b 894c | 1af8 4983 | c3f8 4d89 
  0x000001f251b739a8: 5f28 e90a | f5ff ff48 | 8bf5 448b | 5e14 4585 | db0f 84be | f5ff ff4d | 8b57 2849 | 8bcb 4d85 
  0x000001f251b739c8: d20f 8496 | 0a00 004d | 8b5f 384b | 894c 13f8 | 4983 c2f8 | 4d89 5728 | e998 f5ff | ff48 8bf5 
  0x000001f251b739e8: 448b 5e14 | 4585 db0f | 8439 f6ff | ff4d 8b57 | 2849 8bcb | 0f1f 4000 | 4d85 d20f 

  0x000001f251b73a04: ;   {no_reloc}
  0x000001f251b73a04: 847c 0a00 | 004d 8b5f | 384b 894c | 13f8 4983 | c2f8 4d89 | 5728 e90f | f6ff ff48 | 8bf5 448b 
  0x000001f251b73a24: 5614 4585 | d20f 849f | f6ff ff4d | 8b5f 2849 | 8bca 4d85 | db0f 8466 | 0a00 004d | 8b57 384b 
  0x000001f251b73a44: 894c 1af8 | 4983 c3f8 | 4d89 5f28 | e979 f6ff | ff48 8bf5 | 448b 5e14 | 0f1f 4000 | 4585 db0f 
  0x000001f251b73a64: 8418 f7ff | ff4d 8b57 | 2849 8bcb | 4d85 d20f | 844c 0a00 | 004d 8b5f | 384b 894c | 13f8 4983 
  0x000001f251b73a84: c2f8 4d89 | 5728 e9f2 | f6ff ff4d | 8b57 584d | 8b5f 48f0 | 8344 24c0 | 0066 6690 | 8039 0074 
  0x000001f251b73aa4: 3244 8821 | 4d85 db74 | 0f4b 894c | 1af8 4983 | c3f8 4d89 | 5f48 eb1b | 498b d7c5 | f877 49ba 
  0x000001f251b73ac4: 00a4 22da | ff7f 0000 

  0x000001f251b73acc: ;   {other}
  0x000001f251b73acc: 41ff d20f | 1f84 0000 | 0000 008b | 7e14 e96a | f3ff ff4d | 8b57 584d | 8b5f 48f0 | 8344 24c0 
  0x000001f251b73aec: 0080 3900 | 0f84 fbf3 | ffff 4488 | 214d 85db | 7520 498b | d7c5 f877 | 49ba 00a4 | 22da ff7f 
  0x000001f251b73b0c: 0000 41ff 

  0x000001f251b73b10: ;   {other}
  0x000001f251b73b10: d20f 1f84 | 0000 0000 | 00e9 d3f3 | ffff 4b89 | 4c1a f849 | 83c3 f84d | 895f 48e9 | c1f3 ffff 
  0x000001f251b73b30: 4d8b 5758 | 4d8b 5f48 | f083 4424 | c000 6690 | 8039 000f | 846c f4ff | ff44 8821 | 4d85 db75 
  0x000001f251b73b50: 2049 8bd7 | c5f8 7749 | ba00 a422 | daff 7f00 | 0041 ffd2 

  0x000001f251b73b64: ;   {other}
  0x000001f251b73b64: 0f1f 8400 | 0000 0000 | e944 f4ff | ff4b 894c | 1af8 4983 | c3f8 4d89 | 5f48 6690 | e930 f4ff 
  0x000001f251b73b84: ff4d 8b57 | 584d 8b5f | 48f0 8344 | 24c0 0080 | 3900 0f84 | cdf4 ffff | 4488 2190 | 4d85 db75 
  0x000001f251b73ba4: 2049 8bd7 | c5f8 7749 | ba00 a422 | daff 7f00 | 0041 ffd2 

  0x000001f251b73bb8: ;   {other}
  0x000001f251b73bb8: 0f1f 8400 | 0000 0000 | e9a4 f4ff | ff4b 894c | 1af8 4983 | c3f8 4d89 | 5f48 e992 | f4ff ff4d 
  0x000001f251b73bd8: 8b57 584d | 8b5f 48f0 | 8344 24c0 | 0080 3900 | 0f84 1bf5 | ffff 4488 | 214d 85db | 7520 498b 
  0x000001f251b73bf8: d7c5 f877 | 49ba 00a4 | 22da ff7f | 0000 41ff 

  0x000001f251b73c08: ;   {other}
  0x000001f251b73c08: d20f 1f84 | 0000 0000 | 00e9 f3f4 | ffff 4b89 | 4c1a f849 | 83c3 f84d | 895f 48e9 | e1f4 ffff 
  0x000001f251b73c28: 4d8b 5758 | 4d8b 5f48 | f083 4424 | c000 8039 | 000f 847a | f5ff ff44 | 8821 4d85 | db75 2049 
  0x000001f251b73c48: 8bd7 c5f8 | 7749 ba00 | a422 daff | 7f00 0041 

  0x000001f251b73c58: ;   {other}
  0x000001f251b73c58: ffd2 0f1f | 8400 0000 | 0000 e952 | f5ff ff4b | 894c 1af8 | 4983 c3f8 | 4d89 5f48 | e940 f5ff 
  0x000001f251b73c78: ;   {metadata('java/security/SecureClassLoader$1')}
  0x000001f251b73c78: ff48 ba50 | ba11 5df2 | 0100 004c | 8944 2450 

  0x000001f251b73c88: ;   {runtime_call _new_instance_Java}
  0x000001f251b73c88: c5f8 77e8 

  0x000001f251b73c8c: ; ImmutableOopMap {rbp=NarrowOop [32]=Oop [40]=Oop [48]=Oop [80]=Oop }
                      ;*new {reexecute=0 rethrow=0 return_oop=1}
                      ; - java.security.SecureClassLoader::getProtectionDomain@20
                      ; - java.security.SecureClassLoader::defineClass@9
  0x000001f251b73c8c: 707f 89ff 

  0x000001f251b73c90: ;   {other}
  0x000001f251b73c90: 0f1f 8400 | 801b 001b | 4c8b c84c | 8b44 2450 | e98f e9ff 

  0x000001f251b73ca4: ;   {metadata('java/security/SecureClassLoader$CodeSourceKey')}
  0x000001f251b73ca4: ff48 bab8 | b411 5df2 | 0100 0090 

  0x000001f251b73cb0: ;   {runtime_call _new_instance_Java}
  0x000001f251b73cb0: c5f8 77e8 

  0x000001f251b73cb4: ; ImmutableOopMap {rbp=Oop [32]=Oop [40]=Oop [48]=Oop }
                      ;*new {reexecute=0 rethrow=0 return_oop=1}
                      ; - java.security.SecureClassLoader::getProtectionDomain@6
                      ; - java.security.SecureClassLoader::defineClass@9
  0x000001f251b73cb4: 487f 89ff 

  0x000001f251b73cb8: ;   {other}
  0x000001f251b73cb8: 0f1f 8400 | a81b 001c | 4c8b c0e9 | 23e9 ffff | 4c89 6c24 | 5089 5c24 | 4848 8b6c 

  0x000001f251b73cd4: ;   {metadata('java/lang/StringBuilder')}
  0x000001f251b73cd4: 2420 48ba | 4080 005d | f201 0000 

  0x000001f251b73ce0: ;   {runtime_call _new_instance_Java}
  0x000001f251b73ce0: c5f8 77e8 

  0x000001f251b73ce4: ; ImmutableOopMap {rbp=Oop [40]=Oop [48]=Oop [64]=Oop [72]=NarrowOop [80]=Oop }
                      ;*new {reexecute=0 rethrow=0 return_oop=1}
                      ; - java.net.URLStreamHandler::toExternalForm@0
                      ; - java.net.URL::toExternalForm@5
                      ; - java.net.URL::toString@1
                      ; - java.lang.ClassLoader::defineClassSourceLocation@22
                      ; - java.lang.ClassLoader::defineClass@12
                      ; - java.security.SecureClassLoader::defineClass@12
  0x000001f251b73ce4: 187f 89ff 

  0x000001f251b73ce8: ;   {other}
  0x000001f251b73ce8: 0f1f 8400 | d81b 001d | 4889 6c24 | 208b 5c24 | 484c 8b6c | 2450 6690 | e9f4 e9ff | ff48 8974 
  0x000001f251b73d08: 2458 4c89 | 6c24 5089 | 5c24 4848 | 8b6c 2420 | 41b8 1000 

  0x000001f251b73d1c: ;   {metadata({type array byte})}
  0x000001f251b73d1c: 0000 48ba | 1823 005d | f201 0000 

  0x000001f251b73d28: ;   {runtime_call _new_array_Java}
  0x000001f251b73d28: c5f8 77e8 

  0x000001f251b73d2c: ; ImmutableOopMap {rbp=Oop [40]=Oop [48]=Oop [64]=Oop [72]=NarrowOop [80]=Oop [88]=Oop }
                      ;*newarray {reexecute=0 rethrow=0 return_oop=1}
                      ; - java.lang.AbstractStringBuilder::<init>@12
                      ; - java.lang.StringBuilder::<init>@3
                      ; - java.net.URLStreamHandler::toExternalForm@4
                      ; - java.net.URL::toExternalForm@5
                      ; - java.net.URL::toString@1
                      ; - java.lang.ClassLoader::defineClassSourceLocation@22
                      ; - java.lang.ClassLoader::defineClass@12
                      ; - java.security.SecureClassLoader::defineClass@12
  0x000001f251b73d2c: d07b 89ff 

  0x000001f251b73d30: ;   {other}
  0x000001f251b73d30: 0f1f 8400 | 201c 001e | 4889 6c24 | 208b 5c24 | 484c 8b6c | 2450 488b | 7424 58e9 | 0bea ffff 
  0x000001f251b73d50: 4889 7424 | 4848 8b6c 

  0x000001f251b73d58: ;   {metadata('java/lang/String')}
  0x000001f251b73d58: 2420 48ba | 78e8 005d | f201 0000 

  0x000001f251b73d64: ;   {runtime_call _new_instance_Java}
  0x000001f251b73d64: c5f8 77e8 

  0x000001f251b73d68: ; ImmutableOopMap {rbp=Oop [40]=Oop [48]=Oop [64]=Oop [72]=Oop }
                      ;*new {reexecute=0 rethrow=0 return_oop=1}
                      ; - java.lang.StringBuilder::toString@0
                      ; - java.net.URLStreamHandler::toExternalForm@152
                      ; - java.net.URL::toExternalForm@5
                      ; - java.net.URL::toString@1
                      ; - java.lang.ClassLoader::defineClassSourceLocation@22
                      ; - java.lang.ClassLoader::defineClass@12
                      ; - java.security.SecureClassLoader::defineClass@12
  0x000001f251b73d68: 947e 89ff 

  0x000001f251b73d6c: ;   {other}
  0x000001f251b73d6c: 0f1f 8400 | 5c1c 001f | 4889 6c24 | 2048 8b74 | 2448 6690 | e9ad edff | ff48 897c | 2468 4c89 
  0x000001f251b73d8c: 5c24 604c | 894c 2458 | 4489 5424 | 5048 8944 

  0x000001f251b73d9c: ;   {metadata({type array byte})}
  0x000001f251b73d9c: 2448 48ba | 1823 005d | f201 0000 | 448b 4424 | 5066 6690 

  0x000001f251b73db0: ;   {runtime_call _new_array_nozero_Java}
  0x000001f251b73db0: c5f8 77e8 

  0x000001f251b73db4: ; ImmutableOopMap {[32]=Oop [40]=Oop [48]=Oop [64]=Oop [72]=Oop [112]=Oop [120]=Oop [88]=Derived_oop_[120] }
                      ;*newarray {reexecute=0 rethrow=0 return_oop=1}
                      ; - java.util.Arrays::copyOfRangeByte@10
                      ; - java.util.Arrays::copyOfRange@13
                      ; - java.lang.String::<init>@32
                      ; - java.lang.String::<init>@3
                      ; - java.lang.StringBuilder::toString@5
                      ; - java.net.URLStreamHandler::toExternalForm@152
                      ; - java.net.URL::toExternalForm@5
                      ; - java.net.URL::toString@1
                      ; - java.lang.ClassLoader::defineClassSourceLocation@22
                      ; - java.lang.ClassLoader::defineClass@12
                      ; - java.security.SecureClassLoader::defineClass@12
  0x000001f251b73db4: c877 89ff 

  0x000001f251b73db8: ;   {other}
  0x000001f251b73db8: 0f1f 8400 | a81c 0020 | 448b 4424 | 504c 8b4c | 2458 4c8b | 5c24 6048 | 8b7c 2468 | 488b d845 
  0x000001f251b73dd8: 8bd0 e9c7 | eeff ff48 | 8974 2460 | 4c89 4c24 | 5844 8944 | 2450 4889 | 4424 4848 | 8b6c 2420 
  0x000001f251b73df8: ;   {metadata({type array byte})}
  0x000001f251b73df8: 48ba 1823 | 005d f201 | 0000 448b | c366 6690 

  0x000001f251b73e08: ;   {runtime_call _new_array_nozero_Java}
  0x000001f251b73e08: c5f8 77e8 

  0x000001f251b73e0c: ; ImmutableOopMap {rbp=Oop [40]=Oop [48]=Oop [64]=Oop [72]=Oop [80]=NarrowOop [120]=Oop [88]=Derived_oop_[120] }
                      ;*invokevirtual clone {reexecute=1 rethrow=0 return_oop=1}
                      ; - (reexecute) java.util.Arrays::copyOfRange@18
                      ; - java.lang.String::<init>@32
                      ; - java.lang.String::<init>@3
                      ; - java.lang.StringBuilder::toString@5
                      ; - java.net.URLStreamHandler::toExternalForm@152
                      ; - java.net.URL::toExternalForm@5
                      ; - java.net.URL::toString@1
                      ; - java.lang.ClassLoader::defineClassSourceLocation@22
                      ; - java.lang.ClassLoader::defineClass@12
                      ; - java.security.SecureClassLoader::defineClass@12
  0x000001f251b73e0c: 7077 89ff 

  0x000001f251b73e10: ;   {other}
  0x000001f251b73e10: 0f1f 8400 | 001d 0021 | 4889 6c24 | 204c 8b5c | 2448 4c89 | 5c24 704c | 8b4c 2458 | 488b 7424 
  0x000001f251b73e30: 6048 8bf8 | e999 edff | ffc6 4010 | 0141 d1e2 | 4533 c045 | 8bca 4889 | 4424 5890 

  0x000001f251b73e4c: ;   {static_call}
  0x000001f251b73e4c: c5f8 77e8 

  0x000001f251b73e50: ; ImmutableOopMap {[32]=Oop [40]=Oop [48]=Oop [64]=Oop [88]=Oop [112]=Oop }
                      ;*invokestatic copyOfRange {reexecute=0 rethrow=0 return_oop=1}
                      ; - java.lang.String::<init>@91
                      ; - java.lang.String::<init>@3
                      ; - java.lang.StringBuilder::toString@5
                      ; - java.net.URLStreamHandler::toExternalForm@152
                      ; - java.net.URL::toExternalForm@5
                      ; - java.net.URL::toString@1
                      ; - java.lang.ClassLoader::defineClassSourceLocation@22
                      ; - java.lang.ClassLoader::defineClass@12
                      ; - java.security.SecureClassLoader::defineClass@12
  0x000001f251b73e50: 2cb2 86ff 

  0x000001f251b73e54: ;   {other}
  0x000001f251b73e54: 0f1f 8400 | 441d 0022 | 488b d890 | 4180 7f40 | 000f 85da | 0600 004c | 8b54 2458 | 4c8b c34d 
  0x000001f251b73e74: 8bd8 4d33 | da4d 8bc8 | 488b 4c24 | 5844 8949 | 1449 c1eb | 144d 85db | 0f84 a3ee | ffff 4d85 
  0x000001f251b73e94: c00f 849a | eeff ff49 | c1ea 0949 | b800 0026 | 59f2 0100 | 004d 03c2 | 4180 3802 | 0f84 7fee 
  0x000001f251b73eb4: ffff 4d8b | 5758 4d8b | 5f48 f083 | 4424 c000 | 4180 3800 | 0f84 67ee | ffff 4588 | 204d 85db 
  0x000001f251b73ed4: 7523 498b | c849 8bd7 | c5f8 7749 | ba00 a422 | daff 7f00 | 0041 ffd2 

  0x000001f251b73eec: ;   {other}
  0x000001f251b73eec: 0f1f 8400 | 0000 0000 | e93c eeff | ff4f 8944 | 1af8 4983 | c3f8 4d89 | 5f48 e92a | eeff ffba 
  0x000001f251b73f0c: f6ff ffff | 8beb 6690 

  0x000001f251b73f14: ;   {runtime_call UncommonTrapBlob}
  0x000001f251b73f14: c5f8 77e8 

  0x000001f251b73f18: ; ImmutableOopMap {rbp=NarrowOop }
                      ;*invokevirtual toExternalForm {reexecute=0 rethrow=0 return_oop=0}
                      ; - java.net.URL::toExternalForm@5
                      ; - java.net.URL::toString@1
                      ; - java.lang.ClassLoader::defineClassSourceLocation@22
                      ; - java.lang.ClassLoader::defineClass@12
                      ; - java.security.SecureClassLoader::defineClass@12
  0x000001f251b73f18: 6404 87ff 

  0x000001f251b73f1c: ;   {other}
  0x000001f251b73f1c: 0f1f 8400 | 0c1e 0023 | bae4 ffff | ff89 5c24 | 4848 8974 | 2458 897c | 244c 6690 

  0x000001f251b73f38: ;   {runtime_call UncommonTrapBlob}
  0x000001f251b73f38: c5f8 77e8 

  0x000001f251b73f3c: ; ImmutableOopMap {[32]=Oop [40]=Oop [48]=Oop [64]=Oop [72]=NarrowOop [76]=NarrowOop [88]=Oop }
                      ;*bastore {reexecute=0 rethrow=0 return_oop=0}
                      ; - java.lang.AbstractStringBuilder::append@41
                      ; - java.lang.StringBuilder::append@2
                      ; - java.net.URLStreamHandler::toExternalForm@16
                      ; - java.net.URL::toExternalForm@5
                      ; - java.net.URL::toString@1
                      ; - java.lang.ClassLoader::defineClassSourceLocation@22
                      ; - java.lang.ClassLoader::defineClass@12
                      ; - java.security.SecureClassLoader::defineClass@12
  0x000001f251b73f3c: 4004 87ff 

  0x000001f251b73f40: ;   {other}
  0x000001f251b73f40: 0f1f 8400 | 301e 0024 | bade ffff | ff4c 8944 | 2440 4c89 | 4c24 4890 

  0x000001f251b73f58: ;   {runtime_call UncommonTrapBlob}
  0x000001f251b73f58: c5f8 77e8 

  0x000001f251b73f5c: ; ImmutableOopMap {rbp=NarrowOop [32]=Oop [40]=Oop [48]=Oop [64]=Oop [72]=Oop }
                      ;*invokeinterface computeIfAbsent {reexecute=0 rethrow=0 return_oop=0}
                      ; - java.security.SecureClassLoader::getProtectionDomain@28
                      ; - java.security.SecureClassLoader::defineClass@9
  0x000001f251b73f5c: 2004 87ff 

  0x000001f251b73f60: ;   {other}
  0x000001f251b73f60: 0f1f 8400 | 501e 0025 | bacc ffff | ff89 5c24 | 4848 8974 | 2458 897c | 244c 4489 | 4424 6089 
  0x000001f251b73f80: 4424 6444 | 894c 2468 

  0x000001f251b73f88: ;   {runtime_call UncommonTrapBlob}
  0x000001f251b73f88: c5f8 77e8 

  0x000001f251b73f8c: ; ImmutableOopMap {[32]=Oop [40]=Oop [48]=Oop [64]=Oop [72]=NarrowOop [88]=Oop [96]=NarrowOop [100]=NarrowOop }
                      ;*invokestatic arraycopy {reexecute=0 rethrow=0 return_oop=0}
                      ; - java.lang.String::getBytes@22
                      ; - java.lang.AbstractStringBuilder::putStringAt@15
                      ; - java.lang.AbstractStringBuilder::append@30
                      ; - java.lang.StringBuilder::append@2
                      ; - java.net.URLStreamHandler::toExternalForm@59
                      ; - java.net.URL::toExternalForm@5
                      ; - java.net.URL::toString@1
                      ; - java.lang.ClassLoader::defineClassSourceLocation@22
                      ; - java.lang.ClassLoader::defineClass@12
                      ; - java.security.SecureClassLoader::defineClass@12
  0x000001f251b73f8c: f003 87ff 

  0x000001f251b73f90: ;   {other}
  0x000001f251b73f90: 0f1f 8400 | 801e 0026 | bacc ffff | ff89 5c24 | 4848 8974 | 2458 4489 | 7424 4c89 | 4c24 6044 
  0x000001f251b73fb0: 895c 2464 | 4489 4424 | 6866 6690 

  0x000001f251b73fbc: ;   {runtime_call UncommonTrapBlob}
  0x000001f251b73fbc: c5f8 77e8 

  0x000001f251b73fc0: ; ImmutableOopMap {[32]=Oop [40]=Oop [48]=Oop [64]=Oop [72]=NarrowOop [88]=Oop [96]=NarrowOop [100]=NarrowOop }
                      ;*invokestatic arraycopy {reexecute=0 rethrow=0 return_oop=0}
                      ; - java.lang.String::getBytes@22
                      ; - java.lang.AbstractStringBuilder::putStringAt@15
                      ; - java.lang.AbstractStringBuilder::append@30
                      ; - java.lang.StringBuilder::append@2
                      ; - java.net.URLStreamHandler::toExternalForm@77
                      ; - java.net.URL::toExternalForm@5
                      ; - java.net.URL::toString@1
                      ; - java.lang.ClassLoader::defineClassSourceLocation@22
                      ; - java.lang.ClassLoader::defineClass@12
                      ; - java.security.SecureClassLoader::defineClass@12
  0x000001f251b73fc0: bc03 87ff 

  0x000001f251b73fc4: ;   {other}
  0x000001f251b73fc4: 0f1f 8400 | b41e 0027 | bacc ffff | ff89 5c24 | 4848 8974 | 2458 4489 | 4424 4c90 

  0x000001f251b73fe0: ;   {runtime_call UncommonTrapBlob}
  0x000001f251b73fe0: c5f8 77e8 

  0x000001f251b73fe4: ; ImmutableOopMap {rbp=NarrowOop [32]=Oop [40]=Oop [48]=Oop [64]=Oop [72]=NarrowOop [88]=Oop }
                      ;*invokestatic arraycopy {reexecute=0 rethrow=0 return_oop=0}
                      ; - java.lang.String::getBytes@22
                      ; - java.lang.AbstractStringBuilder::putStringAt@15
                      ; - java.lang.AbstractStringBuilder::append@30
                      ; - java.lang.StringBuilder::append@2
                      ; - java.net.URLStreamHandler::toExternalForm@113
                      ; - java.net.URL::toExternalForm@5
                      ; - java.net.URL::toString@1
                      ; - java.lang.ClassLoader::defineClassSourceLocation@22
                      ; - java.lang.ClassLoader::defineClass@12
                      ; - java.security.SecureClassLoader::defineClass@12
  0x000001f251b73fe4: 9803 87ff 

  0x000001f251b73fe8: ;   {other}
  0x000001f251b73fe8: 0f1f 8400 | d81e 0028 | bacc ffff | ff48 8974 | 2450 4489 | 4c24 5890 

  0x000001f251b74000: ;   {runtime_call UncommonTrapBlob}
  0x000001f251b74000: c5f8 77e8 

  0x000001f251b74004: ; ImmutableOopMap {rbp=NarrowOop [32]=Oop [40]=Oop [48]=Oop [64]=Oop [80]=Oop }
                      ;*invokestatic arraycopy {reexecute=0 rethrow=0 return_oop=0}
                      ; - java.lang.String::getBytes@22
                      ; - java.lang.AbstractStringBuilder::putStringAt@15
                      ; - java.lang.AbstractStringBuilder::append@30
                      ; - java.lang.StringBuilder::append@2
                      ; - java.net.URLStreamHandler::toExternalForm@149
                      ; - java.net.URL::toExternalForm@5
                      ; - java.net.URL::toString@1
                      ; - java.lang.ClassLoader::defineClassSourceLocation@22
                      ; - java.lang.ClassLoader::defineClass@12
                      ; - java.security.SecureClassLoader::defineClass@12
  0x000001f251b74004: 7803 87ff 

  0x000001f251b74008: ;   {other}
  0x000001f251b74008: 0f1f 8400 | f81e 0029 | bacc ffff | ff89 5c24 | 4848 8974 | 2458 897c | 244c 4489 | 5c24 6044 
  0x000001f251b74028: 894c 2464 | 4489 4424 | 6866 6690 

  0x000001f251b74034: ;   {runtime_call UncommonTrapBlob}
  0x000001f251b74034: c5f8 77e8 

  0x000001f251b74038: ; ImmutableOopMap {[32]=Oop [40]=Oop [48]=Oop [64]=Oop [72]=NarrowOop [88]=Oop [96]=NarrowOop [100]=NarrowOop }
                      ;*invokestatic arraycopy {reexecute=0 rethrow=0 return_oop=0}
                      ; - java.lang.String::getBytes@22
                      ; - java.lang.AbstractStringBuilder::putStringAt@15
                      ; - java.lang.AbstractStringBuilder::append@30
                      ; - java.lang.StringBuilder::append@2
                      ; - java.net.URLStreamHandler::toExternalForm@11
                      ; - java.net.URL::toExternalForm@5
                      ; - java.net.URL::toString@1
                      ; - java.lang.ClassLoader::defineClassSourceLocation@22
                      ; - java.lang.ClassLoader::defineClass@12
                      ; - java.security.SecureClassLoader::defineClass@12
  0x000001f251b74038: 4403 87ff 

  0x000001f251b7403c: ;   {other}
  0x000001f251b7403c: 0f1f 8400 | 2c1f 002a | 4d63 dae9 | d4eb ffff | 4983 c3fe | 498b cb48 | 8bfa 4833 | c048 83f9 
  0x000001f251b7405c: 087f 1048 | ffc9 784f | 4889 04cf | 48ff c97d | f7eb 44c5 | fdef c0e9 | 0d00 0000 | c5fe 7f07 
  0x000001f251b7407c: c5fe 7f47 | 2048 83c7 | 4048 83e9 | 087d ed48 | 83c1 047c | 0cc5 fe7f | 0748 83c7 | 2048 83e9 
  0x000001f251b7409c: 0448 83c1 | 047e 1048 | ffc9 c5f9 | d607 4883 | c708 48ff | c97d f3e9 | 37ec ffff | bacc ffff 
  0x000001f251b740bc: ff48 8b6c | 2420 4c8b | 5c24 284c | 895c 2420 | 4c8b 5c24 | 304c 895c | 2428 448b | 5c24 3844 
  0x000001f251b740dc: 895c 2430 | 448b 4c24 | 3c44 894c | 2434 4c8b | 5c24 404c | 895c 2438 | 4889 4424 | 4844 8944 
  0x000001f251b740fc: 2450 4489 | 5424 5890 

  0x000001f251b74104: ;   {runtime_call UncommonTrapBlob}
  0x000001f251b74104: c5f8 77e8 

  0x000001f251b74108: ; ImmutableOopMap {rbp=Oop [32]=Oop [40]=Oop [56]=Oop [72]=Oop [80]=NarrowOop [112]=Oop }
                      ;*newarray {reexecute=1 rethrow=0 return_oop=0}
                      ; - (reexecute) java.util.Arrays::copyOfRangeByte@10
                      ; - java.util.Arrays::copyOfRange@13
                      ; - java.lang.String::<init>@32
                      ; - java.lang.String::<init>@3
                      ; - java.lang.StringBuilder::toString@5
                      ; - java.net.URLStreamHandler::toExternalForm@152
                      ; - java.net.URL::toExternalForm@5
                      ; - java.net.URL::toString@1
                      ; - java.lang.ClassLoader::defineClassSourceLocation@22
                      ; - java.lang.ClassLoader::defineClass@12
                      ; - java.security.SecureClassLoader::defineClass@12
  0x000001f251b74108: 7402 87ff 

  0x000001f251b7410c: ;   {other}
  0x000001f251b7410c: 0f1f 8400 | fc1f 002b | ba45 ffff | ff89 5c24 | 4848 8974 | 2458 897c | 244c 4c89 | 4c24 6089 
  0x000001f251b7412c: 4424 6844 | 895c 246c | 4489 5424 | 7066 6690 

  0x000001f251b7413c: ;   {runtime_call UncommonTrapBlob}
  0x000001f251b7413c: c5f8 77e8 

  0x000001f251b74140: ; ImmutableOopMap {[32]=Oop [40]=Oop [48]=Oop [64]=Oop [72]=NarrowOop [88]=Oop [96]=Oop [104]=NarrowOop }
                      ;*if_icmpne {reexecute=1 rethrow=0 return_oop=0}
                      ; - (reexecute) java.lang.String::getBytes@5
                      ; - java.lang.AbstractStringBuilder::putStringAt@15
                      ; - java.lang.AbstractStringBuilder::append@30
                      ; - java.lang.StringBuilder::append@2
                      ; - java.net.URLStreamHandler::toExternalForm@59
                      ; - java.net.URL::toExternalForm@5
                      ; - java.net.URL::toString@1
                      ; - java.lang.ClassLoader::defineClassSourceLocation@22
                      ; - java.lang.ClassLoader::defineClass@12
                      ; - java.security.SecureClassLoader::defineClass@12
  0x000001f251b74140: 3c02 87ff 

  0x000001f251b74144: ;   {other}
  0x000001f251b74144: 0f1f 8400 | 3420 002c | ba45 ffff | ff48 8b6c | 2420 488b | 7c24 2848 | 897c 2420 | 488b 7c24 
  0x000001f251b74164: 3048 897c | 2428 8b44 | 2438 8944 | 2430 8b7c | 243c 897c | 2434 488b | 7c24 4048 | 897c 2438 
  0x000001f251b74184: 895c 2440 | 4889 7424 | 5044 8974 | 2444 894c | 2458 4489 | 5c24 5c44 | 894c 2460 | 4489 4424 
  0x000001f251b741a4: 6444 8954 | 2468 6690 

  0x000001f251b741ac: ;   {runtime_call UncommonTrapBlob}
  0x000001f251b741ac: c5f8 77e8 

  0x000001f251b741b0: ; ImmutableOopMap {rbp=Oop [32]=Oop [40]=Oop [56]=Oop [64]=NarrowOop [80]=Oop [88]=NarrowOop [92]=NarrowOop }
                      ;*if_icmpne {reexecute=1 rethrow=0 return_oop=0}
                      ; - (reexecute) java.lang.String::getBytes@5
                      ; - java.lang.AbstractStringBuilder::putStringAt@15
                      ; - java.lang.AbstractStringBuilder::append@30
                      ; - java.lang.StringBuilder::append@2
                      ; - java.net.URLStreamHandler::toExternalForm@77
                      ; - java.net.URL::toExternalForm@5
                      ; - java.net.URL::toString@1
                      ; - java.lang.ClassLoader::defineClassSourceLocation@22
                      ; - java.lang.ClassLoader::defineClass@12
                      ; - java.security.SecureClassLoader::defineClass@12
  0x000001f251b741b0: cc01 87ff 

  0x000001f251b741b4: ;   {other}
  0x000001f251b741b4: 0f1f 8400 | a420 002d | ba45 ffff | ff48 8b6c | 2420 48ff | 7424 2848 | 8f44 2420 | 48ff 7424 
  0x000001f251b741d4: 3048 8f44 | 2428 4889 | 4424 f88b | 4424 3889 | 4424 3048 | 8b44 24f8 | 4889 4424 | f88b 4424 
  0x000001f251b741f4: 3c89 4424 | 3448 8b44 | 24f8 48ff | 7424 4048 | 8f44 2438 | 895c 2440 | 4889 7424 | 5089 7c24 
  0x000001f251b74214: 4444 895c | 2458 4489 | 4c24 5c89 | 4c24 6044 | 8944 2464 | 4489 5424 | 6866 6690 

  0x000001f251b74230: ;   {runtime_call UncommonTrapBlob}
  0x000001f251b74230: c5f8 77e8 

  0x000001f251b74234: ; ImmutableOopMap {rbp=Oop [32]=Oop [40]=Oop [56]=Oop [64]=NarrowOop [80]=Oop [88]=NarrowOop [92]=NarrowOop }
                      ;*if_icmpne {reexecute=1 rethrow=0 return_oop=0}
                      ; - (reexecute) java.lang.String::getBytes@5
                      ; - java.lang.AbstractStringBuilder::putStringAt@15
                      ; - java.lang.AbstractStringBuilder::append@30
                      ; - java.lang.StringBuilder::append@2
                      ; - java.net.URLStreamHandler::toExternalForm@11
                      ; - java.net.URL::toExternalForm@5
                      ; - java.net.URL::toString@1
                      ; - java.lang.ClassLoader::defineClassSourceLocation@22
                      ; - java.lang.ClassLoader::defineClass@12
                      ; - java.security.SecureClassLoader::defineClass@12
  0x000001f251b74234: 4801 87ff 

  0x000001f251b74238: ;   {other}
  0x000001f251b74238: 0f1f 8400 | 2821 002e | 498b d7c5 | f877 49ba | 20a4 22da | ff7f 0000 

  0x000001f251b74250: ;   {other}
  0x000001f251b74250: 41ff d20f | 1f84 0000 | 0000 000f | 1f44 0000 | e995 eaff | ffba 45ff | ffff 6690 

  0x000001f251b7426c: ;   {runtime_call UncommonTrapBlob}
  0x000001f251b7426c: c5f8 77e8 

  0x000001f251b74270: ; ImmutableOopMap {rbp=Oop [32]=Oop [40]=Oop [48]=Oop }
                      ;*ifnonnull {reexecute=1 rethrow=0 return_oop=0}
                      ; - (reexecute) java.security.SecureClassLoader::getProtectionDomain@1
                      ; - java.security.SecureClassLoader::defineClass@9
  0x000001f251b74270: 0c01 87ff 

  0x000001f251b74274: ;   {other}
  0x000001f251b74274: 0f1f 8400 | 6421 002f | ba45 ffff | ff48 8b6c | 2420 4c8b | 5424 284c | 8954 2420 | 4c8b 5424 
  0x000001f251b74294: 304c 8954 | 2428 448b | 5c24 3844 | 895c 2430 | 448b 5424 | 3c44 8954 | 2434 4889 | 4424 3889 
  0x000001f251b742b4: 5c24 4090 

  0x000001f251b742b8: ;   {runtime_call UncommonTrapBlob}
  0x000001f251b742b8: c5f8 77e8 

  0x000001f251b742bc: ; ImmutableOopMap {rbp=Oop [32]=Oop [40]=Oop [56]=Oop [64]=NarrowOop }
                      ;*ifnull {reexecute=1 rethrow=0 return_oop=0}
                      ; - (reexecute) java.lang.ClassLoader::defineClassSourceLocation@15
                      ; - java.lang.ClassLoader::defineClass@12
                      ; - java.security.SecureClassLoader::defineClass@12
  0x000001f251b742bc: c000 87ff 

  0x000001f251b742c0: ;   {other}
  0x000001f251b742c0: 0f1f 8400 | b021 0030 | ba45 ffff | ff89 5c24 | 4848 8974 | 2450 6690 

  0x000001f251b742d8: ;   {runtime_call UncommonTrapBlob}
  0x000001f251b742d8: c5f8 77e8 

  0x000001f251b742dc: ; ImmutableOopMap {rbp=NarrowOop [32]=Oop [40]=Oop [48]=Oop [64]=Oop [72]=NarrowOop [80]=Oop }
                      ;*ifnull {reexecute=1 rethrow=0 return_oop=0}
                      ; - (reexecute) java.net.URLStreamHandler::toExternalForm@86
                      ; - java.net.URL::toExternalForm@5
                      ; - java.net.URL::toString@1
                      ; - java.lang.ClassLoader::defineClassSourceLocation@22
                      ; - java.lang.ClassLoader::defineClass@12
                      ; - java.security.SecureClassLoader::defineClass@12
  0x000001f251b742dc: a000 87ff 

  0x000001f251b742e0: ;   {other}
  0x000001f251b742e0: 0f1f 8400 | d021 0031 | ba45 ffff | ff48 8974 | 2448 6690 

  0x000001f251b742f4: ;   {runtime_call UncommonTrapBlob}
  0x000001f251b742f4: c5f8 77e8 

  0x000001f251b742f8: ; ImmutableOopMap {rbp=NarrowOop [32]=Oop [40]=Oop [48]=Oop [64]=Oop [72]=Oop }
                      ;*ifnull {reexecute=1 rethrow=0 return_oop=0}
                      ; - (reexecute) java.net.URLStreamHandler::toExternalForm@122
                      ; - java.net.URL::toExternalForm@5
                      ; - java.net.URL::toString@1
                      ; - java.lang.ClassLoader::defineClassSourceLocation@22
                      ; - java.lang.ClassLoader::defineClass@12
                      ; - java.security.SecureClassLoader::defineClass@12
  0x000001f251b742f8: 8400 87ff 

  0x000001f251b742fc: ;   {other}
  0x000001f251b742fc: 0f1f 8400 | ec21 0032 | ba45 ffff | ff48 8b6c | 2420 4c8b | 5c24 284c | 895c 2420 | 4c8b 5c24 
  0x000001f251b7431c: 304c 895c | 2428 448b | 5c24 3844 | 895c 2430 | 448b 4c24 | 3c44 894c | 2434 4c8b | 5c24 404c 
  0x000001f251b7433c: 895c 2438 | 4889 4424 | 4844 8944 | 2450 4489 | 5424 5844 | 8954 245c 

  0x000001f251b74354: ;   {runtime_call UncommonTrapBlob}
  0x000001f251b74354: c5f8 77e8 

  0x000001f251b74358: ; ImmutableOopMap {rbp=Oop [32]=Oop [40]=Oop [56]=Oop [72]=Oop [80]=NarrowOop [112]=Oop }
                      ;*if_icmpge {reexecute=1 rethrow=0 return_oop=0}
                      ; - (reexecute) java.util.Arrays::checkLength@2
                      ; - java.util.Arrays::copyOfRangeByte@2
                      ; - java.util.Arrays::copyOfRange@13
                      ; - java.lang.String::<init>@32
                      ; - java.lang.String::<init>@3
                      ; - java.lang.StringBuilder::toString@5
                      ; - java.net.URLStreamHandler::toExternalForm@152
                      ; - java.net.URL::toExternalForm@5
                      ; - java.net.URL::toString@1
                      ; - java.lang.ClassLoader::defineClassSourceLocation@22
                      ; - java.lang.ClassLoader::defineClass@12
                      ; - java.security.SecureClassLoader::defineClass@12
  0x000001f251b74358: 2400 87ff 

  0x000001f251b7435c: ;   {other}
  0x000001f251b7435c: 0f1f 8400 | 4c22 0033 | 4d85 c00f | 85c0 f3ff | ffba f6ff | ffff 6690 

  0x000001f251b74374: ;   {runtime_call UncommonTrapBlob}
  0x000001f251b74374: c5f8 77e8 

  0x000001f251b74378: ; ImmutableOopMap {}
                      ;*arraylength {reexecute=0 rethrow=0 return_oop=0}
                      ; - java.lang.StringUTF16::coderFromArrayLen@2
                      ; - java.lang.String::<init>@72
                      ; - java.lang.String::<init>@3
                      ; - java.lang.StringBuilder::toString@5
                      ; - java.net.URLStreamHandler::toExternalForm@152
                      ; - java.net.URL::toExternalForm@5
                      ; - java.net.URL::toString@1
                      ; - java.lang.ClassLoader::defineClassSourceLocation@22
                      ; - java.lang.ClassLoader::defineClass@12
                      ; - java.security.SecureClassLoader::defineClass@12
  0x000001f251b74378: 0400 87ff 

  0x000001f251b7437c: ;   {other}
  0x000001f251b7437c: 0f1f 8400 | 6c22 0034 | 4c8b 5424 | 5845 8b5a | 1445 85db | 0f84 48f3 | ffff 4d8b | 5728 498b 
  0x000001f251b7439c: cb66 6690 | 4d85 d20f | 84f3 0100 | 004d 8b5f | 384b 894c | 13f8 4983 | c2f8 4d89 | 5728 e91f 
  0x000001f251b743bc: f3ff ff4d | 8b57 584d | 8b5f 48f0 | 8344 24c0 | 0041 8039 | 0074 3545 | 8821 4d85 | db74 0f4f 
  0x000001f251b743dc: 894c 1af8 | 4983 c3f8 | 4d89 5f48 | eb1e 498b | c949 8bd7 | c5f8 7749 | ba00 a422 | daff 7f00 
  0x000001f251b743fc: 0041 ffd2 

  0x000001f251b74400: ;   {other}
  0x000001f251b74400: 0f1f 8400 | 0000 0000 | 4c8b 5424 | 5845 8b5a | 1445 85db | 0f84 53ff | ffff 4d8b | c366 6690 
  0x000001f251b74420: e908 f3ff | ff49 8bd7 | c5f8 7749 | ba20 a422 | daff 7f00 | 0041 ffd2 

  0x000001f251b74438: ;   {other}
  0x000001f251b74438: 0f1f 8400 | 0000 0000 | e9c9 e9ff | ff49 8bd7 | c5f8 7749 | ba20 a422 | daff 7f00 | 0041 ffd2 
  0x000001f251b74458: ;   {other}
  0x000001f251b74458: 0f1f 8400 | 0000 0000 | e954 eaff | ff49 8bd7 | c5f8 7749 | ba20 a422 | daff 7f00 | 0041 ffd2 
  0x000001f251b74478: ;   {other}
  0x000001f251b74478: 0f1f 8400 | 0000 0000 | e9f8 eaff | ff49 8bd7 | c5f8 7749 | ba20 a422 | daff 7f00 | 0041 ffd2 
  0x000001f251b74498: ;   {other}
  0x000001f251b74498: 0f1f 8400 | 0000 0000 | e989 ebff | ff49 8bd7 | c5f8 7749 | ba20 a422 | daff 7f00 | 0041 ffd2 
  0x000001f251b744b8: ;   {other}
  0x000001f251b744b8: 0f1f 8400 | 0000 0000 | e909 ecff | ff49 8bd7 | c5f8 7749 | ba20 a422 | daff 7f00 | 0041 ffd2 
  0x000001f251b744d8: ;   {other}
  0x000001f251b744d8: 0f1f 8400 | 0000 0000 | e99c ecff | ff48 895c | 2468 418b 

  0x000001f251b744ec: ;   {metadata('java/lang/String')}
  0x000001f251b744ec: ed48 ba78 | e800 5df2 | 0100 0090 

  0x000001f251b744f8: ;   {runtime_call _new_instance_Java}
  0x000001f251b744f8: c5f8 77e8 

  0x000001f251b744fc: ; ImmutableOopMap {[32]=Oop [40]=Oop [48]=Oop [64]=Oop [72]=NarrowOop [80]=Oop [88]=Oop [96]=Oop [104]=Oop }
                      ;*new {reexecute=1 rethrow=0 return_oop=1}
                      ; - (reexecute) java.net.URLStreamHandler::toExternalForm@35
                      ; - java.net.URL::toExternalForm@5
                      ; - java.net.URL::toString@1
                      ; - java.lang.ClassLoader::defineClassSourceLocation@22
                      ; - java.lang.ClassLoader::defineClass@12
                      ; - java.security.SecureClassLoader::defineClass@12
  0x000001f251b744fc: 0077 89ff 

  0x000001f251b74500: ;   {other}
  0x000001f251b74500: 0f1f 8400 | f023 0035 | 448b ed48 | 8b5c 2468 | e921 f1ff | ff44 896c 

  0x000001f251b74518: ;   {metadata({type array byte})}
  0x000001f251b74518: 244c 48ba | 1823 005d | f201 0000 

  0x000001f251b74524: ;   {runtime_call _new_array_Java}
  0x000001f251b74524: c5f8 77e8 

  0x000001f251b74528: ; ImmutableOopMap {rbp=NarrowOop [32]=Oop [40]=Oop [48]=Oop [64]=Oop [72]=NarrowOop [80]=Oop [88]=Oop [96]=Oop }
                      ;*new {reexecute=1 rethrow=0 return_oop=1}
                      ; - (reexecute) java.net.URLStreamHandler::toExternalForm@35
                      ; - java.net.URL::toExternalForm@5
                      ; - java.net.URL::toString@1
                      ; - java.lang.ClassLoader::defineClassSourceLocation@22
                      ; - java.lang.ClassLoader::defineClass@12
                      ; - java.security.SecureClassLoader::defineClass@12
  0x000001f251b74528: d473 89ff 

  0x000001f251b7452c: ;   {other}
  0x000001f251b7452c: 0f1f 8400 | 1c24 0036 | 448b 6c24 | 4c48 8bd8 | 0f1f 4000 | e9b3 efff | ff4c 8b54 | 2458 458b 
  0x000001f251b7454c: 5a14 4585 | db0f 8414 | f9ff ff4d | 8b57 2849 | 8bcb 6690 | 4d85 d20f | 8493 0000 | 004d 8b5f 
  0x000001f251b7456c: 384b 894c | 13f8 4983 | c2f8 4d89 | 5728 e9ec | f8ff ff4d | 63d0 e909 | efff ffba | ccff ffff 
  0x000001f251b7458c: ;   {runtime_call UncommonTrapBlob}
  0x000001f251b7458c: c5f8 77e8 

  0x000001f251b74590: ; ImmutableOopMap {rbp=NarrowOop [32]=Oop [40]=Oop [48]=Oop [64]=Oop [72]=NarrowOop [88]=Oop }
                      ;*new {reexecute=0 rethrow=0 return_oop=0}
                      ; - java.net.URLStreamHandler::toExternalForm@35
                      ; - java.net.URL::toExternalForm@5
                      ; - java.net.URL::toString@1
                      ; - java.lang.ClassLoader::defineClassSourceLocation@22
                      ; - java.lang.ClassLoader::defineClass@12
                      ; - java.security.SecureClassLoader::defineClass@12
  0x000001f251b74590: ecfd 86ff 

  0x000001f251b74594: ;   {other}
  0x000001f251b74594: 0f1f 8400 | 8424 0037 | 498b d7c5 | f877 49ba | 20a4 22da | ff7f 0000 

  0x000001f251b745ac: ;   {other}
  0x000001f251b745ac: 41ff d20f | 1f84 0000 | 0000 00e9 | 22f1 ffff | ba45 ffff | ff48 8974 | 2458 4489 | 5424 6090 
  0x000001f251b745cc: ;   {runtime_call UncommonTrapBlob}
  0x000001f251b745cc: c5f8 77e8 

  0x000001f251b745d0: ; ImmutableOopMap {rbp=NarrowOop [32]=Oop [40]=Oop [48]=Oop [64]=Oop [72]=NarrowOop [88]=Oop }
                      ;*if_icmpne {reexecute=1 rethrow=0 return_oop=0}
                      ; - (reexecute) java.lang.String::getBytes@5
                      ; - java.lang.AbstractStringBuilder::putStringAt@15
                      ; - java.lang.AbstractStringBuilder::append@30
                      ; - java.lang.StringBuilder::append@2
                      ; - java.net.URLStreamHandler::toExternalForm@113
                      ; - java.net.URL::toExternalForm@5
                      ; - java.net.URL::toString@1
                      ; - java.lang.ClassLoader::defineClassSourceLocation@22
                      ; - java.lang.ClassLoader::defineClass@12
                      ; - java.security.SecureClassLoader::defineClass@12
  0x000001f251b745d0: acfd 86ff 

  0x000001f251b745d4: ;   {other}
  0x000001f251b745d4: 0f1f 8400 | c424 0038 | ba45 ffff | ff48 8974 | 2458 4489 | 5424 4c90 

  0x000001f251b745ec: ;   {runtime_call UncommonTrapBlob}
  0x000001f251b745ec: c5f8 77e8 

  0x000001f251b745f0: ; ImmutableOopMap {rbp=NarrowOop [32]=Oop [40]=Oop [48]=Oop [64]=Oop [88]=Oop }
                      ;*if_icmpne {reexecute=1 rethrow=0 return_oop=0}
                      ; - (reexecute) java.lang.String::getBytes@5
                      ; - java.lang.AbstractStringBuilder::putStringAt@15
                      ; - java.lang.AbstractStringBuilder::append@30
                      ; - java.lang.StringBuilder::append@2
                      ; - java.net.URLStreamHandler::toExternalForm@149
                      ; - java.net.URL::toExternalForm@5
                      ; - java.net.URL::toString@1
                      ; - java.lang.ClassLoader::defineClassSourceLocation@22
                      ; - java.lang.ClassLoader::defineClass@12
                      ; - java.security.SecureClassLoader::defineClass@12
  0x000001f251b745f0: 8cfd 86ff 

  0x000001f251b745f4: ;   {other}
  0x000001f251b745f4: 0f1f 8400 | e424 0039 | 498b d7c5 | f877 49ba | 20a4 22da | ff7f 0000 

  0x000001f251b7460c: ;   {other}
  0x000001f251b7460c: 41ff d20f | 1f84 0000 | 0000 00e9 | 4ff8 ffff | bade ffff | ff48 8b6c | 2420 4c8b | 5424 284c 
  0x000001f251b7462c: 8954 2420 | 4c8b 5424 | 304c 8954 | 2428 448b | 5c24 3844 | 895c 2430 | 448b 5424 | 3c44 8954 
  0x000001f251b7464c: 2434 4889 | 4424 3890 

  0x000001f251b74654: ;   {runtime_call UncommonTrapBlob}
  0x000001f251b74654: c5f8 77e8 

  0x000001f251b74658: ; ImmutableOopMap {rbp=Oop [32]=Oop [40]=Oop [56]=Oop }
                      ;*checkcast {reexecute=0 rethrow=0 return_oop=0}
                      ; - java.security.SecureClassLoader::getProtectionDomain@33
                      ; - java.security.SecureClassLoader::defineClass@9
  0x000001f251b74658: 24fd 86ff 

  0x000001f251b7465c: ;   {other}
  0x000001f251b7465c: 0f1f 8400 | 4c25 003a | baf6 ffff | ff49 8be8 | 4c89 4c24 | 2066 6690 

  0x000001f251b74674: ;   {runtime_call UncommonTrapBlob}
  0x000001f251b74674: c5f8 77e8 

  0x000001f251b74678: ; ImmutableOopMap {rbp=Oop [32]=Oop }
                      ;*invokeinterface computeIfAbsent {reexecute=0 rethrow=0 return_oop=0}
                      ; - java.security.SecureClassLoader::getProtectionDomain@28
                      ; - java.security.SecureClassLoader::defineClass@9
  0x000001f251b74678: 04fd 86ff 

  0x000001f251b7467c: ;   {other}
  0x000001f251b7467c: 0f1f 8400 | 6c25 003b | baf4 ffff | ff48 8b6c | 2420 4c8b | 5424 284c | 8954 2420 | 4c8b 5424 
  0x000001f251b7469c: 304c 8954 | 2428 6690 

  0x000001f251b746a4: ;   {runtime_call UncommonTrapBlob}
  0x000001f251b746a4: c5f8 77e8 

  0x000001f251b746a8: ; ImmutableOopMap {rbp=Oop [32]=Oop [40]=Oop }
                      ;*checkcast {reexecute=0 rethrow=0 return_oop=0}
                      ; - java.security.SecureClassLoader::getProtectionDomain@33
                      ; - java.security.SecureClassLoader::defineClass@9
  0x000001f251b746a8: d4fc 86ff 

  0x000001f251b746ac: ;   {other}
  0x000001f251b746ac: 0f1f 8400 | 9c25 003c | baf6 ffff | ff66 6690 

  0x000001f251b746bc: ;   {runtime_call UncommonTrapBlob}
  0x000001f251b746bc: c5f8 77e8 

  0x000001f251b746c0: ; ImmutableOopMap {}
                      ;*invokevirtual getCodeSource {reexecute=0 rethrow=0 return_oop=0}
                      ; - java.lang.ClassLoader::defineClassSourceLocation@1
                      ; - java.lang.ClassLoader::defineClass@12
                      ; - java.security.SecureClassLoader::defineClass@12
  0x000001f251b746c0: bcfc 86ff 

  0x000001f251b746c4: ;   {other}
  0x000001f251b746c4: 0f1f 8400 | b425 003d | baf6 ffff | ff66 6690 

  0x000001f251b746d4: ;   {runtime_call UncommonTrapBlob}
  0x000001f251b746d4: c5f8 77e8 

  0x000001f251b746d8: ; ImmutableOopMap {}
                      ;*arraylength {reexecute=0 rethrow=0 return_oop=0}
                      ; - java.lang.AbstractStringBuilder::ensureCapacityInternal@4
                      ; - java.lang.AbstractStringBuilder::append@7
                      ; - java.lang.StringBuilder::append@2
                      ; - java.net.URLStreamHandler::toExternalForm@16
                      ; - java.net.URL::toExternalForm@5
                      ; - java.net.URL::toString@1
                      ; - java.lang.ClassLoader::defineClassSourceLocation@22
                      ; - java.lang.ClassLoader::defineClass@12
                      ; - java.security.SecureClassLoader::defineClass@12
  0x000001f251b746d8: a4fc 86ff 

  0x000001f251b746dc: ;   {other}
  0x000001f251b746dc: 0f1f 8400 | cc25 003e | baf6 ffff | ff66 6690 

  0x000001f251b746ec: ;   {runtime_call UncommonTrapBlob}
  0x000001f251b746ec: c5f8 77e8 

  0x000001f251b746f0: ; ImmutableOopMap {}
                      ;*arraylength {reexecute=0 rethrow=0 return_oop=0}
                      ; - java.lang.String::length@4
                      ; - java.lang.AbstractStringBuilder::append@10
                      ; - java.lang.StringBuilder::append@2
                      ; - java.net.URLStreamHandler::toExternalForm@59
                      ; - java.net.URL::toExternalForm@5
                      ; - java.net.URL::toString@1
                      ; - java.lang.ClassLoader::defineClassSourceLocation@22
                      ; - java.lang.ClassLoader::defineClass@12
                      ; - java.security.SecureClassLoader::defineClass@12
  0x000001f251b746f0: 8cfc 86ff 

  0x000001f251b746f4: ;   {other}
  0x000001f251b746f4: 0f1f 8400 | e425 003f | baf6 ffff | ff66 6690 

  0x000001f251b74704: ;   {runtime_call UncommonTrapBlob}
  0x000001f251b74704: c5f8 77e8 

  0x000001f251b74708: ; ImmutableOopMap {}
                      ;*arraylength {reexecute=0 rethrow=0 return_oop=0}
                      ; - java.lang.AbstractStringBuilder::ensureCapacityInternal@4
                      ; - java.lang.AbstractStringBuilder::append@21
                      ; - java.lang.StringBuilder::append@2
                      ; - java.net.URLStreamHandler::toExternalForm@59
                      ; - java.net.URL::toExternalForm@5
                      ; - java.net.URL::toString@1
                      ; - java.lang.ClassLoader::defineClassSourceLocation@22
                      ; - java.lang.ClassLoader::defineClass@12
                      ; - java.security.SecureClassLoader::defineClass@12
  0x000001f251b74708: 74fc 86ff 

  0x000001f251b7470c: ;   {other}
  0x000001f251b7470c: 0f1f 8400 | fc25 0040 | baf6 ffff | ff66 6690 

  0x000001f251b7471c: ;   {runtime_call UncommonTrapBlob}
  0x000001f251b7471c: c5f8 77e8 

  0x000001f251b74720: ; ImmutableOopMap {}
                      ;*arraylength {reexecute=0 rethrow=0 return_oop=0}
                      ; - java.lang.String::getBytes@21
                      ; - java.lang.AbstractStringBuilder::putStringAt@15
                      ; - java.lang.AbstractStringBuilder::append@30
                      ; - java.lang.StringBuilder::append@2
                      ; - java.net.URLStreamHandler::toExternalForm@59
                      ; - java.net.URL::toExternalForm@5
                      ; - java.net.URL::toString@1
                      ; - java.lang.ClassLoader::defineClassSourceLocation@22
                      ; - java.lang.ClassLoader::defineClass@12
                      ; - java.security.SecureClassLoader::defineClass@12
  0x000001f251b74720: 5cfc 86ff 

  0x000001f251b74724: ;   {other}
  0x000001f251b74724: 0f1f 8400 | 1426 0041 | baf6 ffff | ff44 8944 | 2420 4489 | 4c24 2490 

  0x000001f251b7473c: ;   {runtime_call UncommonTrapBlob}
  0x000001f251b7473c: c5f8 77e8 

  0x000001f251b74740: ; ImmutableOopMap {[32]=NarrowOop }
                      ;*invokestatic arraycopy {reexecute=0 rethrow=0 return_oop=0}
                      ; - java.lang.String::getBytes@22
                      ; - java.lang.AbstractStringBuilder::putStringAt@15
                      ; - java.lang.AbstractStringBuilder::append@30
                      ; - java.lang.StringBuilder::append@2
                      ; - java.net.URLStreamHandler::toExternalForm@59
                      ; - java.net.URL::toExternalForm@5
                      ; - java.net.URL::toString@1
                      ; - java.lang.ClassLoader::defineClassSourceLocation@22
                      ; - java.lang.ClassLoader::defineClass@12
                      ; - java.security.SecureClassLoader::defineClass@12
  0x000001f251b74740: 3cfc 86ff 

  0x000001f251b74744: ;   {other}
  0x000001f251b74744: 0f1f 8400 | 3426 0042 | baf6 ffff | ff66 6690 

  0x000001f251b74754: ;   {runtime_call UncommonTrapBlob}
  0x000001f251b74754: c5f8 77e8 

  0x000001f251b74758: ; ImmutableOopMap {}
                      ;*arraylength {reexecute=0 rethrow=0 return_oop=0}
                      ; - java.lang.String::length@4
                      ; - java.lang.AbstractStringBuilder::append@10
                      ; - java.lang.StringBuilder::append@2
                      ; - java.net.URLStreamHandler::toExternalForm@77
                      ; - java.net.URL::toExternalForm@5
                      ; - java.net.URL::toString@1
                      ; - java.lang.ClassLoader::defineClassSourceLocation@22
                      ; - java.lang.ClassLoader::defineClass@12
                      ; - java.security.SecureClassLoader::defineClass@12
  0x000001f251b74758: 24fc 86ff 

  0x000001f251b7475c: ;   {other}
  0x000001f251b7475c: 0f1f 8400 | 4c26 0043 | baf6 ffff | ff66 6690 

  0x000001f251b7476c: ;   {runtime_call UncommonTrapBlob}
  0x000001f251b7476c: c5f8 77e8 

  0x000001f251b74770: ; ImmutableOopMap {}
                      ;*arraylength {reexecute=0 rethrow=0 return_oop=0}
                      ; - java.lang.AbstractStringBuilder::ensureCapacityInternal@4
                      ; - java.lang.AbstractStringBuilder::append@21
                      ; - java.lang.StringBuilder::append@2
                      ; - java.net.URLStreamHandler::toExternalForm@77
                      ; - java.net.URL::toExternalForm@5
                      ; - java.net.URL::toString@1
                      ; - java.lang.ClassLoader::defineClassSourceLocation@22
                      ; - java.lang.ClassLoader::defineClass@12
                      ; - java.security.SecureClassLoader::defineClass@12
  0x000001f251b74770: 0cfc 86ff 

  0x000001f251b74774: ;   {other}
  0x000001f251b74774: 0f1f 8400 | 6426 0044 | baf6 ffff | ff66 6690 

  0x000001f251b74784: ;   {runtime_call UncommonTrapBlob}
  0x000001f251b74784: c5f8 77e8 

  0x000001f251b74788: ; ImmutableOopMap {}
                      ;*arraylength {reexecute=0 rethrow=0 return_oop=0}
                      ; - java.lang.String::getBytes@21
                      ; - java.lang.AbstractStringBuilder::putStringAt@15
                      ; - java.lang.AbstractStringBuilder::append@30
                      ; - java.lang.StringBuilder::append@2
                      ; - java.net.URLStreamHandler::toExternalForm@77
                      ; - java.net.URL::toExternalForm@5
                      ; - java.net.URL::toString@1
                      ; - java.lang.ClassLoader::defineClassSourceLocation@22
                      ; - java.lang.ClassLoader::defineClass@12
                      ; - java.security.SecureClassLoader::defineClass@12
  0x000001f251b74788: f4fb 86ff 

  0x000001f251b7478c: ;   {other}
  0x000001f251b7478c: 0f1f 8400 | 7c26 0045 | baf6 ffff | ff89 4c24 | 2044 8944 | 2424 6690 

  0x000001f251b747a4: ;   {runtime_call UncommonTrapBlob}
  0x000001f251b747a4: c5f8 77e8 

  0x000001f251b747a8: ; ImmutableOopMap {[32]=NarrowOop }
                      ;*invokestatic arraycopy {reexecute=0 rethrow=0 return_oop=0}
                      ; - java.lang.String::getBytes@22
                      ; - java.lang.AbstractStringBuilder::putStringAt@15
                      ; - java.lang.AbstractStringBuilder::append@30
                      ; - java.lang.StringBuilder::append@2
                      ; - java.net.URLStreamHandler::toExternalForm@77
                      ; - java.net.URL::toExternalForm@5
                      ; - java.net.URL::toString@1
                      ; - java.lang.ClassLoader::defineClassSourceLocation@22
                      ; - java.lang.ClassLoader::defineClass@12
                      ; - java.security.SecureClassLoader::defineClass@12
  0x000001f251b747a8: d4fb 86ff 

  0x000001f251b747ac: ;   {other}
  0x000001f251b747ac: 0f1f 8400 | 9c26 0046 | baf6 ffff | ff66 6690 

  0x000001f251b747bc: ;   {runtime_call UncommonTrapBlob}
  0x000001f251b747bc: c5f8 77e8 

  0x000001f251b747c0: ; ImmutableOopMap {}
                      ;*arraylength {reexecute=0 rethrow=0 return_oop=0}
                      ; - java.lang.AbstractStringBuilder::ensureCapacityInternal@4
                      ; - java.lang.AbstractStringBuilder::append@21
                      ; - java.lang.StringBuilder::append@2
                      ; - java.net.URLStreamHandler::toExternalForm@113
                      ; - java.net.URL::toExternalForm@5
                      ; - java.net.URL::toString@1
                      ; - java.lang.ClassLoader::defineClassSourceLocation@22
                      ; - java.lang.ClassLoader::defineClass@12
                      ; - java.security.SecureClassLoader::defineClass@12
  0x000001f251b747c0: bcfb 86ff 

  0x000001f251b747c4: ;   {other}
  0x000001f251b747c4: 0f1f 8400 | b426 0047 | baf6 ffff | ff41 8be8 

  0x000001f251b747d4: ;   {runtime_call UncommonTrapBlob}
  0x000001f251b747d4: c5f8 77e8 

  0x000001f251b747d8: ; ImmutableOopMap {}
                      ;*invokestatic arraycopy {reexecute=0 rethrow=0 return_oop=0}
                      ; - java.lang.String::getBytes@22
                      ; - java.lang.AbstractStringBuilder::putStringAt@15
                      ; - java.lang.AbstractStringBuilder::append@30
                      ; - java.lang.StringBuilder::append@2
                      ; - java.net.URLStreamHandler::toExternalForm@113
                      ; - java.net.URL::toExternalForm@5
                      ; - java.net.URL::toString@1
                      ; - java.lang.ClassLoader::defineClassSourceLocation@22
                      ; - java.lang.ClassLoader::defineClass@12
                      ; - java.security.SecureClassLoader::defineClass@12
  0x000001f251b747d8: a4fb 86ff 

  0x000001f251b747dc: ;   {other}
  0x000001f251b747dc: 0f1f 8400 | cc26 0048 | baf6 ffff | ff66 6690 

  0x000001f251b747ec: ;   {runtime_call UncommonTrapBlob}
  0x000001f251b747ec: c5f8 77e8 

  0x000001f251b747f0: ; ImmutableOopMap {}
                      ;*arraylength {reexecute=0 rethrow=0 return_oop=0}
                      ; - java.lang.AbstractStringBuilder::ensureCapacityInternal@4
                      ; - java.lang.AbstractStringBuilder::append@21
                      ; - java.lang.StringBuilder::append@2
                      ; - java.net.URLStreamHandler::toExternalForm@149
                      ; - java.net.URL::toExternalForm@5
                      ; - java.net.URL::toString@1
                      ; - java.lang.ClassLoader::defineClassSourceLocation@22
                      ; - java.lang.ClassLoader::defineClass@12
                      ; - java.security.SecureClassLoader::defineClass@12
  0x000001f251b747f0: 8cfb 86ff 

  0x000001f251b747f4: ;   {other}
  0x000001f251b747f4: 0f1f 8400 | e426 0049 | baf6 ffff | ff41 8be9 

  0x000001f251b74804: ;   {runtime_call UncommonTrapBlob}
  0x000001f251b74804: c5f8 77e8 

  0x000001f251b74808: ; ImmutableOopMap {}
                      ;*invokestatic arraycopy {reexecute=0 rethrow=0 return_oop=0}
                      ; - java.lang.String::getBytes@22
                      ; - java.lang.AbstractStringBuilder::putStringAt@15
                      ; - java.lang.AbstractStringBuilder::append@30
                      ; - java.lang.StringBuilder::append@2
                      ; - java.net.URLStreamHandler::toExternalForm@149
                      ; - java.net.URL::toExternalForm@5
                      ; - java.net.URL::toString@1
                      ; - java.lang.ClassLoader::defineClassSourceLocation@22
                      ; - java.lang.ClassLoader::defineClass@12
                      ; - java.security.SecureClassLoader::defineClass@12
  0x000001f251b74808: 74fb 86ff 

  0x000001f251b7480c: ;   {other}
  0x000001f251b7480c: 0f1f 8400 | fc26 004a | baf6 ffff | ff66 6690 

  0x000001f251b7481c: ;   {runtime_call UncommonTrapBlob}
  0x000001f251b7481c: c5f8 77e8 

  0x000001f251b74820: ; ImmutableOopMap {}
                      ;*arraylength {reexecute=0 rethrow=0 return_oop=0}
                      ; - java.lang.String::length@4
                      ; - java.lang.AbstractStringBuilder::append@10
                      ; - java.lang.StringBuilder::append@2
                      ; - java.net.URLStreamHandler::toExternalForm@11
                      ; - java.net.URL::toExternalForm@5
                      ; - java.net.URL::toString@1
                      ; - java.lang.ClassLoader::defineClassSourceLocation@22
                      ; - java.lang.ClassLoader::defineClass@12
                      ; - java.security.SecureClassLoader::defineClass@12
  0x000001f251b74820: 5cfb 86ff 

  0x000001f251b74824: ;   {other}
  0x000001f251b74824: 0f1f 8400 | 1427 004b | baf6 ffff | ff66 6690 

  0x000001f251b74834: ;   {runtime_call UncommonTrapBlob}
  0x000001f251b74834: c5f8 77e8 

  0x000001f251b74838: ; ImmutableOopMap {}
                      ;*arraylength {reexecute=0 rethrow=0 return_oop=0}
                      ; - java.lang.AbstractStringBuilder::ensureCapacityInternal@4
                      ; - java.lang.AbstractStringBuilder::append@21
                      ; - java.lang.StringBuilder::append@2
                      ; - java.net.URLStreamHandler::toExternalForm@11
                      ; - java.net.URL::toExternalForm@5
                      ; - java.net.URL::toString@1
                      ; - java.lang.ClassLoader::defineClassSourceLocation@22
                      ; - java.lang.ClassLoader::defineClass@12
                      ; - java.security.SecureClassLoader::defineClass@12
  0x000001f251b74838: 44fb 86ff 

  0x000001f251b7483c: ;   {other}
  0x000001f251b7483c: 0f1f 8400 | 2c27 004c | baf6 ffff | ff66 6690 

  0x000001f251b7484c: ;   {runtime_call UncommonTrapBlob}
  0x000001f251b7484c: c5f8 77e8 

  0x000001f251b74850: ; ImmutableOopMap {}
                      ;*arraylength {reexecute=0 rethrow=0 return_oop=0}
                      ; - java.lang.String::getBytes@21
                      ; - java.lang.AbstractStringBuilder::putStringAt@15
                      ; - java.lang.AbstractStringBuilder::append@30
                      ; - java.lang.StringBuilder::append@2
                      ; - java.net.URLStreamHandler::toExternalForm@11
                      ; - java.net.URL::toExternalForm@5
                      ; - java.net.URL::toString@1
                      ; - java.lang.ClassLoader::defineClassSourceLocation@22
                      ; - java.lang.ClassLoader::defineClass@12
                      ; - java.security.SecureClassLoader::defineClass@12
  0x000001f251b74850: 2cfb 86ff 

  0x000001f251b74854: ;   {other}
  0x000001f251b74854: 0f1f 8400 | 4427 004d | baf6 ffff | ff44 895c | 2420 4489 | 4424 2490 

  0x000001f251b7486c: ;   {runtime_call UncommonTrapBlob}
  0x000001f251b7486c: c5f8 77e8 

  0x000001f251b74870: ; ImmutableOopMap {[32]=NarrowOop }
                      ;*invokestatic arraycopy {reexecute=0 rethrow=0 return_oop=0}
                      ; - java.lang.String::getBytes@22
                      ; - java.lang.AbstractStringBuilder::putStringAt@15
                      ; - java.lang.AbstractStringBuilder::append@30
                      ; - java.lang.StringBuilder::append@2
                      ; - java.net.URLStreamHandler::toExternalForm@11
                      ; - java.net.URL::toExternalForm@5
                      ; - java.net.URL::toString@1
                      ; - java.lang.ClassLoader::defineClassSourceLocation@22
                      ; - java.lang.ClassLoader::defineClass@12
                      ; - java.security.SecureClassLoader::defineClass@12
  0x000001f251b74870: 0cfb 86ff 

  0x000001f251b74874: ;   {other}
  0x000001f251b74874: 0f1f 8400 | 6427 004e | baf6 ffff | ff66 6690 

  0x000001f251b74884: ;   {runtime_call UncommonTrapBlob}
  0x000001f251b74884: c5f8 77e8 

  0x000001f251b74888: ; ImmutableOopMap {}
                      ;*arraylength {reexecute=0 rethrow=0 return_oop=0}
                      ; - java.util.Arrays::copyOfRange@6
                      ; - java.lang.String::<init>@32
                      ; - java.lang.String::<init>@3
                      ; - java.lang.StringBuilder::toString@5
                      ; - java.net.URLStreamHandler::toExternalForm@152
                      ; - java.net.URL::toExternalForm@5
                      ; - java.net.URL::toString@1
                      ; - java.lang.ClassLoader::defineClassSourceLocation@22
                      ; - java.lang.ClassLoader::defineClass@12
                      ; - java.security.SecureClassLoader::defineClass@12
  0x000001f251b74888: f4fa 86ff 

  0x000001f251b7488c: ;   {other}
  0x000001f251b7488c: 0f1f 8400 | 7c27 004f | baf6 ffff | ff66 6690 

  0x000001f251b7489c: ;   {runtime_call UncommonTrapBlob}
  0x000001f251b7489c: c5f8 77e8 

  0x000001f251b748a0: ; ImmutableOopMap {}
                      ;*bastore {reexecute=0 rethrow=0 return_oop=0}
                      ; - java.lang.AbstractStringBuilder::append@41
                      ; - java.lang.StringBuilder::append@2
                      ; - java.net.URLStreamHandler::toExternalForm@16
                      ; - java.net.URL::toExternalForm@5
                      ; - java.net.URL::toString@1
                      ; - java.lang.ClassLoader::defineClassSourceLocation@22
                      ; - java.lang.ClassLoader::defineClass@12
                      ; - java.security.SecureClassLoader::defineClass@12
  0x000001f251b748a0: dcfa 86ff 

  0x000001f251b748a4: ;   {other}
  0x000001f251b748a4: 0f1f 8400 | 9427 0050 | ba45 ffff | ff48 8b6c | 2420 4c8b | 5424 284c | 8954 2420 | 4c8b 5424 
  0x000001f251b748c4: 304c 8954 | 2428 448b | 4424 3844 | 8944 2430 | 448b 5424 | 3c44 8954 | 2434 4889 | 4424 3844 
  0x000001f251b748e4: 895c 2444 

  0x000001f251b748e8: ;   {runtime_call UncommonTrapBlob}
  0x000001f251b748e8: c5f8 77e8 

  0x000001f251b748ec: ; ImmutableOopMap {rbp=Oop [32]=Oop [40]=Oop [56]=Oop [68]=NarrowOop }
                      ;*ifnull {reexecute=1 rethrow=0 return_oop=0}
                      ; - (reexecute) java.lang.ClassLoader::defineClassSourceLocation@8
                      ; - java.lang.ClassLoader::defineClass@12
                      ; - java.security.SecureClassLoader::defineClass@12
  0x000001f251b748ec: 90fa 86ff 

  0x000001f251b748f0: ;   {other}
  0x000001f251b748f0: 0f1f 8400 | e027 0051 | ba45 ffff | ff48 8b6c | 2420 4c8b | 5424 284c | 8954 2420 | 4c8b 5424 
  0x000001f251b74910: 304c 8954 | 2428 448b | 5424 3844 | 8954 2430 | 448b 5c24 | 3c44 895c | 2434 4c8b | 5424 404c 
  0x000001f251b74930: 8954 2438 | 895c 2440 | 4889 7424 | 4889 4c24 | 5066 6690 

  0x000001f251b74944: ;   {runtime_call UncommonTrapBlob}
  0x000001f251b74944: c5f8 77e8 

  0x000001f251b74948: ; ImmutableOopMap {rbp=Oop [32]=Oop [40]=Oop [56]=Oop [64]=NarrowOop [72]=Oop [80]=NarrowOop }
                      ;*ifnull {reexecute=1 rethrow=0 return_oop=0}
                      ; - (reexecute) java.net.URLStreamHandler::toExternalForm@68
                      ; - java.net.URL::toExternalForm@5
                      ; - java.net.URL::toString@1
                      ; - java.lang.ClassLoader::defineClassSourceLocation@22
                      ; - java.lang.ClassLoader::defineClass@12
                      ; - java.security.SecureClassLoader::defineClass@12
  0x000001f251b74948: 34fa 86ff 

  0x000001f251b7494c: ;   {other}
  0x000001f251b7494c: 0f1f 8400 | 3c28 0052 | ba97 ffff | ff4c 8b54 | 2428 4c89 | 5424 204c | 8b54 2430 | 4c89 5424 
  0x000001f251b7496c: 2844 8b54 | 2438 4489 | 5424 3044 | 8b54 243c | 4489 5424 | 344c 8b54 | 2440 4c89 | 5424 3890 
  0x000001f251b7498c: ;   {runtime_call UncommonTrapBlob}
  0x000001f251b7498c: c5f8 77e8 

  0x000001f251b74990: ; ImmutableOopMap {rbp=Oop [32]=Oop [40]=Oop [56]=Oop [72]=Oop [80]=NarrowOop }
                      ;*invokevirtual clone {reexecute=1 rethrow=0 return_oop=0}
                      ; - (reexecute) java.util.Arrays::copyOfRange@18
                      ; - java.lang.String::<init>@32
                      ; - java.lang.String::<init>@3
                      ; - java.lang.StringBuilder::toString@5
                      ; - java.net.URLStreamHandler::toExternalForm@152
                      ; - java.net.URL::toExternalForm@5
                      ; - java.net.URL::toString@1
                      ; - java.lang.ClassLoader::defineClassSourceLocation@22
                      ; - java.lang.ClassLoader::defineClass@12
                      ; - java.security.SecureClassLoader::defineClass@12
  0x000001f251b74990: ecf9 86ff 

  0x000001f251b74994: ;   {other}
  0x000001f251b74994: 0f1f 8400 | 8428 0053 | 0f1f 4000 | e9a3 0000 | 00e9 9e00 | 0000 e999 | 0000 00e9 | 9400 0000 
  0x000001f251b749b4: e98f 0000 | 00e9 8a00 | 0000 6690 | e983 0000 | 00e9 7500 | 0000 e970 | 0000 00e9 | 7400 0000 
  0x000001f251b749d4: e96f 0000 | 00e9 6a00 | 0000 6690 | e963 0000 | 00e9 5e00 | 0000 e959 | 0000 00e9 | 5400 0000 
  0x000001f251b749f4: e94f 0000 | 00e9 4a00 | 0000 6690 | e943 0000 | 00e9 3e00 | 0000 e939 | 0000 00e9 | 3400 0000 
  0x000001f251b74a14: e92f 0000 | 00e9 2a00 | 0000 6690 | e923 0000 | 00e9 1e00 | 0000 e919 | 0000 00e9 | 1400 0000 
  0x000001f251b74a34: e90f 0000 | 00eb 0deb | 0beb 0948 | 8bd0 eb07 | eb02 eb00 | 488b d0c5 | f877 4881 | c490 0000 
  0x000001f251b74a54: ;   {runtime_call _rethrow_Java}
  0x000001f251b74a54: 005d e9a5 

  0x000001f251b74a58: ;   {internal_word}
  0x000001f251b74a58: d189 ff49 | ba9a 2db7 | 51f2 0100 | 004d 8997 | 6804 0000 

  0x000001f251b74a6c: ;   {runtime_call SafepointBlob}
  0x000001f251b74a6c: e90f 0a87 

  0x000001f251b74a70: ;   {runtime_call StubRoutines (final stubs)}
  0x000001f251b74a70: ffe8 2a1a | 85ff e903 | dbff fff4 | f4f4 f4f4 
[Stub Code]
  0x000001f251b74a80: ;   {no_reloc}
  0x000001f251b74a80: 48bb 1039 | 065d f201 

  0x000001f251b74a88: ;   {runtime_call I2C/C2I adapters}
  0x000001f251b74a88: 0000 e9dc 

  0x000001f251b74a8c: ;   {static_stub}
  0x000001f251b74a8c: 6386 ff48 | bb00 0000 | 0000 0000 

  0x000001f251b74a98: ;   {runtime_call nmethod}
  0x000001f251b74a98: 00e9 fbff 

  0x000001f251b74a9c: ;   {static_stub}
  0x000001f251b74a9c: ffff 48bb | f04c 435d | f201 0000 

  0x000001f251b74aa8: ;   {runtime_call I2C/C2I adapters}
  0x000001f251b74aa8: e9be 6386 

  0x000001f251b74aac: ;   {static_stub}
  0x000001f251b74aac: ff48 bb00 | 0000 0000 

  0x000001f251b74ab4: ;   {runtime_call nmethod}
  0x000001f251b74ab4: 0000 00e9 | fbff ffff 

  0x000001f251b74abc: ;   {static_stub}
  0x000001f251b74abc: 48bb d84b | 435d f201 

  0x000001f251b74ac4: ;   {runtime_call I2C/C2I adapters}
  0x000001f251b74ac4: 0000 e9a0 

  0x000001f251b74ac8: ;   {static_stub}
  0x000001f251b74ac8: 6386 ff48 | bb00 0000 | 0000 0000 

  0x000001f251b74ad4: ;   {runtime_call nmethod}
  0x000001f251b74ad4: 00e9 fbff 

  0x000001f251b74ad8: ;   {static_stub}
  0x000001f251b74ad8: ffff 48bb | 0000 0000 | 0000 0000 

  0x000001f251b74ae4: ;   {runtime_call nmethod}
  0x000001f251b74ae4: e9fb ffff 

  0x000001f251b74ae8: ;   {static_stub}
  0x000001f251b74ae8: ff48 bb00 | 0000 0000 

  0x000001f251b74af0: ;   {runtime_call nmethod}
  0x000001f251b74af0: 0000 00e9 | fbff ffff 

  0x000001f251b74af8: ;   {static_stub}
  0x000001f251b74af8: 48bb 0000 | 0000 0000 

  0x000001f251b74b00: ;   {runtime_call nmethod}
  0x000001f251b74b00: 0000 e9fb 

  0x000001f251b74b04: ;   {static_stub}
  0x000001f251b74b04: ffff ff48 | bb00 0000 | 0000 0000 

  0x000001f251b74b10: ;   {runtime_call nmethod}
  0x000001f251b74b10: 00e9 fbff 

  0x000001f251b74b14: ;   {static_stub}
  0x000001f251b74b14: ffff 48bb | 0000 0000 | 0000 0000 

  0x000001f251b74b20: ;   {runtime_call nmethod}
  0x000001f251b74b20: e9fb ffff 

  0x000001f251b74b24: ;   {static_stub}
  0x000001f251b74b24: ff48 bb00 | 0000 0000 

  0x000001f251b74b2c: ;   {runtime_call nmethod}
  0x000001f251b74b2c: 0000 00e9 | fbff ffff 

  0x000001f251b74b34: ;   {static_stub}
  0x000001f251b74b34: 48bb 0000 | 0000 0000 

  0x000001f251b74b3c: ;   {runtime_call nmethod}
  0x000001f251b74b3c: 0000 e9fb 

  0x000001f251b74b40: ;   {runtime_call ExceptionBlob}
  0x000001f251b74b40: ffff ffe9 | b873 89ff 
[Deopt Handler Code]
  0x000001f251b74b48: e800 0000 | 0048 832c 

  0x000001f251b74b50: ;   {runtime_call DeoptimizationBlob}
  0x000001f251b74b50: 2405 e9c9 | fb86 fff4 
[/MachCode]


Compiled method (c2) 155963 10556       4       java.net.URLClassLoader$1::run (5 bytes)
 total in heap  [0x000001f251e6d010,0x000001f251e78a60] = 47696
 relocation     [0x000001f251e6d170,0x000001f251e6d8b8] = 1864
 constants      [0x000001f251e6d8c0,0x000001f251e6d8e0] = 32
 main code      [0x000001f251e6d8e0,0x000001f251e75540] = 31840
 stub code      [0x000001f251e75540,0x000001f251e75708] = 456
 oops           [0x000001f251e75708,0x000001f251e75730] = 40
 metadata       [0x000001f251e75730,0x000001f251e75a08] = 728
 scopes data    [0x000001f251e75a08,0x000001f251e77438] = 6704
 scopes pcs     [0x000001f251e77438,0x000001f251e77f98] = 2912
 dependencies   [0x000001f251e77f98,0x000001f251e77fd0] = 56
 handler table  [0x000001f251e77fd0,0x000001f251e789c0] = 2544
 nul chk table  [0x000001f251e789c0,0x000001f251e78a60] = 160


[Constant Pool]
             Address          hex4                    hex8      
  0x000001f251e6d8c0:   0x55555555      0x4035555555555555      
  0x000001f251e6d8c4:   0x40355555                              
  0x000001f251e6d8c8:   0x3f400000      0xf4f4f4f43f400000      
  0x000001f251e6d8cc:   0xf4f4f4f4                              
  0x000001f251e6d8d0:   0xf4f4f4f4      0xf4f4f4f4f4f4f4f4      
  0x000001f251e6d8d4:   0xf4f4f4f4                              
  0x000001f251e6d8d8:   0xf4f4f4f4      0xf4f4f4f4f4f4f4f4      
  0x000001f251e6d8dc:   0xf4f4f4f4                              

[MachCode]
[Entry Point]
  # {method} {0x000001f2780a5408} 'run' '()Ljava/lang/Object;' in 'java/net/URLClassLoader$1'
  #           [sp+0x120]  (sp of caller)
  0x000001f251e6d8e0: ;   {no_reloc}
  0x000001f251e6d8e0: 448b 5208 | 49bb 0000 | 005d f201 | 0000 4d03 | d349 3bc2 

  0x000001f251e6d8f4: ;   {runtime_call ic_miss_stub}
  0x000001f251e6d8f4: 0f85 860e | 57ff 6690 | 0f1f 4000 
[Verified Entry Point]
  0x000001f251e6d900: 8984 2400 | 80ff ff55 | 4881 ec10 | 0100 0090 | 4181 7f20 | 1c00 0000 | 0f85 167c | 0000 4889 
  0x000001f251e6d920: 5424 388b | 5a0c 440f | be53 1045 | 85d2 0f85 | f44a 0000 | 448b 4b14 

  0x000001f251e6d938: ; implicit exception: dispatches to 0x000001f251e747c4
  0x000001f251e6d938: 418b 490c | 4c8b f390 | 85c9 0f86 | 2a04 0000 | 8bf9 ffcf | 3bf9 0f83 | f849 0000 | 8d51 fd49 
  0x000001f251e6d958: 8bf1 660f | 1f44 0000 | 4180 7910 | 2e0f 84fa | 1f00 0083 | fa01 0f8e | cf03 0000 | bd01 0000 
  0x000001f251e6d978: 0044 8bd1 | 442b d541 | 83c2 fd45 | 33c0 3bd5 | 450f 4cd0 | 4181 faa0 | 0f00 0041 | bba0 0f00 
  0x000001f251e6d998: 0045 0f47 | d344 03d5 | eb11 6666 | 0f1f 8400 | 0000 0000 | 6666 6690 | 418b e848 | 63c5 450f 
  0x000001f251e6d9b8: be44 0110 | 0f1f 4000 | 4183 f82e | 0f84 7600 | 0000 450f | be5c 0111 | 4183 fb2e | 0f84 5f00 
  0x000001f251e6d9d8: 0000 450f | be44 0112 | 4183 f82e | 0f84 5300 | 0000 450f | be5c 0113 

  0x000001f251e6d9f0: ;   {no_reloc}
  0x000001f251e6d9f0: 4183 fb2e | 0f84 3c00 | 0000 448d | 4504 6690 | 453b c27c | ab4d 8b97 | 5804 0000 

  0x000001f251e6da0c: ; ImmutableOopMap {r9=NarrowOop rbx=NarrowOop rsi=Oop r14=Oop [56]=Oop }
                      ;*if_icmpne {reexecute=1 rethrow=0 return_oop=0}
                      ; - (reexecute) java.lang.StringLatin1::replace@28
                      ; - java.lang.String::replace@18
                      ; - java.net.URLClassLoader$1::run@8
                      ; - java.net.URLClassLoader$1::run@1
                      ;   {poll}
  0x000001f251e6da0c: 83c5 0341 | 8502 443b | c20f 8d2e | 0300 0041 | 8be8 6690 | e954 ffff | ffc4 c179 | 7ec1 418b 
  0x000001f251e6da2c: cdc5 f97e | d2e9 c400 | 0000 83c5 | 02ff c5eb | 0383 c502 | 3be9 0f8d | 2a03 0000 | 81f9 0000 
  0x000001f251e6da4c: 1000 0f87 | 6923 0000 | 4d8b 9fb8 | 0100 004c | 63d1 4983 | c217 4983 | e2f8 4d8b | c34d 03c2 
  0x000001f251e6da6c: 4d3b 87c8 | 0100 000f | 8344 2300 | 004d 8987 | b801 0000 | 410f 0d88 | c000 0000 | 49c7 0301 
  0x000001f251e6da8c: 0000 0041 | 0f0d 8800 

  0x000001f251e6da94: ;   {metadata({type array byte})}
  0x000001f251e6da94: 0100 0041 | c743 0818 | 2300 0041 | 894b 0c41 | 0f0d 8840 | 0100 0041 | 0f0d 8880 | 0100 0085 
  0x000001f251e6dab4: ed0f 8ee9 | 0000 0044 | 8bc5 41ff | c844 3bc1 | 0f83 7a4a | 0000 85c9 | 0f86 724a | 0000 450f 
  0x000001f251e6dad4: be51 1045 | 8853 100f | 1f44 0000 | 4183 f801 | 0f8e 8e4a | 0000 41ba | d007 0000 | b801 0000 
  0x000001f251e6daf4: 00c4 c1f9 | 6ecb 448b | dd44 2bd8 | 41ff cb45 | 33ed 443b | c045 0f4c | dd41 81fb | d007 0000 
  0x000001f251e6db14: 450f 47da | 4403 d8c4 | c179 6ec1 | 448b e9c5 | f96e d266 | 0f1f 8400 | 0000 0000 | 4863 d0c5 
  0x000001f251e6db34: f97e c144 | 0fbe 4c11 | 10c4 e1f9 | 7ec9 4488 | 4c11 10c4 | c179 7ec1 | 410f be4c | 1111 c4c1 
  0x000001f251e6db54: f97e c941 | 884c 1111 | 83c0 0290 | 413b c37c | cb4d 8b9f 

  0x000001f251e6db68: ; ImmutableOopMap {r9=Oop rbx=NarrowOop rsi=Oop r14=Oop xmm0=NarrowOop xmm1=Oop [56]=Oop }
                      ;*goto {reexecute=1 rethrow=0 return_oop=0}
                      ; - (reexecute) java.lang.StringLatin1::replace@76
                      ; - java.lang.String::replace@18
                      ; - java.net.URLClassLoader$1::run@8
                      ; - java.net.URLClassLoader$1::run@1
  0x000001f251e6db68: 5804 0000 

  0x000001f251e6db6c: ;   {poll}
  0x000001f251e6db6c: 4185 0341 | 3bc0 0f8c | adfe ffff | c4c1 797e | c141 8bcd | c5f9 7ed2 | c4c1 f97e | cb3b c57d 
  0x000001f251e6db8c: 1766 6690 | 4c63 c047 | 0fbe 5401 | 1047 8854 | 0310 ffc0 | 3bc5 7cec | 3be9 0f8d | 4d01 0000 
  0x000001f251e6dbac: 3be9 0f83 | 2448 0000 | 3bf9 0f83 | 1c48 0000 | 8bdd ffc3 | 4c63 c547 | 0fbe 5401 | 1041 83fa 
  0x000001f251e6dbcc: 2e0f 8446 | 0c00 0047 | 8854 0310 | 448b c541 | ffc0 6690 | 443b c37d | 0541 8be8 | ebd6 443b 
  0x000001f251e6dbec: c20f 8de0 | 0000 00ff | c5e9 8d00 | 0000 41b8 | 2f00 0000 | 4588 443b | 1141 0fbe | 5c39 1283 
  0x000001f251e6dc0c: fb2e 0f84 | 4e00 0000 | 4188 5c3b | 1245 0fbe | 4439 1390 | 4183 f82e | 0f84 3f00 | 0000 4588 
  0x000001f251e6dc2c: 443b 1383 | c504 413b | ea0f 8d3e | 0000 0048 | 63fd 450f | be44 3910 | 4183 f82e | 7427 4588 
  0x000001f251e6dc4c: 443b 1045 | 0fbe 4439 | 1141 83f8 | 2e75 a50f | 1f44 0000 | eb98 bb2f | 0000 00eb 

  0x000001f251e6dc68: ;   {no_reloc}
  0x000001f251e6dc68: ab41 b82f | 0000 00eb | b941 b82f | 0000 00eb | d14d 8b97 

  0x000001f251e6dc7c: ; ImmutableOopMap {r11=Oop r9=NarrowOop rsi=Oop r14=Oop [56]=Oop }
                      ;*goto {reexecute=1 rethrow=0 return_oop=0}
                      ; - (reexecute) java.lang.StringLatin1::replace@113
                      ; - java.lang.String::replace@18
                      ; - java.net.URLClassLoader$1::run@8
                      ; - java.net.URLClassLoader$1::run@1
  0x000001f251e6dc7c: 5804 0000 

  0x000001f251e6dc80: ;   {poll}
  0x000001f251e6dc80: 4185 023b | ea7d 4f44 | 8bd1 442b | d541 83c2 | fd45 33c0 | 3bd5 450f | 4cd0 4181 | faa0 0f00 
  0x000001f251e6dca0: 0041 b8a0 | 0f00 0045 | 0f47 d044 | 03d5 eb8b | c644 1d10 | 2ec6 441d | 1163 c644 | 1d12 6cc6 
  0x000001f251e6dcc0: 441d 1361 | c644 1d14 | 73c6 441d | 1573 e9a7 | 0100 0041 | 8be8 3be9 | 7d1f 6690 | 4c63 d543 
  0x000001f251e6dce0: 0fbe 5c11 | 1083 fb2e | 0f84 9a0b | 0000 4388 | 5c13 10ff | c53b e97c | e34d 8b87 | b801 0000 
  0x000001f251e6dd00: 4d8b d049 | 83c2 184d | 3b97 c801 | 0000 0f83 | 2121 0000 | 4d89 97b8 | 0100 0041 | 0f0d 8ac0 
  0x000001f251e6dd20: 0000 0049 | c700 0100 

  0x000001f251e6dd28: ;   {metadata('java/lang/String')}
  0x000001f251e6dd28: 0000 41c7 | 4008 78e8 | 0000 4589 | 600c 4d89 | 6010 4d8b | cb45 8948 | 14eb 3541 | b801 0000 
  0x000001f251e6dd48: 0044 3bc1 | 7d24 6690 | 470f be5c | 0110 6666 | 0f1f 8400 | 0000 0000 | 4183 fb2e | 0f84 512e 
  0x000001f251e6dd68: 0000 41ff | c044 3bc1 | 7cde 4d8b | d94d 8bc6 | 458b 4b0c | 0f1f 4000 | 4585 c90f | 8628 0a00 
  0x000001f251e6dd88: 0041 0fbe | 4810 c4c2 | 72f7 f948 | 63df 83f9 | 010f 8449 | 4800 0090 | 85ff 0f8c | dd47 0000 
  0x000001f251e6dda8: 488d 7306 | 8bee 85ed | 0f8c ee47 | 0000 4c8b | d649 c1fa | 2045 8bd2 | c462 29f7 | d545 85d2 
  0x000001f251e6ddc8: 0f8c 3e48 | 0000 4181 | fa00 0010 | 000f 8799 | 4500 0049 | 63d2 6690 | 4181 fa00 | 0010 000f 
  0x000001f251e6dde8: 8738 1f00 | 0049 8baf | b801 0000 | 4883 c217 | 4883 e2f8 | 488b c548 | 03c2 493b | 87c8 0100 
  0x000001f251e6de08: 000f 8316 | 1f00 0049 | 8987 b801 | 0000 0f0d | 88c0 0000 | 0048 c745 | 0001 0000 | 000f 0d88 
  0x000001f251e6de28: ;   {no_reloc}
  0x000001f251e6de28: 0001 0000 

  0x000001f251e6de2c: ;   {metadata({type array byte})}
  0x000001f251e6de2c: c745 0818 | 2300 0044 | 8955 0c0f | 0d88 4001 | 0000 0f0d | 8880 0100 | 008d 5706 | 443b d20f 
  0x000001f251e6de4c: 822b 4500 | 0048 63df | 85ff 0f8e | 54fe ffff | c644 1d15 | 73c6 441d | 1473 c644 | 1d13 61c6 
  0x000001f251e6de6c: 441d 126c | c644 1d11 | 63c6 441d | 102e 660f | 1f44 0000 | 85c9 0f85 | 3847 0000 | 453b d10f 
  0x000001f251e6de8c: 821b 4500 | 0045 85c9 | 7629 4983 | c310 488b | d548 83c2 | 104d 63c1 | 498b cbc5 | f877 49ba 
  0x000001f251e6deac: c044 3c51 | f201 0000 

  0x000001f251e6deb4: ;   {other}
  0x000001f251e6deb4: 41ff d20f | 1f84 0000 | 0000 0049 | 8b87 b801 | 0000 4c8b | d049 83c2 | 184d 3b97 | c801 0000 
  0x000001f251e6ded4: 0f83 c41e | 0000 4d89 | 97b8 0100 | 0041 0f0d | 8ac0 0000 | 0048 c700 | 0100 0000 

  0x000001f251e6def0: ;   {metadata('java/lang/String')}
  0x000001f251e6def0: c740 0878 | e800 0044 | 8960 0c44 | 8960 104c | 8bdd 4489 | 5814 4c8b | 5424 3845 | 8b5a 1045 
  0x000001f251e6df10: 8b53 5445 | 85d2 0f84 | 1544 0000 | 498b d24c | 8bc0 4533 | c966 6690 

  0x000001f251e6df28: ;   {optimized virtual_call}
  0x000001f251e6df28: c5f8 77e8 

  0x000001f251e6df2c: ; ImmutableOopMap {[56]=Oop }
                      ;*invokevirtual getResource {reexecute=0 rethrow=0 return_oop=1}
                      ; - java.net.URLClassLoader$1::run@26
                      ; - java.net.URLClassLoader$1::run@1
  0x000001f251e6df2c: 50e4 baff 

  0x000001f251e6df30: ;   {other}
  0x000001f251e6df30: 0f1f 8400 | 200f 0003 | 488b f80f | 1f44 0000 | 4885 c00f | 844d 0800 | 004c 8b54 | 2438 418b 
  0x000001f251e6df50: 7210 458b | 520c 4489 | 5424 780f | 1f44 0000 | 85f6 0f84 | a444 0000 | c5f8 7749 | bad0 305d 
  0x000001f251e6df70: daff 7f00 | 0041 ffd2 

  0x000001f251e6df78: ;   {other}
  0x000001f251e6df78: 0f1f 8400 | 0000 0000 | 4889 4424 | 4044 8b54 | 2478 458b | 5a14 4489 | 5c24 7c45 | 8b4b 0c45 
  0x000001f251e6df98: 0fbe 5a10 | c4c2 22f7 | d944 8bc3 | 41ff c845 | 85db 0f85 | 3c47 0000 | 458b d141 | ffca 453b 
  0x000001f251e6dfb8: d045 0f4f | d044 8b44 | 247c 498b | c044 8b5c | 2478 498b | d345 85d2 | 0f8c 521a | 0000 4533 
  0x000001f251e6dfd8: db4c 895c | 2470 6690 | 453b d10f | 8394 2900 | 008b 6c24 | 7c42 807c | 1510 2e74 | 1b4d 8b87 
  0x000001f251e6dff8: 5804 0000 | 41ff ca4c 

  0x000001f251e6e000: ; ImmutableOopMap {r11=Oop rdi=Oop rdx=Oop rsi=NarrowOop rax=Oop [56]=Oop [120]=NarrowOop [124]=NarrowOop }
                      ;*goto {reexecute=1 rethrow=0 return_oop=0}
                      ; - (reexecute) java.lang.StringLatin1::lastIndexOf@35
                      ; - java.lang.String::lastIndexOf@13
                      ; - java.lang.String::lastIndexOf@8
                      ; - java.net.URLClassLoader::defineClass@7
                      ; - java.net.URLClassLoader$1::run@43
                      ; - java.net.URLClassLoader$1::run@1
                      ;   {poll}
  0x000001f251e6e000: 8bdf 4185 | 0045 85d2 | 7dd6 41ba | ffff ffff | 448b 5f08 | 0f1f 8400 | 0000 0000 | 6666 6690 
  0x000001f251e6e020: ;   {metadata('jdk/internal/loader/URLClassPath$JarLoader$2')}
  0x000001f251e6e020: 4181 fb30 | 2421 000f | 85c8 1900 | 004c 8bdf | 418b 4b20 

  0x000001f251e6e034: ; implicit exception: dispatches to 0x000001f251e7485c
  0x000001f251e6e034: 448b 411c | 4d8b d848 | 8bce 6690 | 4183 faff | 0f84 9c19 | 0000 4585 | d20f 8cdd | 4600 0044 
  0x000001f251e6e054: 3bd3 0f8f | 5447 0000 | 0f1f 4000 | 443b d30f | 84bc 0700 | 0045 85d2 | 0f84 2d19 | 0000 498b 
  0x000001f251e6e074: 9fb8 0100 | 0048 8beb | 4883 c518 | 493b afc8 | 0100 000f | 83fc 1d00 | 0049 89af | b801 0000 
  0x000001f251e6e094: 0f0d 8dc0 | 0000 0048 | c703 0100 

  0x000001f251e6e0a0: ;   {metadata('java/lang/String')}
  0x000001f251e6e0a0: 0000 c743 | 0878 e800 | 0044 8963 | 0c4c 8963 | 108b 6c24 | 7c4c 8d6d | 100f 1f80 | 0000 0000 
  0x000001f251e6e0c0: 453b d10f | 85e1 0000 | 0049 63e9 | 4181 f900 | 0010 000f | 87ec 2a00 | 0048 89ac | 2488 0000 
  0x000001f251e6e0e0: 004c 89ac | 2480 0000 | 0048 895c | 2468 4889 | 4c24 604c | 895c 2458 | 4489 4424 | 5048 8954 
  0x000001f251e6e100: 2430 4889 | 4424 2089 | 7424 2848 | 897c 2448 | 498b 9fb8 | 0100 004c | 8d55 1749 | 83e2 f84c 
  0x000001f251e6e120: 8bdb 4d03 | da4d 3b9f | c801 0000 | 0f83 ca2a | 0000 4d89 | 9fb8 0100 | 0041 0f0d | 8bc0 0000 
  0x000001f251e6e140: 0048 c703 | 0100 0000 | 410f 0d8b | 0001 0000 

  0x000001f251e6e150: ;   {metadata({type array byte})}
  0x000001f251e6e150: c743 0818 | 2300 0044 | 894b 0c41 | 0f0d 8b40 | 0100 0041 | 0f0d 8b80 | 0100 0048 | 8bd3 4883 
  0x000001f251e6e170: c210 4c8b | 8424 8800 | 0000 4983 | c007 49c1 | e803 488b | 8c24 8000 | 0000 c5f8 | 7749 ba60 
  0x000001f251e6e190: 4b3c 51f2 | 0100 0041 

  0x000001f251e6e198: ;   {other}
  0x000001f251e6e198: ffd2 0f1f | 8400 0000 | 0000 4c8b | dbe9 4001 | 0000 4181 | fa00 0010 | 000f 8779 | 4400 004d 
  0x000001f251e6e1b8: 63f2 453b | ca41 8be9 | 410f 4fea | 443b cd0f | 82e3 4400 | 0044 3bd5 | 0f82 da44 | 0000 4983 
  0x000001f251e6e1d8: c617 4d8b | ce49 83e1 | f841 81fa | 0000 1000 | 0f87 b91d | 0000 4c89 | 8c24 9000 | 0000 4c89 
  0x000001f251e6e1f8: b424 8800 | 0000 4c89 | ac24 8000 | 0000 4889 | 5c24 6848 | 894c 2460 | 4c89 5c24 | 5844 8944 
  0x000001f251e6e218: 2450 4889 | 5424 3048 | 8944 2420 | 4489 5424 | 2c89 7424 | 2848 897c | 2448 4d8b | 9fb8 0100 
  0x000001f251e6e238: 004d 8bc3 | 4d03 c190 | 4d3b 87c8 | 0100 000f | 839e 1d00 | 004d 8987 | b801 0000 | 410f 0d88 
  0x000001f251e6e258: c000 0000 | 49c7 0301 | 0000 0041 | 0f0d 8800 

  0x000001f251e6e268: ;   {metadata({type array byte})}
  0x000001f251e6e268: 0100 0041 | c743 0818 | 2300 0044 | 8b54 242c | 4589 530c | 410f 0d88 | 4001 0000 | 410f 0d88 
  0x000001f251e6e288: 8001 0000 | 498b d348 | 83c2 104c | 8b84 2488 | 0000 0049 | c1e8 0390 | 85ed 0f84 | 9043 0000 
  0x000001f251e6e2a8: 413b ea0f | 8cff 1800 | 0049 8bdb | 488b ac24 | 9000 0000 | 4883 c5f0 | 48c1 ed03 | 488b 8c24 
  0x000001f251e6e2c8: 8000 0000 | 4c8b c5c5 | f877 49ba | 604b 3c51 | f201 0000 

  0x000001f251e6e2dc: ;   {other}
  0x000001f251e6e2dc: 41ff d20f | 1f84 0000 | 0000 004c | 8bdb 4180 | 7f40 000f | 8530 1800 | 0048 8b6c | 2468 4d8b 
  0x000001f251e6e2fc: c344 8945 | 144c 8bd5 | 4d33 da49 | c1eb 144d | 85db 741a | 49c1 ea09 | 48b9 0000 | 2659 f201 
  0x000001f251e6e31c: 0000 4903 | ca80 3902 | 0f85 3518 | 0000 4488 | 6510 488b | 7c24 488b | 7424 2848 | 8b54 2430 
  0x000001f251e6e33c: 448b 4424 | 504c 8b5c | 2458 488b | 4c24 6048 | 89ac 24f0 | 0000 0044 | 8b4f 0866 | 0f1f 8400 
  0x000001f251e6e35c: 0000 0000 

  0x000001f251e6e360: ;   {metadata('jdk/internal/loader/URLClassPath$JarLoader$2')}
  0x000001f251e6e360: 4181 f930 | 2421 000f | 8568 1700 | 004c 8bcf 

  0x000001f251e6e370: ;   {oop(a 'java/lang/Class'{0x00000000c0626cd0} = 'jdk/internal/access/SharedSecrets')}
  0x000001f251e6e370: 49ba d06c | 62c0 0000 | 0000 418b | 82d4 0000 | 008b 6808 | 458b 5120 

  0x000001f251e6e388: ; implicit exception: dispatches to 0x000001f251e74894
  0x000001f251e6e388: 458b 5218 

  0x000001f251e6e38c: ;   {metadata('java/util/jar/JavaUtilJarAccessImpl')}
  0x000001f251e6e38c: 81fd a05b | 3100 0f85 | b440 0000 

  0x000001f251e6e398: ; implicit exception: dispatches to 0x000001f251e748cc
  0x000001f251e6e398: 418b 6a08 | 4d8b f248 | 8d9c 2400 | 0100 0049 | 8b06 a802 | 0f85 2300 | 0000 4883 | c801 4889 
  0x000001f251e6e3b8: 03f0 490f | b11e 0f84 | 3700 0000 | 482b c448 | 2507 f0ff | ff48 8903 | e924 0000 | 004c 8be8 
  0x000001f251e6e3d8: 4833 c0f0 | 4d0f b17d | 3e48 c703 | 0300 0000 | 7411 4c3b | f875 1549 | ff85 8600 | 0000 4833 
  0x000001f251e6e3f8: c075 0949 | ff87 5005 | 0000 33c0 | 0f85 8240 | 0000 4889 | 7c24 4889 | 7424 3048 | 8954 2428 
  0x000001f251e6e418: 4489 4424 | 504c 895c | 2420 4889 | 4c24 584c | 894c 2460 | 4489 5424 | 544c 8974 

  0x000001f251e6e434: ;   {section_word}
  0x000001f251e6e434: 2468 c4e3 | 790b 0580 | f4ff ff02 | c57b 2cd0 | 4181 fa00 | 0000 800f | 84ce 7000 | 0044 8954 
  0x000001f251e6e454: 2434 458b | da41 ffcb | f345 0fbd | db41 baff | ffff ffc4 | 4223 f7da | 4489 5c24 | 7c41 ffc3 
  0x000001f251e6e474: 4489 9c24 | 8000 0000 | 448b 5424 | 5445 3b62 | 3075 1345 | 0fb6 5212 | 4585 d20f | 85d7 1400 
  0x000001f251e6e494: 0044 8b54 | 2454 660f | 1f44 0000 | 453b 6230 | 0f85 c315 | 0000 4c8b | 5c24 6848 | 8d84 2400 
  0x000001f251e6e4b4: 0100 0048 | 8338 000f | 8479 0000 | 004d 8b13 | 41f6 c202 | 0f84 6200 | 0000 4983 | ba86 0000 
  0x000001f251e6e4d4: 0000 7409 | 49ff 8a86 | 0000 00eb | 4b49 8b82 | 9600 0000 | 490b 828e | 0000 0075 | 0a49 c742 
  0x000001f251e6e4f4: 3e00 0000 | 00eb 3d49 | 83ba 9e00 | 0000 0074 | 2248 33c0 | 49c7 423e | 0000 0000 | f083 0424 
  0x000001f251e6e514: 0049 83ba | 9e00 0000 | 0075 0df0 | 4d0f b17a | 3e75 0583 | c801 eb0c | a800 eb08 | 4c8b 10f0 
  0x000001f251e6e534: ;   {no_reloc}
  0x000001f251e6e534: 4d0f b113 | 750a 49ff | 8f50 0500 | 0045 33d2 | 0f85 8f3f | 0000 4c8b | 5c24 6045 | 8b53 2041 
  0x000001f251e6e554: 8b6a 1844 | 8b5d 080f | 1f44 0000 

  0x000001f251e6e560: ;   {metadata('java/util/jar/JarFile')}
  0x000001f251e6e560: 4181 fb08 | 1419 000f | 8599 3f00 | 004c 8bc5 | 418b 7028 | 85f6 0f84 | 1603 0000 | 8b6e 0c90 
  0x000001f251e6e580: 4180 7f40 | 000f 856a | 1500 0044 | 8b5d 084c 

  0x000001f251e6e590: ;   {oop(a 'java/lang/Class'{0x00000000c0744f00} = 'java/lang/ref/SoftReference')}
  0x000001f251e6e590: 8b56 2049 | b900 4f74 | c000 0000 | 004d 8b49 | 704d 3bd1 | 0f85 ad13 

  0x000001f251e6e5a8: ;   {metadata('java/util/jar/Manifest')}
  0x000001f251e6e5a8: 0000 4181 | fba0 e104 | 000f 856d | 6100 004c | 8bd5 488b | 7c24 488b | 7424 3048 | 8b54 2428 
  0x000001f251e6e5c8: 448b 4424 | 504c 8b5c | 2420 488b | 4c24 584c | 8954 2458 | 4889 4c24 | 504c 895c | 2430 4489 
  0x000001f251e6e5e8: 4424 2448 | 8954 2428 | 8974 2420 | 4889 7c24 | 4848 8bd1 | 4c8b 8424 | f000 0000 | 4d8b ca49 
  0x000001f251e6e608: 8bfb 6690 

  0x000001f251e6e60c: ;   {optimized virtual_call}
  0x000001f251e6e60c: c5f8 77e8 

  0x000001f251e6e610: ; ImmutableOopMap {[32]=NarrowOop [36]=NarrowOop [40]=Oop [48]=Oop [56]=Oop [72]=Oop [80]=Oop [88]=Oop [120]=NarrowOop [240]=Oop }
                      ;*invokevirtual getAndVerifyPackage {reexecute=0 rethrow=0 return_oop=1}
                      ; - java.net.URLClassLoader::defineClass@46
                      ; - java.net.URLClassLoader$1::run@43
                      ; - java.net.URLClassLoader$1::run@1
  0x000001f251e6e610: ccf4 b5ff 

  0x000001f251e6e614: ;   {other}
  0x000001f251e6e614: 0f1f 8400 | 0416 0005 | 0f1f 4000 | 4885 c00f | 8409 0200 | 0048 8b7c | 2448 8b74 | 2420 488b 
  0x000001f251e6e634: 5424 2844 | 8b44 2424 | 4489 4424 | 2c48 8954 | 2420 8974 | 2428 4889 | 7c24 4848 | 8bd7 488b 
  0x000001f251e6e654: ef66 6690 

  0x000001f251e6e658: ;   {optimized virtual_call}
  0x000001f251e6e658: c5f8 77e8 

  0x000001f251e6e65c: ; ImmutableOopMap {rbp=Oop [32]=Oop [40]=NarrowOop [44]=NarrowOop [48]=Oop [56]=Oop [72]=Oop [80]=Oop [120]=NarrowOop }
                      ;*invokevirtual getByteBuffer {reexecute=0 rethrow=0 return_oop=1}
                      ; - java.net.URLClassLoader::defineClass@132
                      ; - java.net.URLClassLoader$1::run@43
                      ; - java.net.URLClassLoader$1::run@1
  0x000001f251e6e65c: c092 e5ff 

  0x000001f251e6e660: ;   {other}
  0x000001f251e6e660: 0f1f 8400 | 5016 0006 | 4885 c00f | 850b 4100 | 0048 8bd5 | 448b 5a08 | 0f1f 8400 | 0000 0000 
  0x000001f251e6e680: ;   {metadata('jdk/internal/loader/URLClassPath$JarLoader$2')}
  0x000001f251e6e680: 4181 fb30 | 2421 000f | 8521 1300 | 0048 8bea 

  0x000001f251e6e690: ;   {optimized virtual_call}
  0x000001f251e6e690: c5f8 77e8 

  0x000001f251e6e694: ; ImmutableOopMap {rbp=Oop [32]=Oop [40]=NarrowOop [44]=NarrowOop [48]=Oop [56]=Oop [72]=Oop [80]=Oop [120]=NarrowOop }
                      ;*invokevirtual getBytes {reexecute=0 rethrow=0 return_oop=1}
                      ; - java.net.URLClassLoader::defineClass@179
                      ; - java.net.URLClassLoader$1::run@43
                      ; - java.net.URLClassLoader$1::run@1
  0x000001f251e6e694: c8f1 ddff 

  0x000001f251e6e698: ;   {other}
  0x000001f251e6e698: 0f1f 8400 | 8816 0007 | 4889 4424 | 584c 8b44 | 2448 458b 

  0x000001f251e6e6ac: ;   {metadata('jdk/internal/loader/URLClassPath$JarLoader$2')}
  0x000001f251e6e6ac: 5808 4181 | fb30 2421 | 000f 8517 | 1300 0049 | 8bd0 6690 

  0x000001f251e6e6c0: ;   {optimized virtual_call}
  0x000001f251e6e6c0: c5f8 77e8 

  0x000001f251e6e6c4: ; ImmutableOopMap {[32]=Oop [40]=NarrowOop [44]=NarrowOop [48]=Oop [56]=Oop [72]=Oop [80]=Oop [88]=Oop [120]=NarrowOop }
                      ;*invokevirtual getCodeSigners {reexecute=0 rethrow=0 return_oop=1}
                      ; - java.net.URLClassLoader::defineClass@185
                      ; - java.net.URLClassLoader$1::run@43
                      ; - java.net.URLClassLoader$1::run@1
  0x000001f251e6e6c4: b8fd 0e00 

  0x000001f251e6e6c8: ;   {other}
  0x000001f251e6e6c8: 0f1f 8400 | b816 0008 | 4c8b 4424 | 4848 8be8 | 498b 87b8 | 0100 004c | 8bd0 4983 | c228 4d3b 
  0x000001f251e6e6e8: 97c8 0100 | 000f 8372 | 1700 004d | 8997 b801 | 0000 410f | 0d8a c000 | 0000 48c7 | 0001 0000 
  0x000001f251e6e708: ;   {metadata('java/security/CodeSource')}
  0x000001f251e6e708: 00c7 4008 | 285c 0000 | 4489 600c | 4c89 6010 | 4c89 6018 | 4c89 6020 | 4c89 4424 | 4848 8944 
  0x000001f251e6e728: 2460 488b | d04c 8b44 | 2430 4c8b | cd66 6690 

  0x000001f251e6e738: ;   {optimized virtual_call}
  0x000001f251e6e738: c5f8 77e8 

  0x000001f251e6e73c: ; ImmutableOopMap {[32]=Oop [40]=NarrowOop [56]=Oop [72]=Oop [80]=Oop [88]=Oop [96]=Oop [120]=NarrowOop }
                      ;*invokespecial <init> {reexecute=0 rethrow=0 return_oop=0}
                      ; - java.net.URLClassLoader::defineClass@198
                      ; - java.net.URLClassLoader$1::run@43
                      ; - java.net.URLClassLoader$1::run@1
  0x000001f251e6e73c: 2005 d0ff 

  0x000001f251e6e740: ;   {other}
  0x000001f251e6e740: 0f1f 8400 | 3017 0009 

  0x000001f251e6e748: ;   {oop(a 'jdk/internal/perf/PerfCounter'{0x00000000c0432c30})}
  0x000001f251e6e748: 48ba 302c | 43c0 0000 | 0000 4c8b | 4424 4090 

  0x000001f251e6e758: ;   {optimized virtual_call}
  0x000001f251e6e758: c5f8 77e8 

  0x000001f251e6e75c: ; ImmutableOopMap {[32]=Oop [40]=NarrowOop [56]=Oop [72]=Oop [80]=Oop [88]=Oop [96]=Oop [120]=NarrowOop }
                      ;*invokevirtual addElapsedTimeFrom {reexecute=0 rethrow=0 return_oop=0}
                      ; - java.net.URLClassLoader::defineClass@207
                      ; - java.net.URLClassLoader$1::run@43
                      ; - java.net.URLClassLoader$1::run@1
  0x000001f251e6e75c: e023 c3ff 

  0x000001f251e6e760: ;   {other}
  0x000001f251e6e760: 0f1f 8400 | 5017 000a | 4c8b 4c24 | 5841 8b71 | 0c48 8b54 | 2450 4c8b | 4424 2033 | ff48 8b4c 
  0x000001f251e6e780: 2460 6690 

  0x000001f251e6e784: ;   {optimized virtual_call}
  0x000001f251e6e784: c5f8 77e8 

  0x000001f251e6e788: ; ImmutableOopMap {[56]=Oop [72]=Oop }
                      ;*invokevirtual defineClass {reexecute=0 rethrow=0 return_oop=1}
                      ; - java.net.URLClassLoader::defineClass@220
                      ; - java.net.URLClassLoader$1::run@43
                      ; - java.net.URLClassLoader$1::run@1
  0x000001f251e6e788: d43d d0ff 

  0x000001f251e6e78c: ;   {other}
  0x000001f251e6e78c: 0f1f 8400 | 7c17 000b | eb02 33c0 | c5f8 7748 | 81c4 1001 

  0x000001f251e6e7a0: ;   {poll_return}
  0x000001f251e6e7a0: 0000 5d49 | 3ba7 5004 | 0000 0f87 | 596d 0000 | c349 8b87 | b801 0000 | 4c8b d049 | 83c2 1890 
  0x000001f251e6e7c0: 4d3b 97c8 | 0100 000f | 83ef 2100 | 004d 8997 | b801 0000 | 410f 0d8a | c000 0000 | 48c7 0001 
  0x000001f251e6e7e0: ;   {metadata('java/lang/String')}
  0x000001f251e6e7e0: 0000 00c7 | 4008 78e8 | 0000 4489 | 600c 4489 

  0x000001f251e6e7f0: ;   {oop([B{0x00000000c07da208})}
  0x000001f251e6e7f0: 6010 c740 | 1408 a27d 

  0x000001f251e6e7f8: ;   {oop(".class"{0x00000000c07d9fe0})}
  0x000001f251e6e7f8: c049 bae0 | 9f7d c000 | 0000 0045 | 8b42 0c44 | 8940 0c45 | 0fb6 5211 | 4488 5011 | e9ed f6ff 
  0x000001f251e6e818: ff41 ba2f | 0000 0090 | e9ae f3ff | ff48 8994 | 24f0 0000 | 00e9 21fb 

  0x000001f251e6e830: ;   {metadata('java/lang/IllegalArgumentException')}
  0x000001f251e6e830: ffff 48bd | c09a 065d | f201 0000 | 4c8b 5424 | 584d 85d2 | 0f84 1214 | 0000 488b | 5424 504c 
  0x000001f251e6e850: 8b84 24f0 | 0000 004d | 8bca 488b | 7c24 3090 

  0x000001f251e6e860: ;   {optimized virtual_call}
  0x000001f251e6e860: c5f8 77e8 

  0x000001f251e6e864: ; ImmutableOopMap {[32]=NarrowOop [36]=NarrowOop [40]=Oop [48]=Oop [56]=Oop [72]=Oop [80]=Oop [88]=Oop [120]=NarrowOop [240]=Oop }
                      ;*invokevirtual definePackage {reexecute=0 rethrow=0 return_oop=1}
                      ; - java.net.URLClassLoader::defineClass@64
                      ; - java.net.URLClassLoader$1::run@43
                      ; - java.net.URLClassLoader$1::run@1
  0x000001f251e6e864: 3810 b0f7 

  0x000001f251e6e868: ;   {other}
  0x000001f251e6e868: 0f1f 8400 | 5818 000c | 488b 7c24 | 488b 7424 | 2048 8b54 | 2428 448b | 4424 24e9 | b4fd ffff 
  0x000001f251e6e888: bb2f 0000 | 00e9 5cf4 | ffff 4c89 | 4424 6849 | 8bd0 6690 

  0x000001f251e6e89c: ;   {optimized virtual_call}
  0x000001f251e6e89c: c5f8 77e8 

  0x000001f251e6e8a0: ; ImmutableOopMap {[32]=Oop [40]=Oop [48]=NarrowOop [56]=Oop [72]=Oop [80]=NarrowOop [88]=Oop [96]=Oop [104]=Oop [120]=NarrowOop [240]=Oop }
                      ;*invokevirtual getManEntry {reexecute=0 rethrow=0 return_oop=1}
                      ; - java.util.jar.JarFile::getManifestFromReference@27
                      ; - java.util.jar.JarFile::getManifest@1
                      ; - jdk.internal.loader.URLClassPath$JarLoader$2::getManifest@22
                      ; - java.net.URLClassLoader::defineClass@34
                      ; - java.net.URLClassLoader$1::run@43
                      ; - java.net.URLClassLoader$1::run@1
  0x000001f251e6e8a0: dc5c a1f7 

  0x000001f251e6e8a4: ;   {other}
  0x000001f251e6e8a4: 0f1f 8400 | 9418 000d | 4885 c00f | 84f0 1300 | 004c 8b44 | 2468 450f | b658 1290 | 4585 db0f 
  0x000001f251e6e8c4: 85dc 0200 | 0049 8be8 | 498b d04c | 8bc0 6690 

  0x000001f251e6e8d4: ;   {optimized virtual_call}
  0x000001f251e6e8d4: c5f8 77e8 

  0x000001f251e6e8d8: ; ImmutableOopMap {rbp=Oop [32]=Oop [40]=Oop [48]=NarrowOop [56]=Oop [72]=Oop [80]=NarrowOop [88]=Oop [96]=Oop [120]=NarrowOop [240]=Oop }
                      ;*invokespecial getInputStream {reexecute=0 rethrow=0 return_oop=1}
                      ; - java.util.jar.JarFile::getManifestFromReference@130
                      ; - java.util.jar.JarFile::getManifest@1
                      ; - jdk.internal.loader.URLClassPath$JarLoader$2::getManifest@22
                      ; - java.net.URLClassLoader::defineClass@34
                      ; - java.net.URLClassLoader$1::run@43
                      ; - java.net.URLClassLoader$1::run@1
  0x000001f251e6e8d8: a4da 0100 

  0x000001f251e6e8dc: ;   {other}
  0x000001f251e6e8dc: 0f1f 8400 | cc18 000e | 4889 8424 | 8800 0000 | 498b 87b8 | 0100 004c | 8bd0 4983 | c218 660f 
  0x000001f251e6e8fc: 1f44 0000 | 4d3b 97c8 | 0100 000f | 837c 3900 | 004d 8997 | b801 0000 | 410f 0d8a | c000 0000 
  0x000001f251e6e91c: 48c7 0001 

  0x000001f251e6e920: ;   {metadata('java/util/jar/Manifest')}
  0x000001f251e6e920: 0000 00c7 | 4008 a0e1 | 0400 4489 | 600c 4c89 | 6010 4c8b | c04c 8bcd | 418b 6914 | 498b 9fb8 
  0x000001f251e6e940: 0100 004c | 8bd3 4983 | c210 4d3b | 97c8 0100 | 000f 8352 | 3900 004d | 8997 b801 | 0000 410f 
  0x000001f251e6e960: 0d8a c000 | 0000 48c7 | 0301 0000 

  0x000001f251e6e96c: ;   {metadata('java/util/jar/Attributes')}
  0x000001f251e6e96c: 00c7 4308 | 4088 1600 | 4489 630c | 498b bfb8 | 0100 004c | 8bd7 4983 | c240 4d3b | 97c8 0100 
  0x000001f251e6e98c: 000f 83a9 | 3800 004d | 8997 b801 | 0000 410f | 0d8a c000 | 0000 48c7 | 0701 0000 

  0x000001f251e6e9a8: ;   {metadata('java/util/LinkedHashMap')}
  0x000001f251e6e9a8: 00c7 4708 | e8a1 0f00 | 4489 670c | 4c89 6710 | 4c89 6718 | 4c89 6720 | 4c89 6728 | 4c89 6730 
  0x000001f251e6e9c8: 4c89 6738 | 8b74 2434 | 81fe 0100 | 0040 0f83 | 6c45 0000 | c747 2000 | 0040 3f8b | 4c24 7c85 
  0x000001f251e6e9e8: c90f 8c46 | 1000 0081 | f900 0000 | 400f 8ddd | 4500 0044 | 8b9c 2480 | 0000 0044 | 895f 1c44 
  0x000001f251e6ea08: 8967 2c44 | 8867 304c | 8bdf 4489 | 5b0c 4c8b | d74c 8bdb | 4d33 d348 | 8bd5 49c1 | ea14 488b 
  0x000001f251e6ea28: fb4d 85d2 | 741b 49c1 | eb09 48b9 | 0000 2659 | f201 0000 | 4903 cb90 | 8039 020f | 8500 2100 
  0x000001f251e6ea48: 0041 807f | 4000 0f85 | 891f 0000 | 4189 780c | 4c8b d34d | 8bd8 4d33 | d349 c1ea | 144d 85d2 
  0x000001f251e6ea68: 741f 49c1 | eb09 48b9 | 0000 2659 | f201 0000 | 4903 cb0f | 1f44 0000 | 8039 020f | 85f6 1f00 
  0x000001f251e6ea88: 0049 8b9f | b801 0000 | 4c8b d349 | 83c2 3066 | 0f1f 8400 | 0000 0000 | 4d3b 97c8 | 0100 000f 
  0x000001f251e6eaa8: ;   {no_reloc}
  0x000001f251e6eaa8: 8338 3800 | 004d 8997 | b801 0000 | 410f 0d8a | c000 0000 | 48c7 0301 

  0x000001f251e6eac0: ;   {metadata('java/util/HashMap')}
  0x000001f251e6eac0: 0000 00c7 | 4308 68a9 | 0800 4489 | 630c 4c89 | 6310 4c89 | 6318 4c89 | 6328 48c7 | 4320 0000 
  0x000001f251e6eae0: 403f 4180 | 7f40 000f | 8523 1f00 | 004c 8bdb | 4589 5810 | 4d8b d04c | 8bdb 4d33 | da49 c1eb 
  0x000001f251e6eb00: 144d 85db | 7423 49c1 | ea09 48b9 | 0000 2659 | f201 0000 | 4903 ca66 | 0f1f 8400 | 0000 0000 
  0x000001f251e6eb20: 8039 020f | 85bc 1f00 | 004c 8bd2 | 498b e84c | 894c 2468 | 498b d04c | 8b84 2488 | 0000 004d 
  0x000001f251e6eb40: 8bca 6690 

  0x000001f251e6eb44: ;   {optimized virtual_call}
  0x000001f251e6eb44: c5f8 77e8 

  0x000001f251e6eb48: ; ImmutableOopMap {rbp=Oop [32]=Oop [40]=Oop [48]=NarrowOop [56]=Oop [72]=Oop [80]=NarrowOop [88]=Oop [96]=Oop [104]=Oop [120]=NarrowOop [136]=Oop [240]=Oop }
                      ;*invokevirtual read {reexecute=0 rethrow=0 return_oop=0}
                      ; - java.util.jar.Manifest::<init>@29
                      ; - java.util.jar.Manifest::<init>@4
                      ; - java.util.jar.JarFile::getManifestFromReference@143
                      ; - java.util.jar.JarFile::getManifest@1
                      ; - jdk.internal.loader.URLClassPath$JarLoader$2::getManifest@22
                      ; - java.net.URLClassLoader::defineClass@34
                      ; - java.net.URLClassLoader$1::run@43
                      ; - java.net.URLClassLoader$1::run@1
  0x000001f251e6eb48: 3488 aef7 

  0x000001f251e6eb4c: ;   {other}
  0x000001f251e6eb4c: 0f1f 8400 | 3c1b 000f | 4180 7f40 | 000f 85e6 | 1e00 004c | 8bd5 4589 | 6214 4c8b | 8c24 8800 
  0x000001f251e6eb6c: 0000 458b 

  0x000001f251e6eb70: ;   {metadata('java/util/zip/ZipFile$ZipFileInflaterInputStream')}
  0x000001f251e6eb70: 4108 4181 | f8c0 a431 | 000f 85c6 | 0e00 0049 | 8bea 498b | d166 6690 

  0x000001f251e6eb88: ;   {optimized virtual_call}
  0x000001f251e6eb88: c5f8 77e8 

  0x000001f251e6eb8c: ; ImmutableOopMap {rbp=Oop [32]=Oop [40]=Oop [48]=NarrowOop [56]=Oop [72]=Oop [80]=NarrowOop [88]=Oop [96]=Oop [104]=Oop [120]=NarrowOop [240]=Oop }
                      ;*invokevirtual close {reexecute=0 rethrow=0 return_oop=0}
                      ; - java.util.jar.JarFile::getManifestFromReference@152
                      ; - java.util.jar.JarFile::getManifest@1
                      ; - jdk.internal.loader.URLClassPath$JarLoader$2::getManifest@22
                      ; - java.net.URLClassLoader::defineClass@34
                      ; - java.net.URLClassLoader$1::run@43
                      ; - java.net.URLClassLoader$1::run@1
  0x000001f251e6eb8c: d0cd c9ff 

  0x000001f251e6eb90: ;   {other}
  0x000001f251e6eb90: 0f1f 8400 | 801b 0010 | 4889 ac24 | 8800 0000 | e9e2 0c00 | 0048 8944 | 2468 498b | e849 8bd0 
  0x000001f251e6ebb0: 4c8b c090 

  0x000001f251e6ebb4: ;   {optimized virtual_call}
  0x000001f251e6ebb4: c5f8 77e8 

  0x000001f251e6ebb8: ; ImmutableOopMap {rbp=Oop [32]=Oop [40]=Oop [48]=NarrowOop [56]=Oop [72]=Oop [80]=NarrowOop [88]=Oop [96]=Oop [104]=Oop [120]=NarrowOop [240]=Oop }
                      ;*invokevirtual getBytes {reexecute=0 rethrow=0 return_oop=1}
                      ; - java.util.jar.JarFile::getManifestFromReference@44
                      ; - java.util.jar.JarFile::getManifest@1
                      ; - jdk.internal.loader.URLClassPath$JarLoader$2::getManifest@22
                      ; - java.net.URLClassLoader::defineClass@34
                      ; - java.net.URLClassLoader$1::run@43
                      ; - java.net.URLClassLoader$1::run@1
  0x000001f251e6ebb8: c4fe 56ff 

  0x000001f251e6ebbc: ;   {other}
  0x000001f251e6ebbc: 0f1f 8400 | ac1b 0011 | 4889 8424 | 8800 0000 | 4c8b d541 | 0fb6 6a11 | 85ed 0f85 | 703e 0000 
  0x000001f251e6ebdc: 4c89 9424 | 9000 0000 | 498b d290 

  0x000001f251e6ebe8: ;   {optimized virtual_call}
  0x000001f251e6ebe8: c5f8 77e8 

  0x000001f251e6ebec: ; ImmutableOopMap {[32]=Oop [40]=Oop [48]=NarrowOop [56]=Oop [72]=Oop [80]=NarrowOop [88]=Oop [96]=Oop [104]=Oop [120]=NarrowOop [136]=Oop [144]=Oop [240]=Oop }
                      ;*invokevirtual getManifestNum {reexecute=0 rethrow=0 return_oop=0}
                      ; - java.util.zip.ZipFile$1::getManifestNum@1
                      ; - java.util.jar.JarFile::getManifestFromReference@59
                      ; - java.util.jar.JarFile::getManifest@1
                      ; - jdk.internal.loader.URLClassPath$JarLoader$2::getManifest@22
                      ; - java.net.URLClassLoader::defineClass@34
                      ; - java.net.URLClassLoader$1::run@43
                      ; - java.net.URLClassLoader$1::run@1
  0x000001f251e6ebec: 90fe 56ff 

  0x000001f251e6ebf0: ;   {other}
  0x000001f251e6ebf0: 0f1f 8400 | e01b 0012 | 0f1f 8400 | 0000 0000 | 83f8 010f | 858f 3e00 | 004d 8b97 | b801 0000 
  0x000001f251e6ec10: 4d8b da49 | 83c3 4066 | 0f1f 8400 | 0000 0000 | 4d3b 9fc8 | 0100 000f | 83c0 3200 | 004d 899f 
  0x000001f251e6ec30: b801 0000 | 410f 0d8b | c000 0000 | 49c7 0201 

  0x000001f251e6ec40: ;   {metadata('java/util/jar/JarVerifier')}
  0x000001f251e6ec40: 0000 0041 | c742 0878 | 9e16 0045 | 8962 0c4d | 8962 104d | 8962 184d | 8962 204d | 8962 284d 
  0x000001f251e6ec60: 8962 304d | 8962 384c | 8b44 2468 | 458b 4808 

  0x000001f251e6ec70: ;   {metadata('java/util/jar/JarFile$JarFileEntry')}
  0x000001f251e6ec70: 4181 f9d0 | 3231 000f | 8522 3c00 | 004d 8bd8 | 41c6 420e | 0145 8b5b | 6045 895a | 3041 c642 
  0x000001f251e6ec90: 0d01 4c89 | 5424 684c | 8b94 2488 | 0000 0044 | 8954 2454 | 4d8b d34c | 8b44 2468 | 4d33 d049 
  0x000001f251e6ecb0: c1ea 144d | 85d2 741f | 4585 db74 | 1a49 c1e8 | 0948 b900 | 0026 59f2 | 0100 0049 | 03c8 8039 
  0x000001f251e6ecd0: 020f 85a7 | 1b00 0066 | 0f1f 8400 | 0000 0000 | 4180 7f40 | 000f 852e | 1300 004c | 8b54 2468 
  0x000001f251e6ecf0: 448b 5c24 | 5445 895a | 2c4c 8b9c | 2488 0000 | 004d 33da | 49c1 eb14 | 4d85 db74 | 274c 8b9c 
  0x000001f251e6ed10: 2488 0000 | 004d 85db | 741a 49c1 | ea09 48b9 | 0000 2659 | f201 0000 | 4903 ca80 | 3902 0f85 
  0x000001f251e6ed30: 9b1b 0000 | 498b afb8 | 0100 004c | 8bd5 4983 | c230 4d3b | 97c8 0100 | 000f 83c1 | 3100 004d 
  0x000001f251e6ed50: 8997 b801 | 0000 410f | 0d8a c000 | 0000 48c7 | 4500 0100 

  0x000001f251e6ed64: ;   {metadata('java/util/Hashtable')}
  0x000001f251e6ed64: 0000 c745 | 08b8 d300 | 0044 8965 | 0c4c 8965 | 104c 8965 | 184c 8965 | 204c 8965 

  0x000001f251e6ed80: ;   {section_word}
  0x000001f251e6ed80: 28c5 fa10 | 053f ebff | ff66 6690 

  0x000001f251e6ed8c: ;   {static_call}
  0x000001f251e6ed8c: c5f8 77e8 

  0x000001f251e6ed90: ; ImmutableOopMap {rbp=Oop [32]=Oop [40]=Oop [48]=NarrowOop [56]=Oop [72]=Oop [80]=NarrowOop [84]=NarrowOop [88]=Oop [96]=Oop [104]=Oop [120]=NarrowOop [136]=Oop [144]=Oop [240]=Oop }
                      ;*invokestatic isNaN {reexecute=0 rethrow=0 return_oop=0}
                      ; - java.util.Hashtable::<init>@47
                      ; - java.util.Hashtable::<init>@5
                      ; - java.util.jar.JarVerifier::<init>@39
                      ; - java.util.jar.JarFile::getManifestFromReference@78
                      ; - java.util.jar.JarFile::getManifest@1
                      ; - jdk.internal.loader.URLClassPath$JarLoader$2::getManifest@22
                      ; - java.net.URLClassLoader::defineClass@34
                      ; - java.net.URLClassLoader$1::run@43
                      ; - java.net.URLClassLoader$1::run@1
  0x000001f251e6ed90: ec02 57ff 

  0x000001f251e6ed94: ;   {other}
  0x000001f251e6ed94: 0f1f 8400 | 841d 0013 | 0f1f 4000 | 85c0 0f85 | 643b 0000 | c745 1400 | 0040 3f4d | 8b97 b801 
  0x000001f251e6edb4: 0000 4d8b | da49 83c3 | 4066 6690 | 4d3b 9fc8 | 0100 000f | 838b 3100 | 004d 899f | b801 0000 
  0x000001f251e6edd4: 410f 0d8b | c000 0000 | 49c7 0201 | 0000 0041 | 0f0d 8b00 

  0x000001f251e6ede8: ;   {metadata('java/util/Hashtable$Entry'[])}
  0x000001f251e6ede8: 0100 0041 | c742 08a8 | 7f13 0041 | 0f0d 8b40 | 0100 0041 | c742 0c0b | 0000 0041 | 0f0d 8b80 
  0x000001f251e6ee08: 0100 004d | 8962 104d | 8962 184d | 8962 204d | 8962 284d | 8962 304d | 8962 3849 | 8bda 4180 
  0x000001f251e6ee28: 7f40 000f | 8520 1200 | 004c 8bd3 | 4d8b da44 | 895d 1c4c | 8bdd 4d33 | d348 8bdd | 49c1 ea14 
  0x000001f251e6ee48: 4d85 d274 | 1c49 c1eb | 0948 b900 | 0026 59f2 | 0100 0049 | 03cb 6690 | 8039 020f | 8587 1500 
  0x000001f251e6ee68: 0041 807f | 4000 0f85 | 1112 0000 | 4c8b 5424 | 6841 895a | 14c7 4510 | 0800 0000 | 4c8b d54c 
  0x000001f251e6ee88: 8b5c 2468 | 4d33 d349 | c1ea 144d | 85d2 741a | 49c1 eb09 | 48b9 0000 | 2659 f201 | 0000 4903 
  0x000001f251e6eea8: cb80 3902 | 0f85 ed14 | 0000 498b | afb8 0100 | 004c 8bd5 | 4983 c230 | 4d3b 97c8 | 0100 000f 
  0x000001f251e6eec8: 8367 3000 | 004d 8997 | b801 0000 | 410f 0d8a | c000 0000 | 48c7 4500 | 0100 0000 

  0x000001f251e6eee4: ;   {metadata('java/util/Hashtable')}
  0x000001f251e6eee4: c745 08b8 | d300 0044 | 8965 0c4c | 8965 104c | 8965 184c | 8965 204c 

  0x000001f251e6eefc: ;   {section_word}
  0x000001f251e6eefc: 8965 28c5 | fa10 05c1 | e9ff ff90 

  0x000001f251e6ef08: ;   {static_call}
  0x000001f251e6ef08: c5f8 77e8 

  0x000001f251e6ef0c: ; ImmutableOopMap {rbp=Oop [32]=Oop [40]=Oop [48]=NarrowOop [56]=Oop [72]=Oop [80]=NarrowOop [84]=NarrowOop [88]=Oop [96]=Oop [104]=Oop [120]=NarrowOop [136]=Oop [144]=Oop [240]=Oop }
                      ;*invokestatic isNaN {reexecute=0 rethrow=0 return_oop=0}
                      ; - java.util.Hashtable::<init>@47
                      ; - java.util.Hashtable::<init>@5
                      ; - java.util.jar.JarVerifier::<init>@50
                      ; - java.util.jar.JarFile::getManifestFromReference@78
                      ; - java.util.jar.JarFile::getManifest@1
                      ; - jdk.internal.loader.URLClassPath$JarLoader$2::getManifest@22
                      ; - java.net.URLClassLoader::defineClass@34
                      ; - java.net.URLClassLoader$1::run@43
                      ; - java.net.URLClassLoader$1::run@1
  0x000001f251e6ef0c: 7001 57ff 

  0x000001f251e6ef10: ;   {other}
  0x000001f251e6ef10: 0f1f 8400 | 001f 0014 | 0f1f 8400 | 0000 0000 | 85c0 0f85 | 443a 0000 | c745 1400 | 0040 3f4d 
  0x000001f251e6ef30: 8b97 b801 | 0000 4d8b | da49 83c3 | 4066 6690 | 4d3b 9fc8 | 0100 000f | 835b 3000 | 004d 899f 
  0x000001f251e6ef50: b801 0000 | 410f 0d8b | c000 0000 | 49c7 0201 | 0000 0041 | 0f0d 8b00 

  0x000001f251e6ef68: ;   {metadata('java/util/Hashtable$Entry'[])}
  0x000001f251e6ef68: 0100 0041 | c742 08a8 | 7f13 0041 | 0f0d 8b40 | 0100 0041 | c742 0c0b | 0000 0041 | 0f0d 8b80 
  0x000001f251e6ef88: 0100 004d | 8962 104d | 8962 184d | 8962 204d | 8962 284d | 8962 304d | 8962 3849 | 8bda 4180 
  0x000001f251e6efa8: 7f40 000f | 854e 1100 | 004c 8bd3 | 4489 551c | 4c8b d34c | 8bdd 4d33 | d348 8bfd | 49c1 ea14 
  0x000001f251e6efc8: 4d85 d274 | 1c49 c1eb | 0948 b900 | 0026 59f2 | 0100 0049 | 03cb 6690 | 8039 020f | 855c 1400 
  0x000001f251e6efe8: 0041 807f | 4000 0f85 | cb10 0000 | 4c8b 5424 | 6841 897a | 10c7 4510 | 0800 0000 | 4c8b d54c 
  0x000001f251e6f008: 8b5c 2468 | 4d33 d349 | c1ea 144d | 85d2 741a | 49c1 eb09 | 48b9 0000 | 2659 f201 | 0000 4903 
  0x000001f251e6f028: cb80 3902 | 0f85 6514 | 0000 498b | afb8 0100 | 004c 8bd5 | 4983 c230 | 4d3b 97c8 | 0100 000f 
  0x000001f251e6f048: 8338 2f00 | 004d 8997 | b801 0000 | 410f 0d8a | c000 0000 | 48c7 4500 | 0100 0000 

  0x000001f251e6f064: ;   {metadata('java/util/Hashtable')}
  0x000001f251e6f064: c745 08b8 | d300 0044 | 8965 0c4c | 8965 104c | 8965 184c | 8965 204c 

  0x000001f251e6f07c: ;   {section_word}
  0x000001f251e6f07c: 8965 28c5 | fa10 0541 | e8ff ff90 

  0x000001f251e6f088: ;   {static_call}
  0x000001f251e6f088: c5f8 77e8 

  0x000001f251e6f08c: ; ImmutableOopMap {rbp=Oop [32]=Oop [40]=Oop [48]=NarrowOop [56]=Oop [72]=Oop [80]=NarrowOop [84]=NarrowOop [88]=Oop [96]=Oop [104]=Oop [120]=NarrowOop [136]=Oop [144]=Oop [240]=Oop }
                      ;*invokestatic isNaN {reexecute=0 rethrow=0 return_oop=0}
                      ; - java.util.Hashtable::<init>@47
                      ; - java.util.Hashtable::<init>@4
                      ; - java.util.jar.JarVerifier::<init>@63
                      ; - java.util.jar.JarFile::getManifestFromReference@78
                      ; - java.util.jar.JarFile::getManifest@1
                      ; - jdk.internal.loader.URLClassPath$JarLoader$2::getManifest@22
                      ; - java.net.URLClassLoader::defineClass@34
                      ; - java.net.URLClassLoader$1::run@43
                      ; - java.net.URLClassLoader$1::run@1
  0x000001f251e6f08c: f0ff 56ff 

  0x000001f251e6f090: ;   {other}
  0x000001f251e6f090: 0f1f 8400 | 8020 0015 | 0f1f 8400 | 0000 0000 | 85c0 0f85 | 2439 0000 | c745 1400 | 0040 3f4d 
  0x000001f251e6f0b0: 8b97 b801 | 0000 4d8b | da49 83c3 | 4066 6690 | 4d3b 9fc8 | 0100 000f | 83a3 2f00 | 004d 899f 
  0x000001f251e6f0d0: b801 0000 | 410f 0d8b | c000 0000 | 49c7 0201 | 0000 0041 | 0f0d 8b00 

  0x000001f251e6f0e8: ;   {metadata('java/util/Hashtable$Entry'[])}
  0x000001f251e6f0e8: 0100 0041 | c742 08a8 | 7f13 0041 | 0f0d 8b40 | 0100 0041 | c742 0c0b | 0000 0041 | 0f0d 8b80 
  0x000001f251e6f108: 0100 004d | 8962 104d | 8962 184d | 8962 204d | 8962 284d | 8962 304d | 8962 3849 | 8bda 4180 
  0x000001f251e6f128: 7f40 000f | 85fe 1000 | 004c 8bd3 | 4d8b da44 | 895d 1c4c | 8b54 2468 | 4489 9424 | 8400 0000 
  0x000001f251e6f148: 488b f54c | 8bd5 4c8b | db4d 33da | 49c1 eb14 | 4d85 db74 | 1a49 c1ea | 0948 b900 | 0026 59f2 
  0x000001f251e6f168: 0100 0049 | 03ca 8039 | 020f 8562 | 1500 0066 | 0f1f 8400 | 0000 0000 | 4180 7f40 | 000f 85da 
  0x000001f251e6f188: 1000 004c | 8b54 2468 | 4189 7218 | c745 1008 | 0000 004c | 8bd5 4c8b | 5c24 684d | 33d3 49c1 
  0x000001f251e6f1a8: ea14 4d85 | d274 1a49 | c1eb 0948 | b900 0026 | 59f2 0100 | 0049 03cb | 8039 020f | 856e 1400 
  0x000001f251e6f1c8: 004d 8b97 | b801 0000 | 4d8b da49 | 83c3 1866 | 0f1f 8400 | 0000 0000 | 4d3b 9fc8 | 0100 000f 
  0x000001f251e6f1e8: ;   {no_reloc}
  0x000001f251e6f1e8: 835f 2e00 | 004d 899f | b801 0000 | 410f 0d8b | c000 0000 | 49c7 0201 

  0x000001f251e6f200: ;   {metadata('java/util/ArrayList')}
  0x000001f251e6f200: 0000 0041 | c742 08d0 | 890b 0045 | 8962 0c45 

  0x000001f251e6f210: ;   {oop(a 'java/lang/Object'[0] {0x00000000c07e6e28})}
  0x000001f251e6f210: 8962 1041 | c742 1428 | 6e7e c049 | 8bda 6690 | 4180 7f40 | 000f 85c4 | 0f00 004c | 8bd3 4c8b 
  0x000001f251e6f230: 5c24 6845 | 8953 1c4d | 8bd3 4c8b | db4d 33da | 49c1 eb14 | 4d85 db74 | 2049 c1ea | 0948 b900 
  0x000001f251e6f250: 0026 59f2 | 0100 0049 | 03ca 660f | 1f44 0000 | 8039 020f | 85c1 1400 | 004d 8b97 | b801 0000 
  0x000001f251e6f270: 4d8b da49 | 83c3 1866 | 0f1f 8400 | 0000 0000 | 4d3b 9fc8 | 0100 000f | 830b 2e00 | 004d 899f 
  0x000001f251e6f290: b801 0000 | 410f 0d8b | c000 0000 | 49c7 0201 

  0x000001f251e6f2a0: ;   {metadata('java/io/ByteArrayOutputStream')}
  0x000001f251e6f2a0: 0000 0041 | c742 08a0 | 0022 0045 | 8962 0c4d | 8962 1049 | 8bea 498b | 87b8 0100 | 004c 8bd0 
  0x000001f251e6f2c0: 4983 c230 | 4d3b 97c8 | 0100 000f | 8337 2e00 | 004d 8997 | b801 0000 | 410f 0d8a | c000 0000 
  0x000001f251e6f2e0: 48c7 0001 | 0000 0041 | 0f0d 8a00 

  0x000001f251e6f2ec: ;   {metadata({type array byte})}
  0x000001f251e6f2ec: 0100 00c7 | 4008 1823 | 0000 410f | 0d8a 4001 | 0000 c740 | 0c20 0000 | 0041 0f0d | 8a80 0100 
  0x000001f251e6f30c: 004c 8960 | 104c 8960 | 184c 8960 | 204c 8960 | 284c 8bd5 | 498b fa4c | 8bd0 4489 | 5510 4c8b 
  0x000001f251e6f32c: d04c 8bdd | 4d33 d349 | c1ea 144d | 85d2 741a | 49c1 eb09 | 48b9 0000 | 2659 f201 | 0000 4903 
  0x000001f251e6f34c: cb80 3902 | 0f85 3213 | 0000 6666 | 0f1f 8400 | 0000 0000 | 4180 7f40 | 000f 8543 | 0e00 004c 
  0x000001f251e6f36c: 8b54 2468 | 4189 7a24 | 4c8b d54c | 8b5c 2468 | 4d33 d349 | c1ea 144d | 85d2 7421 | 49c1 eb09 
  0x000001f251e6f38c: 48b9 0000 | 2659 f201 | 0000 4903 | cb0f 1f80 | 0000 0000 | 8039 020f | 853c 1200 | 004d 8b97 
  0x000001f251e6f3ac: b801 0000 | 4d8b da49 | 83c3 1866 | 0f1f 8400 | 0000 0000 | 4d3b 9fc8 | 0100 000f | 8318 2d00 
  0x000001f251e6f3cc: 004d 899f | b801 0000 | 410f 0d8b | c000 0000 | 49c7 0201 

  0x000001f251e6f3e0: ;   {metadata('java/util/ArrayList')}
  0x000001f251e6f3e0: 0000 0041 | c742 08d0 | 890b 0045 | 8962 0c45 

  0x000001f251e6f3f0: ;   {oop(a 'java/lang/Object'[0] {0x00000000c07e6e28})}
  0x000001f251e6f3f0: 8962 1041 | c742 1428 | 6e7e c00f | 1f44 0000 | 4180 7f40 | 000f 8594 | 0e00 004d | 8bda 4c8b 
  0x000001f251e6f410: 4424 6845 | 8958 344d | 8bd8 4d33 | d349 c1ea | 144d 85d2 | 7423 49c1 | eb09 48b9 | 0000 2659 
  0x000001f251e6f430: f201 0000 | 4903 cb66 | 0f1f 8400 | 0000 0000 | 8039 020f | 859f 1000 | 004d 8b97 | b801 0000 
  0x000001f251e6f450: 4d8b da49 | 83c3 3066 | 0f1f 8400 | 0000 0000 | 4d3b 9fc8 | 0100 000f | 834f 2c00 | 004d 899f 
  0x000001f251e6f470: b801 0000 | 410f 0d8b | c000 0000 | 49c7 0201 

  0x000001f251e6f480: ;   {metadata('java/util/HashMap')}
  0x000001f251e6f480: 0000 0041 | c742 0868 | a908 0045 | 8962 0c4d | 8962 104d | 8962 184d | 8962 2849 | c742 2000 
  0x000001f251e6f4a0: 0040 3f41 | 807f 4000 | 0f85 c10c | 0000 4d8b | da4c 8b44 | 2468 4589 | 5838 4d8b | d84d 33d3 
  0x000001f251e6f4c0: 49c1 ea14 | 4d85 d274 | 2049 c1eb | 0948 b900 | 0026 59f2 | 0100 0049 | 03cb 660f | 1f44 0000 
  0x000001f251e6f4e0: 8039 020f | 8550 1000 | 0041 807f | 4000 0f85 | 3e0c 0000 | 488b b424 | 9000 0000 | 448b 9424 
  0x000001f251e6f500: 8400 0000 | 4489 5630 | 4c8b 5424 | 684c 8bde | 4d33 d349 | c1ea 144d | 85d2 741a | 49c1 eb09 
  0x000001f251e6f520: 48b9 0000 | 2659 f201 | 0000 4903 | cb80 3902 | 0f85 5410 | 0000 498b | 87b8 0100 | 004c 8bd0 
  0x000001f251e6f540: 4983 c218 | 4d3b 97c8 | 0100 000f | 83d4 2a00 | 004d 8997 | b801 0000 | 410f 0d8a | c000 0000 
  0x000001f251e6f560: 48c7 0001 

  0x000001f251e6f564: ;   {metadata('java/util/jar/Manifest')}
  0x000001f251e6f564: 0000 00c7 | 4008 a0e1 | 0400 4489 | 600c 4c89 | 6010 4c8b | c08b 4e30 | 4d8b 8fb8 | 0100 004d 
  0x000001f251e6f584: 8bd1 4983 | c220 488b | d14d 3b97 | c801 0000 | 0f83 362a | 0000 4d89 | 97b8 0100 | 0041 0f0d 
  0x000001f251e6f5a4: 8ac0 0000 | 0049 c701 | 0100 0000 

  0x000001f251e6f5b0: ;   {metadata('java/io/ByteArrayInputStream')}
  0x000001f251e6f5b0: 41c7 4108 | a023 0500 | 4589 610c | 4d89 6110 | 4d89 6118 | 448b 5424 | 5445 8951 | 184c 8b94 
  0x000001f251e6f5d0: 2488 0000 | 0045 8b5a | 0c45 8959 | 148b 6e14 | 498b 9fb8 | 0100 004c | 8bd3 4983 | c210 4d3b 
  0x000001f251e6f5f0: 97c8 0100 | 000f 83aa | 2b00 004d | 8997 b801 | 0000 410f | 0d8a c000 | 0000 48c7 | 0301 0000 
  0x000001f251e6f610: ;   {metadata('java/util/jar/Attributes')}
  0x000001f251e6f610: 00c7 4308 | 4088 1600 | 4489 630c | 498b bfb8 | 0100 004c | 8bd7 4983 | c240 4d3b | 97c8 0100 
  0x000001f251e6f630: 000f 83f6 | 2a00 004d | 8997 b801 | 0000 410f | 0d8a c000 | 0000 48c7 | 0701 0000 

  0x000001f251e6f64c: ;   {metadata('java/util/LinkedHashMap')}
  0x000001f251e6f64c: 00c7 4708 | e8a1 0f00 | 4489 670c | 4c89 6710 | 4c89 6718 | 4c89 6720 | 4c89 6728 | 4c89 6730 
  0x000001f251e6f66c: 4c89 6738 | 448b 5c24 | 3466 6666 | 0f1f 8400 | 0000 0000 | 4181 fb01 | 0000 400f | 8341 3600 
  0x000001f251e6f68c: 00c7 4720 | 0000 403f | 448b 5c24 | 7c0f 1f80 | 0000 0000 | 4585 db0f | 8c74 0300 | 0041 81fb 
  0x000001f251e6f6ac: 0000 0040 | 0f8d 6f37 | 0000 448b | 9c24 8000 | 0000 4889 | 9424 8800 | 0000 4c89 | 8c24 8000 
  0x000001f251e6f6cc: 0000 894c | 2434 4d8b | e848 8974 | 2468 4489 | 5f1c 4489 | 672c 4488 | 6730 4c8b | df44 895b 
  0x000001f251e6f6ec: 0c4c 8bd7 | 4c8b db4d | 33d3 488b | fb49 c1ea | 144c 8bc5 | 4c89 8424 | 9000 0000 | 4d85 d274 
  0x000001f251e6f70c: 1c49 c1eb | 0948 b900 | 0026 59f2 | 0100 0049 | 03cb 6690 | 8039 020f | 855c 1000 | 0041 807f 
  0x000001f251e6f72c: 4000 0f85 | f70b 0000 | 4d8b c541 | 8978 0c4c | 8bd3 4d8b | d84d 33d3 | 49c1 ea14 | 4d85 d274 
  0x000001f251e6f74c: ;   {no_reloc}
  0x000001f251e6f74c: 1c49 c1eb | 0948 b900 | 0026 59f2 | 0100 0049 | 03cb 6690 | 8039 020f | 856e 1000 | 004d 8b8f 
  0x000001f251e6f76c: b801 0000 | 4d8b d149 | 83c2 3066 | 0f1f 8400 | 0000 0000 | 4d3b 97c8 | 0100 000f | 837c 2a00 
  0x000001f251e6f78c: 004d 8997 | b801 0000 | 410f 0d8a | c000 0000 | 49c7 0101 

  0x000001f251e6f7a0: ;   {metadata('java/util/HashMap')}
  0x000001f251e6f7a0: 0000 0041 | c741 0868 | a908 0045 | 8961 0c4d | 8961 104d | 8961 184d | 8961 2849 | c741 2000 
  0x000001f251e6f7c0: 0040 3f41 | 807f 4000 | 0f85 170b | 0000 4d8b | d04d 8bd9 | 4589 5810 | 4d8b d94d | 33da 49c1 
  0x000001f251e6f7e0: eb14 4d85 | db74 2249 | c1ea 0948 | b900 0026 | 59f2 0100 | 0049 03ca | 0f1f 8400 | 0000 0000 
  0x000001f251e6f800: 8039 020f | 851e 1000 | 0049 8be8 | 498b d04c | 8b84 2480 | 0000 004c | 8b8c 2490 | 0000 0090 
  0x000001f251e6f820: ;   {optimized virtual_call}
  0x000001f251e6f820: c5f8 77e8 

  0x000001f251e6f824: ; ImmutableOopMap {rbp=Oop [32]=Oop [40]=Oop [48]=NarrowOop [52]=NarrowOop [56]=Oop [72]=Oop [80]=NarrowOop [88]=Oop [96]=Oop [104]=Oop [120]=NarrowOop [136]=Oop [240]=Oop }
                      ;*invokevirtual read {reexecute=0 rethrow=0 return_oop=0}
                      ; - java.util.jar.Manifest::<init>@29
                      ; - java.util.jar.JarFile::getManifestFromReference@121
                      ; - java.util.jar.JarFile::getManifest@1
                      ; - jdk.internal.loader.URLClassPath$JarLoader$2::getManifest@22
                      ; - java.net.URLClassLoader::defineClass@34
                      ; - java.net.URLClassLoader$1::run@43
                      ; - java.net.URLClassLoader$1::run@1
  0x000001f251e6f824: 58f2 56ff 

  0x000001f251e6f828: ;   {other}
  0x000001f251e6f828: 0f1f 8400 | 1828 0016 | 4180 7f40 | 000f 852a | 0b00 004c | 8bc5 448b | 4c24 3445 | 8948 144c 
  0x000001f251e6f848: 8b94 2488 | 0000 004d | 8bd8 4d33 | d349 c1ea | 144d 85d2 | 7421 6690 | 4585 c974 | 1a49 c1eb 
  0x000001f251e6f868: 0948 b900 | 0026 59f2 | 0100 0049 | 03cb 8039 | 020f 85a6 | 1000 004c | 8984 2488 | 0000 0049 
  0x000001f251e6f888: 8b87 b801 | 0000 4c8b | d049 83c2 | 2866 6666 | 0f1f 8400 | 0000 0000 | 4d3b 97c8 | 0100 000f 
  0x000001f251e6f8a8: 8321 2600 | 004d 8997 | b801 0000 | 410f 0d8a | c000 0000 | 48c7 0001 

  0x000001f251e6f8c0: ;   {metadata('java/lang/ref/SoftReference')}
  0x000001f251e6f8c0: 0000 00c7 | 4008 90df | 0300 4489 | 600c 4c89 | 6010 4c89 | 6018 4c89 | 6020 4c8b | d049 8bea 
  0x000001f251e6f8e0: 498b d24c | 8b84 2488 | 0000 0090 

  0x000001f251e6f8ec: ;   {optimized virtual_call}
  0x000001f251e6f8ec: c5f8 77e8 

  0x000001f251e6f8f0: ; ImmutableOopMap {rbp=Oop [32]=Oop [40]=Oop [48]=NarrowOop [56]=Oop [72]=Oop [80]=NarrowOop [88]=Oop [96]=Oop [104]=Oop [120]=NarrowOop [136]=Oop [240]=Oop }
                      ;*invokespecial <init> {reexecute=0 rethrow=0 return_oop=0}
                      ; - java.util.jar.JarFile::getManifestFromReference@189
                      ; - java.util.jar.JarFile::getManifest@1
                      ; - jdk.internal.loader.URLClassPath$JarLoader$2::getManifest@22
                      ; - java.net.URLClassLoader::defineClass@34
                      ; - java.net.URLClassLoader$1::run@43
                      ; - java.net.URLClassLoader$1::run@1
  0x000001f251e6f8f0: cc88 c6ff 

  0x000001f251e6f8f4: ;   {other}
  0x000001f251e6f8f4: 0f1f 8400 | e428 0017 | 0f1f 4000 | 4180 7f40 | 000f 850e | 0600 0048 | 8b5c 2468 | 4c8b d34c 
  0x000001f251e6f914: 8bdd 4d8b | c344 8943 | 284d 33da | 49c1 eb14 | 4d85 db74 | 2149 c1ea | 0949 b800 | 0026 59f2 
  0x000001f251e6f934: 0100 004d | 03c2 660f | 1f44 0000 | 4180 3802 | 0f85 0706 | 0000 4c8b | 9424 8800 | 0000 e963 
  0x000001f251e6f954: ecff ff4c | 894e 200f | 1f44 0000 | e945 ecff | ff33 ede9 | d4e0 ffff | 488b 5424 | 6841 b801 
  0x000001f251e6f974: 0000 0090 

  0x000001f251e6f978: ;   {optimized virtual_call}
  0x000001f251e6f978: c5f8 77e8 

  0x000001f251e6f97c: ; ImmutableOopMap {[32]=Oop [40]=Oop [48]=NarrowOop [56]=Oop [72]=Oop [80]=NarrowOop [84]=NarrowOop [88]=Oop [96]=Oop [104]=Oop [120]=NarrowOop [240]=Oop }
                      ;*invokevirtual getManifestName {reexecute=0 rethrow=0 return_oop=1}
                      ; - java.util.zip.ZipFile$1::getManifestName@2
                      ; - java.util.jar.JarFile::maybeInstantiateVerifier@20
                      ; - java.util.jar.JarFile::ensureInitialization@1
                      ; - java.util.jar.JavaUtilJarAccessImpl::ensureInitialization@1
                      ; - jdk.internal.loader.URLClassPath$JarLoader$2::getManifest@10
                      ; - java.net.URLClassLoader::defineClass@34
                      ; - java.net.URLClassLoader$1::run@43
                      ; - java.net.URLClassLoader$1::run@1
  0x000001f251e6f97c: 80e3 a3f7 

  0x000001f251e6f980: ;   {other}
  0x000001f251e6f980: 0f1f 8400 | 7029 0018 | 4885 c00f | 851c 0300 | 0044 8b54 | 2454 4588 | 6212 e9fb 

  0x000001f251e6f99c: ;   {oop(""{0x00000000c075eec0})}
  0x000001f251e6f99c: eaff ff48 | bdc0 ee75 | c000 0000 | 00e9 9de9 | ffff c5f8 | 7748 b888 | 192e 5ef2 

  0x000001f251e6f9b8: ;   {virtual_call}
  0x000001f251e6f9b8: 0100 00e8 

  0x000001f251e6f9bc: ; ImmutableOopMap {[32]=Oop [40]=NarrowOop [44]=NarrowOop [48]=Oop [56]=Oop [72]=Oop [80]=Oop [120]=NarrowOop }
                      ;*invokevirtual getBytes {reexecute=0 rethrow=0 return_oop=1}
                      ; - java.net.URLClassLoader::defineClass@179
                      ; - java.net.URLClassLoader$1::run@43
                      ; - java.net.URLClassLoader$1::run@1
  0x000001f251e6f9bc: 40db feff 

  0x000001f251e6f9c0: ;   {other}
  0x000001f251e6f9c0: 0f1f 8400 | b029 0019 | 4889 4424 | 58e9 d3ec 

  0x000001f251e6f9d0: ;   {metadata('jdk/internal/loader/URLClassPath$FileLoader$1')}
  0x000001f251e6f9d0: ffff 4181 | fb88 192e | 010f 8518 | 4200 0033 | ede9 f2ec | ffff 4c89 | 5c24 3048 | 894c 2450 
  0x000001f251e6f9f0: e947 ecff | ff66 6666 | 0f1f 8400 | 0000 0000 

  0x000001f251e6fa00: ;   {metadata('jdk/internal/loader/URLClassPath$FileLoader$1')}
  0x000001f251e6fa00: 4181 fb88 | 192e 010f | 8513 4200 | 004c 8bdf | 458b 431c 

  0x000001f251e6fa14: ; implicit exception: dispatches to 0x000001f251e74ab8
  0x000001f251e6fa14: 458b 400c | e91b e6ff | ff41 bb01 | 0000 00e9 | 96fc ffff | 4533 d24c | 8954 2470 | e9d5 e5ff 
  0x000001f251e6fa34: ff41 bb01 | 0000 000f | 1f44 0000 | e9be efff | ff49 8bea | 498b d166 | 6690 c5f8 | 7748 b8a0 
  0x000001f251e6fa54: 9931 5df2 

  0x000001f251e6fa58: ;   {virtual_call}
  0x000001f251e6fa58: 0100 00e8 

  0x000001f251e6fa5c: ; ImmutableOopMap {rbp=Oop [32]=Oop [40]=Oop [48]=NarrowOop [56]=Oop [72]=Oop [80]=NarrowOop [88]=Oop [96]=Oop [104]=Oop [120]=NarrowOop [240]=Oop }
                      ;*invokevirtual close {reexecute=0 rethrow=0 return_oop=0}
                      ; - java.util.jar.JarFile::getManifestFromReference@152
                      ; - java.util.jar.JarFile::getManifest@1
                      ; - jdk.internal.loader.URLClassPath$JarLoader$2::getManifest@22
                      ; - java.net.URLClassLoader::defineClass@34
                      ; - java.net.URLClassLoader$1::run@43
                      ; - java.net.URLClassLoader$1::run@1
  0x000001f251e6fa5c: a05e beff 

  0x000001f251e6fa60: ;   {other}
  0x000001f251e6fa60: 0f1f 8400 | 502a 001a | e92b f1ff | ff41 8bea | 450f b65a | 1145 85db | 0f85 2cea | ffff 6690 
  0x000001f251e6fa80: ;   {static_call}
  0x000001f251e6fa80: c5f8 77e8 

  0x000001f251e6fa84: ; ImmutableOopMap {rbp=NarrowOop [32]=Oop [40]=Oop [48]=NarrowOop [56]=Oop [72]=Oop [80]=NarrowOop [88]=Oop [96]=Oop [104]=Oop [120]=NarrowOop [240]=Oop }
                      ;*invokestatic beginInit {reexecute=0 rethrow=0 return_oop=1}
                      ; - java.util.jar.JarFile::ensureInitialization@31
                      ; - java.util.jar.JavaUtilJarAccessImpl::ensureInitialization@1
                      ; - jdk.internal.loader.URLClassPath$JarLoader$2::getManifest@10
                      ; - java.net.URLClassLoader::defineClass@34
                      ; - java.net.URLClassLoader$1::run@43
                      ; - java.net.URLClassLoader$1::run@1
  0x000001f251e6fa84: f8f5 56ff 

  0x000001f251e6fa88: ;   {other}
  0x000001f251e6fa88: 0f1f 8400 | 782a 001b | 4889 8424 | 8800 0000 | 488b 5424 | 6866 6690 

  0x000001f251e6faa0: ;   {optimized virtual_call}
  0x000001f251e6faa0: c5f8 77e8 

  0x000001f251e6faa4: ; ImmutableOopMap {rbp=NarrowOop [32]=Oop [40]=Oop [48]=NarrowOop [56]=Oop [72]=Oop [80]=NarrowOop [88]=Oop [96]=Oop [104]=Oop [120]=NarrowOop [136]=Oop [240]=Oop }
                      ;*invokevirtual initializeVerifier {reexecute=0 rethrow=0 return_oop=0}
                      ; - java.util.jar.JarFile::ensureInitialization@36
                      ; - java.util.jar.JavaUtilJarAccessImpl::ensureInitialization@1
                      ; - jdk.internal.loader.URLClassPath$JarLoader$2::getManifest@10
                      ; - java.net.URLClassLoader::defineClass@34
                      ; - java.net.URLClassLoader$1::run@43
                      ; - java.net.URLClassLoader$1::run@1
  0x000001f251e6faa4: d8ef 56ff 

  0x000001f251e6faa8: ;   {other}
  0x000001f251e6faa8: 0f1f 8400 | 982a 001c | 448b d541 | c642 1101 | 488b 9424 | 8800 0000 

  0x000001f251e6fac0: ;   {static_call}
  0x000001f251e6fac0: c5f8 77e8 

  0x000001f251e6fac4: ; ImmutableOopMap {[32]=Oop [40]=Oop [48]=NarrowOop [56]=Oop [72]=Oop [80]=NarrowOop [88]=Oop [96]=Oop [104]=Oop [120]=NarrowOop [240]=Oop }
                      ;*invokestatic endInit {reexecute=0 rethrow=0 return_oop=0}
                      ; - java.util.jar.JarFile::ensureInitialization@45
                      ; - java.util.jar.JavaUtilJarAccessImpl::ensureInitialization@1
                      ; - jdk.internal.loader.URLClassPath$JarLoader$2::getManifest@10
                      ; - java.net.URLClassLoader::defineClass@34
                      ; - java.net.URLClassLoader$1::run@43
                      ; - java.net.URLClassLoader$1::run@1
  0x000001f251e6fac4: b8f5 56ff 

  0x000001f251e6fac8: ;   {other}
  0x000001f251e6fac8: 0f1f 8400 | b82a 001d | e9d5 e9ff | ff66 6666 | 0f1f 8400 | 0000 0000 

  0x000001f251e6fae0: ;   {metadata('jdk/internal/loader/URLClassPath$FileLoader$1')}
  0x000001f251e6fae0: 4181 f988 | 192e 010f | 85f8 4300 | 0045 33d2 | e9e2 eaff | ff85 ed0f | 848e eaff | ff4d 8b57 
  0x000001f251e6fb00: 2848 8bcd | 4d85 d20f | 84f3 2c00 | 004d 8b5f | 384b 894c | 13f8 4983 | c2f8 4d89 | 5728 6690 
  0x000001f251e6fb20: e966 eaff | ff48 8b6c | 2468 448b | 5514 4585 | d20f 84c3 | e7ff ff4d | 8b47 2849 | 8bca 6690 
  0x000001f251e6fb40: 4d85 c00f | 84dd 2c00 | 004d 8b57 | 384b 894c | 02f8 4983 | c0f8 4d89 | 4728 e99b | e7ff ff4d 
  0x000001f251e6fb60: 8b57 584d | 8b5f 48f0 | 8344 24c0 | 0080 3900 | 0f84 b4e7 | ffff 4488 | 214d 85db | 7520 498b 
  0x000001f251e6fb80: d7c5 f877 | 49ba 00a4 | 22da ff7f | 0000 41ff 

  0x000001f251e6fb90: ;   {other}
  0x000001f251e6fb90: d20f 1f84 | 0000 0000 | 00e9 8ce7 | ffff 4b89 | 4c1a f849 | 83c3 f84d | 895f 48e9 | 7ae7 ffff 
  0x000001f251e6fbb0: 498b db4d | 8bc8 4c63 | c54d 8d50 | 104d 8bda | 4983 e3f8 | 488b fb49 | 03fb 49c1 | ea03 4d8b 
  0x000001f251e6fbd0: d94d 2bda | 498b cb48 | 33c0 4883 | f908 7f10 | 48ff c978 | 4f48 8904 | cf48 ffc9 | 7df7 eb44 
  0x000001f251e6fbf0: c5fd efc0 | e90d 0000 | 00c5 fe7f | 07c5 fe7f | 4720 4883 | c740 4883 | e908 7ded | 4883 c104 
  0x000001f251e6fc10: 7c0c c5fe | 7f07 4883 | c720 4883 | e904 4883 | c104 7e10 | 48ff c9c5 | f9d6 0748 | 83c7 0848 
  0x000001f251e6fc30: ffc9 7df3 | 488b 8c24 | 8000 0000 | c5f8 7749 | bac0 443c | 51f2 0100 | 0041 ffd2 

  0x000001f251e6fc4c: ;   {other}
  0x000001f251e6fc4c: 0f1f 8400 | 0000 0000 | 4c8b dbe9 | 8ee6 ffff | 488b 5424 | 504c 8b84 | 24f0 0000 | 004c 8b4c 
  0x000001f251e6fc6c: 2470 488b | 7c24 7048 | 8b74 2470 | 488b 4c24 | 704c 890c | 244c 894c | 2408 4c89 | 4c24 1090 
  0x000001f251e6fc8c: ;   {optimized virtual_call}
  0x000001f251e6fc8c: c5f8 77e8 

  0x000001f251e6fc90: ; ImmutableOopMap {[32]=NarrowOop [36]=NarrowOop [40]=Oop [48]=Oop [56]=Oop [72]=Oop [80]=Oop [120]=NarrowOop [240]=Oop }
                      ;*invokevirtual definePackage {reexecute=0 rethrow=0 return_oop=1}
                      ; - java.net.URLClassLoader::defineClass@81
                      ; - java.net.URLClassLoader$1::run@43
                      ; - java.net.URLClassLoader$1::run@1
  0x000001f251e6fc90: eced 56ff 

  0x000001f251e6fc94: ;   {other}
  0x000001f251e6fc94: 0f1f 8400 | 842c 001e | 0f1f 4000 | e9cb ebff | ff45 33d2 | e90d e9ff 

  0x000001f251e6fcac: ;   {metadata('java/util/jar/JarFile')}
  0x000001f251e6fcac: ff81 fd08 | 1419 000f | 85ec 4200 | 004c 8b54 | 2468 4c89 | 9424 8800 | 0000 418b | 5a28 85db 
  0x000001f251e6fccc: 0f84 530f | 0000 8b6b | 0c66 6666 | 0f1f 8400 | 0000 0000 | 4180 7f40 | 000f 8586 | 2b00 0044 
  0x000001f251e6fcec: 8b5d 084c 

  0x000001f251e6fcf0: ;   {oop(a 'java/lang/Class'{0x00000000c0744f00} = 'java/lang/ref/SoftReference')}
  0x000001f251e6fcf0: 8b53 2049 | b800 4f74 | c000 0000 | 004d 8b40 | 704d 3bd0 | 0f85 bb21 

  0x000001f251e6fd08: ;   {metadata('java/util/jar/Manifest')}
  0x000001f251e6fd08: 0000 4181 | fba0 e104 | 000f 8551 | 4a00 0044 | 8b54 2454 | 0f1f 4000 | e975 e7ff | ff44 8954 
  0x000001f251e6fd28: 2444 4889 | 5c24 4889 | 7c24 4089 | 4c24 3444 | 894c 2430 | 4c89 4424 | 284c 895c | 2420 488b 
  0x000001f251e6fd48: ;   {metadata({type array byte})}
  0x000001f251e6fd48: 6c24 3848 | ba18 2300 | 5df2 0100 | 0044 8b44 | 2444 4889 | 7424 3890 

  0x000001f251e6fd60: ;   {runtime_call _new_array_Java}
  0x000001f251e6fd60: c5f8 77e8 

  0x000001f251e6fd64: ; ImmutableOopMap {rbp=Oop [32]=Oop [40]=Oop }
                      ;*invokevirtual allocateUninitializedArray0 {reexecute=0 rethrow=0 return_oop=1}
                      ; - jdk.internal.misc.Unsafe::allocateUninitializedArray@51
                      ; - java.lang.StringConcatHelper::newArray@33
                      ; - java.lang.StringConcatHelper::simpleConcat@61
                      ; - java.lang.String::concat@11
                      ; - java.net.URLClassLoader$1::run@13
                      ; - java.net.URLClassLoader$1::run@1
  0x000001f251e6fd64: 98bb 59ff 

  0x000001f251e6fd68: ;   {other}
  0x000001f251e6fd68: 0f1f 8400 | 582d 001f | 4889 6c24 | 384c 8b44 | 2428 448b | 4c24 308b | 4c24 348b | 7c24 4048 
  0x000001f251e6fd88: 8b5c 2448 | 448b 5424 | 4448 8be8 | 4c8b 5c24 | 20e9 a7e0 

  0x000001f251e6fd9c: ;   {metadata('java/lang/String')}
  0x000001f251e6fd9c: ffff 48ba | 78e8 005d | f201 0000 

  0x000001f251e6fda8: ;   {runtime_call _new_instance_Java}
  0x000001f251e6fda8: c5f8 77e8 

  0x000001f251e6fdac: ; ImmutableOopMap {rbp=Oop [56]=Oop }
                      ;*new {reexecute=0 rethrow=0 return_oop=1}
                      ; - java.lang.StringConcatHelper::newString@6
                      ; - java.lang.StringConcatHelper::simpleConcat@90
                      ; - java.lang.String::concat@11
                      ; - java.net.URLClassLoader$1::run@13
                      ; - java.net.URLClassLoader$1::run@1
  0x000001f251e6fdac: 50be 59ff 

  0x000001f251e6fdb0: ;   {other}
  0x000001f251e6fdb0: 0f1f 8400 | a02d 0020 | e942 e1ff | ff48 8974 | 2450 8954 | 2448 897c | 2434 4c89 | 7424 4089 
  0x000001f251e6fdd0: 4c24 3044 | 894c 242c | 895c 2428 | 4c8b 5424 | 384c 8954 

  0x000001f251e6fde4: ;   {metadata({type array byte})}
  0x000001f251e6fde4: 2420 48ba | 1823 005d | f201 0000 | 448b c190 

  0x000001f251e6fdf4: ;   {runtime_call _new_array_Java}
  0x000001f251e6fdf4: c5f8 77e8 

  0x000001f251e6fdf8: ; ImmutableOopMap {[32]=Oop [40]=NarrowOop [44]=NarrowOop [64]=Oop [80]=Oop }
                      ;*invokevirtual allocateUninitializedArray0 {reexecute=0 rethrow=0 return_oop=1}
                      ; - jdk.internal.misc.Unsafe::allocateUninitializedArray@51
                      ; - java.lang.StringConcatHelper::newArray@33
                      ; - java.lang.StringLatin1::replace@49
                      ; - java.lang.String::replace@18
                      ; - java.net.URLClassLoader$1::run@8
                      ; - java.net.URLClassLoader$1::run@1
  0x000001f251e6fdf8: 04bb 59ff 

  0x000001f251e6fdfc: ;   {other}
  0x000001f251e6fdfc: 0f1f 8400 | ec2d 0021 | 4c8b 5c24 | 204c 895c | 2438 8b5c | 2428 448b | 4c24 2c8b | 4c24 304c 
  0x000001f251e6fe1c: 8b74 2440 | 8b7c 2434 | 8b54 2448 | 488b 7424 | 504c 8bd8 | e97e dcff 

  0x000001f251e6fe34: ;   {metadata('java/lang/String')}
  0x000001f251e6fe34: ff48 ba78 | e800 5df2 | 0100 0049 | 8bee 4c89 | 5c24 3090 

  0x000001f251e6fe48: ;   {runtime_call _new_instance_Java}
  0x000001f251e6fe48: c5f8 77e8 

  0x000001f251e6fe4c: ; ImmutableOopMap {rbp=Oop [48]=Oop [56]=Oop }
                      ;*new {reexecute=0 rethrow=0 return_oop=1}
                      ; - java.lang.StringLatin1::replace@116
                      ; - java.lang.String::replace@18
                      ; - java.net.URLClassLoader$1::run@8
                      ; - java.net.URLClassLoader$1::run@1
  0x000001f251e6fe4c: b0bd 59ff 

  0x000001f251e6fe50: ;   {other}
  0x000001f251e6fe50: 0f1f 8400 | 402e 0022 | 4c8b c04c | 8b5c 2430 | e9d5 deff | ff4c 8944 

  0x000001f251e6fe68: ;   {metadata('java/security/CodeSource')}
  0x000001f251e6fe68: 2448 48ba | 285c 005d | f201 0000 

  0x000001f251e6fe74: ;   {runtime_call _new_instance_Java}
  0x000001f251e6fe74: c5f8 77e8 

  0x000001f251e6fe78: ; ImmutableOopMap {rbp=Oop [32]=Oop [40]=NarrowOop [44]=NarrowOop [48]=Oop [56]=Oop [72]=Oop [80]=Oop [88]=Oop [120]=NarrowOop }
                      ;*new {reexecute=0 rethrow=0 return_oop=1}
                      ; - java.net.URLClassLoader::defineClass@190
                      ; - java.net.URLClassLoader$1::run@43
                      ; - java.net.URLClassLoader$1::run@1
  0x000001f251e6fe78: 84bd 59ff 

  0x000001f251e6fe7c: ;   {other}
  0x000001f251e6fe7c: 0f1f 8400 | 6c2e 0023 | e99c e8ff | ff48 894c | 2468 4c89 | 5c24 6044 | 8944 2434 | 4889 5424 
  0x000001f251e6fe9c: 5848 8944 | 2450 4489 | 5424 3044 | 894c 242c | 448b 5c24 | 7c44 895c | 2428 8974 | 2420 488b 
  0x000001f251e6febc: 6c24 7048 | 897c 2448 

  0x000001f251e6fec4: ;   {metadata('java/lang/String')}
  0x000001f251e6fec4: 48ba 78e8 | 005d f201 | 0000 6690 

  0x000001f251e6fed0: ;   {runtime_call _new_instance_Java}
  0x000001f251e6fed0: c5f8 77e8 

  0x000001f251e6fed4: ; ImmutableOopMap {[32]=NarrowOop [40]=NarrowOop [52]=NarrowOop [56]=Oop [72]=Oop [80]=Oop [88]=Oop [96]=Oop [104]=Oop [120]=NarrowOop [124]=NarrowOop }
                      ;*new {reexecute=0 rethrow=0 return_oop=1}
                      ; - java.lang.StringLatin1::newString@7
                      ; - java.lang.String::substring@41
                      ; - java.net.URLClassLoader::defineClass@28
                      ; - java.net.URLClassLoader$1::run@43
                      ; - java.net.URLClassLoader$1::run@1
  0x000001f251e6fed4: 28bd 59ff 

  0x000001f251e6fed8: ;   {other}
  0x000001f251e6fed8: 0f1f 8400 | c82e 0024 | 488b d848 | 8b7c 2448 | 4889 6c24 | 708b 7424 | 2044 8b4c | 242c 448b 
  0x000001f251e6fef8: 5424 3048 | 8b44 2450 | 488b 5424 | 5844 8b44 | 2434 4c8b | 5c24 6048 | 8b4c 2468 | e998 e1ff 
  0x000001f251e6ff18: ff48 8b5c | 2468 448b | 5328 4585 | d20f 84e5 | f9ff ff4d | 8b5f 2849 | 8bca 4d85 | db0f 84f1 
  0x000001f251e6ff38: 2a00 004d | 8b57 384b | 894c 1af8 | 4983 c3f8 | 4d89 5f28 | e9bf f9ff | ff4d 8b57 | 484d 8b5f 
  0x000001f251e6ff58: 58f0 8344 | 24c0 0090 | 4180 3800 | 0f84 e0f9 | ffff 4588 | 204d 85d2 | 7523 498b | c849 8bd7 
  0x000001f251e6ff78: c5f8 7749 | ba00 a422 | daff 7f00 | 0041 ffd2 

  0x000001f251e6ff88: ;   {other}
  0x000001f251e6ff88: 0f1f 8400 | 0000 0000 | e9b5 f9ff | ff4f 8944 | 13f8 4983 | c2f8 4d89 | 5748 e9a3 | f9ff ff48 
  0x000001f251e6ffa8: 897c 2448 | 8974 2428 | 4489 5424 | 2c48 8944 | 2420 4889 | 5424 3044 | 8944 2450 | 4c89 5c24 
  0x000001f251e6ffc8: 5848 894c | 2460 4889 | 5c24 684c | 89ac 2480 | 0000 004c | 89b4 2488 | 0000 004c | 898c 2490 
  0x000001f251e6ffe8: ;   {metadata({type array byte})}
  0x000001f251e6ffe8: 0000 0048 | ba18 2300 | 5df2 0100 | 0044 8b44 | 242c 6690 

  0x000001f251e6fffc: ;   {runtime_call _new_array_nozero_Java}
  0x000001f251e6fffc: c5f8 77e8 

  0x000001f251e70000: ; ImmutableOopMap {[32]=Oop [128]=Derived_oop_[32] [40]=NarrowOop [48]=Oop [56]=Oop [72]=Oop [80]=NarrowOop [88]=Oop [96]=Oop [104]=Oop [120]=NarrowOop }
                      ;*newarray {reexecute=0 rethrow=0 return_oop=1}
                      ; - java.util.Arrays::copyOfRangeByte@10
                      ; - java.util.Arrays::copyOfRange@13
                      ; - java.lang.StringLatin1::newString@16
                      ; - java.lang.String::substring@41
                      ; - java.net.URLClassLoader::defineClass@28
                      ; - java.net.URLClassLoader$1::run@43
                      ; - java.net.URLClassLoader$1::run@1
  0x000001f251e70000: 7cb5 59ff 

  0x000001f251e70004: ;   {other}
  0x000001f251e70004: 0f1f 8400 | f42f 0025 | 448b 5424 | 2c4c 8bd8 | e973 e2ff | ff4c 8b54 | 2468 458b | 5a2c 4585 
  0x000001f251e70024: db0f 84c0 | ecff ff4d | 8b57 2849 | 8bcb 4d85 | d20f 84a5 | 2a00 004d | 8b5f 384b | 894c 13f8 
  0x000001f251e70044: 4983 c2f8 | 4d89 5728 | e99a ecff | ff44 8b55 | 1c45 85d2 | 0f84 d3ed | ffff 4d8b | 5f28 498b 
  0x000001f251e70064: ca4d 85db | 0f84 972a | 0000 4d8b | 5738 4b89 | 4c1a f849 | 83c3 f84d | 895f 2890 | e9ac edff 
  0x000001f251e70084: ff4c 8b54 | 2468 458b | 5a14 4585 | db0f 84dd | edff ff4d | 8b57 2849 | 8bcb 6690 | 4d85 d20f 
  0x000001f251e700a4: 847c 2a00 | 004d 8b5f | 384b 894c | 13f8 4983 | c2f8 4d89 | 5728 e9b5 | edff ff4c | 8b54 2468 
  0x000001f251e700c4: 458b 5210 | 4585 d20f | 8423 efff | ff4d 8b5f | 2849 8bca | 0f1f 8400 | 0000 0000 | 4d85 db0f 
  0x000001f251e700e4: 845c 2a00 | 004d 8b57 | 384b 894c | 1af8 4983 | c3f8 4d89 | 5f28 e9f5 | eeff ff44 

  0x000001f251e70100: ;   {no_reloc}
  0x000001f251e70100: 8b5d 1c45 | 85db 0f84 | a5ee ffff | 4d8b 5728 | 498b cb4d | 85d2 0f84 | 492a 0000 | 4d8b 5f38 
  0x000001f251e70120: 4b89 4c13 | f849 83c2 | f84d 8957 | 28e9 7fee | ffff 488b | b424 9000 | 0000 448b | 5e30 6690 
  0x000001f251e70140: 4585 db0f | 84b3 f3ff | ff4d 8b57 | 2849 8bcb | 4d85 d20f | 844c 2a00 | 004d 8b5f | 384b 894c 
  0x000001f251e70160: 13f8 4983 | c2f8 4d89 | 5728 e98d | f3ff ff49 | 8bda 4c8b | 5424 6845 | 8b5a 380f | 1f44 0000 
  0x000001f251e70180: 4585 db74 | 214d 8b57 | 2849 8bcb | 4d85 d20f | 8430 2a00 | 004d 8b5f | 384b 894c | 13f8 4983 
  0x000001f251e701a0: c2f8 4d89 | 5728 4c8b | d3e9 00f3 | ffff 4c8b | 5424 6845 | 8b5a 2466 | 0f1f 8400 | 0000 0000 
  0x000001f251e701c0: 4585 db0f | 84a2 f1ff | ff4d 8b57 | 2849 8bcb | 4d85 d20f | 84ac 2900 | 004d 8b5f | 384b 894c 
  0x000001f251e701e0: 13f8 4983 | c2f8 4d89 | 5728 e97c | f1ff ff4c | 8b54 2468 | 458b 5a1c | 0f1f 8400 | 0000 0000 
  0x000001f251e70200: ;   {no_reloc}
  0x000001f251e70200: 4585 db0f | 8422 f0ff | ff4d 8b57 | 2849 8bcb | 4d85 d20f | 842c 2a00 | 004d 8b5f | 384b 894c 
  0x000001f251e70220: 13f8 4983 | c2f8 4d89 | 5728 e9fc | efff ff44 | 8b55 1c45 | 85d2 0f84 | f5ee ffff | 4d8b 5f28 
  0x000001f251e70240: 498b ca4d | 85db 0f84 | b929 0000 | 4d8b 5738 | 4b89 4c1a | f849 83c3 | f84d 895f | 2866 6690 
  0x000001f251e70260: e9cc eeff | ff4c 8b54 | 2468 458b | 5a18 4585 | db0f 8414 | efff ff4d | 8b57 2849 | 8bcb 6690 
  0x000001f251e70280: 4d85 d20f | 849c 2900 | 004d 8b5f | 384b 894c | 13f8 4983 | c2f8 4d89 | 5728 e9ec | eeff ff49 
  0x000001f251e702a0: 8bda 4c8b | 5424 6845 | 8b5a 3445 | 85db 742a | 4d8b 5728 | 498b cb66 | 0f1f 8400 | 0000 0000 
  0x000001f251e702c0: 4d85 d20f | 841c 2900 | 004d 8b5f | 384b 894c | 13f8 4983 | c2f8 4d89 | 5728 4c8b | d366 6690 
  0x000001f251e702e0: e926 f1ff | ff45 8b50 | 1045 85d2 | 0f84 dcf4 | ffff 4d8b | 5f28 498b | ca0f 1f80 | 0000 0000 
  0x000001f251e70300: ;   {no_reloc}
  0x000001f251e70300: 4d85 db0f | 845c 2900 | 0049 8bf9 | 498b d84d | 8b57 384b | 894c 1af8 | 4983 c3f8 | 4d89 5f28 
  0x000001f251e70320: 4c8b c34c | 8bcf e9a3 | f4ff ff4d | 8bc5 458b | 580c 4585 | db0f 84fc | f3ff ff4d | 8b57 2849 
  0x000001f251e70340: 8bcb 4d85 | d20f 8440 | 2900 004d | 8b5f 384b | 894c 13f8 | 4983 c2f8 | 4d89 5728 | 4d8b c590 
  0x000001f251e70360: e9d2 f3ff | ff4c 8bc5 | 458b 5014 | 4585 d20f | 84c9 f4ff | ff4d 8b5f | 2849 8bca | 0f1f 4000 
  0x000001f251e70380: 4d85 db0f | 8422 2900 | 004d 8b57 | 384b 894c | 1af8 4983 | c3f8 4d89 | 5f28 e99f | f4ff ff4d 
  0x000001f251e703a0: 8b57 484d | 8b5f 58f0 | 8344 24c0 | 0080 3900 | 0f84 fcea | ffff 4488 | 214d 85d2 | 7520 498b 
  0x000001f251e703c0: d7c5 f877 | 49ba 00a4 | 22da ff7f | 0000 41ff 

  0x000001f251e703d0: ;   {other}
  0x000001f251e703d0: d20f 1f84 | 0000 0000 | 00e9 d4ea | ffff 4b89 | 4c13 f849 | 83c2 f84d | 8957 48e9 | c2ea ffff 
  0x000001f251e703f0: 4d8b 5758 | 4d8b 5f48 | f083 4424 | c000 6690 | 8039 000f | 8460 eaff | ff44 8821 | 4d85 db75 
  0x000001f251e70410: 2049 8bd7 | c5f8 7749 | ba00 a422 | daff 7f00 | 0041 ffd2 

  0x000001f251e70424: ;   {other}
  0x000001f251e70424: 0f1f 8400 | 0000 0000 | e938 eaff | ff4b 894c | 1af8 4983 | c3f8 4d89 | 5f48 6690 | e924 eaff 
  0x000001f251e70444: ff4d 8b57 | 584d 8b5f | 48f0 8344 | 24c0 0080 | 3900 0f84 | 8deb ffff | 4488 2190 | 4d85 db75 
  0x000001f251e70464: 2049 8bd7 | c5f8 7749 | ba00 a422 | daff 7f00 | 0041 ffd2 

  0x000001f251e70478: ;   {other}
  0x000001f251e70478: 0f1f 8400 | 0000 0000 | e964 ebff | ff4b 894c | 1af8 4983 | c3f8 4d89 | 5f48 e952 | ebff ff4d 
  0x000001f251e70498: 8b57 484d | 8b5f 58f0 | 8344 24c0 | 0080 3900 | 0f84 84eb | ffff 4488 | 214d 85d2 | 7520 498b 
  0x000001f251e704b8: d7c5 f877 | 49ba 00a4 | 22da ff7f | 0000 41ff 

  0x000001f251e704c8: ;   {other}
  0x000001f251e704c8: d20f 1f84 | 0000 0000 | 00e9 5ceb | ffff 4b89 | 4c13 f849 | 83c2 f84d | 8957 48e9 | 4aeb ffff 
  0x000001f251e704e8: 4d8b 5758 | 4d8b 5f48 | f083 4424 | c000 8039 | 000f 844a | efff ff44 | 8821 4d85 | db75 2049 
  0x000001f251e70508: 8bd7 c5f8 | 7749 ba00 | a422 daff | 7f00 0041 

  0x000001f251e70518: ;   {other}
  0x000001f251e70518: ffd2 0f1f | 8400 0000 | 0000 e922 | efff ff4b | 894c 1af8 | 4983 c3f8 | 4d89 5f48 | e910 efff 
  0x000001f251e70538: ff4d 8b57 | 584d 8b5f | 48f0 8344 | 24c0 0080 | 3900 0f84 | 99ef ffff | 4488 214d | 85db 7520 
  0x000001f251e70558: 498b d7c5 | f877 49ba | 00a4 22da | ff7f 0000 

  0x000001f251e70568: ;   {other}
  0x000001f251e70568: 41ff d20f | 1f84 0000 | 0000 00e9 | 71ef ffff | 4b89 4c1a | f849 83c3 | f84d 895f | 48e9 5fef 
  0x000001f251e70588: ffff 4d8b | 5748 4d8b | 5f58 f083 | 4424 c000 | 0f1f 8400 | 0000 0000 | 8039 000f | 848d efff 
  0x000001f251e705a8: ff44 8821 | 4d85 d275 | 2049 8bd7 | c5f8 7749 | ba00 a422 | daff 7f00 | 0041 ffd2 

  0x000001f251e705c4: ;   {other}
  0x000001f251e705c4: 0f1f 8400 | 0000 0000 | e965 efff | ff4b 894c | 13f8 4983 | c2f8 4d89 | 5748 6690 | e951 efff 
  0x000001f251e705e4: ff4d 8b57 | 484d 8b5f | 58f0 8344 | 24c0 0080 | 3900 0f84 | aded ffff | 4488 2190 | 4d85 d275 
  0x000001f251e70604: 2049 8bd7 | c5f8 7749 | ba00 a422 | daff 7f00 | 0041 ffd2 

  0x000001f251e70618: ;   {other}
  0x000001f251e70618: 0f1f 8400 | 0000 0000 | e984 edff | ff4b 894c | 13f8 4983 | c2f8 4d89 | 5748 e972 | edff ff4d 
  0x000001f251e70638: 8b57 484d | 8b5f 58f0 | 8344 24c0 | 0080 3900 | 0f84 7beb | ffff 4488 | 214d 85d2 | 7520 498b 
  0x000001f251e70658: d7c5 f877 | 49ba 00a4 | 22da ff7f | 0000 41ff 

  0x000001f251e70668: ;   {other}
  0x000001f251e70668: d20f 1f84 | 0000 0000 | 00e9 53eb | ffff 4b89 | 4c13 f849 | 83c2 f84d | 8957 48e9 | 41eb ffff 
  0x000001f251e70688: 4d8b 5758 | 4d8b 5f48 | f083 4424 | c000 8039 | 000f 84b7 | ecff ff44 | 8821 4d85 | db75 2049 
  0x000001f251e706a8: 8bd7 c5f8 | 7749 ba00 | a422 daff | 7f00 0041 

  0x000001f251e706b8: ;   {other}
  0x000001f251e706b8: ffd2 0f1f | 8400 0000 | 0000 e98f | ecff ff4b | 894c 1af8 | 4983 c3f8 | 4d89 5f48 | e97d ecff 
  0x000001f251e706d8: ff4d 8b57 | 584d 8b5f | 48f0 8344 | 24c0 0080 | 3900 0f84 | 87ea ffff | 4488 214d | 85db 7520 
  0x000001f251e706f8: 498b d7c5 | f877 49ba | 00a4 22da | ff7f 0000 

  0x000001f251e70708: ;   {other}
  0x000001f251e70708: 41ff d20f | 1f84 0000 | 0000 00e9 | 5fea ffff | 4b89 4c1a | f849 83c3 | f84d 895f | 48e9 4dea 
  0x000001f251e70728: ffff 4d8b | 5758 4d8b | 5f48 f083 | 4424 c000 | 0f1f 8400 | 0000 0000 | 8039 000f | 8420 ebff 
  0x000001f251e70748: ff44 8821 | 4d85 db75 | 2049 8bd7 | c5f8 7749 | ba00 a422 | daff 7f00 | 0041 ffd2 

  0x000001f251e70764: ;   {other}
  0x000001f251e70764: 0f1f 8400 | 0000 0000 | e9f8 eaff | ff4b 894c | 1af8 4983 | c3f8 4d89 | 5f48 6690 | e9e4 eaff 
  0x000001f251e70784: ff4d 8b57 | 484d 8b5f | 58f0 8344 | 24c0 0080 | 3900 0f84 | 8def ffff | 4488 2190 | 4d85 d275 
  0x000001f251e707a4: 2049 8bd7 | c5f8 7749 | ba00 a422 | daff 7f00 | 0041 ffd2 

  0x000001f251e707b8: ;   {other}
  0x000001f251e707b8: 0f1f 8400 | 0000 0000 | e964 efff | ff4b 894c | 13f8 4983 | c2f8 4d89 | 5748 e952 | efff ff49 
  0x000001f251e707d8: 8bd8 4d8b | 5748 4d8b | 5f58 f083 | 4424 c000 | 8039 0074 | 3244 8821 | 4d85 d274 | 0f4b 894c 
  0x000001f251e707f8: 13f8 4983 | c2f8 4d89 | 5748 eb1b | 498b d7c5 | f877 49ba | 00a4 22da | ff7f 0000 

  0x000001f251e70814: ;   {other}
  0x000001f251e70814: 41ff d20f | 1f84 0000 | 0000 004c | 8bc3 e942 | efff ff4d | 8b57 484d | 8b5f 58f0 | 8344 24c0 
  0x000001f251e70834: 0080 3900 | 0f84 cbef | ffff 4488 | 214d 85d2 | 7526 498b | d849 8bd7 | c5f8 7749 | ba00 a422 
  0x000001f251e70854: daff 7f00 | 0041 ffd2 

  0x000001f251e7085c: ;   {other}
  0x000001f251e7085c: 0f1f 8400 | 0000 0000 | 4c8b c3e9 | 9def ffff | 4b89 4c13 | f849 83c2 | f84d 8957 | 48e9 8bef 
  0x000001f251e7087c: ffff 4d8b | 5758 4d8b | 5f48 f083 | 4424 c000 | 8039 000f | 8442 e4ff | ff44 8821 | 4d85 db75 
  0x000001f251e7089c: 2049 8bd7 | c5f8 7749 | ba00 a422 | daff 7f00 | 0041 ffd2 

  0x000001f251e708b0: ;   {other}
  0x000001f251e708b0: 0f1f 8400 | 0000 0000 | e91a e4ff | ff4b 894c | 1af8 4983 | c3f8 4d89 | 5f48 e908 | e4ff ff4d 
  0x000001f251e708d0: 8b57 584d | 8b5f 48f0 | 8344 24c0 | 0066 6690 | 8039 000f | 844b e4ff | ff44 8821 | 4d85 db75 
  0x000001f251e708f0: 2049 8bd7 | c5f8 7749 | ba00 a422 | daff 7f00 | 0041 ffd2 

  0x000001f251e70904: ;   {other}
  0x000001f251e70904: 0f1f 8400 | 0000 0000 | e923 e4ff | ff4b 894c | 1af8 4983 | c3f8 4d89 | 5f48 6690 | e90f e4ff 
  0x000001f251e70924: ff4d 8b57 | 484d 8b5f | 58f0 8344 | 24c0 0080 | 3900 0f84 | 43ef ffff | 4488 2190 | 4d85 d275 
  0x000001f251e70944: 2649 8bd8 | 498b d7c5 | f877 49ba | 00a4 22da | ff7f 0000 

  0x000001f251e70958: ;   {other}
  0x000001f251e70958: 41ff d20f | 1f84 0000 | 0000 004c | 8bc3 e914 | efff ff4b | 894c 13f8 | 4983 c2f8 | 4d89 5748 
  0x000001f251e70978: e902 efff | ffba e4ff | ffff 488b | 6c24 3889 | 7424 2848 | 897c 2430 | 4c8b 5c24 | 404c 895c 
  0x000001f251e70998: 2438 448b | 4424 7c44 | 8944 2444 | 4489 5424 | 4866 6690 

  0x000001f251e709ac: ;   {runtime_call UncommonTrapBlob}
  0x000001f251e709ac: c5f8 77e8 

  0x000001f251e709b0: ; ImmutableOopMap {rbp=Oop [40]=NarrowOop [48]=Oop [68]=NarrowOop [120]=NarrowOop [124]=NarrowOop }
                      ;*baload {reexecute=0 rethrow=0 return_oop=0}
                      ; - java.lang.StringLatin1::lastIndexOf@24
                      ; - java.lang.String::lastIndexOf@13
                      ; - java.lang.String::lastIndexOf@8
                      ; - java.net.URLClassLoader::defineClass@7
                      ; - java.net.URLClassLoader$1::run@43
                      ; - java.net.URLClassLoader$1::run@1
  0x000001f251e709b0: cc39 57ff 

  0x000001f251e709b4: ;   {other}
  0x000001f251e709b4: 0f1f 8400 | a439 0026 

  0x000001f251e709bc: ;   {metadata('java/lang/String')}
  0x000001f251e709bc: 48ba 78e8 | 005d f201 | 0000 6690 

  0x000001f251e709c8: ;   {runtime_call _new_instance_Java}
  0x000001f251e709c8: c5f8 77e8 

  0x000001f251e709cc: ; ImmutableOopMap {[56]=Oop }
                      ;*new {reexecute=0 rethrow=0 return_oop=1}
                      ; - java.lang.StringConcatHelper::simpleConcat@17
                      ; - java.lang.String::concat@11
                      ; - java.net.URLClassLoader$1::run@13
                      ; - java.net.URLClassLoader$1::run@1
  0x000001f251e709cc: 30b2 59ff 

  0x000001f251e709d0: ;   {other}
  0x000001f251e709d0: 0f1f 8400 | c039 0027 | e915 deff | ff45 8b50 | 0c45 85d2 | 0f84 6ae0 | ffff 4d8b | 5f28 498b 
  0x000001f251e709f0: ca4d 85db | 0f84 b624 | 0000 4d8b | 5738 4b89 | 4c1a f849 | 83c3 f84d | 895f 28e9 | 44e0 ffff 
  0x000001f251e70a10: 458b 5010 | 4585 d20f | 84d0 e0ff | ff4d 8b5f | 2849 8bca | 4d85 db0f | 84bb 2400 | 004d 8b57 
  0x000001f251e70a30: 384b 894c | 1af8 4983 | c3f8 4d89 | 5f28 6690 | e9a8 e0ff | ff4c 8bd5 | 458b 5a14 | 4585 db0f 
  0x000001f251e70a50: 840d e1ff | ff4d 8b47 | 2849 8bcb | 0f1f 4000 | 4d85 c00f | 84bc 2400 | 004d 8b5f | 384b 894c 
  0x000001f251e70a70: 03f8 4983 | c0f8 4d89 | 4728 e9e3 | e0ff ff4d | 8b57 484d | 8b5f 58f0 | 8344 24c0 | 0080 3900 
  0x000001f251e70a90: 0f84 f3df | ffff 4488 | 214d 85d2 | 7532 488b | f249 8bf8 | 498b d949 | 8bd7 c5f8 | 7749 ba00 
  0x000001f251e70ab0: a422 daff | 7f00 0041 

  0x000001f251e70ab8: ;   {other}
  0x000001f251e70ab8: ffd2 0f1f | 8400 0000 | 0000 4c8b | cb4c 8bc7 | 488b d6e9 | b9df ffff | 4b89 4c13 | f849 83c2 
  0x000001f251e70ad8: f84d 8957 | 4866 6690 | e9a4 dfff | ff4d 8b57 | 584d 8b5f | 48f0 8344 | 24c0 0080 | 3900 0f84 
  0x000001f251e70af8: 2de0 ffff | 4488 2190 | 4d85 db75 | 3248 8bf2 | 498b f849 | 8bd9 498b | d7c5 f877 | 49ba 00a4 
  0x000001f251e70b18: 22da ff7f | 0000 41ff 

  0x000001f251e70b20: ;   {other}
  0x000001f251e70b20: d20f 1f84 | 0000 0000 | 004c 8bcb | 4c8b c748 | 8bd6 e9f2 | dfff ff4b | 894c 1af8 | 4983 c3f8 
  0x000001f251e70b40: 4d89 5f48 | e9e0 dfff | ff4d 8b57 | 584d 8b5f | 48f0 8344 | 24c0 0066 | 0f1f 8400 | 0000 0000 
  0x000001f251e70b60: 8039 000f | 84e0 deff | ff44 8821 | 4d85 db75 | 384c 8bf2 | 4c8b eb49 | 8bf0 498b | d949 8bd7 
  0x000001f251e70b80: c5f8 7749 | ba00 a422 | daff 7f00 | 0041 ffd2 

  0x000001f251e70b90: ;   {other}
  0x000001f251e70b90: 0f1f 8400 | 0000 0000 | 4c8b cb4c | 8bc6 498b | dd49 8bd6 | e9a0 deff | ff4b 894c | 1af8 4983 
  0x000001f251e70bb0: c3f8 4d89 | 5f48 e98e | deff ff41 | 8be8 6690 | e97b ceff | ff48 897c | 2448 8974 | 2428 4889 
  0x000001f251e70bd0: 4424 2048 | 8954 2430 | 4489 4424 | 504c 895c | 2458 4889 | 4c24 6048 | 895c 2468 | 4c89 ac24 
  0x000001f251e70bf0: 8000 0000 | 4889 ac24 | 8800 0000 

  0x000001f251e70bfc: ;   {metadata({type array byte})}
  0x000001f251e70bfc: 48ba 1823 | 005d f201 | 0000 458b | c166 6690 

  0x000001f251e70c0c: ;   {runtime_call _new_array_nozero_Java}
  0x000001f251e70c0c: c5f8 77e8 

  0x000001f251e70c10: ; ImmutableOopMap {[32]=Oop [128]=Derived_oop_[32] [40]=NarrowOop [48]=Oop [56]=Oop [72]=Oop [80]=NarrowOop [88]=Oop [96]=Oop [104]=Oop [120]=NarrowOop [124]=NarrowOop }
                      ;*invokevirtual clone {reexecute=1 rethrow=0 return_oop=1}
                      ; - (reexecute) java.util.Arrays::copyOfRange@18
                      ; - java.lang.StringLatin1::newString@16
                      ; - java.lang.String::substring@41
                      ; - java.net.URLClassLoader::defineClass@28
                      ; - java.net.URLClassLoader$1::run@43
                      ; - java.net.URLClassLoader$1::run@1
  0x000001f251e70c10: 6ca9 59ff 

  0x000001f251e70c14: ;   {other}
  0x000001f251e70c14: 0f1f 8400 | 043c 0028 | 488b d890 | e946 d5ff | ff49 8bd2 

  0x000001f251e70c28: ;   {optimized virtual_call}
  0x000001f251e70c28: c5f8 77e8 

  0x000001f251e70c2c: ; ImmutableOopMap {[32]=Oop [40]=Oop [48]=NarrowOop [56]=Oop [72]=Oop [80]=NarrowOop [84]=NarrowOop [88]=Oop [96]=Oop [104]=Oop [120]=NarrowOop [136]=Oop [240]=Oop }
                      ;*invokevirtual getManEntry {reexecute=0 rethrow=0 return_oop=1}
                      ; - java.util.jar.JarFile::getManifestFromReference@27
                      ; - java.util.jar.JarFile::getManifest@1
                      ; - java.util.jar.JarFile::maybeInstantiateVerifier@31
                      ; - java.util.jar.JarFile::ensureInitialization@1
                      ; - java.util.jar.JavaUtilJarAccessImpl::ensureInitialization@1
                      ; - jdk.internal.loader.URLClassPath$JarLoader$2::getManifest@10
                      ; - java.net.URLClassLoader::defineClass@34
                      ; - java.net.URLClassLoader$1::run@43
                      ; - java.net.URLClassLoader$1::run@1
  0x000001f251e70c2c: 50de 56ff 

  0x000001f251e70c30: ;   {other}
  0x000001f251e70c30: 0f1f 8400 | 203c 0029 | 0f1f 8400 | 0000 0000 | 4885 c00f | 84ce f0ff | ff48 8984 | 2490 0000 
  0x000001f251e70c50: 004c 8b94 | 2488 0000 | 0045 0fb6 | 5a12 6690 | 4585 db0f | 8568 0300 | 0049 8bd2 | 4c8b c090 
  0x000001f251e70c70: ;   {optimized virtual_call}
  0x000001f251e70c70: c5f8 77e8 

  0x000001f251e70c74: ; ImmutableOopMap {[32]=Oop [40]=Oop [48]=NarrowOop [56]=Oop [72]=Oop [80]=NarrowOop [84]=NarrowOop [88]=Oop [96]=Oop [104]=Oop [120]=NarrowOop [136]=Oop [240]=Oop }
                      ;*invokespecial getInputStream {reexecute=0 rethrow=0 return_oop=1}
                      ; - java.util.jar.JarFile::getManifestFromReference@130
                      ; - java.util.jar.JarFile::getManifest@1
                      ; - java.util.jar.JarFile::maybeInstantiateVerifier@31
                      ; - java.util.jar.JarFile::ensureInitialization@1
                      ; - java.util.jar.JavaUtilJarAccessImpl::ensureInitialization@1
                      ; - jdk.internal.loader.URLClassPath$JarLoader$2::getManifest@10
                      ; - java.net.URLClassLoader::defineClass@34
                      ; - java.net.URLClassLoader$1::run@43
                      ; - java.net.URLClassLoader$1::run@1
  0x000001f251e70c74: 08de 56ff 

  0x000001f251e70c78: ;   {other}
  0x000001f251e70c78: 0f1f 8400 | 683c 002a | 4889 8424 | 9000 0000 | 498b 87b8 | 0100 004c | 8bd0 4983 | c218 6666 
  0x000001f251e70c98: 0f1f 8400 | 0000 0000 | 4d3b 97c8 | 0100 000f | 836f 3200 | 004d 8997 | b801 0000 | 410f 0d8a 
  0x000001f251e70cb8: c000 0000 | 48c7 0001 

  0x000001f251e70cc0: ;   {metadata('java/util/jar/Manifest')}
  0x000001f251e70cc0: 0000 00c7 | 4008 a0e1 | 0400 4489 | 600c 4c89 | 6010 4c8b | d04c 8994 | 2498 0000 | 004c 8b94 
  0x000001f251e70ce0: 2488 0000 | 0045 8b5a | 1444 899c | 2484 0000 | 0049 8b87 | b801 0000 | 4c8b d049 | 83c2 1090 
  0x000001f251e70d00: 4d3b 97c8 | 0100 000f | 8330 3200 | 004d 8997 | b801 0000 | 410f 0d8a | c000 0000 | 48c7 0001 
  0x000001f251e70d20: ;   {metadata('java/util/jar/Attributes')}
  0x000001f251e70d20: 0000 00c7 | 4008 4088 | 1600 4489 | 600c 488b | e849 8b87 | b801 0000 | 4c8b d049 | 83c2 4090 
  0x000001f251e70d40: 4d3b 97c8 | 0100 000f | 8310 3200 | 004d 8997 | b801 0000 | 410f 0d8a | c000 0000 | 48c7 0001 
  0x000001f251e70d60: ;   {metadata('java/util/LinkedHashMap')}
  0x000001f251e70d60: 0000 00c7 | 4008 e8a1 | 0f00 4489 | 600c 4c89 | 6010 4c89 | 6018 4c89 | 6020 4c89 | 6028 4c89 
  0x000001f251e70d80: 6030 4c89 | 6038 4c8b | d04c 8994 | 24a0 0000 | 0049 8bd2 

  0x000001f251e70d94: ;   {optimized virtual_call}
  0x000001f251e70d94: c5f8 77e8 

  0x000001f251e70d98: ; ImmutableOopMap {rbp=Oop [32]=Oop [40]=Oop [48]=NarrowOop [56]=Oop [72]=Oop [80]=NarrowOop [84]=NarrowOop [88]=Oop [96]=Oop [104]=Oop [120]=NarrowOop [132]=NarrowOop [136]=Oop [144]=Oop [152]=Oop [160]=Oop [240]=Oop }
                      ;*invokespecial <init> {reexecute=0 rethrow=0 return_oop=0}
                      ; - java.util.HashMap::<init>@1
                      ; - java.util.HashMap::<init>@4
                      ; - java.util.LinkedHashMap::<init>@2
                      ; - java.util.LinkedHashMap::newLinkedHashMap@39
                      ; - java.util.jar.Attributes::<init>@6
                      ; - java.util.jar.Attributes::<init>@3
                      ; - java.util.jar.Manifest::<init>@9
                      ; - java.util.jar.Manifest::<init>@4
                      ; - java.util.jar.JarFile::getManifestFromReference@143
                      ; - java.util.jar.JarFile::getManifest@1
                      ; - java.util.jar.JarFile::maybeInstantiateVerifier@31
                      ; - java.util.jar.JarFile::ensureInitialization@1
                      ; - java.util.jar.JavaUtilJarAccessImpl::ensureInitialization@1
                      ; - jdk.internal.loader.URLClassPath$JarLoader$2::getManifest@10
                      ; - java.net.URLClassLoader::defineClass@34
                      ; - java.net.URLClassLoader$1::run@43
                      ; - java.net.URLClassLoader$1::run@1
  0x000001f251e70d98: e4dc 56ff 

  0x000001f251e70d9c: ;   {other}
  0x000001f251e70d9c: 0f1f 8400 | 8c3d 002b | 448b 5424 | 3441 81fa | 0100 0040 | 0f83 7a38 

  0x000001f251e70db4: ;   {section_word}
  0x000001f251e70db4: 0000 c5fa | 1005 0acb | ffff 6690 

  0x000001f251e70dc0: ;   {static_call}
  0x000001f251e70dc0: c5f8 77e8 

  0x000001f251e70dc4: ; ImmutableOopMap {rbp=Oop [32]=Oop [40]=Oop [48]=NarrowOop [56]=Oop [72]=Oop [80]=NarrowOop [84]=NarrowOop [88]=Oop [96]=Oop [104]=Oop [120]=NarrowOop [132]=NarrowOop [136]=Oop [144]=Oop [152]=Oop [160]=Oop [240]=Oop }
                      ;*invokestatic isNaN {reexecute=0 rethrow=0 return_oop=0}
                      ; - java.util.HashMap::<init>@51
                      ; - java.util.HashMap::<init>@4
                      ; - java.util.LinkedHashMap::<init>@2
                      ; - java.util.LinkedHashMap::newLinkedHashMap@39
                      ; - java.util.jar.Attributes::<init>@6
                      ; - java.util.jar.Attributes::<init>@3
                      ; - java.util.jar.Manifest::<init>@9
                      ; - java.util.jar.Manifest::<init>@4
                      ; - java.util.jar.JarFile::getManifestFromReference@143
                      ; - java.util.jar.JarFile::getManifest@1
                      ; - java.util.jar.JarFile::maybeInstantiateVerifier@31
                      ; - java.util.jar.JarFile::ensureInitialization@1
                      ; - java.util.jar.JavaUtilJarAccessImpl::ensureInitialization@1
                      ; - jdk.internal.loader.URLClassPath$JarLoader$2::getManifest@10
                      ; - java.net.URLClassLoader::defineClass@34
                      ; - java.net.URLClassLoader$1::run@43
                      ; - java.net.URLClassLoader$1::run@1
  0x000001f251e70dc4: b8e2 56ff 

  0x000001f251e70dc8: ;   {other}
  0x000001f251e70dc8: 0f1f 8400 | b83d 002c | 85c0 0f85 | cc38 0000 | 4c8b 9424 | a000 0000 | 41c7 4220 | 0000 403f 
  0x000001f251e70de8: 8b54 2434 

  0x000001f251e70dec: ;   {static_call}
  0x000001f251e70dec: c5f8 77e8 

  0x000001f251e70df0: ; ImmutableOopMap {rbp=Oop [32]=Oop [40]=Oop [48]=NarrowOop [56]=Oop [72]=Oop [80]=NarrowOop [84]=NarrowOop [88]=Oop [96]=Oop [104]=Oop [120]=NarrowOop [132]=NarrowOop [136]=Oop [144]=Oop [152]=Oop [160]=Oop [240]=Oop }
                      ;*invokestatic tableSizeFor {reexecute=0 rethrow=0 return_oop=0}
                      ; - java.util.HashMap::<init>@91
                      ; - java.util.HashMap::<init>@4
                      ; - java.util.LinkedHashMap::<init>@2
                      ; - java.util.LinkedHashMap::newLinkedHashMap@39
                      ; - java.util.jar.Attributes::<init>@6
                      ; - java.util.jar.Attributes::<init>@3
                      ; - java.util.jar.Manifest::<init>@9
                      ; - java.util.jar.Manifest::<init>@4
                      ; - java.util.jar.JarFile::getManifestFromReference@143
                      ; - java.util.jar.JarFile::getManifest@1
                      ; - java.util.jar.JarFile::maybeInstantiateVerifier@31
                      ; - java.util.jar.JarFile::ensureInitialization@1
                      ; - java.util.jar.JavaUtilJarAccessImpl::ensureInitialization@1
                      ; - jdk.internal.loader.URLClassPath$JarLoader$2::getManifest@10
                      ; - java.net.URLClassLoader::defineClass@34
                      ; - java.net.URLClassLoader$1::run@43
                      ; - java.net.URLClassLoader$1::run@1
  0x000001f251e70df0: 8ce2 56ff 

  0x000001f251e70df4: ;   {other}
  0x000001f251e70df4: 0f1f 8400 | e43d 002d | 4c8b 9424 | a000 0000 | 4189 421c | 4589 622c | 4588 6230 | 4180 7f40 
  0x000001f251e70e14: 000f 85ed | 2b00 004c | 8bd5 4c8b | 9c24 a000 | 0000 4d33 | da44 8b84 | 2484 0000 | 004c 8984 
  0x000001f251e70e34: 24a8 0000 | 0049 c1eb | 1448 8bfd | 4c8b 8424 | a000 0000 | 4d8b c844 | 894d 0c4d | 85db 741a 
  0x000001f251e70e54: 49c1 ea09 | 48b9 0000 | 2659 f201 | 0000 4903 | ca80 3902 | 0f85 372d | 0000 4180 | 7f40 000f 
  0x000001f251e70e74: 85c6 2b00 | 004c 8b94 | 2498 0000 | 0041 897a | 0c4c 8bd5 | 4c8b 9c24 | 9800 0000 | 4d33 d349 
  0x000001f251e70e94: c1ea 144d | 85d2 741a | 49c1 eb09 | 48b9 0000 | 2659 f201 | 0000 4903 | cb80 3902 | 0f85 9a2c 
  0x000001f251e70eb4: 0000 4d8b | 97b8 0100 | 004d 8bda | 4983 c330 | 4d3b 9fc8 | 0100 000f | 83ac 3000 | 004d 899f 
  0x000001f251e70ed4: b801 0000 | 410f 0d8b | c000 0000 | 49c7 0201 

  0x000001f251e70ee4: ;   {metadata('java/util/HashMap')}
  0x000001f251e70ee4: 0000 0041 | c742 0868 | a908 0045 | 8962 0c4d | 8962 104d | 8962 184d | 8962 2849 | c742 2000 
  0x000001f251e70f04: 0040 3f49 | 8bda 4180 | 7f40 000f | 856a 2b00 | 004c 8bd3 | 4d8b da4c | 8b94 2498 | 0000 0045 
  0x000001f251e70f24: 895a 104c | 8bdb 4d33 | da49 c1eb | 144d 85db | 741a 49c1 | ea09 48b9 | 0000 2659 | f201 0000 
  0x000001f251e70f44: 4903 ca80 | 3902 0f85 | af2b 0000 | 488b 9424 | 9800 0000 | 4c8b 8424 | 9000 0000 | 4c8b 8c24 
  0x000001f251e70f64: a800 0000 

  0x000001f251e70f68: ;   {optimized virtual_call}
  0x000001f251e70f68: c5f8 77e8 

  0x000001f251e70f6c: ; ImmutableOopMap {[32]=Oop [40]=Oop [48]=NarrowOop [56]=Oop [72]=Oop [80]=NarrowOop [84]=NarrowOop [88]=Oop [96]=Oop [104]=Oop [120]=NarrowOop [136]=Oop [144]=Oop [152]=Oop [240]=Oop }
                      ;*invokevirtual read {reexecute=0 rethrow=0 return_oop=0}
                      ; - java.util.jar.Manifest::<init>@29
                      ; - java.util.jar.Manifest::<init>@4
                      ; - java.util.jar.JarFile::getManifestFromReference@143
                      ; - java.util.jar.JarFile::getManifest@1
                      ; - java.util.jar.JarFile::maybeInstantiateVerifier@31
                      ; - java.util.jar.JarFile::ensureInitialization@1
                      ; - java.util.jar.JavaUtilJarAccessImpl::ensureInitialization@1
                      ; - jdk.internal.loader.URLClassPath$JarLoader$2::getManifest@10
                      ; - java.net.URLClassLoader::defineClass@34
                      ; - java.net.URLClassLoader$1::run@43
                      ; - java.net.URLClassLoader$1::run@1
  0x000001f251e70f6c: 10db 56ff 

  0x000001f251e70f70: ;   {other}
  0x000001f251e70f70: 0f1f 8400 | 603f 002e | 0f1f 8400 | 0000 0000 | 4180 7f40 | 000f 8534 | 2b00 004c | 8b94 2498 
  0x000001f251e70f90: 0000 0045 | 8962 144c | 8b94 2490 | 0000 0090 

  0x000001f251e70fa0: ; implicit exception: dispatches to 0x000001f251e74be4
  0x000001f251e70fa0: 458b 5a08 

  0x000001f251e70fa4: ;   {metadata('java/util/zip/ZipFile$ZipFileInflaterInputStream')}
  0x000001f251e70fa4: 4181 fbc0 | a431 000f | 859b 1800 | 0049 8bd2 

  0x000001f251e70fb4: ;   {optimized virtual_call}
  0x000001f251e70fb4: c5f8 77e8 

  0x000001f251e70fb8: ; ImmutableOopMap {[32]=Oop [40]=Oop [48]=NarrowOop [56]=Oop [72]=Oop [80]=NarrowOop [84]=NarrowOop [88]=Oop [96]=Oop [104]=Oop [120]=NarrowOop [136]=Oop [152]=Oop [240]=Oop }
                      ;*invokevirtual close {reexecute=0 rethrow=0 return_oop=0}
                      ; - java.util.jar.JarFile::getManifestFromReference@152
                      ; - java.util.jar.JarFile::getManifest@1
                      ; - java.util.jar.JarFile::maybeInstantiateVerifier@31
                      ; - java.util.jar.JarFile::ensureInitialization@1
                      ; - java.util.jar.JavaUtilJarAccessImpl::ensureInitialization@1
                      ; - jdk.internal.loader.URLClassPath$JarLoader$2::getManifest@10
                      ; - java.net.URLClassLoader::defineClass@34
                      ; - java.net.URLClassLoader$1::run@43
                      ; - java.net.URLClassLoader$1::run@1
  0x000001f251e70fb8: c4da 56ff 

  0x000001f251e70fbc: ;   {other}
  0x000001f251e70fbc: 0f1f 8400 | ac3f 002f | 488b ac24 | 9800 0000 | e98d 0d00 | 0049 8bd2 | 4c8b c090 

  0x000001f251e70fd8: ;   {optimized virtual_call}
  0x000001f251e70fd8: c5f8 77e8 

  0x000001f251e70fdc: ; ImmutableOopMap {[32]=Oop [40]=Oop [48]=NarrowOop [56]=Oop [72]=Oop [80]=NarrowOop [84]=NarrowOop [88]=Oop [96]=Oop [104]=Oop [120]=NarrowOop [136]=Oop [144]=Oop [240]=Oop }
                      ;*invokevirtual getBytes {reexecute=0 rethrow=0 return_oop=1}
                      ; - java.util.jar.JarFile::getManifestFromReference@44
                      ; - java.util.jar.JarFile::getManifest@1
                      ; - java.util.jar.JarFile::maybeInstantiateVerifier@31
                      ; - java.util.jar.JarFile::ensureInitialization@1
                      ; - java.util.jar.JavaUtilJarAccessImpl::ensureInitialization@1
                      ; - jdk.internal.loader.URLClassPath$JarLoader$2::getManifest@10
                      ; - java.net.URLClassLoader::defineClass@34
                      ; - java.net.URLClassLoader$1::run@43
                      ; - java.net.URLClassLoader$1::run@1
  0x000001f251e70fdc: a0da 56ff 

  0x000001f251e70fe0: ;   {other}
  0x000001f251e70fe0: 0f1f 8400 | d03f 0030 | 4889 8424 | 9800 0000 | 4c8b 9424 | 8800 0000 | 410f b66a | 1166 6690 
  0x000001f251e71000: 85ed 0f85 | fd31 0000 | 498b d290 

  0x000001f251e7100c: ;   {optimized virtual_call}
  0x000001f251e7100c: c5f8 77e8 

  0x000001f251e71010: ; ImmutableOopMap {[32]=Oop [40]=Oop [48]=NarrowOop [56]=Oop [72]=Oop [80]=NarrowOop [84]=NarrowOop [88]=Oop [96]=Oop [104]=Oop [120]=NarrowOop [136]=Oop [144]=Oop [152]=Oop [240]=Oop }
                      ;*invokevirtual getManifestNum {reexecute=0 rethrow=0 return_oop=0}
                      ; - java.util.zip.ZipFile$1::getManifestNum@1
                      ; - java.util.jar.JarFile::getManifestFromReference@59
                      ; - java.util.jar.JarFile::getManifest@1
                      ; - java.util.jar.JarFile::maybeInstantiateVerifier@31
                      ; - java.util.jar.JarFile::ensureInitialization@1
                      ; - java.util.jar.JavaUtilJarAccessImpl::ensureInitialization@1
                      ; - jdk.internal.loader.URLClassPath$JarLoader$2::getManifest@10
                      ; - java.net.URLClassLoader::defineClass@34
                      ; - java.net.URLClassLoader$1::run@43
                      ; - java.net.URLClassLoader$1::run@1
  0x000001f251e71010: 6cda 56ff 

  0x000001f251e71014: ;   {other}
  0x000001f251e71014: 0f1f 8400 | 0440 0031 | 0f1f 4000 | 83f8 010f | 851b 3200 | 0049 8b87 | b801 0000 | 4c8b d049 
  0x000001f251e71034: 83c2 4066 | 0f1f 8400 | 0000 0000 | 4d3b 97c8 | 0100 000f | 832f 2c00 | 004d 8997 | b801 0000 
  0x000001f251e71054: 410f 0d8a | c000 0000 | 48c7 0001 

  0x000001f251e71060: ;   {metadata('java/util/jar/JarVerifier')}
  0x000001f251e71060: 0000 00c7 | 4008 789e | 1600 4489 | 600c 4c89 | 6010 4c89 | 6018 4c89 | 6020 4c89 | 6028 4c89 
  0x000001f251e71080: 6030 4c89 | 6038 4c8b | d04c 8994 | 24a0 0000 | 004c 8b94 | 2490 0000 | 0045 8b5a | 0866 6690 
  0x000001f251e710a0: ;   {metadata('java/util/jar/JarFile$JarFileEntry')}
  0x000001f251e710a0: 4181 fbd0 | 3231 000f | 855b 2f00 | 004c 8b9c | 24a0 0000 | 0041 c643 | 0e01 458b | 5a60 4c8b 
  0x000001f251e710c0: 9424 a000 | 0000 4589 | 5a30 41c6 | 420d 014c | 8b94 2498 | 0000 0044 | 8994 2484 | 0000 004d 
  0x000001f251e710e0: 8bd3 4c8b | 8424 a000 | 0000 4d33 | d049 c1ea | 144d 85d2 | 741f 4585 | db74 1a49 | c1e8 0948 
  0x000001f251e71100: b900 0026 | 59f2 0100 | 0049 03c8 | 8039 020f | 8550 2800 | 0066 6666 | 0f1f 8400 | 0000 0000 
  0x000001f251e71120: 4180 7f40 | 000f 8539 | 1f00 004c | 8b94 24a0 | 0000 0044 | 8b9c 2484 | 0000 0045 | 895a 2c4c 
  0x000001f251e71140: 8b9c 2498 | 0000 004d | 33da 49c1 | eb14 4d85 | db74 2c4c | 8b9c 2498 | 0000 000f | 1f44 0000 
  0x000001f251e71160: 4d85 db74 | 1a49 c1ea | 0948 b900 | 0026 59f2 | 0100 0049 | 03ca 8039 | 020f 858b | 2700 0049 
  0x000001f251e71180: 8b87 b801 | 0000 4c8b | d049 83c2 | 304d 3b97 | c801 0000 | 0f83 032b | 0000 4d89 

  0x000001f251e7119c: ;   {no_reloc}
  0x000001f251e7119c: 97b8 0100 | 0041 0f0d | 8ac0 0000 | 0048 c700 | 0100 0000 

  0x000001f251e711b0: ;   {metadata('java/util/Hashtable')}
  0x000001f251e711b0: c740 08b8 | d300 0044 | 8960 0c4c | 8960 104c | 8960 184c | 8960 204c | 8960 2848 

  0x000001f251e711cc: ;   {section_word}
  0x000001f251e711cc: 8be8 c5fa | 1005 f2c6 | ffff 6690 

  0x000001f251e711d8: ;   {static_call}
  0x000001f251e711d8: c5f8 77e8 

  0x000001f251e711dc: ; ImmutableOopMap {rbp=Oop [32]=Oop [40]=Oop [48]=NarrowOop [56]=Oop [72]=Oop [80]=NarrowOop [84]=NarrowOop [88]=Oop [96]=Oop [104]=Oop [120]=NarrowOop [132]=NarrowOop [136]=Oop [152]=Oop [160]=Oop [240]=Oop }
                      ;*invokestatic isNaN {reexecute=0 rethrow=0 return_oop=0}
                      ; - java.util.Hashtable::<init>@47
                      ; - java.util.Hashtable::<init>@5
                      ; - java.util.jar.JarVerifier::<init>@39
                      ; - java.util.jar.JarFile::getManifestFromReference@78
                      ; - java.util.jar.JarFile::getManifest@1
                      ; - java.util.jar.JarFile::maybeInstantiateVerifier@31
                      ; - java.util.jar.JarFile::ensureInitialization@1
                      ; - java.util.jar.JavaUtilJarAccessImpl::ensureInitialization@1
                      ; - jdk.internal.loader.URLClassPath$JarLoader$2::getManifest@10
                      ; - java.net.URLClassLoader::defineClass@34
                      ; - java.net.URLClassLoader$1::run@43
                      ; - java.net.URLClassLoader$1::run@1
  0x000001f251e711dc: a0de 56ff 

  0x000001f251e711e0: ;   {other}
  0x000001f251e711e0: 0f1f 8400 | d041 0032 | 85c0 0f85 | 8c2e 0000 | c745 1400 | 0040 3f4d | 8b97 b801 | 0000 4d8b 
  0x000001f251e71200: da49 83c3 | 404d 3b9f | c801 0000 | 0f83 ab2a | 0000 4d89 | 9fb8 0100 | 0041 0f0d | 8bc0 0000 
  0x000001f251e71220: 0049 c702 | 0100 0000 | 410f 0d8b | 0001 0000 

  0x000001f251e71230: ;   {metadata('java/util/Hashtable$Entry'[])}
  0x000001f251e71230: 41c7 4208 | a87f 1300 | 410f 0d8b | 4001 0000 | 41c7 420c | 0b00 0000 | 410f 0d8b | 8001 0000 
  0x000001f251e71250: 4d89 6210 | 4d89 6218 | 4d89 6220 | 4d89 6228 | 4d89 6230 | 4d89 6238 | 498b da41 | 807f 4000 
  0x000001f251e71270: 0f85 691e | 0000 4c8b | d34d 8bda | 4489 5d1c | 4c8b dd4d | 33d3 488b | dd49 c1ea | 144d 85d2 
  0x000001f251e71290: 741a 49c1 | eb09 48b9 | 0000 2659 | f201 0000 | 4903 cb80 | 3902 0f85 | 8321 0000 | 4180 7f40 
  0x000001f251e712b0: 000f 85e8 | 1d00 004c | 8b94 24a0 | 0000 0041 | 895a 14c7 | 4510 0800 | 0000 4c8b | d54c 8b9c 
  0x000001f251e712d0: 24a0 0000 | 004d 33d3 | 49c1 ea14 | 0f1f 4000 | 4d85 d274 | 1a49 c1eb | 0948 b900 | 0026 59f2 
  0x000001f251e712f0: 0100 0049 | 03cb 8039 | 020f 8586 | 2100 0049 | 8b87 b801 | 0000 4c8b | d049 83c2 | 304d 3b97 
  0x000001f251e71310: c801 0000 | 0f83 ce29 | 0000 4d89 | 97b8 0100 | 0041 0f0d | 8ac0 0000 | 0048 c700 

  0x000001f251e7132c: ;   {no_reloc}
  0x000001f251e7132c: 0100 0000 

  0x000001f251e71330: ;   {metadata('java/util/Hashtable')}
  0x000001f251e71330: c740 08b8 | d300 0044 | 8960 0c4c | 8960 104c | 8960 184c | 8960 204c | 8960 2848 

  0x000001f251e7134c: ;   {section_word}
  0x000001f251e7134c: 8be8 c5fa | 1005 72c5 | ffff 6690 

  0x000001f251e71358: ;   {static_call}
  0x000001f251e71358: c5f8 77e8 

  0x000001f251e7135c: ; ImmutableOopMap {rbp=Oop [32]=Oop [40]=Oop [48]=NarrowOop [56]=Oop [72]=Oop [80]=NarrowOop [84]=NarrowOop [88]=Oop [96]=Oop [104]=Oop [120]=NarrowOop [132]=NarrowOop [136]=Oop [152]=Oop [160]=Oop [240]=Oop }
                      ;*invokestatic isNaN {reexecute=0 rethrow=0 return_oop=0}
                      ; - java.util.Hashtable::<init>@47
                      ; - java.util.Hashtable::<init>@5
                      ; - java.util.jar.JarVerifier::<init>@50
                      ; - java.util.jar.JarFile::getManifestFromReference@78
                      ; - java.util.jar.JarFile::getManifest@1
                      ; - java.util.jar.JarFile::maybeInstantiateVerifier@31
                      ; - java.util.jar.JarFile::ensureInitialization@1
                      ; - java.util.jar.JavaUtilJarAccessImpl::ensureInitialization@1
                      ; - jdk.internal.loader.URLClassPath$JarLoader$2::getManifest@10
                      ; - java.net.URLClassLoader::defineClass@34
                      ; - java.net.URLClassLoader$1::run@43
                      ; - java.net.URLClassLoader$1::run@1
  0x000001f251e7135c: 20dd 56ff 

  0x000001f251e71360: ;   {other}
  0x000001f251e71360: 0f1f 8400 | 5043 0033 | 85c0 0f85 | 782d 0000 | c745 1400 | 0040 3f4d | 8b97 b801 | 0000 4d8b 
  0x000001f251e71380: da49 83c3 | 404d 3b9f | c801 0000 | 0f83 7729 | 0000 4d89 | 9fb8 0100 | 0041 0f0d | 8bc0 0000 
  0x000001f251e713a0: 0049 c702 | 0100 0000 | 410f 0d8b | 0001 0000 

  0x000001f251e713b0: ;   {metadata('java/util/Hashtable$Entry'[])}
  0x000001f251e713b0: 41c7 4208 | a87f 1300 | 410f 0d8b | 4001 0000 | 41c7 420c | 0b00 0000 | 410f 0d8b | 8001 0000 
  0x000001f251e713d0: 4d89 6210 | 4d89 6218 | 4d89 6220 | 4d89 6228 | 4d89 6230 | 4d89 6238 | 498b da41 | 807f 4000 
  0x000001f251e713f0: 0f85 591d | 0000 4c8b | d344 8955 | 1c4c 8bd3 | 4c8b dd4d | 33d3 488b | fd49 c1ea | 144d 85d2 
  0x000001f251e71410: 741a 49c1 | eb09 48b9 | 0000 2659 | f201 0000 | 4903 cb80 | 3902 0f85 | fc20 0000 | 4180 7f40 
  0x000001f251e71430: 000f 85db | 1c00 004c | 8b94 24a0 | 0000 0041 | 897a 10c7 | 4510 0800 | 0000 4c8b | d54c 8b9c 
  0x000001f251e71450: 24a0 0000 | 004d 33d3 | 49c1 ea14 | 0f1f 4000 | 4d85 d274 | 1a49 c1eb | 0948 b900 | 0026 59f2 
  0x000001f251e71470: 0100 0049 | 03cb 8039 | 020f 8558 | 2000 0049 | 8b87 b801 | 0000 4c8b | d049 83c2 | 304d 3b97 
  0x000001f251e71490: c801 0000 | 0f83 9a28 | 0000 4d89 | 97b8 0100 | 0041 0f0d | 8ac0 0000 | 0048 c700 

  0x000001f251e714ac: ;   {no_reloc}
  0x000001f251e714ac: 0100 0000 

  0x000001f251e714b0: ;   {metadata('java/util/Hashtable')}
  0x000001f251e714b0: c740 08b8 | d300 0044 | 8960 0c4c | 8960 104c | 8960 184c | 8960 204c | 8960 2848 

  0x000001f251e714cc: ;   {section_word}
  0x000001f251e714cc: 8be8 c5fa | 1005 f2c3 | ffff 6690 

  0x000001f251e714d8: ;   {static_call}
  0x000001f251e714d8: c5f8 77e8 

  0x000001f251e714dc: ; ImmutableOopMap {rbp=Oop [32]=Oop [40]=Oop [48]=NarrowOop [56]=Oop [72]=Oop [80]=NarrowOop [84]=NarrowOop [88]=Oop [96]=Oop [104]=Oop [120]=NarrowOop [132]=NarrowOop [136]=Oop [152]=Oop [160]=Oop [240]=Oop }
                      ;*invokestatic isNaN {reexecute=0 rethrow=0 return_oop=0}
                      ; - java.util.Hashtable::<init>@47
                      ; - java.util.Hashtable::<init>@4
                      ; - java.util.jar.JarVerifier::<init>@63
                      ; - java.util.jar.JarFile::getManifestFromReference@78
                      ; - java.util.jar.JarFile::getManifest@1
                      ; - java.util.jar.JarFile::maybeInstantiateVerifier@31
                      ; - java.util.jar.JarFile::ensureInitialization@1
                      ; - java.util.jar.JavaUtilJarAccessImpl::ensureInitialization@1
                      ; - jdk.internal.loader.URLClassPath$JarLoader$2::getManifest@10
                      ; - java.net.URLClassLoader::defineClass@34
                      ; - java.net.URLClassLoader$1::run@43
                      ; - java.net.URLClassLoader$1::run@1
  0x000001f251e714dc: a0db 56ff 

  0x000001f251e714e0: ;   {other}
  0x000001f251e714e0: 0f1f 8400 | d044 0034 | 85c0 0f85 | 642c 0000 | c745 1400 | 0040 3f4d | 8b97 b801 | 0000 4d8b 
  0x000001f251e71500: da49 83c3 | 404d 3b9f | c801 0000 | 0f83 3f29 | 0000 4d89 | 9fb8 0100 | 0041 0f0d | 8bc0 0000 
  0x000001f251e71520: 0049 c702 | 0100 0000 | 410f 0d8b | 0001 0000 

  0x000001f251e71530: ;   {metadata('java/util/Hashtable$Entry'[])}
  0x000001f251e71530: 41c7 4208 | a87f 1300 | 410f 0d8b | 4001 0000 | 41c7 420c | 0b00 0000 | 410f 0d8b | 8001 0000 
  0x000001f251e71550: 4d89 6210 | 4d89 6218 | 4d89 6220 | 4d89 6228 | 4d89 6230 | 4d89 6238 | 498b da41 | 807f 4000 
  0x000001f251e71570: 0f85 4f1d | 0000 4c8b | d34d 8bda | 4489 5d1c | 4c8b 9424 | a000 0000 | 4d8b da44 | 899c 24d8 
  0x000001f251e71590: 0000 0048 | 8bf5 4c8b | d54c 8bdb | 4d33 da49 | c1eb 144d | 85db 7421 | 49c1 ea09 | 48b9 0000 
  0x000001f251e715b0: 2659 f201 | 0000 4903 | ca0f 1f80 | 0000 0000 | 8039 020f | 85ae 2000 | 0041 807f | 4000 0f85 
  0x000001f251e715d0: 2b1d 0000 | 4c8b 9424 | a000 0000 | 4189 7218 | c745 1008 | 0000 004c | 8bd5 4c8b | 9c24 a000 
  0x000001f251e715f0: 0000 4d33 | d349 c1ea | 144d 85d2 | 741a 49c1 | eb09 48b9 | 0000 2659 | f201 0000 | 4903 cb80 
  0x000001f251e71610: 3902 0f85 | 5221 0000 | 4d8b 97b8 | 0100 004d | 8bda 4983 | c318 4d3b | 9fc8 0100 

  0x000001f251e7162c: ;   {no_reloc}
  0x000001f251e7162c: 000f 8322 | 2700 004d | 899f b801 | 0000 410f | 0d8b c000 | 0000 49c7 | 0201 0000 

  0x000001f251e71648: ;   {metadata('java/util/ArrayList')}
  0x000001f251e71648: 0041 c742 | 08d0 890b | 0045 8962 | 0c45 8962 

  0x000001f251e71658: ;   {oop(a 'java/lang/Object'[0] {0x00000000c07e6e28})}
  0x000001f251e71658: 1041 c742 | 1428 6e7e | c049 8bda | 4180 7f40 | 000f 8596 | 1b00 004c | 8bd3 4c8b | 9c24 a000 
  0x000001f251e71678: 0000 4589 | 531c 4d8b | d34c 8bdb | 4d33 da49 | c1eb 144d | 85db 741a | 49c1 ea09 | 48b9 0000 
  0x000001f251e71698: 2659 f201 | 0000 4903 | ca80 3902 | 0f85 1b21 | 0000 4d8b | 97b8 0100 | 004d 8bda | 4983 c318 
  0x000001f251e716b8: 0f1f 8400 | 0000 0000 | 4d3b 9fc8 | 0100 000f | 83ab 2600 | 004d 899f | b801 0000 | 410f 0d8b 
  0x000001f251e716d8: c000 0000 | 49c7 0201 

  0x000001f251e716e0: ;   {metadata('java/io/ByteArrayOutputStream')}
  0x000001f251e716e0: 0000 0041 | c742 08a0 | 0022 0045 | 8962 0c4d | 8962 1049 | 8bea 498b | 87b8 0100 | 004c 8bd0 
  0x000001f251e71700: 4983 c230 | 4d3b 97c8 | 0100 000f | 83b4 2600 | 004d 8997 | b801 0000 | 410f 0d8a | c000 0000 
  0x000001f251e71720: 48c7 0001 | 0000 0041 | 0f0d 8a00 

  0x000001f251e7172c: ;   {metadata({type array byte})}
  0x000001f251e7172c: 0100 00c7 | 4008 1823 | 0000 410f | 0d8a 4001 | 0000 c740 | 0c20 0000 | 0041 0f0d | 8a80 0100 
  0x000001f251e7174c: 004c 8960 | 104c 8960 | 184c 8960 | 204c 8960 | 284c 8bd5 | 498b fa4c | 8bd0 4489 | 5510 4c8b 
  0x000001f251e7176c: d04c 8bdd | 4d33 d349 | c1ea 144d | 85d2 741a | 49c1 eb09 | 48b9 0000 | 2659 f201 | 0000 4903 
  0x000001f251e7178c: cb80 3902 | 0f85 321f | 0000 6666 | 0f1f 8400 | 0000 0000 | 4180 7f40 | 000f 85da | 1a00 004c 
  0x000001f251e717ac: 8b94 24a0 | 0000 0041 | 897a 244c | 8bd5 4c8b | 9c24 a000 | 0000 4d33 | d349 c1ea | 144d 85d2 
  0x000001f251e717cc: 741b 49c1 | eb09 48b9 | 0000 2659 | f201 0000 | 4903 cb90 | 8039 020f | 8530 1f00 | 004d 8b97 
  0x000001f251e717ec: b801 0000 | 4d8b da49 | 83c3 1866 | 0f1f 8400 | 0000 0000 | 4d3b 9fc8 | 0100 000f | 838f 2500 
  0x000001f251e7180c: 004d 899f | b801 0000 | 410f 0d8b | c000 0000 | 49c7 0201 

  0x000001f251e71820: ;   {metadata('java/util/ArrayList')}
  0x000001f251e71820: 0000 0041 | c742 08d0 | 890b 0045 | 8962 0c45 

  0x000001f251e71830: ;   {oop(a 'java/lang/Object'[0] {0x00000000c07e6e28})}
  0x000001f251e71830: 8962 1041 | c742 1428 | 6e7e c049 | 8bda 6690 | 4180 7f40 | 000f 853a | 1900 004c | 8bd3 4c8b 
  0x000001f251e71850: 9c24 a000 | 0000 4589 | 5334 4d8b | d34c 8bdb | 4d33 da49 | c1eb 144d | 85db 741d | 49c1 ea09 
  0x000001f251e71870: 48b9 0000 | 2659 f201 | 0000 4903 | ca66 6690 | 8039 020f | 859c 1d00 | 004d 8b97 | b801 0000 
  0x000001f251e71890: 4d8b da49 | 83c3 3066 | 0f1f 8400 | 0000 0000 | 4d3b 9fc8 | 0100 000f | 8360 2500 | 004d 899f 
  0x000001f251e718b0: b801 0000 | 410f 0d8b | c000 0000 | 49c7 0201 

  0x000001f251e718c0: ;   {metadata('java/util/HashMap')}
  0x000001f251e718c0: 0000 0041 | c742 0868 | a908 0045 | 8962 0c4d | 8962 104d | 8962 184d | 8962 2849 | c742 2000 
  0x000001f251e718e0: 0040 3f49 | 8bda 4180 | 7f40 000f | 8554 1900 | 004c 8bd3 | 4c8b 9c24 | a000 0000 | 4589 5338 
  0x000001f251e71900: 4d8b d34c | 8bdb 4d33 | da49 c1eb | 144d 85db | 741a 49c1 | ea09 48b9 | 0000 2659 | f201 0000 
  0x000001f251e71920: 4903 ca80 | 3902 0f85 | 9e1c 0000 | 4180 7f40 | 000f 858e | 1800 004c | 8b94 2488 | 0000 0044 
  0x000001f251e71940: 8b84 24d8 | 0000 0045 | 8942 304c | 8b94 24a0 | 0000 004c | 8b9c 2488 | 0000 004d | 33d3 49c1 
  0x000001f251e71960: ea14 4d85 | d274 2249 | c1eb 0948 | b900 0026 | 59f2 0100 | 0049 03cb | 0f1f 8400 | 0000 0000 
  0x000001f251e71980: 8039 020f | 85f0 1b00 | 0049 8b87 | b801 0000 | 4c8b d049 | 83c2 1866 | 0f1f 8400 | 0000 0000 
  0x000001f251e719a0: 4d3b 97c8 | 0100 000f | 8340 2400 | 004d 8997 | b801 0000 | 410f 0d8a | c000 0000 | 48c7 0001 
  0x000001f251e719c0: ;   {no_reloc}
  0x000001f251e719c0: 0000 00c7 | 4008 a0e1 | 0400 4489 | 600c 4c89 | 6010 4c8b | d04c 8994 | 2490 0000 | 004c 8b94 
  0x000001f251e719e0: 2488 0000 | 0045 8b5a | 3044 899c | 24a0 0000 | 0049 8b87 | b801 0000 | 4c8b d049 | 83c2 204c 
  0x000001f251e71a00: 899c 24a8 | 0000 004d | 3b97 c801 | 0000 0f83 | 1c24 0000 | 4d89 97b8 | 0100 0041 | 0f0d 8ac0 
  0x000001f251e71a20: 0000 0048 | c700 0100 

  0x000001f251e71a28: ;   {metadata('java/io/ByteArrayInputStream')}
  0x000001f251e71a28: 0000 c740 | 08a0 2305 | 0044 8960 | 0c4c 8960 | 104c 8960 | 184c 8bd0 | 4c89 9424 | b000 0000 
  0x000001f251e71a48: 448b 8424 | 8400 0000 | 4589 4218 | 4c8b 9424 | 9800 0000 | 0f1f 4000 

  0x000001f251e71a60: ; implicit exception: dispatches to 0x000001f251e74b74
  0x000001f251e71a60: 458b 5a0c | 4c8b 9424 | b000 0000 | 4589 5a14 | 4c8b 9424 | 8800 0000 | 458b 5214 | 4489 9424 
  0x000001f251e71a80: 8400 0000 | 498b 87b8 | 0100 004c | 8bd0 4983 | c210 4d3b | 97c8 0100 | 000f 83fe | 2300 004d 
  0x000001f251e71aa0: 8997 b801 | 0000 410f | 0d8a c000 | 0000 48c7 | 0001 0000 

  0x000001f251e71ab4: ;   {metadata('java/util/jar/Attributes')}
  0x000001f251e71ab4: 00c7 4008 | 4088 1600 | 4489 600c | 488b e849 | 8b87 b801 | 0000 4c8b | d049 83c2 | 404d 3b97 
  0x000001f251e71ad4: c801 0000 | 0f83 9e23 | 0000 4d89 | 97b8 0100 | 0041 0f0d | 8ac0 0000 | 0048 c700 | 0100 0000 
  0x000001f251e71af4: ;   {metadata('java/util/LinkedHashMap')}
  0x000001f251e71af4: c740 08e8 | a10f 0044 | 8960 0c4c | 8960 104c | 8960 184c | 8960 204c | 8960 284c | 8960 304c 
  0x000001f251e71b14: 8960 384c | 8bd0 4c89 | 9424 9800 | 0000 498b | d266 6690 

  0x000001f251e71b28: ;   {optimized virtual_call}
  0x000001f251e71b28: c5f8 77e8 

  0x000001f251e71b2c: ; ImmutableOopMap {rbp=Oop [32]=Oop [40]=Oop [48]=NarrowOop [56]=Oop [72]=Oop [80]=NarrowOop [84]=NarrowOop [88]=Oop [96]=Oop [104]=Oop [120]=NarrowOop [132]=NarrowOop [136]=Oop [144]=Oop [152]=Oop [160]=NarrowOop [168]=Oop [176]=Oop [240]=Oop }
                      ;*invokespecial <init> {reexecute=0 rethrow=0 return_oop=0}
                      ; - java.util.AbstractMap::<init>@1
                      ; - java.util.HashMap::<init>@1
                      ; - java.util.HashMap::<init>@4
                      ; - java.util.LinkedHashMap::<init>@2
                      ; - java.util.LinkedHashMap::newLinkedHashMap@39
                      ; - java.util.jar.Attributes::<init>@6
                      ; - java.util.jar.Attributes::<init>@3
                      ; - java.util.jar.Manifest::<init>@9
                      ; - java.util.jar.JarFile::getManifestFromReference@121
                      ; - java.util.jar.JarFile::getManifest@1
                      ; - java.util.jar.JarFile::maybeInstantiateVerifier@31
                      ; - java.util.jar.JarFile::ensureInitialization@1
                      ; - java.util.jar.JavaUtilJarAccessImpl::ensureInitialization@1
                      ; - jdk.internal.loader.URLClassPath$JarLoader$2::getManifest@10
                      ; - java.net.URLClassLoader::defineClass@34
                      ; - java.net.URLClassLoader$1::run@43
                      ; - java.net.URLClassLoader$1::run@1
  0x000001f251e71b2c: 50cf 56ff 

  0x000001f251e71b30: ;   {other}
  0x000001f251e71b30: 0f1f 8400 | 204b 0035 | 448b 5424 | 3466 6690 | 4181 fa01 | 0000 400f | 8358 2900 | 004c 8b94 
  0x000001f251e71b50: 2498 0000 | 0041 c742 | 2000 0040 | 3f44 8b5c | 247c 4585 | db0f 8c3a | 0b00 0041 | 81fb 0000 
  0x000001f251e71b70: 0040 0f8d | b029 0000 | 448b 9c24 | 8000 0000 | 4c8b 9424 | 9800 0000 | 4589 5a1c | 4589 622c 
  0x000001f251e71b90: 4588 6230 | 4180 7f40 | 000f 8520 | 1800 0048 | 8bdd 448b | 9c24 8400 | 0000 4d8b | d34c 8994 
  0x000001f251e71bb0: 24b8 0000 | 004c 8b94 | 2498 0000 | 0044 8955 | 0c4c 8b94 | 2498 0000 | 004c 8bdd | 4d33 d349 
  0x000001f251e71bd0: c1ea 144d | 85d2 741a | 49c1 eb09 | 48b9 0000 | 2659 f201 | 0000 4903 | cb80 3902 | 0f85 c71c 
  0x000001f251e71bf0: 0000 4180 | 7f40 000f | 8542 1700 | 004c 8b94 | 2490 0000 | 0041 895a | 0c4c 8bdd | 4d33 da49 
  0x000001f251e71c10: c1eb 144d | 85db 741a | 49c1 ea09 | 48b9 0000 | 2659 f201 | 0000 4903 | ca80 3902 

  0x000001f251e71c2c: ;   {no_reloc}
  0x000001f251e71c2c: 0f85 e51b | 0000 4d8b | 97b8 0100 | 004d 8bda | 4983 c330 | 4d3b 9fc8 | 0100 000f | 8370 2200 
  0x000001f251e71c4c: 004d 899f | b801 0000 | 410f 0d8b | c000 0000 | 49c7 0201 

  0x000001f251e71c60: ;   {metadata('java/util/HashMap')}
  0x000001f251e71c60: 0000 0041 | c742 0868 | a908 0045 | 8962 0c4d | 8962 104d | 8962 184d | 8962 2849 | c742 2000 
  0x000001f251e71c80: 0040 3f49 | 8bda 4180 | 7f40 000f | 85ee 1600 | 004c 8bd3 | 4c8b 9c24 | 9000 0000 | 4589 5310 
  0x000001f251e71ca0: 4d8b d34c | 8bdb 4d33 | da49 c1eb | 144d 85db | 741a 49c1 | ea09 48b9 | 0000 2659 | f201 0000 
  0x000001f251e71cc0: 4903 ca80 | 3902 0f85 | 9c1b 0000 | 488b 9424 | 9000 0000 | 4c8b 8424 | b000 0000 | 4c8b 8c24 
  0x000001f251e71ce0: b800 0000 

  0x000001f251e71ce4: ;   {optimized virtual_call}
  0x000001f251e71ce4: c5f8 77e8 

  0x000001f251e71ce8: ; ImmutableOopMap {[32]=Oop [40]=Oop [48]=NarrowOop [56]=Oop [72]=Oop [80]=NarrowOop [84]=NarrowOop [88]=Oop [96]=Oop [104]=Oop [120]=NarrowOop [136]=Oop [144]=Oop [160]=NarrowOop [168]=Oop [240]=Oop }
                      ;*invokevirtual read {reexecute=0 rethrow=0 return_oop=0}
                      ; - java.util.jar.Manifest::<init>@29
                      ; - java.util.jar.JarFile::getManifestFromReference@121
                      ; - java.util.jar.JarFile::getManifest@1
                      ; - java.util.jar.JarFile::maybeInstantiateVerifier@31
                      ; - java.util.jar.JarFile::ensureInitialization@1
                      ; - java.util.jar.JavaUtilJarAccessImpl::ensureInitialization@1
                      ; - jdk.internal.loader.URLClassPath$JarLoader$2::getManifest@10
                      ; - java.net.URLClassLoader::defineClass@34
                      ; - java.net.URLClassLoader$1::run@43
                      ; - java.net.URLClassLoader$1::run@1
  0x000001f251e71ce8: 94cd 56ff 

  0x000001f251e71cec: ;   {other}
  0x000001f251e71cec: 0f1f 8400 | dc4c 0036 | 4180 7f40 | 000f 85f3 | 1600 004c | 8b94 2490 | 0000 0044 | 8b9c 24a0 
  0x000001f251e71d0c: 0000 0045 | 895a 144c | 8b94 24a8 | 0000 004c | 8b9c 2490 | 0000 004d | 33d3 49c1 | ea14 4d85 
  0x000001f251e71d2c: d274 2744 | 8b84 24a0 | 0000 0045 | 85c0 741a | 49c1 eb09 | 48b9 0000 | 2659 f201 | 0000 4903 
  0x000001f251e71d4c: cb80 3902 | 0f85 611c | 0000 488b | ac24 9000 | 0000 4d8b | 97b8 0100 | 004d 8bda | 4983 c328 
  0x000001f251e71d6c: 4d3b 9fc8 | 0100 000f | 83df 1e00 | 004d 899f | b801 0000 | 410f 0d8b | c000 0000 | 49c7 0201 
  0x000001f251e71d8c: ;   {metadata('java/lang/ref/SoftReference')}
  0x000001f251e71d8c: 0000 0041 | c742 0890 | df03 0045 | 8962 0c4d | 8962 104d | 8962 184d | 8962 2049 | 8bfa 4c8b 
  0x000001f251e71dac: dd45 895a | 0c41 807f | 4000 0f85 | d70f 0000 

  0x000001f251e71dbc: ;   {oop(a 'java/lang/ref/ReferenceQueue$Null'{0x00000000c0793680})}
  0x000001f251e71dbc: 4c8b d741 | c742 1080 | 3679 c049 

  0x000001f251e71dc8: ;   {oop(a 'java/lang/ref/ReferenceQueue$Null'{0x00000000c0793680})}
  0x000001f251e71dc8: 8bda 49bb | 8036 79c0 | 0000 0000 | 4d33 da49 | c1eb 140f | 1f44 0000 | 4d85 db74 | 1a49 c1ea 
  0x000001f251e71de8: 0948 b900 | 0026 59f2 | 0100 0049 | 03ca 8039 | 020f 85d0 | 0f00 00f0 | 8344 24c0 | 0041 807f 
  0x000001f251e71e08: 4000 0f85 | 480f 0000 | 4c8b 9424 | 8800 0000 | 4189 5a28 

  0x000001f251e71e1c: ;   {oop(a 'java/lang/Class'{0x00000000c0744f00} = 'java/lang/ref/SoftReference')}
  0x000001f251e71e1c: 49ba 004f | 74c0 0000 | 0000 4d8b | 5270 4c89 | 5720 4c8b | d74c 8b9c | 2488 0000 | 004d 33d3 
  0x000001f251e71e3c: 49c1 ea14 | 4d85 d20f | 84ce deff | ff49 c1eb | 0948 b900 | 0026 59f2 | 0100 0049 | 03cb 660f 
  0x000001f251e71e5c: 1f44 0000 | 8039 020f | 84ae deff | ff4d 8b57 | 484d 8b5f | 58f0 8344 | 24c0 0066 | 0f1f 8400 
  0x000001f251e71e7c: 0000 0000 | 8039 000f | 848e deff | ff44 8821 | 4d85 d275 | 2049 8bd7 | c5f8 7749 | ba00 a422 
  0x000001f251e71e9c: daff 7f00 | 0041 ffd2 

  0x000001f251e71ea4: ;   {other}
  0x000001f251e71ea4: 0f1f 8400 | 0000 0000 | e966 deff | ff4b 894c | 13f8 4983 | c2f8 4d89 | 5748 6690 | e952 deff 
  0x000001f251e71ec4: ff4c 8943 | 20e9 3cde 

  0x000001f251e71ecc: ;   {metadata('java/lang/ref/SoftReference')}
  0x000001f251e71ecc: ffff 48ba | 90df 035d | f201 0000 

  0x000001f251e71ed8: ;   {runtime_call _new_instance_Java}
  0x000001f251e71ed8: c5f8 77e8 

  0x000001f251e71edc: ; ImmutableOopMap {[32]=Oop [40]=Oop [48]=NarrowOop [56]=Oop [72]=Oop [80]=NarrowOop [88]=Oop [96]=Oop [104]=Oop [120]=NarrowOop [136]=Oop [240]=Oop }
                      ;*new {reexecute=0 rethrow=0 return_oop=1}
                      ; - java.util.jar.JarFile::getManifestFromReference@184
                      ; - java.util.jar.JarFile::getManifest@1
                      ; - jdk.internal.loader.URLClassPath$JarLoader$2::getManifest@22
                      ; - java.net.URLClassLoader::defineClass@34
                      ; - java.net.URLClassLoader$1::run@43
                      ; - java.net.URLClassLoader$1::run@1
  0x000001f251e71edc: 209d 59ff 

  0x000001f251e71ee0: ;   {other}
  0x000001f251e71ee0: 0f1f 8400 | d04e 0037 | e9ed d9ff 

  0x000001f251e71eec: ;   {metadata('java/util/jar/JarVerifier')}
  0x000001f251e71eec: ff48 ba78 | 9e16 5df2 | 0100 0090 

  0x000001f251e71ef8: ;   {runtime_call _new_instance_Java}
  0x000001f251e71ef8: c5f8 77e8 

  0x000001f251e71efc: ; ImmutableOopMap {[32]=Oop [40]=Oop [48]=NarrowOop [56]=Oop [72]=Oop [80]=NarrowOop [88]=Oop [96]=Oop [104]=Oop [120]=NarrowOop [136]=Oop [144]=Oop [240]=Oop }
                      ;*new {reexecute=0 rethrow=0 return_oop=1}
                      ; - java.util.jar.JarFile::getManifestFromReference@69
                      ; - java.util.jar.JarFile::getManifest@1
                      ; - jdk.internal.loader.URLClassPath$JarLoader$2::getManifest@22
                      ; - java.net.URLClassLoader::defineClass@34
                      ; - java.net.URLClassLoader$1::run@43
                      ; - java.net.URLClassLoader$1::run@1
  0x000001f251e71efc: 009d 59ff 

  0x000001f251e71f00: ;   {other}
  0x000001f251e71f00: 0f1f 8400 | f04e 0038 | 4c8b d0e9 | 57cd ffff 

  0x000001f251e71f10: ;   {metadata('java/util/Hashtable')}
  0x000001f251e71f10: 48ba b8d3 | 005d f201 | 0000 6690 

  0x000001f251e71f1c: ;   {runtime_call _new_instance_Java}
  0x000001f251e71f1c: c5f8 77e8 

  0x000001f251e71f20: ; ImmutableOopMap {[32]=Oop [40]=Oop [48]=NarrowOop [56]=Oop [72]=Oop [80]=NarrowOop [84]=NarrowOop [88]=Oop [96]=Oop [104]=Oop [120]=NarrowOop [136]=Oop [144]=Oop [240]=Oop }
                      ;*new {reexecute=0 rethrow=0 return_oop=1}
                      ; - java.util.jar.JarVerifier::<init>@35
                      ; - java.util.jar.JarFile::getManifestFromReference@78
                      ; - java.util.jar.JarFile::getManifest@1
                      ; - jdk.internal.loader.URLClassPath$JarLoader$2::getManifest@22
                      ; - java.net.URLClassLoader::defineClass@34
                      ; - java.net.URLClassLoader$1::run@43
                      ; - java.net.URLClassLoader$1::run@1
  0x000001f251e71f20: dc9c 59ff 

  0x000001f251e71f24: ;   {other}
  0x000001f251e71f24: 0f1f 8400 | 144f 0039 | 488b e8e9 | 4dce ffff 

  0x000001f251e71f34: ;   {metadata('java/util/Hashtable')}
  0x000001f251e71f34: 48ba b8d3 | 005d f201 | 0000 6690 

  0x000001f251e71f40: ;   {runtime_call _new_instance_Java}
  0x000001f251e71f40: c5f8 77e8 

  0x000001f251e71f44: ; ImmutableOopMap {[32]=Oop [40]=Oop [48]=NarrowOop [56]=Oop [72]=Oop [80]=NarrowOop [84]=NarrowOop [88]=Oop [96]=Oop [104]=Oop [120]=NarrowOop [136]=Oop [144]=Oop [240]=Oop }
                      ;*new {reexecute=0 rethrow=0 return_oop=1}
                      ; - java.util.jar.JarVerifier::<init>@46
                      ; - java.util.jar.JarFile::getManifestFromReference@78
                      ; - java.util.jar.JarFile::getManifest@1
                      ; - jdk.internal.loader.URLClassPath$JarLoader$2::getManifest@22
                      ; - java.net.URLClassLoader::defineClass@34
                      ; - java.net.URLClassLoader$1::run@43
                      ; - java.net.URLClassLoader$1::run@1
  0x000001f251e71f44: b89c 59ff 

  0x000001f251e71f48: ;   {other}
  0x000001f251e71f48: 0f1f 8400 | 384f 003a | 488b e8e9 | a7cf ffff 

  0x000001f251e71f58: ;   {metadata('java/util/Hashtable$Entry'[])}
  0x000001f251e71f58: 48ba a87f | 135d f201 | 0000 41b8 | 0b00 0000 

  0x000001f251e71f68: ;   {runtime_call _new_array_Java}
  0x000001f251e71f68: c5f8 77e8 

  0x000001f251e71f6c: ; ImmutableOopMap {rbp=Oop [32]=Oop [40]=Oop [48]=NarrowOop [56]=Oop [72]=Oop [80]=NarrowOop [84]=NarrowOop [88]=Oop [96]=Oop [104]=Oop [120]=NarrowOop [136]=Oop [144]=Oop [240]=Oop }
                      ;*anewarray {reexecute=0 rethrow=0 return_oop=1}
                      ; - java.util.Hashtable::<init>@93
                      ; - java.util.Hashtable::<init>@5
                      ; - java.util.jar.JarVerifier::<init>@39
                      ; - java.util.jar.JarFile::getManifestFromReference@78
                      ; - java.util.jar.JarFile::getManifest@1
                      ; - jdk.internal.loader.URLClassPath$JarLoader$2::getManifest@22
                      ; - java.net.URLClassLoader::defineClass@34
                      ; - java.net.URLClassLoader$1::run@43
                      ; - java.net.URLClassLoader$1::run@1
  0x000001f251e71f6c: 9099 59ff 

  0x000001f251e71f70: ;   {other}
  0x000001f251e71f70: 0f1f 8400 | 604f 003b | 4c8b d00f | 1f44 0000 | e99e ceff 

  0x000001f251e71f84: ;   {metadata('java/util/Hashtable')}
  0x000001f251e71f84: ff48 bab8 | d300 5df2 | 0100 0090 

  0x000001f251e71f90: ;   {runtime_call _new_instance_Java}
  0x000001f251e71f90: c5f8 77e8 

  0x000001f251e71f94: ; ImmutableOopMap {[32]=Oop [40]=Oop [48]=NarrowOop [56]=Oop [72]=Oop [80]=NarrowOop [84]=NarrowOop [88]=Oop [96]=Oop [104]=Oop [120]=NarrowOop [136]=Oop [144]=Oop [240]=Oop }
                      ;*new {reexecute=0 rethrow=0 return_oop=1}
                      ; - java.util.jar.JarVerifier::<init>@57
                      ; - java.util.jar.JarFile::getManifestFromReference@78
                      ; - java.util.jar.JarFile::getManifest@1
                      ; - jdk.internal.loader.URLClassPath$JarLoader$2::getManifest@22
                      ; - java.net.URLClassLoader::defineClass@34
                      ; - java.net.URLClassLoader$1::run@43
                      ; - java.net.URLClassLoader$1::run@1
  0x000001f251e71f94: 689c 59ff 

  0x000001f251e71f98: ;   {other}
  0x000001f251e71f98: 0f1f 8400 | 884f 003c | 488b e8e9 | d7d0 ffff 

  0x000001f251e71fa8: ;   {metadata('java/util/Hashtable$Entry'[])}
  0x000001f251e71fa8: 48ba a87f | 135d f201 | 0000 41b8 | 0b00 0000 

  0x000001f251e71fb8: ;   {runtime_call _new_array_Java}
  0x000001f251e71fb8: c5f8 77e8 

  0x000001f251e71fbc: ; ImmutableOopMap {rbp=Oop [32]=Oop [40]=Oop [48]=NarrowOop [56]=Oop [72]=Oop [80]=NarrowOop [84]=NarrowOop [88]=Oop [96]=Oop [104]=Oop [120]=NarrowOop [136]=Oop [144]=Oop [240]=Oop }
                      ;*anewarray {reexecute=0 rethrow=0 return_oop=1}
                      ; - java.util.Hashtable::<init>@93
                      ; - java.util.Hashtable::<init>@5
                      ; - java.util.jar.JarVerifier::<init>@50
                      ; - java.util.jar.JarFile::getManifestFromReference@78
                      ; - java.util.jar.JarFile::getManifest@1
                      ; - jdk.internal.loader.URLClassPath$JarLoader$2::getManifest@22
                      ; - java.net.URLClassLoader::defineClass@34
                      ; - java.net.URLClassLoader$1::run@43
                      ; - java.net.URLClassLoader$1::run@1
  0x000001f251e71fbc: 4099 59ff 

  0x000001f251e71fc0: ;   {other}
  0x000001f251e71fc0: 0f1f 8400 | b04f 003d | 4c8b d0e9 | d3cf ffff | 4889 9424 | 9000 0000 | 898c 2484 | 0000 004c 
  0x000001f251e71fe0: 8944 2468 

  0x000001f251e71fe4: ;   {metadata('java/io/ByteArrayInputStream')}
  0x000001f251e71fe4: 488b ee48 | baa0 2305 | 5df2 0100 | 0066 6690 

  0x000001f251e71ff4: ;   {runtime_call _new_instance_Java}
  0x000001f251e71ff4: c5f8 77e8 

  0x000001f251e71ff8: ; ImmutableOopMap {rbp=Oop [32]=Oop [40]=Oop [48]=NarrowOop [56]=Oop [72]=Oop [80]=NarrowOop [84]=NarrowOop [88]=Oop [96]=Oop [104]=Oop [120]=NarrowOop [132]=NarrowOop [136]=Oop [144]=Oop [240]=Oop }
                      ;*new {reexecute=0 rethrow=0 return_oop=1}
                      ; - java.util.jar.JarFile::getManifestFromReference@109
                      ; - java.util.jar.JarFile::getManifest@1
                      ; - jdk.internal.loader.URLClassPath$JarLoader$2::getManifest@22
                      ; - java.net.URLClassLoader::defineClass@34
                      ; - java.net.URLClassLoader$1::run@43
                      ; - java.net.URLClassLoader$1::run@1
  0x000001f251e71ff8: 049c 59ff 

  0x000001f251e71ffc: ;   {other}
  0x000001f251e71ffc: 0f1f 8400 | ec4f 003e | 488b f54c | 8b44 2468 | 8b8c 2484 | 0000 004c | 8bc8 488b | 9424 9000 
  0x000001f251e7201c: 0000 6690 | e99f d5ff | ff48 8bee 

  0x000001f251e72028: ;   {metadata('java/util/jar/Manifest')}
  0x000001f251e72028: 48ba a0e1 | 045d f201 | 0000 6690 

  0x000001f251e72034: ;   {runtime_call _new_instance_Java}
  0x000001f251e72034: c5f8 77e8 

  0x000001f251e72038: ; ImmutableOopMap {rbp=Oop [32]=Oop [40]=Oop [48]=NarrowOop [56]=Oop [72]=Oop [80]=NarrowOop [84]=NarrowOop [88]=Oop [96]=Oop [120]=NarrowOop [136]=Oop [240]=Oop }
                      ;*new {reexecute=0 rethrow=0 return_oop=1}
                      ; - java.util.jar.JarFile::getManifestFromReference@101
                      ; - java.util.jar.JarFile::getManifest@1
                      ; - jdk.internal.loader.URLClassPath$JarLoader$2::getManifest@22
                      ; - java.net.URLClassLoader::defineClass@34
                      ; - java.net.URLClassLoader$1::run@43
                      ; - java.net.URLClassLoader$1::run@1
  0x000001f251e72038: c49b 59ff 

  0x000001f251e7203c: ;   {other}
  0x000001f251e7203c: 0f1f 8400 | 2c50 003f | 488b f5e9 | 2ad5 ffff 

  0x000001f251e7204c: ;   {metadata('java/util/ArrayList')}
  0x000001f251e7204c: 48ba d089 | 0b5d f201 | 0000 6690 

  0x000001f251e72058: ;   {runtime_call _new_instance_Java}
  0x000001f251e72058: c5f8 77e8 

  0x000001f251e7205c: ; ImmutableOopMap {[32]=Oop [40]=Oop [48]=NarrowOop [56]=Oop [72]=Oop [80]=NarrowOop [84]=NarrowOop [88]=Oop [96]=Oop [104]=Oop [120]=NarrowOop [132]=NarrowOop [136]=Oop [144]=Oop [240]=Oop }
                      ;*new {reexecute=0 rethrow=0 return_oop=1}
                      ; - java.util.jar.JarVerifier::<init>@70
                      ; - java.util.jar.JarFile::getManifestFromReference@78
                      ; - java.util.jar.JarFile::getManifest@1
                      ; - jdk.internal.loader.URLClassPath$JarLoader$2::getManifest@22
                      ; - java.net.URLClassLoader::defineClass@34
                      ; - java.net.URLClassLoader$1::run@43
                      ; - java.net.URLClassLoader$1::run@1
  0x000001f251e7205c: a09b 59ff 

  0x000001f251e72060: ;   {other}
  0x000001f251e72060: 0f1f 8400 | 5050 0040 | 4c8b d0e9 | a3d1 ffff 

  0x000001f251e72070: ;   {metadata('java/util/Hashtable$Entry'[])}
  0x000001f251e72070: 48ba a87f | 135d f201 | 0000 41b8 | 0b00 0000 

  0x000001f251e72080: ;   {runtime_call _new_array_Java}
  0x000001f251e72080: c5f8 77e8 

  0x000001f251e72084: ; ImmutableOopMap {rbp=Oop [32]=Oop [40]=Oop [48]=NarrowOop [56]=Oop [72]=Oop [80]=NarrowOop [84]=NarrowOop [88]=Oop [96]=Oop [104]=Oop [120]=NarrowOop [136]=Oop [144]=Oop [240]=Oop }
                      ;*anewarray {reexecute=0 rethrow=0 return_oop=1}
                      ; - java.util.Hashtable::<init>@93
                      ; - java.util.Hashtable::<init>@4
                      ; - java.util.jar.JarVerifier::<init>@63
                      ; - java.util.jar.JarFile::getManifestFromReference@78
                      ; - java.util.jar.JarFile::getManifest@1
                      ; - jdk.internal.loader.URLClassPath$JarLoader$2::getManifest@22
                      ; - java.net.URLClassLoader::defineClass@34
                      ; - java.net.URLClassLoader$1::run@43
                      ; - java.net.URLClassLoader$1::run@1
  0x000001f251e72084: 7898 59ff 

  0x000001f251e72088: ;   {other}
  0x000001f251e72088: 0f1f 8400 | 7850 0041 | 4c8b d0e9 | 8bd0 ffff 

  0x000001f251e72098: ;   {metadata('java/io/ByteArrayOutputStream')}
  0x000001f251e72098: 48ba a000 | 225d f201 | 0000 6690 

  0x000001f251e720a4: ;   {runtime_call _new_instance_Java}
  0x000001f251e720a4: c5f8 77e8 

  0x000001f251e720a8: ; ImmutableOopMap {[32]=Oop [40]=Oop [48]=NarrowOop [56]=Oop [72]=Oop [80]=NarrowOop [84]=NarrowOop [88]=Oop [96]=Oop [104]=Oop [120]=NarrowOop [132]=NarrowOop [136]=Oop [144]=Oop [240]=Oop }
                      ;*new {reexecute=0 rethrow=0 return_oop=1}
                      ; - java.util.jar.JarVerifier::<init>@81
                      ; - java.util.jar.JarFile::getManifestFromReference@78
                      ; - java.util.jar.JarFile::getManifest@1
                      ; - jdk.internal.loader.URLClassPath$JarLoader$2::getManifest@22
                      ; - java.net.URLClassLoader::defineClass@34
                      ; - java.net.URLClassLoader$1::run@43
                      ; - java.net.URLClassLoader$1::run@1
  0x000001f251e720a8: 549b 59ff 

  0x000001f251e720ac: ;   {other}
  0x000001f251e720ac: 0f1f 8400 | 9c50 0042 | 4c8b d0e9 | f7d1 ffff 

  0x000001f251e720bc: ;   {metadata('java/util/HashMap')}
  0x000001f251e720bc: 48ba 68a9 | 085d f201 | 0000 6690 

  0x000001f251e720c8: ;   {runtime_call _new_instance_Java}
  0x000001f251e720c8: c5f8 77e8 

  0x000001f251e720cc: ; ImmutableOopMap {[32]=Oop [40]=Oop [48]=NarrowOop [56]=Oop [72]=Oop [80]=NarrowOop [84]=NarrowOop [88]=Oop [96]=Oop [104]=Oop [120]=NarrowOop [132]=NarrowOop [136]=Oop [144]=Oop [240]=Oop }
                      ;*new {reexecute=0 rethrow=0 return_oop=1}
                      ; - java.util.jar.JarVerifier::<init>@103
                      ; - java.util.jar.JarFile::getManifestFromReference@78
                      ; - java.util.jar.JarFile::getManifest@1
                      ; - jdk.internal.loader.URLClassPath$JarLoader$2::getManifest@22
                      ; - java.net.URLClassLoader::defineClass@34
                      ; - java.net.URLClassLoader$1::run@43
                      ; - java.net.URLClassLoader$1::run@1
  0x000001f251e720cc: 309b 59ff 

  0x000001f251e720d0: ;   {other}
  0x000001f251e720d0: 0f1f 8400 | c050 0043 | 4c8b d00f | 1f44 0000 | e9b6 d3ff 

  0x000001f251e720e4: ;   {metadata('java/util/ArrayList')}
  0x000001f251e720e4: ff48 bad0 | 890b 5df2 | 0100 0090 

  0x000001f251e720f0: ;   {runtime_call _new_instance_Java}
  0x000001f251e720f0: c5f8 77e8 

  0x000001f251e720f4: ; ImmutableOopMap {[32]=Oop [40]=Oop [48]=NarrowOop [56]=Oop [72]=Oop [80]=NarrowOop [84]=NarrowOop [88]=Oop [96]=Oop [104]=Oop [120]=NarrowOop [132]=NarrowOop [136]=Oop [144]=Oop [240]=Oop }
                      ;*new {reexecute=0 rethrow=0 return_oop=1}
                      ; - java.util.jar.JarVerifier::<init>@92
                      ; - java.util.jar.JarFile::getManifestFromReference@78
                      ; - java.util.jar.JarFile::getManifest@1
                      ; - jdk.internal.loader.URLClassPath$JarLoader$2::getManifest@22
                      ; - java.net.URLClassLoader::defineClass@34
                      ; - java.net.URLClassLoader$1::run@43
                      ; - java.net.URLClassLoader$1::run@1
  0x000001f251e720f4: 089b 59ff 

  0x000001f251e720f8: ;   {other}
  0x000001f251e720f8: 0f1f 8400 | e850 0044 | 4c8b d0e9 | ebd2 ffff 

  0x000001f251e72108: ;   {metadata({type array byte})}
  0x000001f251e72108: 48ba 1823 | 005d f201 | 0000 41b8 | 2000 0000 

  0x000001f251e72118: ;   {runtime_call _new_array_Java}
  0x000001f251e72118: c5f8 77e8 

  0x000001f251e7211c: ; ImmutableOopMap {rbp=Oop [32]=Oop [40]=Oop [48]=NarrowOop [56]=Oop [72]=Oop [80]=NarrowOop [84]=NarrowOop [88]=Oop [96]=Oop [104]=Oop [120]=NarrowOop [132]=NarrowOop [136]=Oop [144]=Oop [240]=Oop }
                      ;*newarray {reexecute=0 rethrow=0 return_oop=1}
                      ; - java.io.ByteArrayOutputStream::<init>@37
                      ; - java.io.ByteArrayOutputStream::<init>@3
                      ; - java.util.jar.JarVerifier::<init>@85
                      ; - java.util.jar.JarFile::getManifestFromReference@78
                      ; - java.util.jar.JarFile::getManifest@1
                      ; - jdk.internal.loader.URLClassPath$JarLoader$2::getManifest@22
                      ; - java.net.URLClassLoader::defineClass@34
                      ; - java.net.URLClassLoader$1::run@43
                      ; - java.net.URLClassLoader$1::run@1
  0x000001f251e7211c: e097 59ff 

  0x000001f251e72120: ;   {other}
  0x000001f251e72120: 0f1f 8400 | 1051 0045 | e9f0 d1ff | ff48 899c | 24a0 0000 | 0048 8994 | 2498 0000 | 004c 898c 
  0x000001f251e72140: 2490 0000 | 0089 4c24 | 544c 8984 | 2488 0000 | 0048 8974 

  0x000001f251e72154: ;   {metadata('java/util/LinkedHashMap')}
  0x000001f251e72154: 2468 48ba | e8a1 0f5d | f201 0000 

  0x000001f251e72160: ;   {runtime_call _new_instance_Java}
  0x000001f251e72160: c5f8 77e8 

  0x000001f251e72164: ; ImmutableOopMap {rbp=NarrowOop [32]=Oop [40]=Oop [48]=NarrowOop [56]=Oop [72]=Oop [80]=NarrowOop [84]=NarrowOop [88]=Oop [96]=Oop [104]=Oop [120]=NarrowOop [136]=Oop [144]=Oop [152]=Oop [160]=Oop [240]=Oop }
                      ;*new {reexecute=0 rethrow=0 return_oop=1}
                      ; - java.util.LinkedHashMap::newLinkedHashMap@31
                      ; - java.util.jar.Attributes::<init>@6
                      ; - java.util.jar.Attributes::<init>@3
                      ; - java.util.jar.Manifest::<init>@9
                      ; - java.util.jar.JarFile::getManifestFromReference@121
                      ; - java.util.jar.JarFile::getManifest@1
                      ; - jdk.internal.loader.URLClassPath$JarLoader$2::getManifest@22
                      ; - java.net.URLClassLoader::defineClass@34
                      ; - java.net.URLClassLoader$1::run@43
                      ; - java.net.URLClassLoader$1::run@1
  0x000001f251e72164: 989a 59ff 

  0x000001f251e72168: ;   {other}
  0x000001f251e72168: 0f1f 8400 | 5851 0046 | 488b 7424 | 684c 8b84 | 2488 0000 | 008b 4c24 | 544c 8b8c | 2490 0000 
  0x000001f251e72188: 0048 8b94 | 2498 0000 | 0048 8b9c | 24a0 0000 | 0048 8bf8 | 0f1f 4000 | e9cb d4ff | ff48 8994 
  0x000001f251e721a8: 2498 0000 | 004c 898c | 2490 0000 | 0089 4c24 | 544c 8984 | 2488 0000 | 0048 8974 

  0x000001f251e721c4: ;   {metadata('java/util/jar/Attributes')}
  0x000001f251e721c4: 2468 48ba | 4088 165d | f201 0000 

  0x000001f251e721d0: ;   {runtime_call _new_instance_Java}
  0x000001f251e721d0: c5f8 77e8 

  0x000001f251e721d4: ; ImmutableOopMap {rbp=NarrowOop [32]=Oop [40]=Oop [48]=NarrowOop [56]=Oop [72]=Oop [80]=NarrowOop [84]=NarrowOop [88]=Oop [96]=Oop [104]=Oop [120]=NarrowOop [136]=Oop [144]=Oop [152]=Oop [240]=Oop }
                      ;*new {reexecute=0 rethrow=0 return_oop=1}
                      ; - java.util.jar.Manifest::<init>@5
                      ; - java.util.jar.JarFile::getManifestFromReference@121
                      ; - java.util.jar.JarFile::getManifest@1
                      ; - jdk.internal.loader.URLClassPath$JarLoader$2::getManifest@22
                      ; - java.net.URLClassLoader::defineClass@34
                      ; - java.net.URLClassLoader$1::run@43
                      ; - java.net.URLClassLoader$1::run@1
  0x000001f251e721d4: 289a 59ff 

  0x000001f251e721d8: ;   {other}
  0x000001f251e721d8: 0f1f 8400 | c851 0047 | 488b 7424 | 684c 8b84 | 2488 0000 | 008b 4c24 | 544c 8b8c | 2490 0000 
  0x000001f251e721f8: 0048 8b94 | 2498 0000 | 0048 8bd8 | e913 d4ff | ff4c 8984 | 2498 0000 

  0x000001f251e72210: ;   {metadata('java/util/HashMap')}
  0x000001f251e72210: 0048 ba68 | a908 5df2 | 0100 0090 

  0x000001f251e7221c: ;   {runtime_call _new_instance_Java}
  0x000001f251e7221c: c5f8 77e8 

  0x000001f251e72220: ; ImmutableOopMap {rbp=NarrowOop [32]=Oop [40]=Oop [48]=NarrowOop [52]=NarrowOop [56]=Oop [72]=Oop [80]=NarrowOop [88]=Oop [96]=Oop [104]=Oop [120]=NarrowOop [128]=Oop [136]=Oop [144]=Oop [152]=Oop [240]=Oop }
                      ;*new {reexecute=0 rethrow=0 return_oop=1}
                      ; - java.util.jar.Manifest::<init>@16
                      ; - java.util.jar.JarFile::getManifestFromReference@121
                      ; - java.util.jar.JarFile::getManifest@1
                      ; - jdk.internal.loader.URLClassPath$JarLoader$2::getManifest@22
                      ; - java.net.URLClassLoader::defineClass@34
                      ; - java.net.URLClassLoader$1::run@43
                      ; - java.net.URLClassLoader$1::run@1
  0x000001f251e72220: dc99 59ff 

  0x000001f251e72224: ;   {other}
  0x000001f251e72224: 0f1f 8400 | 1452 0048 | 4c8b 8424 | 9800 0000 | 4c8b c8e9 | 7fd5 ffff | 4889 9c24 | 9800 0000 
  0x000001f251e72244: 4c89 8424 | 9000 0000 | 4c89 4c24 

  0x000001f251e72250: ;   {metadata('java/util/LinkedHashMap')}
  0x000001f251e72250: 6848 bae8 | a10f 5df2 | 0100 0090 

  0x000001f251e7225c: ;   {runtime_call _new_instance_Java}
  0x000001f251e7225c: c5f8 77e8 

  0x000001f251e72260: ; ImmutableOopMap {rbp=NarrowOop [32]=Oop [40]=Oop [48]=NarrowOop [56]=Oop [72]=Oop [80]=NarrowOop [88]=Oop [96]=Oop [104]=Oop [120]=NarrowOop [136]=Oop [144]=Oop [152]=Oop [240]=Oop }
                      ;*new {reexecute=0 rethrow=0 return_oop=1}
                      ; - java.util.LinkedHashMap::newLinkedHashMap@31
                      ; - java.util.jar.Attributes::<init>@6
                      ; - java.util.jar.Attributes::<init>@3
                      ; - java.util.jar.Manifest::<init>@9
                      ; - java.util.jar.Manifest::<init>@4
                      ; - java.util.jar.JarFile::getManifestFromReference@143
                      ; - java.util.jar.JarFile::getManifest@1
                      ; - jdk.internal.loader.URLClassPath$JarLoader$2::getManifest@22
                      ; - java.net.URLClassLoader::defineClass@34
                      ; - java.net.URLClassLoader$1::run@43
                      ; - java.net.URLClassLoader$1::run@1
  0x000001f251e72260: 9c99 59ff 

  0x000001f251e72264: ;   {other}
  0x000001f251e72264: 0f1f 8400 | 5452 0049 | 4c8b 4c24 | 684c 8b84 | 2490 0000 | 0048 8b9c | 2498 0000 | 0048 8bf8 
  0x000001f251e72284: e943 c7ff 

  0x000001f251e72288: ;   {metadata('java/util/jar/Manifest')}
  0x000001f251e72288: ff48 baa0 | e104 5df2 | 0100 0090 

  0x000001f251e72294: ;   {runtime_call _new_instance_Java}
  0x000001f251e72294: c5f8 77e8 

  0x000001f251e72298: ; ImmutableOopMap {rbp=Oop [32]=Oop [40]=Oop [48]=NarrowOop [56]=Oop [72]=Oop [80]=NarrowOop [88]=Oop [96]=Oop [120]=NarrowOop [136]=Oop [240]=Oop }
                      ;*new {reexecute=0 rethrow=0 return_oop=1}
                      ; - java.util.jar.JarFile::getManifestFromReference@134
                      ; - java.util.jar.JarFile::getManifest@1
                      ; - jdk.internal.loader.URLClassPath$JarLoader$2::getManifest@22
                      ; - java.net.URLClassLoader::defineClass@34
                      ; - java.net.URLClassLoader$1::run@43
                      ; - java.net.URLClassLoader$1::run@1
  0x000001f251e72298: 6499 59ff 

  0x000001f251e7229c: ;   {other}
  0x000001f251e7229c: 0f1f 8400 | 8c52 004a | e989 c6ff | ff4c 8984 | 2490 0000 | 004c 894c 

  0x000001f251e722b4: ;   {metadata('java/util/jar/Attributes')}
  0x000001f251e722b4: 2468 48ba | 4088 165d | f201 0000 

  0x000001f251e722c0: ;   {runtime_call _new_instance_Java}
  0x000001f251e722c0: c5f8 77e8 

  0x000001f251e722c4: ; ImmutableOopMap {rbp=NarrowOop [32]=Oop [40]=Oop [48]=NarrowOop [56]=Oop [72]=Oop [80]=NarrowOop [88]=Oop [96]=Oop [104]=Oop [120]=NarrowOop [136]=Oop [144]=Oop [240]=Oop }
                      ;*new {reexecute=0 rethrow=0 return_oop=1}
                      ; - java.util.jar.Manifest::<init>@5
                      ; - java.util.jar.Manifest::<init>@4
                      ; - java.util.jar.JarFile::getManifestFromReference@143
                      ; - java.util.jar.JarFile::getManifest@1
                      ; - jdk.internal.loader.URLClassPath$JarLoader$2::getManifest@22
                      ; - java.net.URLClassLoader::defineClass@34
                      ; - java.net.URLClassLoader$1::run@43
                      ; - java.net.URLClassLoader$1::run@1
  0x000001f251e722c4: 3899 59ff 

  0x000001f251e722c8: ;   {other}
  0x000001f251e722c8: 0f1f 8400 | b852 004b | 4c8b 4c24 | 684c 8b84 | 2490 0000 | 0048 8bd8 | e993 c6ff | ff48 8994 
  0x000001f251e722e8: 2490 0000 | 004c 8984 | 2480 0000 | 004c 894c 

  0x000001f251e722f8: ;   {metadata('java/util/HashMap')}
  0x000001f251e722f8: 2468 48ba | 68a9 085d | f201 0000 

  0x000001f251e72304: ;   {runtime_call _new_instance_Java}
  0x000001f251e72304: c5f8 77e8 

  0x000001f251e72308: ; ImmutableOopMap {rbp=NarrowOop [32]=Oop [40]=Oop [48]=NarrowOop [56]=Oop [72]=Oop [80]=NarrowOop [88]=Oop [96]=Oop [104]=Oop [120]=NarrowOop [128]=Oop [136]=Oop [144]=Oop [240]=Oop }
                      ;*new {reexecute=0 rethrow=0 return_oop=1}
                      ; - java.util.jar.Manifest::<init>@16
                      ; - java.util.jar.Manifest::<init>@4
                      ; - java.util.jar.JarFile::getManifestFromReference@143
                      ; - java.util.jar.JarFile::getManifest@1
                      ; - jdk.internal.loader.URLClassPath$JarLoader$2::getManifest@22
                      ; - java.net.URLClassLoader::defineClass@34
                      ; - java.net.URLClassLoader$1::run@43
                      ; - java.net.URLClassLoader$1::run@1
  0x000001f251e72308: f498 59ff 

  0x000001f251e7230c: ;   {other}
  0x000001f251e7230c: 0f1f 8400 | fc52 004c | 4c8b 4c24 | 684c 8b84 | 2480 0000 | 0048 8b94 | 2490 0000 | 0048 8bd8 
  0x000001f251e7232c: e9a9 c7ff | ffba f6ff | ffff 4889 | 4424 2090 

  0x000001f251e7233c: ;   {runtime_call UncommonTrapBlob}
  0x000001f251e7233c: c5f8 77e8 

  0x000001f251e72340: ; ImmutableOopMap {[32]=Oop [56]=Oop }
                      ;*invokevirtual getResource {reexecute=0 rethrow=0 return_oop=0}
                      ; - java.net.URLClassLoader$1::run@26
                      ; - java.net.URLClassLoader$1::run@1
  0x000001f251e72340: 3c20 57ff 

  0x000001f251e72344: ;   {other}
  0x000001f251e72344: 0f1f 8400 | 3453 004d | ba76 ffff | ff48 8b6c | 2438 4489 | 4c24 2089 | 4c24 2889 | 5c24 2c90 
  0x000001f251e72364: ;   {runtime_call UncommonTrapBlob}
  0x000001f251e72364: c5f8 77e8 

  0x000001f251e72368: ; ImmutableOopMap {rbp=Oop [32]=NarrowOop [44]=NarrowOop }
                      ;*if_icmpge {reexecute=1 rethrow=0 return_oop=0}
                      ; - (reexecute) java.lang.StringLatin1::replace@19
                      ; - java.lang.String::replace@18
                      ; - java.net.URLClassLoader$1::run@8
                      ; - java.net.URLClassLoader$1::run@1
  0x000001f251e72368: 1420 57ff 

  0x000001f251e7236c: ;   {other}
  0x000001f251e7236c: 0f1f 8400 | 5c53 004e | 4963 d2e9 | 62ba ffff | bacc ffff | ff4c 8b54 | 2438 4c89 | 5424 204c 
  0x000001f251e7238c: 8944 2428 | 4889 5c24 | 3089 7c24 | 4066 6690 

  0x000001f251e7239c: ;   {runtime_call UncommonTrapBlob}
  0x000001f251e7239c: c5f8 77e8 

  0x000001f251e723a0: ; ImmutableOopMap {rbp=Oop [32]=Oop [40]=Oop }
                      ;*invokestatic arraycopy {reexecute=0 rethrow=0 return_oop=0}
                      ; - java.lang.String::getBytes@22
                      ; - java.lang.StringConcatHelper::prepend@21
                      ; - java.lang.StringConcatHelper::simpleConcat@71
                      ; - java.lang.String::concat@11
                      ; - java.net.URLClassLoader$1::run@13
                      ; - java.net.URLClassLoader$1::run@1
  0x000001f251e723a0: dc1f 57ff 

  0x000001f251e723a4: ;   {other}
  0x000001f251e723a4: 0f1f 8400 | 9453 004f | bacc ffff | ff4c 8b54 | 2438 4c89 | 5424 204c | 895c 2428 | 4489 4c24 
  0x000001f251e723c4: 3866 6690 

  0x000001f251e723c8: ;   {runtime_call UncommonTrapBlob}
  0x000001f251e723c8: c5f8 77e8 

  0x000001f251e723cc: ; ImmutableOopMap {rbp=Oop [32]=Oop [40]=Oop }
                      ;*invokestatic arraycopy {reexecute=0 rethrow=0 return_oop=0}
                      ; - java.lang.String::getBytes@22
                      ; - java.lang.StringConcatHelper::prepend@21
                      ; - java.lang.StringConcatHelper::simpleConcat@81
                      ; - java.lang.String::concat@11
                      ; - java.net.URLClassLoader$1::run@13
                      ; - java.net.URLClassLoader$1::run@1
  0x000001f251e723cc: b01f 57ff 

  0x000001f251e723d0: ;   {other}
  0x000001f251e723d0: 0f1f 8400 | c053 0050 | ba76 ffff | ff4c 8b54 | 2438 4c89 | 5424 2044 | 894c 2428 | 4c89 5c24 
  0x000001f251e723f0: 3089 4c24 | 3c89 5c24 | 4066 6690 

  0x000001f251e723fc: ;   {runtime_call UncommonTrapBlob}
  0x000001f251e723fc: c5f8 77e8 

  0x000001f251e72400: ; ImmutableOopMap {[32]=Oop [40]=NarrowOop [48]=Oop [64]=NarrowOop }
                      ;*if_icmpge {reexecute=1 rethrow=0 return_oop=0}
                      ; - (reexecute) java.lang.StringLatin1::replace@82
                      ; - java.lang.String::replace@18
                      ; - java.net.URLClassLoader$1::run@8
                      ; - java.net.URLClassLoader$1::run@1
  0x000001f251e72400: 7c1f 57ff 

  0x000001f251e72404: ;   {other}
  0x000001f251e72404: 0f1f 8400 | f453 0051 | baf6 ffff | ff48 8944 | 2428 6690 

  0x000001f251e72418: ;   {runtime_call UncommonTrapBlob}
  0x000001f251e72418: c5f8 77e8 

  0x000001f251e7241c: ; ImmutableOopMap {[40]=Oop [56]=Oop [120]=NarrowOop }
                      ;*invokevirtual defineClass {reexecute=0 rethrow=0 return_oop=0}
                      ; - java.net.URLClassLoader$1::run@43
                      ; - java.net.URLClassLoader$1::run@1
  0x000001f251e7241c: 601f 57ff 

  0x000001f251e72420: ;   {other}
  0x000001f251e72420: 0f1f 8400 | 1054 0052 | 33ed 4585 | d240 0f94 | c5ba 45ff | ffff 895c | 2428 6690 

  0x000001f251e7243c: ;   {runtime_call UncommonTrapBlob}
  0x000001f251e7243c: c5f8 77e8 

  0x000001f251e72440: ; ImmutableOopMap {[40]=NarrowOop [56]=Oop }
                      ;*ifeq {reexecute=1 rethrow=0 return_oop=0}
                      ; - (reexecute) java.lang.String::replace@9
                      ; - java.net.URLClassLoader$1::run@8
                      ; - java.net.URLClassLoader$1::run@1
  0x000001f251e72440: 3c1f 57ff 

  0x000001f251e72444: ;   {other}
  0x000001f251e72444: 0f1f 8400 | 3454 0053 | bade ffff | ff48 8b6c | 2438 4889 | 7c24 2089 | 7424 284c | 8b5c 2440 
  0x000001f251e72464: 4c89 5c24 | 3044 8944 | 2440 4c89 | 4c24 5089 | 4424 4444 | 8954 2458 

  0x000001f251e7247c: ;   {runtime_call UncommonTrapBlob}
  0x000001f251e7247c: c5f8 77e8 

  0x000001f251e72480: ; ImmutableOopMap {rbp=Oop [32]=Oop [40]=NarrowOop [64]=NarrowOop [68]=NarrowOop [80]=Oop [88]=NarrowOop [120]=NarrowOop [240]=Oop }
                      ;*invokeinterface ensureInitialization {reexecute=0 rethrow=0 return_oop=0}
                      ; - jdk.internal.loader.URLClassPath$JarLoader$2::getManifest@10
                      ; - java.net.URLClassLoader::defineClass@34
                      ; - java.net.URLClassLoader$1::run@43
                      ; - java.net.URLClassLoader$1::run@1
  0x000001f251e72480: fc1e 57ff 

  0x000001f251e72484: ;   {other}
  0x000001f251e72484: 0f1f 8400 | 7454 0054 | 4c89 7424 | 6844 8954 | 2454 4c89 | 4c24 6048 | 894c 2458 | 4c89 5c24 
  0x000001f251e724a4: 2044 8944 | 2450 4889 | 5424 2889 | 7424 3048 | 897c 2448 | 498b d64c | 8d84 2400 | 0100 0090 
  0x000001f251e724c4: ;   {runtime_call _complete_monitor_locking_Java}
  0x000001f251e724c4: c5f8 77e8 

  0x000001f251e724c8: ; ImmutableOopMap {[32]=Oop [40]=Oop [48]=NarrowOop [56]=Oop [72]=Oop [80]=NarrowOop [84]=NarrowOop [88]=Oop [96]=Oop [104]=Oop [120]=NarrowOop [240]=Oop }
                      ;*synchronization entry
                      ; - java.util.jar.JarFile::ensureInitialization@-1
                      ; - java.util.jar.JavaUtilJarAccessImpl::ensureInitialization@1
                      ; - jdk.internal.loader.URLClassPath$JarLoader$2::getManifest@10
                      ; - java.net.URLClassLoader::defineClass@34
                      ; - java.net.URLClassLoader$1::run@43
                      ; - java.net.URLClassLoader$1::run@1
  0x000001f251e724c8: 34ee 59ff 

  0x000001f251e724cc: ;   {other}
  0x000001f251e724cc: 0f1f 8400 | bc54 0055 | e95d bfff | ff48 8b4c | 2468 488d | 9424 0001 | 0000 4d8b | c7c5 f877 
  0x000001f251e724ec: 49ba 40d9 | 63da ff7f | 0000 41ff 

  0x000001f251e724f8: ;   {other}
  0x000001f251e724f8: d20f 1f84 | 0000 0000 | 00e9 44c0 | ffff bade | ffff ff4c | 8b54 2438 | 4c89 5424 | 204c 8b54 
  0x000001f251e72518: 2448 4c89 | 5424 284c | 8b54 2440 | 4c89 5424 | 3844 8b5c | 2450 4489 | 5c24 4890 

  0x000001f251e72534: ;   {runtime_call UncommonTrapBlob}
  0x000001f251e72534: c5f8 77e8 

  0x000001f251e72538: ; ImmutableOopMap {rbp=NarrowOop [32]=Oop [40]=Oop [48]=NarrowOop [72]=NarrowOop [96]=Oop [120]=NarrowOop [240]=Oop }
                      ;*invokevirtual getManifest {reexecute=0 rethrow=0 return_oop=0}
                      ; - jdk.internal.loader.URLClassPath$JarLoader$2::getManifest@22
                      ; - java.net.URLClassLoader::defineClass@34
                      ; - java.net.URLClassLoader$1::run@43
                      ; - java.net.URLClassLoader$1::run@1
  0x000001f251e72538: 441e 57ff 

  0x000001f251e7253c: ;   {other}
  0x000001f251e7253c: 0f1f 8400 | 2c55 0056 | ba76 ffff | ff4c 8b54 | 2438 4c89 | 5424 2044 | 894c 2428 | 894c 242c 
  0x000001f251e7255c: 4c89 5c24 | 3089 5c24 | 3c66 6690 

  0x000001f251e72568: ;   {runtime_call UncommonTrapBlob}
  0x000001f251e72568: c5f8 77e8 

  0x000001f251e7256c: ; ImmutableOopMap {[32]=Oop [40]=NarrowOop [48]=Oop [60]=NarrowOop }
                      ;*if_icmpge {reexecute=1 rethrow=0 return_oop=0}
                      ; - (reexecute) java.lang.StringLatin1::replace@61
                      ; - java.lang.String::replace@18
                      ; - java.net.URLClassLoader$1::run@8
                      ; - java.net.URLClassLoader$1::run@1
  0x000001f251e7256c: 101e 57ff 

  0x000001f251e72570: ;   {other}
  0x000001f251e72570: 0f1f 8400 | 6055 0057 | b801 0000 | 0066 6690 | e904 b6ff | ffba 45ff | ffff 4c89 | 4424 2089 
  0x000001f251e72590: 7c24 2890 

  0x000001f251e72594: ;   {runtime_call UncommonTrapBlob}
  0x000001f251e72594: c5f8 77e8 

  0x000001f251e72598: ; ImmutableOopMap {[32]=Oop [56]=Oop }
                      ;*iflt {reexecute=1 rethrow=0 return_oop=0}
                      ; - (reexecute) java.lang.StringConcatHelper::checkOverflow@2
                      ; - java.lang.StringConcatHelper::mix@23
                      ; - java.lang.StringConcatHelper::simpleConcat@46
                      ; - java.lang.String::concat@11
                      ; - java.net.URLClassLoader$1::run@13
                      ; - java.net.URLClassLoader$1::run@1
  0x000001f251e72598: e41d 57ff 

  0x000001f251e7259c: ;   {other}
  0x000001f251e7259c: 0f1f 8400 | 8c55 0058 | ba45 ffff | ff4c 8944 | 2428 6690 

  0x000001f251e725b0: ;   {runtime_call UncommonTrapBlob}
  0x000001f251e725b0: c5f8 77e8 

  0x000001f251e725b4: ; ImmutableOopMap {[40]=Oop [56]=Oop }
                      ;*iflt {reexecute=1 rethrow=0 return_oop=0}
                      ; - (reexecute) java.lang.StringConcatHelper::checkOverflow@2
                      ; - java.lang.StringConcatHelper::mix@23
                      ; - java.lang.StringConcatHelper::simpleConcat@54
                      ; - java.lang.String::concat@11
                      ; - java.net.URLClassLoader$1::run@13
                      ; - java.net.URLClassLoader$1::run@1
  0x000001f251e725b4: c81d 57ff 

  0x000001f251e725b8: ;   {other}
  0x000001f251e725b8: 0f1f 8400 | a855 0059 | ba45 ffff | ff4c 8b54 | 2438 4c89 | 5424 204c | 8944 2428 | 894c 2438 
  0x000001f251e725d8: ;   {runtime_call UncommonTrapBlob}
  0x000001f251e725d8: c5f8 77e8 

  0x000001f251e725dc: ; ImmutableOopMap {rbp=Oop [32]=Oop [40]=Oop }
                      ;*if_icmpne {reexecute=1 rethrow=0 return_oop=0}
                      ; - (reexecute) java.lang.String::getBytes@5
                      ; - java.lang.StringConcatHelper::prepend@21
                      ; - java.lang.StringConcatHelper::simpleConcat@81
                      ; - java.lang.String::concat@11
                      ; - java.net.URLClassLoader$1::run@13
                      ; - java.net.URLClassLoader$1::run@1
  0x000001f251e725dc: a01d 57ff 

  0x000001f251e725e0: ;   {other}
  0x000001f251e725e0: 0f1f 8400 | d055 005a | ba45 ffff | ff4c 8944 | 2420 4889 | 5c24 2889 | 4c24 3090 

  0x000001f251e725fc: ;   {runtime_call UncommonTrapBlob}
  0x000001f251e725fc: c5f8 77e8 

  0x000001f251e72600: ; ImmutableOopMap {[32]=Oop [56]=Oop }
                      ;*if_icmpne {reexecute=1 rethrow=0 return_oop=0}
                      ; - (reexecute) java.lang.StringConcatHelper::mix@13
                      ; - java.lang.StringConcatHelper::simpleConcat@46
                      ; - java.lang.String::concat@11
                      ; - java.net.URLClassLoader$1::run@13
                      ; - java.net.URLClassLoader$1::run@1
  0x000001f251e72600: 7c1d 57ff 

  0x000001f251e72604: ;   {other}
  0x000001f251e72604: 0f1f 8400 | f455 005b | ba45 ffff | ff4c 8944 | 2420 4889 | 7424 2844 | 8954 2430 

  0x000001f251e72620: ;   {runtime_call UncommonTrapBlob}
  0x000001f251e72620: c5f8 77e8 

  0x000001f251e72624: ; ImmutableOopMap {[32]=Oop [56]=Oop }
                      ;*ifge {reexecute=1 rethrow=0 return_oop=0}
                      ; - (reexecute) java.lang.StringConcatHelper::newArray@13
                      ; - java.lang.StringConcatHelper::simpleConcat@61
                      ; - java.lang.String::concat@11
                      ; - java.net.URLClassLoader$1::run@13
                      ; - java.net.URLClassLoader$1::run@1
  0x000001f251e72624: 581d 57ff 

  0x000001f251e72628: ;   {other}
  0x000001f251e72628: 0f1f 8400 | 1856 005c | 4d63 f2e9 | 82bb ffff | 4983 c0fe | 498b c848 | 8bfa 4833 | c048 83f9 
  0x000001f251e72648: 087f 1048 | ffc9 784f | 4889 04cf | 48ff c97d | f7eb 44c5 | fdef c0e9 | 0d00 0000 | c5fe 7f07 
  0x000001f251e72668: c5fe 7f47 | 2048 83c7 | 4048 83e9 | 087d ed48 | 83c1 047c | 0cc5 fe7f | 0748 83c7 | 2048 83e9 
  0x000001f251e72688: 0448 83c1 | 047e 1048 | ffc9 c5f9 | d607 4883 | c708 48ff | c97d f390 | e945 bcff | ff41 bb01 
  0x000001f251e726a8: 0000 00e9 | d0f4 ffff | bacc ffff | ff48 8b6c | 2438 8974 | 2428 4889 | 7c24 304c | 8b5c 2440 
  0x000001f251e726c8: 4c89 5c24 | 3844 8954 | 2444 4489 | 4424 4c48 | 895c 2458 

  0x000001f251e726dc: ;   {runtime_call UncommonTrapBlob}
  0x000001f251e726dc: c5f8 77e8 

  0x000001f251e726e0: ; ImmutableOopMap {rbp=Oop [40]=NarrowOop [48]=Oop [76]=NarrowOop [88]=Oop [120]=NarrowOop [124]=NarrowOop }
                      ;*newarray {reexecute=1 rethrow=0 return_oop=0}
                      ; - (reexecute) java.util.Arrays::copyOfRangeByte@10
                      ; - java.util.Arrays::copyOfRange@13
                      ; - java.lang.StringLatin1::newString@16
                      ; - java.lang.String::substring@41
                      ; - java.net.URLClassLoader::defineClass@28
                      ; - java.net.URLClassLoader$1::run@43
                      ; - java.net.URLClassLoader$1::run@1
  0x000001f251e726e0: 9c1c 57ff 

  0x000001f251e726e4: ;   {other}
  0x000001f251e726e4: 0f1f 8400 | d456 005d | 33ed 4585 | db40 0f94 | c5ba 45ff | ffff 4c8b | 5424 384c | 8954 2420 
  0x000001f251e72704: 8974 2430 | 4889 7c24 | 3844 8b5c | 2478 458b | d344 8954 | 2448 4489 | 4424 4c90 

  0x000001f251e72720: ;   {runtime_call UncommonTrapBlob}
  0x000001f251e72720: c5f8 77e8 

  0x000001f251e72724: ; ImmutableOopMap {[32]=Oop [48]=NarrowOop [56]=Oop [72]=NarrowOop [120]=NarrowOop }
                      ;*ifeq {reexecute=1 rethrow=0 return_oop=0}
                      ; - (reexecute) java.lang.String::lastIndexOf@4
                      ; - java.lang.String::lastIndexOf@8
                      ; - java.net.URLClassLoader::defineClass@7
                      ; - java.net.URLClassLoader$1::run@43
                      ; - java.net.URLClassLoader$1::run@1
  0x000001f251e72724: 581c 57ff 

  0x000001f251e72728: ;   {other}
  0x000001f251e72728: 0f1f 8400 | 1857 005e | ba45 ffff | ff48 8b6c | 2438 8974 | 2428 4889 | 7c24 304c | 8b5c 2440 
  0x000001f251e72748: 4c89 5c24 | 3844 8954 | 2440 4489 | 5424 4444 | 8b5c 2478 | 4489 4424 | 4c44 895c | 2450 895c 
  0x000001f251e72768: 2458 6690 

  0x000001f251e7276c: ;   {runtime_call UncommonTrapBlob}
  0x000001f251e7276c: c5f8 77e8 

  0x000001f251e72770: ; ImmutableOopMap {rbp=Oop [40]=NarrowOop [48]=Oop [76]=NarrowOop [80]=NarrowOop [120]=NarrowOop }
                      ;*if_icmpgt {reexecute=1 rethrow=0 return_oop=0}
                      ; - (reexecute) jdk.internal.util.Preconditions::checkFromToIndex@6
                      ; - java.lang.String::checkBoundsBeginEnd@6
                      ; - java.lang.String::substring@8
                      ; - java.net.URLClassLoader::defineClass@28
                      ; - java.net.URLClassLoader$1::run@43
                      ; - java.net.URLClassLoader$1::run@1
  0x000001f251e72770: 0c1c 57ff 

  0x000001f251e72774: ;   {other}
  0x000001f251e72774: 0f1f 8400 | 6457 005f | ba45 ffff | ff48 8b6c | 2438 4c8b | 5424 484c | 8954 2430 | 4c8b 5424 
  0x000001f251e72794: 404c 8954 | 2438 4889 | 4424 5090 

  0x000001f251e727a0: ;   {runtime_call UncommonTrapBlob}
  0x000001f251e727a0: c5f8 77e8 

  0x000001f251e727a4: ; ImmutableOopMap {rbp=Oop [40]=NarrowOop [44]=NarrowOop [48]=Oop [80]=Oop [120]=NarrowOop }
                      ;*ifnull {reexecute=1 rethrow=0 return_oop=0}
                      ; - (reexecute) java.net.URLClassLoader::defineClass@139
                      ; - java.net.URLClassLoader$1::run@43
                      ; - java.net.URLClassLoader$1::run@1
  0x000001f251e727a4: d81b 57ff 

  0x000001f251e727a8: ;   {other}
  0x000001f251e727a8: 0f1f 8400 | 9857 0060 | ba45 ffff | ff48 8b6c | 2438 8974 | 2428 4889 | 7c24 304c | 8b5c 2440 
  0x000001f251e727c8: 4c89 5c24 | 3844 8954 | 2440 4489 | 5424 4444 | 8b5c 2478 | 4489 4424 | 4c44 895c | 2450 895c 
  0x000001f251e727e8: 2458 895c | 245c 6690 

  0x000001f251e727f0: ;   {runtime_call UncommonTrapBlob}
  0x000001f251e727f0: c5f8 77e8 

  0x000001f251e727f4: ; ImmutableOopMap {rbp=Oop [40]=NarrowOop [48]=Oop [76]=NarrowOop [80]=NarrowOop [120]=NarrowOop }
                      ;*if_icmple {reexecute=1 rethrow=0 return_oop=0}
                      ; - (reexecute) jdk.internal.util.Preconditions::checkFromToIndex@11
                      ; - java.lang.String::checkBoundsBeginEnd@6
                      ; - java.lang.String::substring@8
                      ; - java.net.URLClassLoader::defineClass@28
                      ; - java.net.URLClassLoader$1::run@43
                      ; - java.net.URLClassLoader$1::run@1
  0x000001f251e727f4: 881b 57ff 

  0x000001f251e727f8: ;   {other}
  0x000001f251e727f8: 0f1f 8400 | e857 0061 | 498b d849 | 8bd7 c5f8 | 7749 ba20 | a422 daff | 7f00 0041 

  0x000001f251e72814: ;   {other}
  0x000001f251e72814: ffd2 0f1f | 8400 0000 | 0000 4c8b | c3e9 65bd | ffff 498b | fb49 8bd7 | c5f8 7749 | ba20 a422 
  0x000001f251e72834: daff 7f00 | 0041 ffd2 

  0x000001f251e7283c: ;   {other}
  0x000001f251e7283c: 0f1f 8400 | 0000 0000 | 4c8b dfe9 | aeba ffff | 498b d266 | 6690 c5f8 | 7748 b8ff | ffff ffff 
  0x000001f251e7285c: ;   {virtual_call}
  0x000001f251e7285c: ffff ffe8 

  0x000001f251e72860: ; ImmutableOopMap {[32]=Oop [40]=Oop [48]=NarrowOop [56]=Oop [72]=Oop [80]=NarrowOop [84]=NarrowOop [88]=Oop [96]=Oop [104]=Oop [120]=NarrowOop [136]=Oop [152]=Oop [240]=Oop }
                      ;*invokevirtual close {reexecute=0 rethrow=0 return_oop=0}
                      ; - java.util.jar.JarFile::getManifestFromReference@152
                      ; - java.util.jar.JarFile::getManifest@1
                      ; - java.util.jar.JarFile::maybeInstantiateVerifier@31
                      ; - java.util.jar.JarFile::ensureInitialization@1
                      ; - java.util.jar.JavaUtilJarAccessImpl::ensureInitialization@1
                      ; - jdk.internal.loader.URLClassPath$JarLoader$2::getManifest@10
                      ; - java.net.URLClassLoader::defineClass@34
                      ; - java.net.URLClassLoader$1::run@43
                      ; - java.net.URLClassLoader$1::run@1
  0x000001f251e72860: 1cc5 56ff 

  0x000001f251e72864: ;   {other}
  0x000001f251e72864: 0f1f 8400 | 5458 0062 | e953 e7ff | ff85 ed0f | 8472 d4ff | ff4d 8b57 | 2848 8bcd | 4d85 d20f 
  0x000001f251e72884: 845f 1700 | 004d 8b5f | 384b 894c | 13f8 4983 | c2f8 4d89 | 5728 e94c | d4ff ffba | deff ffff 
  0x000001f251e728a4: 488b 6c24 | 384c 8b5c | 2448 4c89 | 5c24 2044 | 8b5c 2430 | 4489 5c24 | 284c 8b5c | 2440 4c89 
  0x000001f251e728c4: 5c24 3044 | 8b4c 2478 | 4489 4c24 | 2c4c 8b5c | 2460 4c89 | 5c24 3844 | 8b5c 2450 | 4489 5c24 
  0x000001f251e728e4: 404c 8b9c | 2490 0000 | 004c 895c | 2450 4c89 | 5424 704c | 8944 2478 

  0x000001f251e728fc: ;   {runtime_call UncommonTrapBlob}
  0x000001f251e728fc: c5f8 77e8 

  0x000001f251e72900: ; ImmutableOopMap {rbp=Oop [32]=Oop [40]=NarrowOop [44]=NarrowOop [56]=Oop [64]=NarrowOop [80]=Oop [112]=Oop [120]=Oop [136]=Oop [240]=Oop }
                      ;*invokevirtual getName {reexecute=0 rethrow=0 return_oop=0}
                      ; - java.util.jar.JarFile::getManifestFromReference@74
                      ; - java.util.jar.JarFile::getManifest@1
                      ; - jdk.internal.loader.URLClassPath$JarLoader$2::getManifest@22
                      ; - java.net.URLClassLoader::defineClass@34
                      ; - java.net.URLClassLoader$1::run@43
                      ; - java.net.URLClassLoader$1::run@1
  0x000001f251e72900: 7c1a 57ff 

  0x000001f251e72904: ;   {other}
  0x000001f251e72904: 0f1f 8400 | f458 0063 | ba0f 0000 | 004c 8b54 | 2438 4c89 | 5424 204c | 8b54 2448 | 4c89 5424 
  0x000001f251e72924: 284c 8b54 | 2440 4c89 | 5424 3844 | 8b5c 2478 | 4489 5c24 | 344c 8b54 | 2460 4c89 | 5424 4044 
  0x000001f251e72944: 8b5c 2450 | 4489 5c24 | 484c 8b94 | 2490 0000 | 004c 8954 | 2458 6690 

  0x000001f251e7295c: ;   {runtime_call UncommonTrapBlob}
  0x000001f251e7295c: c5f8 77e8 

  0x000001f251e72960: ; ImmutableOopMap {rbp=Oop [32]=Oop [40]=Oop [48]=NarrowOop [52]=NarrowOop [64]=Oop [72]=NarrowOop [88]=Oop [104]=Oop [136]=Oop [240]=Oop }
                      ;*new {reexecute=0 rethrow=0 return_oop=0}
                      ; - java.util.Hashtable::<init>@53
                      ; - java.util.Hashtable::<init>@5
                      ; - java.util.jar.JarVerifier::<init>@39
                      ; - java.util.jar.JarFile::getManifestFromReference@78
                      ; - java.util.jar.JarFile::getManifest@1
                      ; - jdk.internal.loader.URLClassPath$JarLoader$2::getManifest@22
                      ; - java.net.URLClassLoader::defineClass@34
                      ; - java.net.URLClassLoader$1::run@43
                      ; - java.net.URLClassLoader$1::run@1
  0x000001f251e72960: 1c1a 57ff 

  0x000001f251e72964: ;   {other}
  0x000001f251e72964: 0f1f 8400 | 5459 0064 | ba0f 0000 | 004c 8b54 | 2438 4c89 | 5424 204c | 8b54 2448 | 4c89 5424 
  0x000001f251e72984: 284c 8b54 | 2440 4c89 | 5424 3844 | 8b54 2478 | 4489 5424 | 344c 8b54 | 2460 4c89 | 5424 4044 
  0x000001f251e729a4: 8b5c 2450 | 4489 5c24 | 484c 8b94 | 2490 0000 | 004c 8954 | 2458 6690 

  0x000001f251e729bc: ;   {runtime_call UncommonTrapBlob}
  0x000001f251e729bc: c5f8 77e8 

  0x000001f251e729c0: ; ImmutableOopMap {rbp=Oop [32]=Oop [40]=Oop [48]=NarrowOop [52]=NarrowOop [64]=Oop [72]=NarrowOop [88]=Oop [104]=Oop [136]=Oop [240]=Oop }
                      ;*new {reexecute=0 rethrow=0 return_oop=0}
                      ; - java.util.Hashtable::<init>@53
                      ; - java.util.Hashtable::<init>@5
                      ; - java.util.jar.JarVerifier::<init>@50
                      ; - java.util.jar.JarFile::getManifestFromReference@78
                      ; - java.util.jar.JarFile::getManifest@1
                      ; - jdk.internal.loader.URLClassPath$JarLoader$2::getManifest@22
                      ; - java.net.URLClassLoader::defineClass@34
                      ; - java.net.URLClassLoader$1::run@43
                      ; - java.net.URLClassLoader$1::run@1
  0x000001f251e729c0: bc19 57ff 

  0x000001f251e729c4: ;   {other}
  0x000001f251e729c4: 0f1f 8400 | b459 0065 | ba0f 0000 | 004c 8b54 | 2438 4c89 | 5424 204c | 8b54 2448 | 4c89 5424 
  0x000001f251e729e4: 284c 8b54 | 2440 4c89 | 5424 3844 | 8b5c 2478 | 4489 5c24 | 344c 8b54 | 2460 4c89 | 5424 4044 
  0x000001f251e72a04: 8b5c 2450 | 4489 5c24 | 484c 8b94 | 2490 0000 | 004c 8954 | 2458 6690 

  0x000001f251e72a1c: ;   {runtime_call UncommonTrapBlob}
  0x000001f251e72a1c: c5f8 77e8 

  0x000001f251e72a20: ; ImmutableOopMap {rbp=Oop [32]=Oop [40]=Oop [48]=NarrowOop [52]=NarrowOop [64]=Oop [72]=NarrowOop [88]=Oop [104]=Oop [136]=Oop [240]=Oop }
                      ;*new {reexecute=0 rethrow=0 return_oop=0}
                      ; - java.util.Hashtable::<init>@53
                      ; - java.util.Hashtable::<init>@4
                      ; - java.util.jar.JarVerifier::<init>@63
                      ; - java.util.jar.JarFile::getManifestFromReference@78
                      ; - java.util.jar.JarFile::getManifest@1
                      ; - jdk.internal.loader.URLClassPath$JarLoader$2::getManifest@22
                      ; - java.net.URLClassLoader::defineClass@34
                      ; - java.net.URLClassLoader$1::run@43
                      ; - java.net.URLClassLoader$1::run@1
  0x000001f251e72a20: 5c19 57ff 

  0x000001f251e72a24: ;   {other}
  0x000001f251e72a24: 0f1f 8400 | 145a 0066 | 498b d7c5 | f877 49ba | 20a4 22da | ff7f 0000 

  0x000001f251e72a3c: ;   {other}
  0x000001f251e72a3c: 41ff d20f | 1f84 0000 | 0000 00e9 | c4ce ffff | ba45 ffff | ff4c 8b5c | 2438 4c89 | 5c24 204c 
  0x000001f251e72a5c: 8b5c 2448 | 4c89 5c24 | 284c 8b5c | 2440 4c89 | 5c24 384c | 8b5c 2460 | 4c89 5c24 | 4044 8b5c 
  0x000001f251e72a7c: 2450 4489 | 5c24 484c | 8954 2458 

  0x000001f251e72a88: ;   {runtime_call UncommonTrapBlob}
  0x000001f251e72a88: c5f8 77e8 

  0x000001f251e72a8c: ; ImmutableOopMap {[32]=Oop [40]=Oop [48]=NarrowOop [64]=Oop [72]=NarrowOop [88]=Oop [120]=NarrowOop [136]=Oop [240]=Oop }
                      ;*ifne {reexecute=1 rethrow=0 return_oop=0}
                      ; - (reexecute) java.util.jar.JarFile::getManifestFromReference@52
                      ; - java.util.jar.JarFile::getManifest@1
                      ; - jdk.internal.loader.URLClassPath$JarLoader$2::getManifest@22
                      ; - java.net.URLClassLoader::defineClass@34
                      ; - java.net.URLClassLoader$1::run@43
                      ; - java.net.URLClassLoader$1::run@1
  0x000001f251e72a8c: f018 57ff 

  0x000001f251e72a90: ;   {other}
  0x000001f251e72a90: 0f1f 8400 | 805a 0067 | ba45 ffff | ff48 8b6c | 2438 4c8b | 5424 484c | 8954 2420 | 448b 5424 
  0x000001f251e72ab0: 3044 8954 | 2428 4c8b | 5424 404c | 8954 2430 | 448b 5424 | 5044 8954 | 2440 8944 | 2444 6690 
  0x000001f251e72ad0: ;   {runtime_call UncommonTrapBlob}
  0x000001f251e72ad0: c5f8 77e8 

  0x000001f251e72ad4: ; ImmutableOopMap {rbp=Oop [32]=Oop [40]=NarrowOop [64]=NarrowOop [96]=Oop [120]=NarrowOop [136]=Oop [144]=Oop [240]=Oop }
                      ;*if_icmpne {reexecute=1 rethrow=0 return_oop=0}
                      ; - (reexecute) java.util.jar.JarFile::getManifestFromReference@65
                      ; - java.util.jar.JarFile::getManifest@1
                      ; - jdk.internal.loader.URLClassPath$JarLoader$2::getManifest@22
                      ; - java.net.URLClassLoader::defineClass@34
                      ; - java.net.URLClassLoader$1::run@43
                      ; - java.net.URLClassLoader$1::run@1
  0x000001f251e72ad4: a818 57ff 

  0x000001f251e72ad8: ;   {other}
  0x000001f251e72ad8: 0f1f 8400 | c85a 0068 | 498b d7c5 | f877 49ba | 20a4 22da | ff7f 0000 

  0x000001f251e72af0: ;   {other}
  0x000001f251e72af0: 41ff d20f | 1f84 0000 | 0000 000f | 1f44 0000 | e9e6 c1ff | ff49 8bd7 | c5f8 7749 | ba20 a422 
  0x000001f251e72b10: daff 7f00 | 0041 ffd2 

  0x000001f251e72b18: ;   {other}
  0x000001f251e72b18: 0f1f 8400 | 0000 0000 | e90c c3ff | ff49 8bd7 | c5f8 7749 | ba20 a422 | daff 7f00 | 0041 ffd2 
  0x000001f251e72b38: ;   {other}
  0x000001f251e72b38: 0f1f 8400 | 0000 0000 | e92f c3ff | ff49 8bd7 | c5f8 7749 | ba20 a422 | daff 7f00 | 0041 ffd2 
  0x000001f251e72b58: ;   {other}
  0x000001f251e72b58: 0f1f 8400 | 0000 0000 | e98f c4ff | ff49 8bd7 | c5f8 7749 | ba20 a422 | daff 7f00 | 0041 ffd2 
  0x000001f251e72b78: ;   {other}
  0x000001f251e72b78: 0f1f 8400 | 0000 0000 | e92c c4ff | ff49 8bd7 | c5f8 7749 | ba20 a422 | daff 7f00 | 0041 ffd2 
  0x000001f251e72b98: ;   {other}
  0x000001f251e72b98: 0f1f 8400 | 0000 0000 | e9c6 c7ff | ff49 8bd7 | c5f8 7749 | ba20 a422 | daff 7f00 | 0041 ffd2 
  0x000001f251e72bb8: ;   {other}
  0x000001f251e72bb8: 0f1f 8400 | 0000 0000 | e937 c9ff | ff49 8bd7 | c5f8 7749 | ba20 a422 | daff 7f00 | 0041 ffd2 
  0x000001f251e72bd8: ;   {other}
  0x000001f251e72bd8: 0f1f 8400 | 0000 0000 | e9c1 d5ff | ff49 8bd7 | c5f8 7749 | ba20 a422 | daff 7f00 | 0041 ffd2 
  0x000001f251e72bf8: ;   {other}
  0x000001f251e72bf8: 0f1f 8400 | 0000 0000 | e9d5 d6ff | ff49 8bd7 | c5f8 7749 | ba20 a422 | daff 7f00 | 0041 ffd2 
  0x000001f251e72c18: ;   {other}
  0x000001f251e72c18: 0f1f 8400 | 0000 0000 | e90c c5ff | ff49 8bd7 | c5f8 7749 | ba20 a422 | daff 7f00 | 0041 ffd2 
  0x000001f251e72c38: ;   {other}
  0x000001f251e72c38: 0f1f 8400 | 0000 0000 | e946 c5ff | ff49 8bd7 | c5f8 7749 | ba20 a422 | daff 7f00 | 0041 ffd2 
  0x000001f251e72c58: ;   {other}
  0x000001f251e72c58: 0f1f 8400 | 0000 0000 | e9c6 c5ff | ff49 8bf9 | 498b d849 | 8bd7 c5f8 | 7749 ba20 | a422 daff 
  0x000001f251e72c78: 7f00 0041 

  0x000001f251e72c7c: ;   {other}
  0x000001f251e72c7c: ffd2 0f1f | 8400 0000 | 0000 e995 | d6ff ff49 | 8bd7 c5f8 | 7749 ba20 | a422 daff | 7f00 0041 
  0x000001f251e72c9c: ;   {other}
  0x000001f251e72c9c: ffd2 0f1f | 8400 0000 | 0000 e9b1 | d6ff ff49 | 8bd7 c5f8 | 7749 ba20 | a422 daff | 7f00 0041 
  0x000001f251e72cbc: ;   {other}
  0x000001f251e72cbc: ffd2 0f1f | 8400 0000 | 0000 4c8b | c5e9 70cb | ffff ba3d | ffff ff4c | 8b54 2438 | 4c89 5424 
  0x000001f251e72cdc: 204c 8b54 | 2448 4c89 | 5424 284c | 8b54 2440 | 4c89 5424 | 3844 8b54 | 2478 4489 | 5424 344c 
  0x000001f251e72cfc: 8b54 2460 | 4c89 5424 | 4044 8b54 | 2450 4489 | 5424 4848 | 8974 2458 | 4c89 4424 | 6889 4c24 
  0x000001f251e72d1c: 4c4c 894c | 2470 4c89 | 4424 7848 | 899c 2488 | 0000 0048 | 89bc 2498 | 0000 0048 | 89bc 24a0 
  0x000001f251e72d3c: 0000 0044 | 899c 24ac | 0000 0090 

  0x000001f251e72d48: ;   {runtime_call UncommonTrapBlob}
  0x000001f251e72d48: c5f8 77e8 

  0x000001f251e72d4c: ; ImmutableOopMap {rbp=NarrowOop [32]=Oop [40]=Oop [48]=NarrowOop [52]=NarrowOop [64]=Oop [72]=NarrowOop [76]=NarrowOop [88]=Oop [104]=Oop [112]=Oop [120]=Oop [136]=Oop [152]=Oop [160]=Oop [240]=Oop }
                      ;*ifge {reexecute=1 rethrow=0 return_oop=0}
                      ; - (reexecute) java.util.HashMap::<init>@5
                      ; - java.util.HashMap::<init>@4
                      ; - java.util.LinkedHashMap::<init>@2
                      ; - java.util.LinkedHashMap::newLinkedHashMap@39
                      ; - java.util.jar.Attributes::<init>@6
                      ; - java.util.jar.Attributes::<init>@3
                      ; - java.util.jar.Manifest::<init>@9
                      ; - java.util.jar.JarFile::getManifestFromReference@121
                      ; - java.util.jar.JarFile::getManifest@1
                      ; - jdk.internal.loader.URLClassPath$JarLoader$2::getManifest@22
                      ; - java.net.URLClassLoader::defineClass@34
                      ; - java.net.URLClassLoader$1::run@43
                      ; - java.net.URLClassLoader$1::run@1
  0x000001f251e72d4c: 3016 57ff 

  0x000001f251e72d50: ;   {other}
  0x000001f251e72d50: 0f1f 8400 | 405d 0069 | 4c8b 9424 | 8800 0000 | 458b 5228 | 4585 d20f | 84a3 f0ff | ff4d 8b5f 
  0x000001f251e72d70: 2849 8bca | 4d85 db0f | 8443 1400 | 004d 8b57 | 384b 894c | 1af8 4983 | c3f8 4d89 | 5f28 e97d 
  0x000001f251e72d90: f0ff ff45 | 8b52 1066 | 0f1f 8400 | 0000 0000 | 4585 d20f | 8413 f0ff | ff4d 8b5f | 2849 8bca 
  0x000001f251e72db0: 4d85 db0f | 842c 1400 | 004d 8b57 | 384b 894c | 1af8 4983 | c3f8 4d89 | 5f28 e9ed | efff ff4d 
  0x000001f251e72dd0: 8b57 584d | 8b5f 48f0 | 8344 24c0 | 0066 6690 | 8039 000f | 8416 f0ff | ff44 8821 | 4d85 db75 
  0x000001f251e72df0: 2049 8bd7 | c5f8 7749 | ba00 a422 | daff 7f00 | 0041 ffd2 

  0x000001f251e72e04: ;   {other}
  0x000001f251e72e04: 0f1f 8400 | 0000 0000 | e9ee efff | ff4b 894c | 1af8 4983 | c3f8 4d89 | 5f48 6690 | e9da efff 
  0x000001f251e72e24: ffba 45ff | ffff 4c8b | 5424 384c | 8954 2420 | 4c8b 5424 | 484c 8954 | 2428 4c8b | 5424 404c 
  0x000001f251e72e44: 8954 2438 | 448b 5424 | 7844 8954 | 2434 4c8b | 5424 604c | 8954 2440 | 448b 5424 | 5044 8954 
  0x000001f251e72e64: 2448 4889 | 7424 584c | 8944 2468 | 894c 244c | 4c89 4c24 | 704c 8944 | 2478 4889 | 9c24 8800 
  0x000001f251e72e84: 0000 4889 | bc24 9800 | 0000 4889 | bc24 a000 | 0000 4489 | 9c24 a800 | 0000 6690 

  0x000001f251e72ea0: ;   {runtime_call UncommonTrapBlob}
  0x000001f251e72ea0: c5f8 77e8 

  0x000001f251e72ea4: ; ImmutableOopMap {rbp=NarrowOop [32]=Oop [40]=Oop [48]=NarrowOop [52]=NarrowOop [64]=Oop [72]=NarrowOop [76]=NarrowOop [88]=Oop [104]=Oop [112]=Oop [120]=Oop [136]=Oop [152]=Oop [160]=Oop [240]=Oop }
                      ;*if_icmplt {reexecute=1 rethrow=0 return_oop=0}
                      ; - (reexecute) java.util.HashMap::tableSizeFor@20
                      ; - java.util.HashMap::<init>@91
                      ; - java.util.HashMap::<init>@4
                      ; - java.util.LinkedHashMap::<init>@2
                      ; - java.util.LinkedHashMap::newLinkedHashMap@39
                      ; - java.util.jar.Attributes::<init>@6
                      ; - java.util.jar.Attributes::<init>@3
                      ; - java.util.jar.Manifest::<init>@9
                      ; - java.util.jar.JarFile::getManifestFromReference@121
                      ; - java.util.jar.JarFile::getManifest@1
                      ; - jdk.internal.loader.URLClassPath$JarLoader$2::getManifest@22
                      ; - java.net.URLClassLoader::defineClass@34
                      ; - java.net.URLClassLoader$1::run@43
                      ; - java.net.URLClassLoader$1::run@1
  0x000001f251e72ea4: d814 57ff 

  0x000001f251e72ea8: ;   {other}
  0x000001f251e72ea8: 0f1f 8400 | 985e 006a | 4c8b f24c | 8beb 498b | f049 8bd9 | 498b d7c5 | f877 49ba | 20a4 22da 
  0x000001f251e72ec8: ff7f 0000 

  0x000001f251e72ecc: ;   {other}
  0x000001f251e72ecc: 41ff d20f | 1f84 0000 | 0000 004c | 8bcb 4c8b | c649 8bdd | 498b d6e9 | 6cbb ffff | 488b eb48 
  0x000001f251e72eec: 8bf2 498b | f849 8bd9 | 498b d7c5 | f877 49ba | 20a4 22da | ff7f 0000 

  0x000001f251e72f04: ;   {other}
  0x000001f251e72f04: 41ff d20f | 1f84 0000 | 0000 004c | 8bcb 4c8b | c748 8bd6 | 488b dd0f | 1f44 0000 | e9c8 bbff 
  0x000001f251e72f24: ff49 8bd7 | c5f8 7749 | ba20 a422 | daff 7f00 | 0041 ffd2 

  0x000001f251e72f38: ;   {other}
  0x000001f251e72f38: 0f1f 8400 | 0000 0000 | 4c8b d5e9 | 1abc ffff | ba3d ffff | ff4c 8b54 | 2438 4c89 | 5424 204c 
  0x000001f251e72f58: 8b54 2448 | 4c89 5424 | 284c 8b54 | 2440 4c89 | 5424 3844 | 8b5c 2478 | 4489 5c24 | 344c 8b54 
  0x000001f251e72f78: 2460 4c89 | 5424 4044 | 8b54 2450 | 4489 5424 | 484c 894c | 2458 4c8b | 9424 8800 | 0000 4c89 
  0x000001f251e72f98: 4424 704c | 8954 2478 | 4c89 8424 | 8000 0000 | 4889 9c24 | 9000 0000 | 4889 bc24 | a000 0000 
  0x000001f251e72fb8: 4889 bc24 | a800 0000 | 89b4 24b0 | 0000 0090 

  0x000001f251e72fc8: ;   {runtime_call UncommonTrapBlob}
  0x000001f251e72fc8: c5f8 77e8 

  0x000001f251e72fcc: ; ImmutableOopMap {rbp=NarrowOop [32]=Oop [40]=Oop [48]=NarrowOop [52]=NarrowOop [64]=Oop [72]=NarrowOop [88]=Oop [112]=Oop [120]=Oop [128]=Oop [144]=Oop [160]=Oop [168]=Oop [240]=Oop }
                      ;*ifge {reexecute=1 rethrow=0 return_oop=0}
                      ; - (reexecute) java.util.HashMap::<init>@5
                      ; - java.util.HashMap::<init>@4
                      ; - java.util.LinkedHashMap::<init>@2
                      ; - java.util.LinkedHashMap::newLinkedHashMap@39
                      ; - java.util.jar.Attributes::<init>@6
                      ; - java.util.jar.Attributes::<init>@3
                      ; - java.util.jar.Manifest::<init>@9
                      ; - java.util.jar.Manifest::<init>@4
                      ; - java.util.jar.JarFile::getManifestFromReference@143
                      ; - java.util.jar.JarFile::getManifest@1
                      ; - jdk.internal.loader.URLClassPath$JarLoader$2::getManifest@22
                      ; - java.net.URLClassLoader::defineClass@34
                      ; - java.net.URLClassLoader$1::run@43
                      ; - java.net.URLClassLoader$1::run@1
  0x000001f251e72fcc: b013 57ff 

  0x000001f251e72fd0: ;   {other}
  0x000001f251e72fd0: 0f1f 8400 | c05f 006b | ba45 ffff | ff4c 8b54 | 2438 4c89 | 5424 204c | 8b54 2448 | 4c89 5424 
  0x000001f251e72ff0: 284c 8b54 | 2440 4c89 | 5424 3844 | 8b54 2478 | 4489 5424 | 344c 8b54 | 2460 4c89 | 5424 4044 
  0x000001f251e73010: 8b5c 2450 | 4489 5c24 | 484c 894c | 2458 4c8b | 9424 8800 | 0000 4c89 | 4424 704c | 8954 2478 
  0x000001f251e73030: 4c89 8424 | 8000 0000 | 4889 9c24 | 9000 0000 | 4889 bc24 | a000 0000 | 4889 bc24 | a800 0000 
  0x000001f251e73050: 894c 244c 

  0x000001f251e73054: ;   {runtime_call UncommonTrapBlob}
  0x000001f251e73054: c5f8 77e8 

  0x000001f251e73058: ; ImmutableOopMap {rbp=NarrowOop [32]=Oop [40]=Oop [48]=NarrowOop [52]=NarrowOop [64]=Oop [72]=NarrowOop [88]=Oop [112]=Oop [120]=Oop [128]=Oop [144]=Oop [160]=Oop [168]=Oop [240]=Oop }
                      ;*if_icmplt {reexecute=1 rethrow=0 return_oop=0}
                      ; - (reexecute) java.util.HashMap::tableSizeFor@20
                      ; - java.util.HashMap::<init>@91
                      ; - java.util.HashMap::<init>@4
                      ; - java.util.LinkedHashMap::<init>@2
                      ; - java.util.LinkedHashMap::newLinkedHashMap@39
                      ; - java.util.jar.Attributes::<init>@6
                      ; - java.util.jar.Attributes::<init>@3
                      ; - java.util.jar.Manifest::<init>@9
                      ; - java.util.jar.Manifest::<init>@4
                      ; - java.util.jar.JarFile::getManifestFromReference@143
                      ; - java.util.jar.JarFile::getManifest@1
                      ; - jdk.internal.loader.URLClassPath$JarLoader$2::getManifest@22
                      ; - java.net.URLClassLoader::defineClass@34
                      ; - java.net.URLClassLoader$1::run@43
                      ; - java.net.URLClassLoader$1::run@1
  0x000001f251e73058: 2413 57ff 

  0x000001f251e7305c: ;   {other}
  0x000001f251e7305c: 0f1f 8400 | 4c60 006c | 4c8b 9424 | a000 0000 | 458b 5a2c | 4585 db0f | 84b2 e0ff | ff4d 8b57 
  0x000001f251e7307c: 2849 8bcb | 4d85 d20f | 8417 1200 | 004d 8b5f | 384b 894c | 13f8 4983 | c2f8 4d89 | 5728 e98c 
  0x000001f251e7309c: e0ff ff4c | 8b94 24a0 | 0000 0045 | 8b5a 1445 | 85db 0f84 | 03e2 ffff | 4d8b 5728 | 498b cb0f 
  0x000001f251e730bc: 1f44 0000 | 4d85 d20f | 841c 1200 | 004d 8b5f | 384b 894c | 13f8 4983 | c2f8 4d89 | 5728 e9d8 
  0x000001f251e730dc: e1ff ff44 | 8b55 1c45 | 85d2 0f84 | 8ae1 ffff | 4d8b 5f28 | 498b ca4d | 85db 0f84 | c911 0000 
  0x000001f251e730fc: 4d8b 5738 | 4b89 4c1a | f849 83c3 | f84d 895f | 28e9 64e1 | ffff 4c8b | 9424 a000 | 0000 458b 
  0x000001f251e7311c: 5210 6690 | 4585 d20f | 840e e3ff | ff4d 8b5f | 2849 8bca | 4d85 db0f | 84ec 1100 | 004d 8b57 
  0x000001f251e7313c: 384b 894c | 1af8 4983 | c3f8 4d89 | 5f28 e9e8 | e2ff ff44 | 8b5d 1c45 | 85db 0f84 

  0x000001f251e73158: ;   {no_reloc}
  0x000001f251e73158: 9ae2 ffff | 4d8b 5728 | 498b cb4d | 85d2 0f84 | 9911 0000 | 4d8b 5f38 | 4b89 4c13 | f849 83c2 
  0x000001f251e73178: f84d 8957 | 2866 6690 | e971 e2ff | ff4c 8b94 | 24a0 0000 | 0045 8b5a | 3445 85db | 0f84 b1e6 
  0x000001f251e73198: ffff 4d8b | 5728 498b | cb4d 85d2 | 0f84 3b12 | 0000 4d8b | 5f38 4b89 | 4c13 f849 | 83c2 f84d 
  0x000001f251e731b8: 8957 280f | 1f44 0000 | e986 e6ff | ff4c 8b94 | 2488 0000 | 0045 8b5a | 3045 85db | 0f84 5de7 
  0x000001f251e731d8: ffff 4d8b | 5728 498b | cb4d 85d2 | 0f84 5b11 | 0000 4d8b | 5f38 4b89 | 4c13 f849 | 83c2 f84d 
  0x000001f251e731f8: 8957 280f | 1f44 0000 | e932 e7ff | ff4c 8b94 | 24a0 0000 | 0045 8b5a | 1c45 85db | 0f84 55e4 
  0x000001f251e73218: ffff 4d8b | 5728 498b | cb4d 85d2 | 0f84 7b11 | 0000 4d8b | 5f38 4b89 | 4c13 f849 | 83c2 f84d 
  0x000001f251e73238: 8957 280f | 1f44 0000 | e92a e4ff | ff4c 8b94 | 24a0 0000 | 0045 8b5a | 3845 85db | 0f84 97e6 
  0x000001f251e73258: ;   {no_reloc}
  0x000001f251e73258: ffff 4d8b | 5728 498b | cb4d 85d2 | 0f84 1b11 | 0000 4d8b | 5f38 4b89 | 4c13 f849 | 83c2 f84d 
  0x000001f251e73278: 8957 280f | 1f44 0000 | e96c e6ff | ff4c 8b94 | 24a0 0000 | 0045 8b5a | 2445 85db | 0f84 11e5 
  0x000001f251e73298: ffff 4d8b | 5728 498b | cb4d 85d2 | 0f84 bb10 | 0000 4d8b | 5f38 4b89 | 4c13 f849 | 83c2 f84d 
  0x000001f251e732b8: 8957 280f | 1f44 0000 | e9e6 e4ff | ff44 8b55 | 1c45 85d2 | 0f84 a4e2 | ffff 4d8b | 5f28 498b 
  0x000001f251e732d8: ca0f 1f80 | 0000 0000 | 4d85 db0f | 841c 1100 | 004d 8b57 | 384b 894c | 1af8 4983 | c3f8 4d89 
  0x000001f251e732f8: 5f28 e977 | e2ff ff4c | 8b94 24a0 | 0000 0045 | 8b5a 1845 | 85db 0f84 | c0e2 ffff | 4d8b 5728 
  0x000001f251e73318: 498b cb0f | 1f44 0000 | 4d85 d20f | 849c 1000 | 004d 8b5f | 384b 894c | 13f8 4983 | c2f8 4d89 
  0x000001f251e73338: 5728 e995 | e2ff ff4c | 8b94 2490 | 0000 0045 | 8b5a 0c45 | 85db 0f84 | a9e8 ffff | 4d8b 5728 
  0x000001f251e73358: ;   {no_reloc}
  0x000001f251e73358: 498b cb0f | 1f44 0000 | 4d85 d20f | 84dc 1000 | 004d 8b5f | 384b 894c | 13f8 4983 | c2f8 4d89 
  0x000001f251e73378: 5728 e97e | e8ff ff4c | 8b94 2490 | 0000 0045 | 8b5a 1045 | 85db 0f84 | fde8 ffff | 4d8b 5728 
  0x000001f251e73398: 498b cb0f | 1f44 0000 | 4d85 d20f | 847c 1000 | 004d 8b5f | 384b 894c | 13f8 4983 | c2f8 4d89 
  0x000001f251e733b8: 5728 e9d2 | e8ff ff44 | 8b5d 0c45 | 85db 0f84 | d3e7 ffff | 4d8b 5728 | 498b cb4d | 85d2 0f84 
  0x000001f251e733d8: 8910 0000 | 4d8b 5f38 | 4b89 4c13 | f849 83c2 | f84d 8957 | 28e9 ade7 | ffff 4c8b | 9424 9000 
  0x000001f251e733f8: 0000 458b | 5a14 6690 | 4585 db0f | 84f6 e8ff | ff4d 8b57 | 2849 8bcb | 4d85 d20f | 846c 1000 
  0x000001f251e73418: 004d 8b5f | 384b 894c | 13f8 4983 | c2f8 4d89 | 5728 e9d0 | e8ff ff4d | 8b57 584d | 8b5f 48f0 
  0x000001f251e73438: 8344 24c0 | 0066 6690 | 8039 000f | 8463 deff | ff44 8821 | 4d85 db75 | 2049 8bd7 | c5f8 7749 
  0x000001f251e73458: ;   {no_reloc}
  0x000001f251e73458: ba00 a422 | daff 7f00 | 0041 ffd2 

  0x000001f251e73464: ;   {other}
  0x000001f251e73464: 0f1f 8400 | 0000 0000 | e93b deff | ff4b 894c | 1af8 4983 | c3f8 4d89 | 5f48 6690 | e927 deff 
  0x000001f251e73484: ff4d 8b57 | 484d 8b5f | 58f0 8344 | 24c0 0080 | 3900 0f84 | 63de ffff | 4488 2190 | 4d85 d275 
  0x000001f251e734a4: 2049 8bd7 | c5f8 7749 | ba00 a422 | daff 7f00 | 0041 ffd2 

  0x000001f251e734b8: ;   {other}
  0x000001f251e734b8: 0f1f 8400 | 0000 0000 | e93a deff | ff4b 894c | 13f8 4983 | c2f8 4d89 | 5748 e928 | deff ff4d 
  0x000001f251e734d8: 8b57 484d | 8b5f 58f0 | 8344 24c0 | 0080 3900 | 0f84 91df | ffff 4488 | 214d 85d2 | 7520 498b 
  0x000001f251e734f8: d7c5 f877 | 49ba 00a4 | 22da ff7f | 0000 41ff 

  0x000001f251e73508: ;   {other}
  0x000001f251e73508: d20f 1f84 | 0000 0000 | 00e9 69df | ffff 4b89 | 4c13 f849 | 83c2 f84d | 8957 48e9 | 57df ffff 
  0x000001f251e73528: 4d8b 5758 | 4d8b 5f48 | f083 4424 | c000 8039 | 000f 84ed | deff ff44 | 8821 4d85 | db75 2049 
  0x000001f251e73548: 8bd7 c5f8 | 7749 ba00 | a422 daff | 7f00 0041 

  0x000001f251e73558: ;   {other}
  0x000001f251e73558: ffd2 0f1f | 8400 0000 | 0000 e9c5 | deff ff4b | 894c 1af8 | 4983 c3f8 | 4d89 5f48 | e9b3 deff 
  0x000001f251e73578: ff4d 8b57 | 484d 8b5f | 58f0 8344 | 24c0 0080 | 3900 0f84 | f9e3 ffff | 4488 214d | 85d2 7520 
  0x000001f251e73598: 498b d7c5 | f877 49ba | 00a4 22da | ff7f 0000 

  0x000001f251e735a8: ;   {other}
  0x000001f251e735a8: 41ff d20f | 1f84 0000 | 0000 00e9 | d1e3 ffff | 4b89 4c13 | f849 83c2 | f84d 8957 | 48e9 bfe3 
  0x000001f251e735c8: ffff 4d8b | 5758 4d8b | 5f48 f083 | 4424 c000 | 0f1f 8400 | 0000 0000 | 8039 000f | 8443 e3ff 
  0x000001f251e735e8: ff44 8821 | 4d85 db75 | 2049 8bd7 | c5f8 7749 | ba00 a422 | daff 7f00 | 0041 ffd2 

  0x000001f251e73604: ;   {other}
  0x000001f251e73604: 0f1f 8400 | 0000 0000 | e91b e3ff | ff4b 894c | 1af8 4983 | c3f8 4d89 | 5f48 6690 | e907 e3ff 
  0x000001f251e73624: ff4d 8b57 | 584d 8b5f | 48f0 8344 | 24c0 0080 | 3900 0f84 | 4de2 ffff | 4488 2190 | 4d85 db75 
  0x000001f251e73644: 2049 8bd7 | c5f8 7749 | ba00 a422 | daff 7f00 | 0041 ffd2 

  0x000001f251e73658: ;   {other}
  0x000001f251e73658: 0f1f 8400 | 0000 0000 | e924 e2ff | ff4b 894c | 1af8 4983 | c3f8 4d89 | 5f48 e912 | e2ff ff4d 
  0x000001f251e73678: 8b57 584d | 8b5f 48f0 | 8344 24c0 | 0080 3900 | 0f84 3bdf | ffff 4488 | 214d 85db | 7520 498b 
  0x000001f251e73698: d7c5 f877 | 49ba 00a4 | 22da ff7f | 0000 41ff 

  0x000001f251e736a8: ;   {other}
  0x000001f251e736a8: d20f 1f84 | 0000 0000 | 00e9 13df | ffff 4b89 | 4c1a f849 | 83c3 f84d | 895f 48e9 | 01df ffff 
  0x000001f251e736c8: 4d8b 5758 | 4d8b 5f48 | f083 4424 | c000 8039 | 000f 84b7 | e0ff ff44 | 8821 4d85 | db75 2049 
  0x000001f251e736e8: 8bd7 c5f8 | 7749 ba00 | a422 daff | 7f00 0041 

  0x000001f251e736f8: ;   {other}
  0x000001f251e736f8: ffd2 0f1f | 8400 0000 | 0000 e98f | e0ff ff4b | 894c 1af8 | 4983 c3f8 | 4d89 5f48 | e97d e0ff 
  0x000001f251e73718: ff4d 8b57 | 484d 8b5f | 58f0 8344 | 24c0 0080 | 3900 0f84 | b9e0 ffff | 4488 214d | 85d2 7520 
  0x000001f251e73738: 498b d7c5 | f877 49ba | 00a4 22da | ff7f 0000 

  0x000001f251e73748: ;   {other}
  0x000001f251e73748: 41ff d20f | 1f84 0000 | 0000 00e9 | 91e0 ffff | 4b89 4c13 | f849 83c2 | f84d 8957 | 48e9 7fe0 
  0x000001f251e73768: ffff 4d8b | 5748 4d8b | 5f58 f083 | 4424 c000 | 0f1f 8400 | 0000 0000 | 8039 000f | 848f deff 
  0x000001f251e73788: ff44 8821 | 4d85 d275 | 2049 8bd7 | c5f8 7749 | ba00 a422 | daff 7f00 | 0041 ffd2 

  0x000001f251e737a4: ;   {other}
  0x000001f251e737a4: 0f1f 8400 | 0000 0000 | e967 deff | ff4b 894c | 13f8 4983 | c2f8 4d89 | 5748 6690 | e953 deff 
  0x000001f251e737c4: ff4d 8b57 | 584d 8b5f | 48f0 8344 | 24c0 0080 | 3900 0f84 | cede ffff | 4488 2190 | 4d85 db75 
  0x000001f251e737e4: 2049 8bd7 | c5f8 7749 | ba00 a422 | daff 7f00 | 0041 ffd2 

  0x000001f251e737f8: ;   {other}
  0x000001f251e737f8: 0f1f 8400 | 0000 0000 | e9a5 deff | ff4b 894c | 1af8 4983 | c3f8 4d89 | 5f48 e993 | deff ff4d 
  0x000001f251e73818: 8b57 584d | 8b5f 48f0 | 8344 24c0 | 0080 3900 | 0f84 04e4 | ffff 4488 | 214d 85db | 7520 498b 
  0x000001f251e73838: d7c5 f877 | 49ba 00a4 | 22da ff7f | 0000 41ff 

  0x000001f251e73848: ;   {other}
  0x000001f251e73848: d20f 1f84 | 0000 0000 | 00e9 dce3 | ffff 4b89 | 4c1a f849 | 83c3 f84d | 895f 48e9 | cae3 ffff 
  0x000001f251e73868: 4d8b 5758 | 4d8b 5f48 | f083 4424 | c000 8039 | 000f 844d | e4ff ff44 | 8821 4d85 | db75 2049 
  0x000001f251e73888: 8bd7 c5f8 | 7749 ba00 | a422 daff | 7f00 0041 

  0x000001f251e73898: ;   {other}
  0x000001f251e73898: ffd2 0f1f | 8400 0000 | 0000 e925 | e4ff ff4b | 894c 1af8 | 4983 c3f8 | 4d89 5f48 | e913 e4ff 
  0x000001f251e738b8: ff4d 8b57 | 584d 8b5f | 48f0 8344 | 24c0 0080 | 3900 0f84 | 22e3 ffff | 4488 214d | 85db 7520 
  0x000001f251e738d8: 498b d7c5 | f877 49ba | 00a4 22da | ff7f 0000 

  0x000001f251e738e8: ;   {other}
  0x000001f251e738e8: 41ff d20f | 1f84 0000 | 0000 00e9 | fae2 ffff | 4b89 4c1a | f849 83c3 | f84d 895f | 48e9 e8e2 
  0x000001f251e73908: ffff 4d8b | 5758 4d8b | 5f48 f083 | 4424 c000 | 0f1f 8400 | 0000 0000 | 8039 000f | 8456 d8ff 
  0x000001f251e73928: ff44 8821 | 4d85 db75 | 2049 8bd7 | c5f8 7749 | ba00 a422 | daff 7f00 | 0041 ffd2 

  0x000001f251e73944: ;   {other}
  0x000001f251e73944: 0f1f 8400 | 0000 0000 | e92e d8ff | ff4b 894c | 1af8 4983 | c3f8 4d89 | 5f48 6690 | e91a d8ff 
  0x000001f251e73964: ff4d 8b57 | 584d 8b5f | 48f0 8344 | 24c0 0080 | 3900 0f84 | 99d7 ffff | 4488 2190 | 4d85 db75 
  0x000001f251e73984: 2049 8bd7 | c5f8 7749 | ba00 a422 | daff 7f00 | 0041 ffd2 

  0x000001f251e73998: ;   {other}
  0x000001f251e73998: 0f1f 8400 | 0000 0000 | e970 d7ff | ff4b 894c | 1af8 4983 | c3f8 4d89 | 5f48 e95e | d7ff ff4d 
  0x000001f251e739b8: 8b57 484d | 8b5f 58f0 | 8344 24c0 | 0080 3900 | 0f84 88e3 | ffff 4488 | 214d 85d2 | 7520 498b 
  0x000001f251e739d8: d7c5 f877 | 49ba 00a4 | 22da ff7f | 0000 41ff 

  0x000001f251e739e8: ;   {other}
  0x000001f251e739e8: d20f 1f84 | 0000 0000 | 00e9 60e3 | ffff 4b89 | 4c13 f849 | 83c2 f84d | 8957 48e9 | 4ee3 ffff 
  0x000001f251e73a08: 448b 550c | 4585 d20f | 8406 d4ff | ff4d 8b5f | 2849 8bca | 0f1f 4000 | 4d85 db0f | 8487 0b00 
  0x000001f251e73a28: 004d 8b57 | 384b 894c | 1af8 4983 | c3f8 4d89 | 5f28 e9dc | d3ff ff4c | 8b94 2498 | 0000 0045 
  0x000001f251e73a48: 8b52 0c45 | 85d2 0f84 | 25d4 ffff | 4d8b 5f28 | 498b ca0f | 1f44 0000 | 4d85 db0f | 8487 0b00 
  0x000001f251e73a68: 004d 8b57 | 384b 894c | 1af8 4983 | c3f8 4d89 | 5f28 e9fa | d3ff ff4c | 8b94 2498 | 0000 0045 
  0x000001f251e73a88: 8b52 1045 | 85d2 0f84 | 81d4 ffff | 4d8b 5f28 | 498b ca0f | 1f44 0000 | 4d85 db0f | 8427 0b00 
  0x000001f251e73aa8: 004d 8b57 | 384b 894c | 1af8 4983 | c3f8 4d89 | 5f28 e956 | d4ff ff4c | 8b94 2498 | 0000 0045 
  0x000001f251e73ac8: 8b52 1445 | 85d2 0f84 | b7d4 ffff | 4d8b 5f28 | 498b ca0f | 1f44 0000 | 4d85 db0f | 8427 0b00 
  0x000001f251e73ae8: ;   {no_reloc}
  0x000001f251e73ae8: 004d 8b57 | 384b 894c | 1af8 4983 | c3f8 4d89 | 5f28 e98c | d4ff ff4d | 8b57 584d | 8b5f 48f0 
  0x000001f251e73b08: 8344 24c0 | 0080 3900 | 0f84 3ad4 | ffff 4488 | 214d 85db | 7520 498b | d7c5 f877 | 49ba 00a4 
  0x000001f251e73b28: 22da ff7f | 0000 41ff 

  0x000001f251e73b30: ;   {other}
  0x000001f251e73b30: d20f 1f84 | 0000 0000 | 00e9 12d4 | ffff 4b89 | 4c1a f849 | 83c3 f84d | 895f 48e9 | 00d4 ffff 
  0x000001f251e73b50: 4d8b 5748 | 4d8b 5f58 | f083 4424 | c000 6690 | 8039 000f | 844d d3ff | ff44 8821 | 4d85 d275 
  0x000001f251e73b70: 2049 8bd7 | c5f8 7749 | ba00 a422 | daff 7f00 | 0041 ffd2 

  0x000001f251e73b84: ;   {other}
  0x000001f251e73b84: 0f1f 8400 | 0000 0000 | e925 d3ff | ff4b 894c | 13f8 4983 | c2f8 4d89 | 5748 6690 | e911 d3ff 
  0x000001f251e73ba4: ff4d 8b57 | 484d 8b5f | 58f0 8344 | 24c0 0080 | 3900 0f84 | b2d2 ffff | 4488 2190 | 4d85 d275 
  0x000001f251e73bc4: 2049 8bd7 | c5f8 7749 | ba00 a422 | daff 7f00 | 0041 ffd2 

  0x000001f251e73bd8: ;   {other}
  0x000001f251e73bd8: 0f1f 8400 | 0000 0000 | e989 d2ff | ff4b 894c | 13f8 4983 | c2f8 4d89 | 5748 e977 | d2ff ffba 
  0x000001f251e73bf8: c6ff ffff | 488b 6c24 | 384c 8b54 | 2440 4c89 | 5424 304c | 8944 2438 

  0x000001f251e73c10: ;   {runtime_call UncommonTrapBlob}
  0x000001f251e73c10: c5f8 77e8 

  0x000001f251e73c14: ; ImmutableOopMap {rbp=Oop [40]=NarrowOop [44]=NarrowOop [56]=Oop [88]=Oop [120]=NarrowOop }
                      ;*invokevirtual getCodeSigners {reexecute=0 rethrow=0 return_oop=0}
                      ; - java.net.URLClassLoader::defineClass@185
                      ; - java.net.URLClassLoader$1::run@43
                      ; - java.net.URLClassLoader$1::run@1
  0x000001f251e73c14: 6807 57ff 

  0x000001f251e73c18: ;   {other}
  0x000001f251e73c18: 0f1f 8400 | 086c 006d | bac6 ffff | ff48 8b6c | 2438 8974 | 2428 4889 | 7c24 304c | 8b5c 2440 
  0x000001f251e73c38: 4c89 5c24 | 3844 8954 | 242c 4889 | 7c24 4090 

  0x000001f251e73c48: ;   {runtime_call UncommonTrapBlob}
  0x000001f251e73c48: c5f8 77e8 

  0x000001f251e73c4c: ; ImmutableOopMap {rbp=Oop [40]=NarrowOop [48]=Oop [64]=Oop [120]=NarrowOop }
                      ;*invokevirtual getCodeSourceURL {reexecute=0 rethrow=0 return_oop=0}
                      ; - java.net.URLClassLoader::defineClass@13
                      ; - java.net.URLClassLoader$1::run@43
                      ; - java.net.URLClassLoader$1::run@1
  0x000001f251e73c4c: 3007 57ff 

  0x000001f251e73c50: ;   {other}
  0x000001f251e73c50: 0f1f 8400 | 406c 006e 

  0x000001f251e73c58: ;   {metadata('java/lang/ref/SoftReference')}
  0x000001f251e73c58: 48ba 90df | 035d f201 | 0000 6690 

  0x000001f251e73c64: ;   {runtime_call _new_instance_Java}
  0x000001f251e73c64: c5f8 77e8 

  0x000001f251e73c68: ; ImmutableOopMap {rbp=Oop [32]=Oop [40]=Oop [48]=NarrowOop [56]=Oop [72]=Oop [80]=NarrowOop [84]=NarrowOop [88]=Oop [96]=Oop [104]=Oop [120]=NarrowOop [136]=Oop [240]=Oop }
                      ;*new {reexecute=0 rethrow=0 return_oop=1}
                      ; - java.util.jar.JarFile::getManifestFromReference@184
                      ; - java.util.jar.JarFile::getManifest@1
                      ; - java.util.jar.JarFile::maybeInstantiateVerifier@31
                      ; - java.util.jar.JarFile::ensureInitialization@1
                      ; - java.util.jar.JavaUtilJarAccessImpl::ensureInitialization@1
                      ; - jdk.internal.loader.URLClassPath$JarLoader$2::getManifest@10
                      ; - java.net.URLClassLoader::defineClass@34
                      ; - java.net.URLClassLoader$1::run@43
                      ; - java.net.URLClassLoader$1::run@1
  0x000001f251e73c68: 947f 59ff 

  0x000001f251e73c6c: ;   {other}
  0x000001f251e73c6c: 0f1f 8400 | 5c6c 006f | 4c8b d0e9 | 2be1 ffff 

  0x000001f251e73c7c: ;   {metadata('java/util/jar/JarVerifier')}
  0x000001f251e73c7c: 48ba 789e | 165d f201 | 0000 6690 

  0x000001f251e73c88: ;   {runtime_call _new_instance_Java}
  0x000001f251e73c88: c5f8 77e8 

  0x000001f251e73c8c: ; ImmutableOopMap {[32]=Oop [40]=Oop [48]=NarrowOop [56]=Oop [72]=Oop [80]=NarrowOop [84]=NarrowOop [88]=Oop [96]=Oop [104]=Oop [120]=NarrowOop [136]=Oop [144]=Oop [152]=Oop [240]=Oop }
                      ;*new {reexecute=0 rethrow=0 return_oop=1}
                      ; - java.util.jar.JarFile::getManifestFromReference@69
                      ; - java.util.jar.JarFile::getManifest@1
                      ; - java.util.jar.JarFile::maybeInstantiateVerifier@31
                      ; - java.util.jar.JarFile::ensureInitialization@1
                      ; - java.util.jar.JavaUtilJarAccessImpl::ensureInitialization@1
                      ; - jdk.internal.loader.URLClassPath$JarLoader$2::getManifest@10
                      ; - java.net.URLClassLoader::defineClass@34
                      ; - java.net.URLClassLoader$1::run@43
                      ; - java.net.URLClassLoader$1::run@1
  0x000001f251e73c8c: 707f 59ff 

  0x000001f251e73c90: ;   {other}
  0x000001f251e73c90: 0f1f 8400 | 806c 0070 | e9e9 d3ff 

  0x000001f251e73c9c: ;   {metadata('java/util/Hashtable')}
  0x000001f251e73c9c: ff48 bab8 | d300 5df2 | 0100 0090 

  0x000001f251e73ca8: ;   {runtime_call _new_instance_Java}
  0x000001f251e73ca8: c5f8 77e8 

  0x000001f251e73cac: ; ImmutableOopMap {[32]=Oop [40]=Oop [48]=NarrowOop [56]=Oop [72]=Oop [80]=NarrowOop [84]=NarrowOop [88]=Oop [96]=Oop [104]=Oop [120]=NarrowOop [132]=NarrowOop [136]=Oop [152]=Oop [160]=Oop [240]=Oop }
                      ;*new {reexecute=0 rethrow=0 return_oop=1}
                      ; - java.util.jar.JarVerifier::<init>@35
                      ; - java.util.jar.JarFile::getManifestFromReference@78
                      ; - java.util.jar.JarFile::getManifest@1
                      ; - java.util.jar.JarFile::maybeInstantiateVerifier@31
                      ; - java.util.jar.JarFile::ensureInitialization@1
                      ; - java.util.jar.JavaUtilJarAccessImpl::ensureInitialization@1
                      ; - jdk.internal.loader.URLClassPath$JarLoader$2::getManifest@10
                      ; - java.net.URLClassLoader::defineClass@34
                      ; - java.net.URLClassLoader$1::run@43
                      ; - java.net.URLClassLoader$1::run@1
  0x000001f251e73cac: 507f 59ff 

  0x000001f251e73cb0: ;   {other}
  0x000001f251e73cb0: 0f1f 8400 | a06c 0071 | e90e d5ff 

  0x000001f251e73cbc: ;   {metadata('java/util/Hashtable$Entry'[])}
  0x000001f251e73cbc: ff48 baa8 | 7f13 5df2 | 0100 0041 | b80b 0000 | 0066 6690 

  0x000001f251e73cd0: ;   {runtime_call _new_array_Java}
  0x000001f251e73cd0: c5f8 77e8 

  0x000001f251e73cd4: ; ImmutableOopMap {rbp=Oop [32]=Oop [40]=Oop [48]=NarrowOop [56]=Oop [72]=Oop [80]=NarrowOop [84]=NarrowOop [88]=Oop [96]=Oop [104]=Oop [120]=NarrowOop [132]=NarrowOop [136]=Oop [152]=Oop [160]=Oop [240]=Oop }
                      ;*anewarray {reexecute=0 rethrow=0 return_oop=1}
                      ; - java.util.Hashtable::<init>@93
                      ; - java.util.Hashtable::<init>@5
                      ; - java.util.jar.JarVerifier::<init>@39
                      ; - java.util.jar.JarFile::getManifestFromReference@78
                      ; - java.util.jar.JarFile::getManifest@1
                      ; - java.util.jar.JarFile::maybeInstantiateVerifier@31
                      ; - java.util.jar.JarFile::ensureInitialization@1
                      ; - java.util.jar.JavaUtilJarAccessImpl::ensureInitialization@1
                      ; - jdk.internal.loader.URLClassPath$JarLoader$2::getManifest@10
                      ; - java.net.URLClassLoader::defineClass@34
                      ; - java.net.URLClassLoader$1::run@43
                      ; - java.net.URLClassLoader$1::run@1
  0x000001f251e73cd4: 287c 59ff 

  0x000001f251e73cd8: ;   {other}
  0x000001f251e73cd8: 0f1f 8400 | c86c 0072 | 4c8b d0e9 | 80d5 ffff 

  0x000001f251e73ce8: ;   {metadata('java/util/Hashtable')}
  0x000001f251e73ce8: 48ba b8d3 | 005d f201 | 0000 6690 

  0x000001f251e73cf4: ;   {runtime_call _new_instance_Java}
  0x000001f251e73cf4: c5f8 77e8 

  0x000001f251e73cf8: ; ImmutableOopMap {[32]=Oop [40]=Oop [48]=NarrowOop [56]=Oop [72]=Oop [80]=NarrowOop [84]=NarrowOop [88]=Oop [96]=Oop [104]=Oop [120]=NarrowOop [132]=NarrowOop [136]=Oop [152]=Oop [160]=Oop [240]=Oop }
                      ;*new {reexecute=0 rethrow=0 return_oop=1}
                      ; - java.util.jar.JarVerifier::<init>@46
                      ; - java.util.jar.JarFile::getManifestFromReference@78
                      ; - java.util.jar.JarFile::getManifest@1
                      ; - java.util.jar.JarFile::maybeInstantiateVerifier@31
                      ; - java.util.jar.JarFile::ensureInitialization@1
                      ; - java.util.jar.JavaUtilJarAccessImpl::ensureInitialization@1
                      ; - jdk.internal.loader.URLClassPath$JarLoader$2::getManifest@10
                      ; - java.net.URLClassLoader::defineClass@34
                      ; - java.net.URLClassLoader$1::run@43
                      ; - java.net.URLClassLoader$1::run@1
  0x000001f251e73cf8: 047f 59ff 

  0x000001f251e73cfc: ;   {other}
  0x000001f251e73cfc: 0f1f 8400 | ec6c 0073 | e942 d6ff 

  0x000001f251e73d08: ;   {metadata('java/util/Hashtable$Entry'[])}
  0x000001f251e73d08: ff48 baa8 | 7f13 5df2 | 0100 0041 | b80b 0000 | 0066 6690 

  0x000001f251e73d1c: ;   {runtime_call _new_array_Java}
  0x000001f251e73d1c: c5f8 77e8 

  0x000001f251e73d20: ; ImmutableOopMap {rbp=Oop [32]=Oop [40]=Oop [48]=NarrowOop [56]=Oop [72]=Oop [80]=NarrowOop [84]=NarrowOop [88]=Oop [96]=Oop [104]=Oop [120]=NarrowOop [132]=NarrowOop [136]=Oop [152]=Oop [160]=Oop [240]=Oop }
                      ;*anewarray {reexecute=0 rethrow=0 return_oop=1}
                      ; - java.util.Hashtable::<init>@93
                      ; - java.util.Hashtable::<init>@5
                      ; - java.util.jar.JarVerifier::<init>@50
                      ; - java.util.jar.JarFile::getManifestFromReference@78
                      ; - java.util.jar.JarFile::getManifest@1
                      ; - java.util.jar.JarFile::maybeInstantiateVerifier@31
                      ; - java.util.jar.JarFile::ensureInitialization@1
                      ; - java.util.jar.JavaUtilJarAccessImpl::ensureInitialization@1
                      ; - jdk.internal.loader.URLClassPath$JarLoader$2::getManifest@10
                      ; - java.net.URLClassLoader::defineClass@34
                      ; - java.net.URLClassLoader$1::run@43
                      ; - java.net.URLClassLoader$1::run@1
  0x000001f251e73d20: dc7b 59ff 

  0x000001f251e73d24: ;   {other}
  0x000001f251e73d24: 0f1f 8400 | 146d 0074 | 4c8b d0e9 | b4d6 ffff 

  0x000001f251e73d34: ;   {metadata('java/util/Hashtable')}
  0x000001f251e73d34: 48ba b8d3 | 005d f201 | 0000 6690 

  0x000001f251e73d40: ;   {runtime_call _new_instance_Java}
  0x000001f251e73d40: c5f8 77e8 

  0x000001f251e73d44: ; ImmutableOopMap {[32]=Oop [40]=Oop [48]=NarrowOop [56]=Oop [72]=Oop [80]=NarrowOop [84]=NarrowOop [88]=Oop [96]=Oop [104]=Oop [120]=NarrowOop [132]=NarrowOop [136]=Oop [152]=Oop [160]=Oop [240]=Oop }
                      ;*new {reexecute=0 rethrow=0 return_oop=1}
                      ; - java.util.jar.JarVerifier::<init>@57
                      ; - java.util.jar.JarFile::getManifestFromReference@78
                      ; - java.util.jar.JarFile::getManifest@1
                      ; - java.util.jar.JarFile::maybeInstantiateVerifier@31
                      ; - java.util.jar.JarFile::ensureInitialization@1
                      ; - java.util.jar.JavaUtilJarAccessImpl::ensureInitialization@1
                      ; - jdk.internal.loader.URLClassPath$JarLoader$2::getManifest@10
                      ; - java.net.URLClassLoader::defineClass@34
                      ; - java.net.URLClassLoader$1::run@43
                      ; - java.net.URLClassLoader$1::run@1
  0x000001f251e73d44: b87e 59ff 

  0x000001f251e73d48: ;   {other}
  0x000001f251e73d48: 0f1f 8400 | 386d 0075 | e976 d7ff 

  0x000001f251e73d54: ;   {metadata('java/util/ArrayList')}
  0x000001f251e73d54: ff48 bad0 | 890b 5df2 | 0100 0090 

  0x000001f251e73d60: ;   {runtime_call _new_instance_Java}
  0x000001f251e73d60: c5f8 77e8 

  0x000001f251e73d64: ; ImmutableOopMap {[32]=Oop [40]=Oop [48]=NarrowOop [56]=Oop [72]=Oop [80]=NarrowOop [84]=NarrowOop [88]=Oop [96]=Oop [104]=Oop [120]=NarrowOop [132]=NarrowOop [136]=Oop [152]=Oop [160]=Oop [216]=NarrowOop [240]=Oop }
                      ;*new {reexecute=0 rethrow=0 return_oop=1}
                      ; - java.util.jar.JarVerifier::<init>@70
                      ; - java.util.jar.JarFile::getManifestFromReference@78
                      ; - java.util.jar.JarFile::getManifest@1
                      ; - java.util.jar.JarFile::maybeInstantiateVerifier@31
                      ; - java.util.jar.JarFile::ensureInitialization@1
                      ; - java.util.jar.JavaUtilJarAccessImpl::ensureInitialization@1
                      ; - jdk.internal.loader.URLClassPath$JarLoader$2::getManifest@10
                      ; - java.net.URLClassLoader::defineClass@34
                      ; - java.net.URLClassLoader$1::run@43
                      ; - java.net.URLClassLoader$1::run@1
  0x000001f251e73d64: 987e 59ff 

  0x000001f251e73d68: ;   {other}
  0x000001f251e73d68: 0f1f 8400 | 586d 0076 | 4c8b d0e9 | e1d8 ffff 

  0x000001f251e73d78: ;   {metadata('java/io/ByteArrayOutputStream')}
  0x000001f251e73d78: 48ba a000 | 225d f201 | 0000 6690 

  0x000001f251e73d84: ;   {runtime_call _new_instance_Java}
  0x000001f251e73d84: c5f8 77e8 

  0x000001f251e73d88: ; ImmutableOopMap {[32]=Oop [40]=Oop [48]=NarrowOop [56]=Oop [72]=Oop [80]=NarrowOop [84]=NarrowOop [88]=Oop [96]=Oop [104]=Oop [120]=NarrowOop [132]=NarrowOop [136]=Oop [152]=Oop [160]=Oop [216]=NarrowOop [240]=Oop }
                      ;*new {reexecute=0 rethrow=0 return_oop=1}
                      ; - java.util.jar.JarVerifier::<init>@81
                      ; - java.util.jar.JarFile::getManifestFromReference@78
                      ; - java.util.jar.JarFile::getManifest@1
                      ; - java.util.jar.JarFile::maybeInstantiateVerifier@31
                      ; - java.util.jar.JarFile::ensureInitialization@1
                      ; - java.util.jar.JavaUtilJarAccessImpl::ensureInitialization@1
                      ; - jdk.internal.loader.URLClassPath$JarLoader$2::getManifest@10
                      ; - java.net.URLClassLoader::defineClass@34
                      ; - java.net.URLClassLoader$1::run@43
                      ; - java.net.URLClassLoader$1::run@1
  0x000001f251e73d88: 747e 59ff 

  0x000001f251e73d8c: ;   {other}
  0x000001f251e73d8c: 0f1f 8400 | 7c6d 0077 | 4c8b d0e9 | 57d9 ffff 

  0x000001f251e73d9c: ;   {metadata('java/util/ArrayList')}
  0x000001f251e73d9c: 48ba d089 | 0b5d f201 | 0000 6690 

  0x000001f251e73da8: ;   {runtime_call _new_instance_Java}
  0x000001f251e73da8: c5f8 77e8 

  0x000001f251e73dac: ; ImmutableOopMap {[32]=Oop [40]=Oop [48]=NarrowOop [56]=Oop [72]=Oop [80]=NarrowOop [84]=NarrowOop [88]=Oop [96]=Oop [104]=Oop [120]=NarrowOop [132]=NarrowOop [136]=Oop [152]=Oop [160]=Oop [216]=NarrowOop [240]=Oop }
                      ;*new {reexecute=0 rethrow=0 return_oop=1}
                      ; - java.util.jar.JarVerifier::<init>@92
                      ; - java.util.jar.JarFile::getManifestFromReference@78
                      ; - java.util.jar.JarFile::getManifest@1
                      ; - java.util.jar.JarFile::maybeInstantiateVerifier@31
                      ; - java.util.jar.JarFile::ensureInitialization@1
                      ; - java.util.jar.JavaUtilJarAccessImpl::ensureInitialization@1
                      ; - jdk.internal.loader.URLClassPath$JarLoader$2::getManifest@10
                      ; - java.net.URLClassLoader::defineClass@34
                      ; - java.net.URLClassLoader$1::run@43
                      ; - java.net.URLClassLoader$1::run@1
  0x000001f251e73dac: 507e 59ff 

  0x000001f251e73db0: ;   {other}
  0x000001f251e73db0: 0f1f 8400 | a06d 0078 | 4c8b d00f | 1f44 0000 | e96e daff 

  0x000001f251e73dc4: ;   {metadata({type array byte})}
  0x000001f251e73dc4: ff48 ba18 | 2300 5df2 | 0100 0041 | b820 0000 | 0066 6690 

  0x000001f251e73dd8: ;   {runtime_call _new_array_Java}
  0x000001f251e73dd8: c5f8 77e8 

  0x000001f251e73ddc: ; ImmutableOopMap {rbp=Oop [32]=Oop [40]=Oop [48]=NarrowOop [56]=Oop [72]=Oop [80]=NarrowOop [84]=NarrowOop [88]=Oop [96]=Oop [104]=Oop [120]=NarrowOop [132]=NarrowOop [136]=Oop [152]=Oop [160]=Oop [216]=NarrowOop [240]=Oop }
                      ;*newarray {reexecute=0 rethrow=0 return_oop=1}
                      ; - java.io.ByteArrayOutputStream::<init>@37
                      ; - java.io.ByteArrayOutputStream::<init>@3
                      ; - java.util.jar.JarVerifier::<init>@85
                      ; - java.util.jar.JarFile::getManifestFromReference@78
                      ; - java.util.jar.JarFile::getManifest@1
                      ; - java.util.jar.JarFile::maybeInstantiateVerifier@31
                      ; - java.util.jar.JarFile::ensureInitialization@1
                      ; - java.util.jar.JavaUtilJarAccessImpl::ensureInitialization@1
                      ; - jdk.internal.loader.URLClassPath$JarLoader$2::getManifest@10
                      ; - java.net.URLClassLoader::defineClass@34
                      ; - java.net.URLClassLoader$1::run@43
                      ; - java.net.URLClassLoader$1::run@1
  0x000001f251e73ddc: 207b 59ff 

  0x000001f251e73de0: ;   {other}
  0x000001f251e73de0: 0f1f 8400 | d06d 0079 | e970 d9ff 

  0x000001f251e73dec: ;   {metadata('java/util/jar/Manifest')}
  0x000001f251e73dec: ff48 baa0 | e104 5df2 | 0100 0090 

  0x000001f251e73df8: ;   {runtime_call _new_instance_Java}
  0x000001f251e73df8: c5f8 77e8 

  0x000001f251e73dfc: ; ImmutableOopMap {[32]=Oop [40]=Oop [48]=NarrowOop [56]=Oop [72]=Oop [80]=NarrowOop [84]=NarrowOop [88]=Oop [96]=Oop [104]=Oop [120]=NarrowOop [132]=NarrowOop [136]=Oop [152]=Oop [240]=Oop }
                      ;*new {reexecute=0 rethrow=0 return_oop=1}
                      ; - java.util.jar.JarFile::getManifestFromReference@101
                      ; - java.util.jar.JarFile::getManifest@1
                      ; - java.util.jar.JarFile::maybeInstantiateVerifier@31
                      ; - java.util.jar.JarFile::ensureInitialization@1
                      ; - java.util.jar.JavaUtilJarAccessImpl::ensureInitialization@1
                      ; - jdk.internal.loader.URLClassPath$JarLoader$2::getManifest@10
                      ; - java.net.URLClassLoader::defineClass@34
                      ; - java.net.URLClassLoader$1::run@43
                      ; - java.net.URLClassLoader$1::run@1
  0x000001f251e73dfc: 007e 59ff 

  0x000001f251e73e00: ;   {other}
  0x000001f251e73e00: 0f1f 8400 | f06d 007a | e9c5 dbff 

  0x000001f251e73e0c: ;   {metadata('java/util/HashMap')}
  0x000001f251e73e0c: ff48 ba68 | a908 5df2 | 0100 0090 

  0x000001f251e73e18: ;   {runtime_call _new_instance_Java}
  0x000001f251e73e18: c5f8 77e8 

  0x000001f251e73e1c: ; ImmutableOopMap {[32]=Oop [40]=Oop [48]=NarrowOop [56]=Oop [72]=Oop [80]=NarrowOop [84]=NarrowOop [88]=Oop [96]=Oop [104]=Oop [120]=NarrowOop [132]=NarrowOop [136]=Oop [152]=Oop [160]=Oop [216]=NarrowOop [240]=Oop }
                      ;*new {reexecute=0 rethrow=0 return_oop=1}
                      ; - java.util.jar.JarVerifier::<init>@103
                      ; - java.util.jar.JarFile::getManifestFromReference@78
                      ; - java.util.jar.JarFile::getManifest@1
                      ; - java.util.jar.JarFile::maybeInstantiateVerifier@31
                      ; - java.util.jar.JarFile::ensureInitialization@1
                      ; - java.util.jar.JavaUtilJarAccessImpl::ensureInitialization@1
                      ; - jdk.internal.loader.URLClassPath$JarLoader$2::getManifest@10
                      ; - java.net.URLClassLoader::defineClass@34
                      ; - java.net.URLClassLoader$1::run@43
                      ; - java.net.URLClassLoader$1::run@1
  0x000001f251e73e1c: e07d 59ff 

  0x000001f251e73e20: ;   {other}
  0x000001f251e73e20: 0f1f 8400 | 106e 007b | 4c8b d0e9 | abda ffff 

  0x000001f251e73e30: ;   {metadata('java/io/ByteArrayInputStream')}
  0x000001f251e73e30: 48ba a023 | 055d f201 | 0000 6690 

  0x000001f251e73e3c: ;   {runtime_call _new_instance_Java}
  0x000001f251e73e3c: c5f8 77e8 

  0x000001f251e73e40: ; ImmutableOopMap {[32]=Oop [40]=Oop [48]=NarrowOop [56]=Oop [72]=Oop [80]=NarrowOop [84]=NarrowOop [88]=Oop [96]=Oop [104]=Oop [120]=NarrowOop [132]=NarrowOop [136]=Oop [144]=Oop [152]=Oop [160]=NarrowOop [168]=Oop [240]=Oop }
                      ;*new {reexecute=0 rethrow=0 return_oop=1}
                      ; - java.util.jar.JarFile::getManifestFromReference@109
                      ; - java.util.jar.JarFile::getManifest@1
                      ; - java.util.jar.JarFile::maybeInstantiateVerifier@31
                      ; - java.util.jar.JarFile::ensureInitialization@1
                      ; - java.util.jar.JavaUtilJarAccessImpl::ensureInitialization@1
                      ; - jdk.internal.loader.URLClassPath$JarLoader$2::getManifest@10
                      ; - java.net.URLClassLoader::defineClass@34
                      ; - java.net.URLClassLoader$1::run@43
                      ; - java.net.URLClassLoader$1::run@1
  0x000001f251e73e40: bc7d 59ff 

  0x000001f251e73e44: ;   {other}
  0x000001f251e73e44: 0f1f 8400 | 346e 007c | e9ec dbff 

  0x000001f251e73e50: ;   {metadata('java/util/Hashtable$Entry'[])}
  0x000001f251e73e50: ff48 baa8 | 7f13 5df2 | 0100 0041 | b80b 0000 | 0066 6690 

  0x000001f251e73e64: ;   {runtime_call _new_array_Java}
  0x000001f251e73e64: c5f8 77e8 

  0x000001f251e73e68: ; ImmutableOopMap {rbp=Oop [32]=Oop [40]=Oop [48]=NarrowOop [56]=Oop [72]=Oop [80]=NarrowOop [84]=NarrowOop [88]=Oop [96]=Oop [104]=Oop [120]=NarrowOop [132]=NarrowOop [136]=Oop [152]=Oop [160]=Oop [240]=Oop }
                      ;*anewarray {reexecute=0 rethrow=0 return_oop=1}
                      ; - java.util.Hashtable::<init>@93
                      ; - java.util.Hashtable::<init>@4
                      ; - java.util.jar.JarVerifier::<init>@63
                      ; - java.util.jar.JarFile::getManifestFromReference@78
                      ; - java.util.jar.JarFile::getManifest@1
                      ; - java.util.jar.JarFile::maybeInstantiateVerifier@31
                      ; - java.util.jar.JarFile::ensureInitialization@1
                      ; - java.util.jar.JavaUtilJarAccessImpl::ensureInitialization@1
                      ; - jdk.internal.loader.URLClassPath$JarLoader$2::getManifest@10
                      ; - java.net.URLClassLoader::defineClass@34
                      ; - java.net.URLClassLoader$1::run@43
                      ; - java.net.URLClassLoader$1::run@1
  0x000001f251e73e68: 947a 59ff 

  0x000001f251e73e6c: ;   {other}
  0x000001f251e73e6c: 0f1f 8400 | 5c6e 007d | 4c8b d0e9 | ecd6 ffff 

  0x000001f251e73e7c: ;   {metadata('java/util/LinkedHashMap')}
  0x000001f251e73e7c: 48ba e8a1 | 0f5d f201 | 0000 6690 

  0x000001f251e73e88: ;   {runtime_call _new_instance_Java}
  0x000001f251e73e88: c5f8 77e8 

  0x000001f251e73e8c: ; ImmutableOopMap {rbp=Oop [32]=Oop [40]=Oop [48]=NarrowOop [56]=Oop [72]=Oop [80]=NarrowOop [84]=NarrowOop [88]=Oop [96]=Oop [104]=Oop [120]=NarrowOop [132]=NarrowOop [136]=Oop [144]=Oop [160]=NarrowOop [168]=Oop [176]=Oop [240]=Oop }
                      ;*new {reexecute=0 rethrow=0 return_oop=1}
                      ; - java.util.LinkedHashMap::newLinkedHashMap@31
                      ; - java.util.jar.Attributes::<init>@6
                      ; - java.util.jar.Attributes::<init>@3
                      ; - java.util.jar.Manifest::<init>@9
                      ; - java.util.jar.JarFile::getManifestFromReference@121
                      ; - java.util.jar.JarFile::getManifest@1
                      ; - java.util.jar.JarFile::maybeInstantiateVerifier@31
                      ; - java.util.jar.JarFile::ensureInitialization@1
                      ; - java.util.jar.JavaUtilJarAccessImpl::ensureInitialization@1
                      ; - jdk.internal.loader.URLClassPath$JarLoader$2::getManifest@10
                      ; - java.net.URLClassLoader::defineClass@34
                      ; - java.net.URLClassLoader$1::run@43
                      ; - java.net.URLClassLoader$1::run@1
  0x000001f251e73e8c: 707d 59ff 

  0x000001f251e73e90: ;   {other}
  0x000001f251e73e90: 0f1f 8400 | 806e 007e | e97a dcff 

  0x000001f251e73e9c: ;   {metadata('java/util/jar/Attributes')}
  0x000001f251e73e9c: ff48 ba40 | 8816 5df2 | 0100 0090 

  0x000001f251e73ea8: ;   {runtime_call _new_instance_Java}
  0x000001f251e73ea8: c5f8 77e8 

  0x000001f251e73eac: ; ImmutableOopMap {[32]=Oop [40]=Oop [48]=NarrowOop [56]=Oop [72]=Oop [80]=NarrowOop [84]=NarrowOop [88]=Oop [96]=Oop [104]=Oop [120]=NarrowOop [132]=NarrowOop [136]=Oop [144]=Oop [160]=NarrowOop [168]=Oop [176]=Oop [240]=Oop }
                      ;*new {reexecute=0 rethrow=0 return_oop=1}
                      ; - java.util.jar.Manifest::<init>@5
                      ; - java.util.jar.JarFile::getManifestFromReference@121
                      ; - java.util.jar.JarFile::getManifest@1
                      ; - java.util.jar.JarFile::maybeInstantiateVerifier@31
                      ; - java.util.jar.JarFile::ensureInitialization@1
                      ; - java.util.jar.JavaUtilJarAccessImpl::ensureInitialization@1
                      ; - jdk.internal.loader.URLClassPath$JarLoader$2::getManifest@10
                      ; - java.net.URLClassLoader::defineClass@34
                      ; - java.net.URLClassLoader$1::run@43
                      ; - java.net.URLClassLoader$1::run@1
  0x000001f251e73eac: 507d 59ff 

  0x000001f251e73eb0: ;   {other}
  0x000001f251e73eb0: 0f1f 8400 | a06e 007f | e903 dcff 

  0x000001f251e73ebc: ;   {metadata('java/util/HashMap')}
  0x000001f251e73ebc: ff48 ba68 | a908 5df2 | 0100 0090 

  0x000001f251e73ec8: ;   {runtime_call _new_instance_Java}
  0x000001f251e73ec8: c5f8 77e8 

  0x000001f251e73ecc: ; ImmutableOopMap {[32]=Oop [40]=Oop [48]=NarrowOop [56]=Oop [72]=Oop [80]=NarrowOop [84]=NarrowOop [88]=Oop [96]=Oop [104]=Oop [120]=NarrowOop [132]=NarrowOop [136]=Oop [144]=Oop [160]=NarrowOop [168]=Oop [176]=Oop [184]=Oop [240]=Oop }
                      ;*new {reexecute=0 rethrow=0 return_oop=1}
                      ; - java.util.jar.Manifest::<init>@16
                      ; - java.util.jar.JarFile::getManifestFromReference@121
                      ; - java.util.jar.JarFile::getManifest@1
                      ; - java.util.jar.JarFile::maybeInstantiateVerifier@31
                      ; - java.util.jar.JarFile::ensureInitialization@1
                      ; - java.util.jar.JavaUtilJarAccessImpl::ensureInitialization@1
                      ; - jdk.internal.loader.URLClassPath$JarLoader$2::getManifest@10
                      ; - java.net.URLClassLoader::defineClass@34
                      ; - java.net.URLClassLoader$1::run@43
                      ; - java.net.URLClassLoader$1::run@1
  0x000001f251e73ecc: 307d 59ff 

  0x000001f251e73ed0: ;   {other}
  0x000001f251e73ed0: 0f1f 8400 | c06e 0080 | 4c8b d00f | 1f44 0000 | e996 ddff | ffba c6ff | ffff 488b | 6c24 3889 
  0x000001f251e73ef0: 7424 2848 | 897c 2430 | 4c8b 5424 | 404c 8954 | 2438 4889 | 7c24 4044 | 8944 2448 

  0x000001f251e73f0c: ;   {runtime_call UncommonTrapBlob}
  0x000001f251e73f0c: c5f8 77e8 

  0x000001f251e73f10: ; ImmutableOopMap {rbp=Oop [40]=NarrowOop [48]=Oop [64]=Oop [72]=NarrowOop [120]=NarrowOop [240]=Oop }
                      ;*invokevirtual getManifest {reexecute=0 rethrow=0 return_oop=0}
                      ; - java.net.URLClassLoader::defineClass@34
                      ; - java.net.URLClassLoader$1::run@43
                      ; - java.net.URLClassLoader$1::run@1
  0x000001f251e73f10: 6c04 57ff 

  0x000001f251e73f14: ;   {other}
  0x000001f251e73f14: 0f1f 8400 | 046f 0081 

  0x000001f251e73f1c: ;   {metadata('java/util/jar/Manifest')}
  0x000001f251e73f1c: 48ba a0e1 | 045d f201 | 0000 6690 

  0x000001f251e73f28: ;   {runtime_call _new_instance_Java}
  0x000001f251e73f28: c5f8 77e8 

  0x000001f251e73f2c: ; ImmutableOopMap {[32]=Oop [40]=Oop [48]=NarrowOop [56]=Oop [72]=Oop [80]=NarrowOop [84]=NarrowOop [88]=Oop [96]=Oop [104]=Oop [120]=NarrowOop [136]=Oop [144]=Oop [240]=Oop }
                      ;*new {reexecute=0 rethrow=0 return_oop=1}
                      ; - java.util.jar.JarFile::getManifestFromReference@134
                      ; - java.util.jar.JarFile::getManifest@1
                      ; - java.util.jar.JarFile::maybeInstantiateVerifier@31
                      ; - java.util.jar.JarFile::ensureInitialization@1
                      ; - java.util.jar.JavaUtilJarAccessImpl::ensureInitialization@1
                      ; - jdk.internal.loader.URLClassPath$JarLoader$2::getManifest@10
                      ; - java.net.URLClassLoader::defineClass@34
                      ; - java.net.URLClassLoader$1::run@43
                      ; - java.net.URLClassLoader$1::run@1
  0x000001f251e73f2c: d07c 59ff 

  0x000001f251e73f30: ;   {other}
  0x000001f251e73f30: 0f1f 8400 | 206f 0082 | e995 cdff 

  0x000001f251e73f3c: ;   {metadata('java/util/jar/Attributes')}
  0x000001f251e73f3c: ff48 ba40 | 8816 5df2 | 0100 0090 

  0x000001f251e73f48: ;   {runtime_call _new_instance_Java}
  0x000001f251e73f48: c5f8 77e8 

  0x000001f251e73f4c: ; ImmutableOopMap {[32]=Oop [40]=Oop [48]=NarrowOop [56]=Oop [72]=Oop [80]=NarrowOop [84]=NarrowOop [88]=Oop [96]=Oop [104]=Oop [120]=NarrowOop [132]=NarrowOop [136]=Oop [144]=Oop [152]=Oop [240]=Oop }
                      ;*new {reexecute=0 rethrow=0 return_oop=1}
                      ; - java.util.jar.Manifest::<init>@5
                      ; - java.util.jar.Manifest::<init>@4
                      ; - java.util.jar.JarFile::getManifestFromReference@143
                      ; - java.util.jar.JarFile::getManifest@1
                      ; - java.util.jar.JarFile::maybeInstantiateVerifier@31
                      ; - java.util.jar.JarFile::ensureInitialization@1
                      ; - java.util.jar.JavaUtilJarAccessImpl::ensureInitialization@1
                      ; - jdk.internal.loader.URLClassPath$JarLoader$2::getManifest@10
                      ; - java.net.URLClassLoader::defineClass@34
                      ; - java.net.URLClassLoader$1::run@43
                      ; - java.net.URLClassLoader$1::run@1
  0x000001f251e73f4c: b07c 59ff 

  0x000001f251e73f50: ;   {other}
  0x000001f251e73f50: 0f1f 8400 | 406f 0083 | e9d1 cdff 

  0x000001f251e73f5c: ;   {metadata('java/util/LinkedHashMap')}
  0x000001f251e73f5c: ff48 bae8 | a10f 5df2 | 0100 0090 

  0x000001f251e73f68: ;   {runtime_call _new_instance_Java}
  0x000001f251e73f68: c5f8 77e8 

  0x000001f251e73f6c: ; ImmutableOopMap {rbp=Oop [32]=Oop [40]=Oop [48]=NarrowOop [56]=Oop [72]=Oop [80]=NarrowOop [84]=NarrowOop [88]=Oop [96]=Oop [104]=Oop [120]=NarrowOop [132]=NarrowOop [136]=Oop [144]=Oop [152]=Oop [240]=Oop }
                      ;*new {reexecute=0 rethrow=0 return_oop=1}
                      ; - java.util.LinkedHashMap::newLinkedHashMap@31
                      ; - java.util.jar.Attributes::<init>@6
                      ; - java.util.jar.Attributes::<init>@3
                      ; - java.util.jar.Manifest::<init>@9
                      ; - java.util.jar.Manifest::<init>@4
                      ; - java.util.jar.JarFile::getManifestFromReference@143
                      ; - java.util.jar.JarFile::getManifest@1
                      ; - java.util.jar.JarFile::maybeInstantiateVerifier@31
                      ; - java.util.jar.JarFile::ensureInitialization@1
                      ; - java.util.jar.JavaUtilJarAccessImpl::ensureInitialization@1
                      ; - jdk.internal.loader.URLClassPath$JarLoader$2::getManifest@10
                      ; - java.net.URLClassLoader::defineClass@34
                      ; - java.net.URLClassLoader$1::run@43
                      ; - java.net.URLClassLoader$1::run@1
  0x000001f251e73f6c: 907c 59ff 

  0x000001f251e73f70: ;   {other}
  0x000001f251e73f70: 0f1f 8400 | 606f 0084 | e909 ceff 

  0x000001f251e73f7c: ;   {metadata('java/util/HashMap')}
  0x000001f251e73f7c: ff48 ba68 | a908 5df2 | 0100 0090 

  0x000001f251e73f88: ;   {runtime_call _new_instance_Java}
  0x000001f251e73f88: c5f8 77e8 

  0x000001f251e73f8c: ; ImmutableOopMap {[32]=Oop [40]=Oop [48]=NarrowOop [56]=Oop [72]=Oop [80]=NarrowOop [84]=NarrowOop [88]=Oop [96]=Oop [104]=Oop [120]=NarrowOop [132]=NarrowOop [136]=Oop [144]=Oop [152]=Oop [168]=Oop [240]=Oop }
                      ;*new {reexecute=0 rethrow=0 return_oop=1}
                      ; - java.util.jar.Manifest::<init>@16
                      ; - java.util.jar.Manifest::<init>@4
                      ; - java.util.jar.JarFile::getManifestFromReference@143
                      ; - java.util.jar.JarFile::getManifest@1
                      ; - java.util.jar.JarFile::maybeInstantiateVerifier@31
                      ; - java.util.jar.JarFile::ensureInitialization@1
                      ; - java.util.jar.JavaUtilJarAccessImpl::ensureInitialization@1
                      ; - jdk.internal.loader.URLClassPath$JarLoader$2::getManifest@10
                      ; - java.net.URLClassLoader::defineClass@34
                      ; - java.net.URLClassLoader$1::run@43
                      ; - java.net.URLClassLoader$1::run@1
  0x000001f251e73f8c: 707c 59ff 

  0x000001f251e73f90: ;   {other}
  0x000001f251e73f90: 0f1f 8400 | 806f 0085 | 4c8b d00f | 1f44 0000 | e95a cfff | ffba 66ff | ffff 488b | 6c24 384c 
  0x000001f251e73fb0: 8b54 2448 | 4c89 5424 | 2044 8b54 | 2430 4489 | 5424 284c | 8b54 2440 | 4c89 5424 | 3044 8b54 
  0x000001f251e73fd0: 2450 4489 | 5424 4090 

  0x000001f251e73fd8: ;   {runtime_call UncommonTrapBlob}
  0x000001f251e73fd8: c5f8 77e8 

  0x000001f251e73fdc: ; ImmutableOopMap {rbp=Oop [32]=Oop [40]=NarrowOop [64]=NarrowOop [84]=NarrowOop [96]=Oop [120]=NarrowOop [240]=Oop }
                      ;*invokevirtual getManifest {reexecute=0 rethrow=0 return_oop=0}
                      ; - java.util.jar.JarFile::maybeInstantiateVerifier@31
                      ; - java.util.jar.JarFile::ensureInitialization@1
                      ; - java.util.jar.JavaUtilJarAccessImpl::ensureInitialization@1
                      ; - jdk.internal.loader.URLClassPath$JarLoader$2::getManifest@10
                      ; - java.net.URLClassLoader::defineClass@34
                      ; - java.net.URLClassLoader$1::run@43
                      ; - java.net.URLClassLoader$1::run@1
  0x000001f251e73fdc: a003 57ff 

  0x000001f251e73fe0: ;   {other}
  0x000001f251e73fe0: 0f1f 8400 | d06f 0086 | 498b d7c5 | f877 49ba | 20a4 22da | ff7f 0000 

  0x000001f251e73ff8: ;   {other}
  0x000001f251e73ff8: 41ff d20f | 1f84 0000 | 0000 00e9 | e3bc ffff | bade ffff | ff48 8b6c | 2438 4c8b | 5424 484c 
  0x000001f251e74018: 8954 2420 | 448b 5424 | 3044 8954 | 2428 4c8b | 5424 404c | 8954 2430 | 448b 5c24 | 7844 895c 
  0x000001f251e74038: 242c 448b | 5424 5044 | 8954 2440 | 4c8b 5424 | 604c 8954 | 2458 4c8b | 9424 8800 | 0000 4c89 
  0x000001f251e74058: 5424 604c | 8b94 24a0 | 0000 004c | 8994 2480 | 0000 0090 

  0x000001f251e7406c: ;   {runtime_call UncommonTrapBlob}
  0x000001f251e7406c: c5f8 77e8 

  0x000001f251e74070: ; ImmutableOopMap {rbp=Oop [32]=Oop [40]=NarrowOop [44]=NarrowOop [64]=NarrowOop [84]=NarrowOop [88]=Oop [96]=Oop [128]=Oop [144]=Oop [152]=Oop [160]=Oop [240]=Oop }
                      ;*invokevirtual getName {reexecute=0 rethrow=0 return_oop=0}
                      ; - java.util.jar.JarFile::getManifestFromReference@74
                      ; - java.util.jar.JarFile::getManifest@1
                      ; - java.util.jar.JarFile::maybeInstantiateVerifier@31
                      ; - java.util.jar.JarFile::ensureInitialization@1
                      ; - java.util.jar.JavaUtilJarAccessImpl::ensureInitialization@1
                      ; - jdk.internal.loader.URLClassPath$JarLoader$2::getManifest@10
                      ; - java.net.URLClassLoader::defineClass@34
                      ; - java.net.URLClassLoader$1::run@43
                      ; - java.net.URLClassLoader$1::run@1
  0x000001f251e74070: 0c03 57ff 

  0x000001f251e74074: ;   {other}
  0x000001f251e74074: 0f1f 8400 | 6470 0087 | ba0f 0000 | 004c 8b54 | 2438 4c89 | 5424 204c | 8b54 2448 | 4c89 5424 
  0x000001f251e74094: 284c 8b54 | 2440 4c89 | 5424 3844 | 8b5c 2478 | 4489 5c24 | 3444 8b54 | 2450 4489 | 5424 484c 
  0x000001f251e740b4: 8b94 2488 | 0000 004c | 8954 2468 | 4c8b 9424 | a000 0000 | 4c89 9424 | 8800 0000 | 4c89 9424 
  0x000001f251e740d4: 9000 0000 

  0x000001f251e740d8: ;   {runtime_call UncommonTrapBlob}
  0x000001f251e740d8: c5f8 77e8 

  0x000001f251e740dc: ; ImmutableOopMap {rbp=Oop [32]=Oop [40]=Oop [48]=NarrowOop [52]=NarrowOop [72]=NarrowOop [84]=NarrowOop [96]=Oop [104]=Oop [136]=Oop [144]=Oop [152]=Oop [240]=Oop }
                      ;*new {reexecute=0 rethrow=0 return_oop=0}
                      ; - java.util.Hashtable::<init>@53
                      ; - java.util.Hashtable::<init>@5
                      ; - java.util.jar.JarVerifier::<init>@39
                      ; - java.util.jar.JarFile::getManifestFromReference@78
                      ; - java.util.jar.JarFile::getManifest@1
                      ; - java.util.jar.JarFile::maybeInstantiateVerifier@31
                      ; - java.util.jar.JarFile::ensureInitialization@1
                      ; - java.util.jar.JavaUtilJarAccessImpl::ensureInitialization@1
                      ; - jdk.internal.loader.URLClassPath$JarLoader$2::getManifest@10
                      ; - java.net.URLClassLoader::defineClass@34
                      ; - java.net.URLClassLoader$1::run@43
                      ; - java.net.URLClassLoader$1::run@1
  0x000001f251e740dc: a002 57ff 

  0x000001f251e740e0: ;   {other}
  0x000001f251e740e0: 0f1f 8400 | d070 0088 | ba0f 0000 | 004c 8b54 | 2438 4c89 | 5424 204c | 8b54 2448 | 4c89 5424 
  0x000001f251e74100: 284c 8b54 | 2440 4c89 | 5424 3844 | 8b54 2478 | 4489 5424 | 3444 8b54 | 2450 4489 | 5424 484c 
  0x000001f251e74120: 8b94 2488 | 0000 004c | 8954 2468 | 4c8b 9424 | a000 0000 | 4c89 9424 | 8800 0000 | 4c89 9424 
  0x000001f251e74140: 9000 0000 

  0x000001f251e74144: ;   {runtime_call UncommonTrapBlob}
  0x000001f251e74144: c5f8 77e8 

  0x000001f251e74148: ; ImmutableOopMap {rbp=Oop [32]=Oop [40]=Oop [48]=NarrowOop [52]=NarrowOop [72]=NarrowOop [84]=NarrowOop [96]=Oop [104]=Oop [136]=Oop [144]=Oop [152]=Oop [240]=Oop }
                      ;*new {reexecute=0 rethrow=0 return_oop=0}
                      ; - java.util.Hashtable::<init>@53
                      ; - java.util.Hashtable::<init>@5
                      ; - java.util.jar.JarVerifier::<init>@50
                      ; - java.util.jar.JarFile::getManifestFromReference@78
                      ; - java.util.jar.JarFile::getManifest@1
                      ; - java.util.jar.JarFile::maybeInstantiateVerifier@31
                      ; - java.util.jar.JarFile::ensureInitialization@1
                      ; - java.util.jar.JavaUtilJarAccessImpl::ensureInitialization@1
                      ; - jdk.internal.loader.URLClassPath$JarLoader$2::getManifest@10
                      ; - java.net.URLClassLoader::defineClass@34
                      ; - java.net.URLClassLoader$1::run@43
                      ; - java.net.URLClassLoader$1::run@1
  0x000001f251e74148: 3402 57ff 

  0x000001f251e7414c: ;   {other}
  0x000001f251e7414c: 0f1f 8400 | 3c71 0089 | ba0f 0000 | 004c 8b54 | 2438 4c89 | 5424 204c | 8b54 2448 | 4c89 5424 
  0x000001f251e7416c: 284c 8b54 | 2440 4c89 | 5424 3844 | 8b5c 2478 | 4489 5c24 | 3444 8b54 | 2450 4489 | 5424 484c 
  0x000001f251e7418c: 8b94 2488 | 0000 004c | 8954 2468 | 4c8b 9424 | a000 0000 | 4c89 9424 | 8800 0000 | 4c89 9424 
  0x000001f251e741ac: 9000 0000 

  0x000001f251e741b0: ;   {runtime_call UncommonTrapBlob}
  0x000001f251e741b0: c5f8 77e8 

  0x000001f251e741b4: ; ImmutableOopMap {rbp=Oop [32]=Oop [40]=Oop [48]=NarrowOop [52]=NarrowOop [72]=NarrowOop [84]=NarrowOop [96]=Oop [104]=Oop [136]=Oop [144]=Oop [152]=Oop [240]=Oop }
                      ;*new {reexecute=0 rethrow=0 return_oop=0}
                      ; - java.util.Hashtable::<init>@53
                      ; - java.util.Hashtable::<init>@4
                      ; - java.util.jar.JarVerifier::<init>@63
                      ; - java.util.jar.JarFile::getManifestFromReference@78
                      ; - java.util.jar.JarFile::getManifest@1
                      ; - java.util.jar.JarFile::maybeInstantiateVerifier@31
                      ; - java.util.jar.JarFile::ensureInitialization@1
                      ; - java.util.jar.JavaUtilJarAccessImpl::ensureInitialization@1
                      ; - jdk.internal.loader.URLClassPath$JarLoader$2::getManifest@10
                      ; - java.net.URLClassLoader::defineClass@34
                      ; - java.net.URLClassLoader$1::run@43
                      ; - java.net.URLClassLoader$1::run@1
  0x000001f251e741b4: c801 57ff 

  0x000001f251e741b8: ;   {other}
  0x000001f251e741b8: 0f1f 8400 | a871 008a | 498b d7c5 | f877 49ba | 20a4 22da | ff7f 0000 

  0x000001f251e741d0: ;   {other}
  0x000001f251e741d0: 41ff d20f | 1f84 0000 | 0000 000f | 1f44 0000 | e92b dcff | ff49 8bd7 | c5f8 7749 | ba20 a422 
  0x000001f251e741f0: daff 7f00 | 0041 ffd2 

  0x000001f251e741f8: ;   {other}
  0x000001f251e741f8: 0f1f 8400 | 0000 0000 | e9b7 dbff | ffba 45ff | ffff 4c8b | 5424 384c | 8954 2420 | 4c8b 5424 
  0x000001f251e74218: 484c 8954 | 2428 4c8b | 5424 404c | 8954 2438 | 448b 5c24 | 5044 895c | 2448 6690 

  0x000001f251e74234: ;   {runtime_call UncommonTrapBlob}
  0x000001f251e74234: c5f8 77e8 

  0x000001f251e74238: ; ImmutableOopMap {[32]=Oop [40]=Oop [48]=NarrowOop [72]=NarrowOop [84]=NarrowOop [96]=Oop [120]=NarrowOop [136]=Oop [152]=Oop [240]=Oop }
                      ;*ifne {reexecute=1 rethrow=0 return_oop=0}
                      ; - (reexecute) java.util.jar.JarFile::getManifestFromReference@52
                      ; - java.util.jar.JarFile::getManifest@1
                      ; - java.util.jar.JarFile::maybeInstantiateVerifier@31
                      ; - java.util.jar.JarFile::ensureInitialization@1
                      ; - java.util.jar.JavaUtilJarAccessImpl::ensureInitialization@1
                      ; - jdk.internal.loader.URLClassPath$JarLoader$2::getManifest@10
                      ; - java.net.URLClassLoader::defineClass@34
                      ; - java.net.URLClassLoader$1::run@43
                      ; - java.net.URLClassLoader$1::run@1
  0x000001f251e74238: 4401 57ff 

  0x000001f251e7423c: ;   {other}
  0x000001f251e7423c: 0f1f 8400 | 2c72 008b | ba45 ffff | ff48 8b6c | 2438 4c8b | 5424 484c | 8954 2420 | 448b 5c24 
  0x000001f251e7425c: 3044 895c | 2428 4c8b | 5424 404c | 8954 2430 | 448b 5c24 | 5044 895c | 2440 4c8b | 5424 604c 
  0x000001f251e7427c: 8954 2458 | 448b 5424 | 5444 8954 | 2450 8944 | 2454 6690 

  0x000001f251e74290: ;   {runtime_call UncommonTrapBlob}
  0x000001f251e74290: c5f8 77e8 

  0x000001f251e74294: ; ImmutableOopMap {rbp=Oop [32]=Oop [40]=NarrowOop [64]=NarrowOop [80]=NarrowOop [88]=Oop [120]=NarrowOop [136]=Oop [152]=Oop [240]=Oop }
                      ;*if_icmpne {reexecute=1 rethrow=0 return_oop=0}
                      ; - (reexecute) java.util.jar.JarFile::getManifestFromReference@65
                      ; - java.util.jar.JarFile::getManifest@1
                      ; - java.util.jar.JarFile::maybeInstantiateVerifier@31
                      ; - java.util.jar.JarFile::ensureInitialization@1
                      ; - java.util.jar.JavaUtilJarAccessImpl::ensureInitialization@1
                      ; - jdk.internal.loader.URLClassPath$JarLoader$2::getManifest@10
                      ; - java.net.URLClassLoader::defineClass@34
                      ; - java.net.URLClassLoader$1::run@43
                      ; - java.net.URLClassLoader$1::run@1
  0x000001f251e74294: e800 57ff 

  0x000001f251e74298: ;   {other}
  0x000001f251e74298: 0f1f 8400 | 8872 008c | 498b d7c5 | f877 49ba | 20a4 22da | ff7f 0000 

  0x000001f251e742b0: ;   {other}
  0x000001f251e742b0: 41ff d20f | 1f84 0000 | 0000 000f | 1f44 0000 | e966 ceff | ff49 8bd7 | c5f8 7749 | ba20 a422 
  0x000001f251e742d0: daff 7f00 | 0041 ffd2 

  0x000001f251e742d8: ;   {other}
  0x000001f251e742d8: 0f1f 8400 | 0000 0000 | e991 cfff | ff49 8bd7 | c5f8 7749 | ba20 a422 | daff 7f00 | 0041 ffd2 
  0x000001f251e742f8: ;   {other}
  0x000001f251e742f8: 0f1f 8400 | 0000 0000 | e9b2 cfff | ff49 8bd7 | c5f8 7749 | ba20 a422 | daff 7f00 | 0041 ffd2 
  0x000001f251e74318: ;   {other}
  0x000001f251e74318: 0f1f 8400 | 0000 0000 | e9d1 d0ff | ff49 8bd7 | c5f8 7749 | ba20 a422 | daff 7f00 | 0041 ffd2 
  0x000001f251e74338: ;   {other}
  0x000001f251e74338: 0f1f 8400 | 0000 0000 | e9f2 d0ff | ff49 8bd7 | c5f8 7749 | ba20 a422 | daff 7f00 | 0041 ffd2 
  0x000001f251e74358: ;   {other}
  0x000001f251e74358: 0f1f 8400 | 0000 0000 | e9d2 d5ff | ff49 8bd7 | c5f8 7749 | ba20 a422 | daff 7f00 | 0041 ffd2 
  0x000001f251e74378: ;   {other}
  0x000001f251e74378: 0f1f 8400 | 0000 0000 | e926 d4ff | ff49 8bd7 | c5f8 7749 | ba20 a422 | daff 7f00 | 0041 ffd2 
  0x000001f251e74398: ;   {other}
  0x000001f251e74398: 0f1f 8400 | 0000 0000 | e94c d5ff | ff49 8bd7 | c5f8 7749 | ba20 a422 | daff 7f00 | 0041 ffd2 
  0x000001f251e743b8: ;   {other}
  0x000001f251e743b8: 0f1f 8400 | 0000 0000 | e9aa d2ff | ff49 8bd7 | c5f8 7749 | ba20 a422 | daff 7f00 | 0041 ffd2 
  0x000001f251e743d8: ;   {other}
  0x000001f251e743d8: 0f1f 8400 | 0000 0000 | e9ef d1ff | ff49 8bd7 | c5f8 7749 | ba20 a422 | daff 7f00 | 0041 ffd2 
  0x000001f251e743f8: ;   {other}
  0x000001f251e743f8: 0f1f 8400 | 0000 0000 | e946 d4ff | ff49 8bd7 | c5f8 7749 | ba20 a422 | daff 7f00 | 0041 ffd2 
  0x000001f251e74418: ;   {other}
  0x000001f251e74418: 0f1f 8400 | 0000 0000 | e951 d1ff | ff49 8bd7 | c5f8 7749 | ba20 a422 | daff 7f00 | 0041 ffd2 
  0x000001f251e74438: ;   {other}
  0x000001f251e74438: 0f1f 8400 | 0000 0000 | e94c d8ff | ff49 8bd7 | c5f8 7749 | ba20 a422 | daff 7f00 | 0041 ffd2 
  0x000001f251e74458: ;   {other}
  0x000001f251e74458: 0f1f 8400 | 0000 0000 | e998 d7ff | ff49 8bd7 | c5f8 7749 | ba20 a422 | daff 7f00 | 0041 ffd2 
  0x000001f251e74478: ;   {other}
  0x000001f251e74478: 0f1f 8400 | 0000 0000 | e91a d7ff | ff49 8bd7 | c5f8 7749 | ba20 a422 | daff 7f00 | 0041 ffd2 
  0x000001f251e74498: ;   {other}
  0x000001f251e74498: 0f1f 8400 | 0000 0000 | e95a d8ff | ffba 3dff | ffff 4c8b | 5424 384c | 8954 2420 | 4c8b 5424 
  0x000001f251e744b8: 484c 8954 | 2428 4c8b | 5424 404c | 8954 2438 | 448b 5c24 | 7844 895c | 2440 448b | 5424 5044 
  0x000001f251e744d8: 8954 2444 | 4c8b 9424 | 8800 0000 | 4c89 5424 | 684c 8b94 | 2490 0000 | 004c 8954 | 2478 448b 
  0x000001f251e744f8: 9c24 a000 | 0000 4489 | 9c24 8000 | 0000 4c8b | 9424 b000 | 0000 4c89 | 9424 8800 | 0000 6690 
  0x000001f251e74518: ;   {runtime_call UncommonTrapBlob}
  0x000001f251e74518: c5f8 77e8 

  0x000001f251e7451c: ; ImmutableOopMap {rbp=Oop [32]=Oop [40]=Oop [48]=NarrowOop [64]=NarrowOop [68]=NarrowOop [84]=NarrowOop [96]=Oop [104]=Oop [120]=Oop [128]=NarrowOop [132]=NarrowOop [136]=Oop [144]=Oop [152]=Oop [240]=Oop }
                      ;*ifge {reexecute=1 rethrow=0 return_oop=0}
                      ; - (reexecute) java.util.HashMap::<init>@5
                      ; - java.util.HashMap::<init>@4
                      ; - java.util.LinkedHashMap::<init>@2
                      ; - java.util.LinkedHashMap::newLinkedHashMap@39
                      ; - java.util.jar.Attributes::<init>@6
                      ; - java.util.jar.Attributes::<init>@3
                      ; - java.util.jar.Manifest::<init>@9
                      ; - java.util.jar.JarFile::getManifestFromReference@121
                      ; - java.util.jar.JarFile::getManifest@1
                      ; - java.util.jar.JarFile::maybeInstantiateVerifier@31
                      ; - java.util.jar.JarFile::ensureInitialization@1
                      ; - java.util.jar.JavaUtilJarAccessImpl::ensureInitialization@1
                      ; - jdk.internal.loader.URLClassPath$JarLoader$2::getManifest@10
                      ; - java.net.URLClassLoader::defineClass@34
                      ; - java.net.URLClassLoader$1::run@43
                      ; - java.net.URLClassLoader$1::run@1
  0x000001f251e7451c: 60fe 56ff 

  0x000001f251e74520: ;   {other}
  0x000001f251e74520: 0f1f 8400 | 1075 008d | ba45 ffff | ff4c 8b54 | 2438 4c89 | 5424 204c | 8b54 2448 | 4c89 5424 
  0x000001f251e74540: 284c 8b54 | 2440 4c89 | 5424 3844 | 8b54 2478 | 4489 5424 | 3444 8b5c | 2450 4489 | 5c24 4844 
  0x000001f251e74560: 8b54 2454 | 4489 5424 | 504c 8b94 | 2488 0000 | 004c 8954 | 2468 4c8b | 9424 9000 | 0000 4c89 
  0x000001f251e74580: 5424 7044 | 8b94 24a0 | 0000 0044 | 8954 2454 | 448b 9c24 | 8400 0000 | 4489 5c24 | 7866 6690 
  0x000001f251e745a0: ;   {runtime_call UncommonTrapBlob}
  0x000001f251e745a0: c5f8 77e8 

  0x000001f251e745a4: ; ImmutableOopMap {rbp=Oop [32]=Oop [40]=Oop [48]=NarrowOop [52]=NarrowOop [72]=NarrowOop [80]=NarrowOop [84]=NarrowOop [96]=Oop [104]=Oop [112]=Oop [120]=NarrowOop [152]=Oop [176]=Oop [240]=Oop }
                      ;*if_icmplt {reexecute=1 rethrow=0 return_oop=0}
                      ; - (reexecute) java.util.HashMap::tableSizeFor@20
                      ; - java.util.HashMap::<init>@91
                      ; - java.util.HashMap::<init>@4
                      ; - java.util.LinkedHashMap::<init>@2
                      ; - java.util.LinkedHashMap::newLinkedHashMap@39
                      ; - java.util.jar.Attributes::<init>@6
                      ; - java.util.jar.Attributes::<init>@3
                      ; - java.util.jar.Manifest::<init>@9
                      ; - java.util.jar.JarFile::getManifestFromReference@121
                      ; - java.util.jar.JarFile::getManifest@1
                      ; - java.util.jar.JarFile::maybeInstantiateVerifier@31
                      ; - java.util.jar.JarFile::ensureInitialization@1
                      ; - java.util.jar.JavaUtilJarAccessImpl::ensureInitialization@1
                      ; - jdk.internal.loader.URLClassPath$JarLoader$2::getManifest@10
                      ; - java.net.URLClassLoader::defineClass@34
                      ; - java.net.URLClassLoader$1::run@43
                      ; - java.net.URLClassLoader$1::run@1
  0x000001f251e745a4: d8fd 56ff 

  0x000001f251e745a8: ;   {other}
  0x000001f251e745a8: 0f1f 8400 | 9875 008e | 498b d7c5 | f877 49ba | 20a4 22da | ff7f 0000 

  0x000001f251e745c0: ;   {other}
  0x000001f251e745c0: 41ff d20f | 1f84 0000 | 0000 00e9 | 4bc8 ffff | 498b d7c5 | f877 49ba | 20a4 22da | ff7f 0000 
  0x000001f251e745e0: ;   {other}
  0x000001f251e745e0: 41ff d20f | 1f84 0000 | 0000 00e9 | 25c9 ffff | 498b d7c5 | f877 49ba | 20a4 22da | ff7f 0000 
  0x000001f251e74600: ;   {other}
  0x000001f251e74600: 41ff d20f | 1f84 0000 | 0000 00e9 | 69c8 ffff | 498b d7c5 | f877 49ba | 20a4 22da | ff7f 0000 
  0x000001f251e74620: ;   {other}
  0x000001f251e74620: 41ff d20f | 1f84 0000 | 0000 00e9 | 5bc9 ffff | ba3d ffff | ff4c 8b54 | 2438 4c89 | 5424 204c 
  0x000001f251e74640: 8b54 2448 | 4c89 5424 | 284c 8b54 | 2440 4c89 | 5424 3844 | 8b5c 2478 | 4489 5c24 | 4044 8b54 
  0x000001f251e74660: 2450 4489 | 5424 444c | 8b94 2488 | 0000 004c | 8954 2468 | 4c8b 9424 | 9800 0000 | 4c89 9424 
  0x000001f251e74680: 8800 0000 | 448b 9c24 | 8400 0000 | 4489 9c24 | 8000 0000 

  0x000001f251e74694: ;   {runtime_call UncommonTrapBlob}
  0x000001f251e74694: c5f8 77e8 

  0x000001f251e74698: ; ImmutableOopMap {rbp=Oop [32]=Oop [40]=Oop [48]=NarrowOop [64]=NarrowOop [68]=NarrowOop [84]=NarrowOop [96]=Oop [104]=Oop [128]=NarrowOop [136]=Oop [144]=Oop [152]=Oop [160]=Oop [240]=Oop }
                      ;*ifge {reexecute=1 rethrow=0 return_oop=0}
                      ; - (reexecute) java.util.HashMap::<init>@5
                      ; - java.util.HashMap::<init>@4
                      ; - java.util.LinkedHashMap::<init>@2
                      ; - java.util.LinkedHashMap::newLinkedHashMap@39
                      ; - java.util.jar.Attributes::<init>@6
                      ; - java.util.jar.Attributes::<init>@3
                      ; - java.util.jar.Manifest::<init>@9
                      ; - java.util.jar.Manifest::<init>@4
                      ; - java.util.jar.JarFile::getManifestFromReference@143
                      ; - java.util.jar.JarFile::getManifest@1
                      ; - java.util.jar.JarFile::maybeInstantiateVerifier@31
                      ; - java.util.jar.JarFile::ensureInitialization@1
                      ; - java.util.jar.JavaUtilJarAccessImpl::ensureInitialization@1
                      ; - jdk.internal.loader.URLClassPath$JarLoader$2::getManifest@10
                      ; - java.net.URLClassLoader::defineClass@34
                      ; - java.net.URLClassLoader$1::run@43
                      ; - java.net.URLClassLoader$1::run@1
  0x000001f251e74698: e4fc 56ff 

  0x000001f251e7469c: ;   {other}
  0x000001f251e7469c: 0f1f 8400 | 8c76 008f | ba45 ffff | ff4c 8b54 | 2438 4c89 | 5424 204c | 8b54 2448 | 4c89 5424 
  0x000001f251e746bc: 284c 8b54 | 2440 4c89 | 5424 3844 | 8b54 2478 | 4489 5424 | 3444 8b5c | 2450 4489 | 5c24 4844 
  0x000001f251e746dc: 8b54 2454 | 4489 5424 | 504c 8b94 | 2488 0000 | 004c 8954 | 2468 4c8b | 9424 9800 | 0000 4c89 
  0x000001f251e746fc: 5424 7844 | 8b94 2484 | 0000 0044 | 8954 2454 | 8984 24a8 | 0000 0090 

  0x000001f251e74714: ;   {runtime_call UncommonTrapBlob}
  0x000001f251e74714: c5f8 77e8 

  0x000001f251e74718: ; ImmutableOopMap {rbp=Oop [32]=Oop [40]=Oop [48]=NarrowOop [52]=NarrowOop [72]=NarrowOop [80]=NarrowOop [84]=NarrowOop [96]=Oop [104]=Oop [120]=Oop [144]=Oop [160]=Oop [240]=Oop }
                      ;*ifeq {reexecute=1 rethrow=0 return_oop=0}
                      ; - (reexecute) java.util.HashMap::<init>@54
                      ; - java.util.HashMap::<init>@4
                      ; - java.util.LinkedHashMap::<init>@2
                      ; - java.util.LinkedHashMap::newLinkedHashMap@39
                      ; - java.util.jar.Attributes::<init>@6
                      ; - java.util.jar.Attributes::<init>@3
                      ; - java.util.jar.Manifest::<init>@9
                      ; - java.util.jar.Manifest::<init>@4
                      ; - java.util.jar.JarFile::getManifestFromReference@143
                      ; - java.util.jar.JarFile::getManifest@1
                      ; - java.util.jar.JarFile::maybeInstantiateVerifier@31
                      ; - java.util.jar.JarFile::ensureInitialization@1
                      ; - java.util.jar.JavaUtilJarAccessImpl::ensureInitialization@1
                      ; - jdk.internal.loader.URLClassPath$JarLoader$2::getManifest@10
                      ; - java.net.URLClassLoader::defineClass@34
                      ; - java.net.URLClassLoader$1::run@43
                      ; - java.net.URLClassLoader$1::run@1
  0x000001f251e74718: 64fc 56ff 

  0x000001f251e7471c: ;   {other}
  0x000001f251e7471c: 0f1f 8400 | 0c77 0090 | bade ffff | ff4c 8b54 | 2438 4c89 | 5424 204c | 8b54 2448 | 4c89 5424 
  0x000001f251e7473c: 284c 8b54 | 2440 4c89 | 5424 3844 | 8b54 2450 | 4489 5424 | 484c 8944 | 2458 6690 

  0x000001f251e74758: ;   {runtime_call UncommonTrapBlob}
  0x000001f251e74758: c5f8 77e8 

  0x000001f251e7475c: ; ImmutableOopMap {rbp=NarrowOop [32]=Oop [40]=Oop [48]=NarrowOop [72]=NarrowOop [88]=Oop [96]=Oop [120]=NarrowOop [240]=Oop }
                      ;*checkcast {reexecute=0 rethrow=0 return_oop=0}
                      ; - java.util.jar.JarFile::getManifestFromReference@14
                      ; - java.util.jar.JarFile::getManifest@1
                      ; - jdk.internal.loader.URLClassPath$JarLoader$2::getManifest@22
                      ; - java.net.URLClassLoader::defineClass@34
                      ; - java.net.URLClassLoader$1::run@43
                      ; - java.net.URLClassLoader$1::run@1
  0x000001f251e7475c: 20fc 56ff 

  0x000001f251e74760: ;   {other}
  0x000001f251e74760: 0f1f 8400 | 5077 0091 | bade ffff | ff4c 8b54 | 2438 4c89 | 5424 204c | 8b54 2448 | 4c89 5424 
  0x000001f251e74780: 284c 8b54 | 2440 4c89 | 5424 3844 | 8b54 2450 | 4489 5424 | 4866 6690 

  0x000001f251e74798: ;   {runtime_call UncommonTrapBlob}
  0x000001f251e74798: c5f8 77e8 

  0x000001f251e7479c: ; ImmutableOopMap {rbp=NarrowOop [32]=Oop [40]=Oop [48]=NarrowOop [72]=NarrowOop [84]=NarrowOop [96]=Oop [120]=NarrowOop [136]=Oop [240]=Oop }
                      ;*checkcast {reexecute=0 rethrow=0 return_oop=0}
                      ; - java.util.jar.JarFile::getManifestFromReference@14
                      ; - java.util.jar.JarFile::getManifest@1
                      ; - java.util.jar.JarFile::maybeInstantiateVerifier@31
                      ; - java.util.jar.JarFile::ensureInitialization@1
                      ; - java.util.jar.JavaUtilJarAccessImpl::ensureInitialization@1
                      ; - jdk.internal.loader.URLClassPath$JarLoader$2::getManifest@10
                      ; - java.net.URLClassLoader::defineClass@34
                      ; - java.net.URLClassLoader$1::run@43
                      ; - java.net.URLClassLoader$1::run@1
  0x000001f251e7479c: e0fb 56ff 

  0x000001f251e747a0: ;   {other}
  0x000001f251e747a0: 0f1f 8400 | 9077 0092 | baf6 ffff | ff48 8b6c | 2438 6690 

  0x000001f251e747b4: ;   {runtime_call UncommonTrapBlob}
  0x000001f251e747b4: c5f8 77e8 

  0x000001f251e747b8: ; ImmutableOopMap {rbp=Oop }
                      ;*invokevirtual replace {reexecute=0 rethrow=0 return_oop=0}
                      ; - java.net.URLClassLoader$1::run@8
                      ; - java.net.URLClassLoader$1::run@1
  0x000001f251e747b8: c4fb 56ff 

  0x000001f251e747bc: ;   {other}
  0x000001f251e747bc: 0f1f 8400 | ac77 0093 | baf6 ffff | ff48 8b6c | 2438 6690 

  0x000001f251e747d0: ;   {runtime_call UncommonTrapBlob}
  0x000001f251e747d0: c5f8 77e8 

  0x000001f251e747d4: ; ImmutableOopMap {rbp=Oop }
                      ;*arraylength {reexecute=0 rethrow=0 return_oop=0}
                      ; - java.lang.StringLatin1::replace@8
                      ; - java.lang.String::replace@18
                      ; - java.net.URLClassLoader$1::run@8
                      ; - java.net.URLClassLoader$1::run@1
  0x000001f251e747d4: a8fb 56ff 

  0x000001f251e747d8: ;   {other}
  0x000001f251e747d8: 0f1f 8400 | c877 0094 | baf6 ffff | ff48 8944 | 2420 6690 

  0x000001f251e747ec: ;   {runtime_call UncommonTrapBlob}
  0x000001f251e747ec: c5f8 77e8 

  0x000001f251e747f0: ; ImmutableOopMap {[32]=Oop [56]=Oop }
                      ;*getfield ucp {reexecute=1 rethrow=0 return_oop=0}
                      ; - (reexecute) java.net.URLClassLoader$1::run@21
                      ; - java.net.URLClassLoader$1::run@1
  0x000001f251e747f0: 8cfb 56ff 

  0x000001f251e747f4: ;   {other}
  0x000001f251e747f4: 0f1f 8400 | e477 0095 | baf6 ffff | ff48 8b6c | 2438 8974 | 2428 4889 | 7c24 3090 

  0x000001f251e74810: ;   {runtime_call UncommonTrapBlob}
  0x000001f251e74810: c5f8 77e8 

  0x000001f251e74814: ; ImmutableOopMap {rbp=Oop [40]=NarrowOop [48]=Oop }
                      ;*invokevirtual lastIndexOf {reexecute=0 rethrow=0 return_oop=0}
                      ; - java.net.URLClassLoader::defineClass@7
                      ; - java.net.URLClassLoader$1::run@43
                      ; - java.net.URLClassLoader$1::run@1
  0x000001f251e74814: 68fb 56ff 

  0x000001f251e74818: ;   {other}
  0x000001f251e74818: 0f1f 8400 | 0878 0096 | baf6 ffff | ff48 8b6c | 2438 8974 | 2428 4889 | 7c24 3090 

  0x000001f251e74834: ;   {runtime_call UncommonTrapBlob}
  0x000001f251e74834: c5f8 77e8 

  0x000001f251e74838: ; ImmutableOopMap {rbp=Oop [40]=NarrowOop [48]=Oop [120]=NarrowOop }
                      ;*arraylength {reexecute=0 rethrow=0 return_oop=0}
                      ; - java.lang.String::length@4
                      ; - java.lang.String::lastIndexOf@3
                      ; - java.net.URLClassLoader::defineClass@7
                      ; - java.net.URLClassLoader$1::run@43
                      ; - java.net.URLClassLoader$1::run@1
  0x000001f251e74838: 44fb 56ff 

  0x000001f251e7483c: ;   {other}
  0x000001f251e7483c: 0f1f 8400 | 2c78 0097 | baf6 ffff | ff66 6690 

  0x000001f251e7484c: ;   {runtime_call UncommonTrapBlob}
  0x000001f251e7484c: c5f8 77e8 

  0x000001f251e74850: ; ImmutableOopMap {[40]=NarrowOop [56]=Oop [72]=Oop [96]=Oop [120]=NarrowOop }
                      ;*arraylength {reexecute=0 rethrow=0 return_oop=0}
                      ; - java.net.URLClassLoader::defineClass@217
                      ; - java.net.URLClassLoader$1::run@43
                      ; - java.net.URLClassLoader$1::run@1
  0x000001f251e74850: 2cfb 56ff 

  0x000001f251e74854: ;   {other}
  0x000001f251e74854: 0f1f 8400 | 4478 0098 | baf6 ffff | ff48 8b6c | 2438 4889 | 7c24 2089 | 7424 284c | 8b44 2440 
  0x000001f251e74874: 4c89 4424 | 3044 8954 | 242c 4c89 | 5c24 4090 

  0x000001f251e74884: ;   {runtime_call UncommonTrapBlob}
  0x000001f251e74884: c5f8 77e8 

  0x000001f251e74888: ; ImmutableOopMap {rbp=Oop [32]=Oop [40]=NarrowOop [64]=Oop [120]=NarrowOop }
                      ;*getfield csu {reexecute=1 rethrow=0 return_oop=0}
                      ; - (reexecute) jdk.internal.loader.URLClassPath$JarLoader$2::getCodeSourceURL@4
                      ; - java.net.URLClassLoader::defineClass@13
                      ; - java.net.URLClassLoader$1::run@43
                      ; - java.net.URLClassLoader$1::run@1
  0x000001f251e74888: f4fa 56ff 

  0x000001f251e7488c: ;   {other}
  0x000001f251e7488c: 0f1f 8400 | 7c78 0099 | baf6 ffff | ff48 8b6c | 2438 4889 | 7c24 2089 | 7424 284c | 8b54 2440 
  0x000001f251e748ac: 4c89 5424 | 304c 894c | 2438 4489 | 4424 4090 

  0x000001f251e748bc: ;   {runtime_call UncommonTrapBlob}
  0x000001f251e748bc: c5f8 77e8 

  0x000001f251e748c0: ; ImmutableOopMap {rbp=Oop [32]=Oop [40]=NarrowOop [56]=Oop [64]=NarrowOop [120]=NarrowOop [240]=Oop }
                      ;*getfield jar {reexecute=1 rethrow=0 return_oop=0}
                      ; - (reexecute) jdk.internal.loader.URLClassPath$JarLoader$2::getManifest@7
                      ; - java.net.URLClassLoader::defineClass@34
                      ; - java.net.URLClassLoader$1::run@43
                      ; - java.net.URLClassLoader$1::run@1
  0x000001f251e748c0: bcfa 56ff 

  0x000001f251e748c4: ;   {other}
  0x000001f251e748c4: 0f1f 8400 | b478 009a | baf6 ffff | ff48 8b6c | 2438 4889 | 7c24 2089 | 7424 284c | 8b54 2440 
  0x000001f251e748e4: 4c89 5424 | 304c 894c | 2438 4489 | 4424 4090 

  0x000001f251e748f4: ;   {runtime_call UncommonTrapBlob}
  0x000001f251e748f4: c5f8 77e8 

  0x000001f251e748f8: ; ImmutableOopMap {rbp=Oop [32]=Oop [40]=NarrowOop [56]=Oop [64]=NarrowOop [120]=NarrowOop [240]=Oop }
                      ;*invokevirtual ensureInitialization {reexecute=0 rethrow=0 return_oop=0}
                      ; - java.util.jar.JavaUtilJarAccessImpl::ensureInitialization@1
                      ; - jdk.internal.loader.URLClassPath$JarLoader$2::getManifest@10
                      ; - java.net.URLClassLoader::defineClass@34
                      ; - java.net.URLClassLoader$1::run@43
                      ; - java.net.URLClassLoader$1::run@1
  0x000001f251e748f8: 84fa 56ff 

  0x000001f251e748fc: ;   {other}
  0x000001f251e748fc: 0f1f 8400 | ec78 009b | baf6 ffff | ff48 8b6c | 2438 4c8b | 5424 484c | 8954 2420 | 448b 5424 
  0x000001f251e7491c: 3044 8954 | 2428 4c8b | 5424 404c | 8954 2430 

  0x000001f251e7492c: ;   {runtime_call UncommonTrapBlob}
  0x000001f251e7492c: c5f8 77e8 

  0x000001f251e74930: ; ImmutableOopMap {rbp=Oop [32]=Oop [40]=NarrowOop [80]=NarrowOop [96]=Oop [120]=NarrowOop [240]=Oop }
                      ;*getfield jar {reexecute=1 rethrow=0 return_oop=0}
                      ; - (reexecute) jdk.internal.loader.URLClassPath$JarLoader$2::getManifest@19
                      ; - java.net.URLClassLoader::defineClass@34
                      ; - java.net.URLClassLoader$1::run@43
                      ; - java.net.URLClassLoader$1::run@1
  0x000001f251e74930: 4cfa 56ff 

  0x000001f251e74934: ;   {other}
  0x000001f251e74934: 0f1f 8400 | 2479 009c | baf6 ffff | ff48 8b6c | 2438 4c8b | 5424 484c | 8954 2420 | 448b 5c24 
  0x000001f251e74954: 3044 895c | 2428 4c8b | 5424 404c | 8954 2430 

  0x000001f251e74964: ;   {runtime_call UncommonTrapBlob}
  0x000001f251e74964: c5f8 77e8 

  0x000001f251e74968: ; ImmutableOopMap {rbp=Oop [32]=Oop [40]=NarrowOop [80]=NarrowOop [96]=Oop [120]=NarrowOop [240]=Oop }
                      ;*invokevirtual getManifest {reexecute=0 rethrow=0 return_oop=0}
                      ; - jdk.internal.loader.URLClassPath$JarLoader$2::getManifest@22
                      ; - java.net.URLClassLoader::defineClass@34
                      ; - java.net.URLClassLoader$1::run@43
                      ; - java.net.URLClassLoader$1::run@1
  0x000001f251e74968: 14fa 56ff 

  0x000001f251e7496c: ;   {other}
  0x000001f251e7496c: 0f1f 8400 | 5c79 009d | baf4 ffff | ff48 8b6c | 2438 4c8b | 5424 484c | 8954 2420 | 448b 5424 
  0x000001f251e7498c: 3044 8954 | 2428 4c8b | 5424 404c | 8954 2430 | 448b 5c24 | 5044 895c | 2440 4c89 | 4424 5090 
  0x000001f251e749ac: ;   {runtime_call UncommonTrapBlob}
  0x000001f251e749ac: c5f8 77e8 

  0x000001f251e749b0: ; ImmutableOopMap {rbp=Oop [32]=Oop [40]=NarrowOop [64]=NarrowOop [80]=Oop [96]=Oop [120]=NarrowOop [240]=Oop }
                      ;*checkcast {reexecute=0 rethrow=0 return_oop=0}
                      ; - java.util.jar.JarFile::getManifestFromReference@14
                      ; - java.util.jar.JarFile::getManifest@1
                      ; - jdk.internal.loader.URLClassPath$JarLoader$2::getManifest@22
                      ; - java.net.URLClassLoader::defineClass@34
                      ; - java.net.URLClassLoader$1::run@43
                      ; - java.net.URLClassLoader$1::run@1
  0x000001f251e749b0: ccf9 56ff 

  0x000001f251e749b4: ;   {other}
  0x000001f251e749b4: 0f1f 8400 | a479 009e | ba45 ffff | ff48 8b6c | 2438 4889 | 7c24 2089 | 7424 284c | 8b54 2440 
  0x000001f251e749d4: 4c89 5424 | 3044 8944 | 2440 4c89 | 4c24 5089 | 4424 5890 

  0x000001f251e749e8: ;   {runtime_call UncommonTrapBlob}
  0x000001f251e749e8: c5f8 77e8 

  0x000001f251e749ec: ; ImmutableOopMap {rbp=Oop [32]=Oop [40]=NarrowOop [64]=NarrowOop [80]=Oop [88]=NarrowOop [120]=NarrowOop [240]=Oop }
                      ;*ifnonnull {reexecute=1 rethrow=0 return_oop=0}
                      ; - (reexecute) jdk.internal.access.SharedSecrets::javaUtilJarAccess@5
                      ; - jdk.internal.loader.URLClassPath$JarLoader$2::getManifest@0
                      ; - java.net.URLClassLoader::defineClass@34
                      ; - java.net.URLClassLoader$1::run@43
                      ; - java.net.URLClassLoader$1::run@1
  0x000001f251e749ec: 90f9 56ff 

  0x000001f251e749f0: ;   {other}
  0x000001f251e749f0: 0f1f 8400 | e079 009f | baf6 ffff | ff48 8b6c | 2438 4c8b | 5424 484c | 8954 2420 | 448b 5424 
  0x000001f251e74a10: 3044 8954 | 2428 4c8b | 5424 404c | 8954 2430 | 4c8b 5424 | 604c 8954 | 2438 448b | 5424 5044 
  0x000001f251e74a30: 8954 2440 | 4889 7424 | 504c 8944 | 2460 894c | 2444 4c89 | 4c24 6890 

  0x000001f251e74a48: ;   {runtime_call UncommonTrapBlob}
  0x000001f251e74a48: c5f8 77e8 

  0x000001f251e74a4c: ; ImmutableOopMap {rbp=Oop [32]=Oop [40]=NarrowOop [56]=Oop [64]=NarrowOop [68]=NarrowOop [80]=Oop [96]=Oop [104]=Oop [120]=NarrowOop [240]=Oop }
                      ;*arraylength {reexecute=0 rethrow=0 return_oop=0}
                      ; - java.io.ByteArrayInputStream::<init>@21
                      ; - java.util.jar.JarFile::getManifestFromReference@114
                      ; - java.util.jar.JarFile::getManifest@1
                      ; - jdk.internal.loader.URLClassPath$JarLoader$2::getManifest@22
                      ; - java.net.URLClassLoader::defineClass@34
                      ; - java.net.URLClassLoader$1::run@43
                      ; - java.net.URLClassLoader$1::run@1
  0x000001f251e74a4c: 30f9 56ff 

  0x000001f251e74a50: ;   {other}
  0x000001f251e74a50: 0f1f 8400 | 407a 00a0 | ba45 ffff | ff48 8b6c | 2438 4c8b | 5c24 484c | 895c 2420 | 448b 5c24 
  0x000001f251e74a70: 3044 895c | 2428 4c8b | 5c24 404c | 895c 2430 | 4c8b 5c24 | 604c 895c | 2438 448b | 5c24 5044 
  0x000001f251e74a90: 895c 2440 | 4c8b 5c24 | 684c 895c | 2450 4c89 | 5424 584c | 894c 2468 

  0x000001f251e74aa8: ;   {runtime_call UncommonTrapBlob}
  0x000001f251e74aa8: c5f8 77e8 

  0x000001f251e74aac: ; ImmutableOopMap {rbp=Oop [32]=Oop [40]=NarrowOop [56]=Oop [64]=NarrowOop [80]=Oop [88]=Oop [104]=Oop [120]=NarrowOop [136]=Oop [240]=Oop }
                      ;*ifnull {reexecute=1 rethrow=0 return_oop=0}
                      ; - (reexecute) java.util.jar.JarFile::getManifestFromReference@148
                      ; - java.util.jar.JarFile::getManifest@1
                      ; - jdk.internal.loader.URLClassPath$JarLoader$2::getManifest@22
                      ; - java.net.URLClassLoader::defineClass@34
                      ; - java.net.URLClassLoader$1::run@43
                      ; - java.net.URLClassLoader$1::run@1
  0x000001f251e74aac: d0f8 56ff 

  0x000001f251e74ab0: ;   {other}
  0x000001f251e74ab0: 0f1f 8400 | a07a 00a1 | baf6 ffff | ff48 8b6c | 2438 4889 | 7c24 2089 | 7424 284c | 8b44 2440 
  0x000001f251e74ad0: 4c89 4424 | 3044 8954 | 242c 4c89 | 5c24 4090 

  0x000001f251e74ae0: ;   {runtime_call UncommonTrapBlob}
  0x000001f251e74ae0: c5f8 77e8 

  0x000001f251e74ae4: ; ImmutableOopMap {rbp=Oop [32]=Oop [40]=NarrowOop [64]=Oop [120]=NarrowOop }
                      ;*invokevirtual getBaseURL {reexecute=0 rethrow=0 return_oop=0}
                      ; - jdk.internal.loader.URLClassPath$FileLoader$1::getCodeSourceURL@4
                      ; - java.net.URLClassLoader::defineClass@13
                      ; - java.net.URLClassLoader$1::run@43
                      ; - java.net.URLClassLoader$1::run@1
  0x000001f251e74ae4: 98f8 56ff 

  0x000001f251e74ae8: ;   {other}
  0x000001f251e74ae8: 0f1f 8400 | d87a 00a2 | baf4 ffff | ff48 8b6c | 2438 4c8b | 5424 484c | 8954 2420 | 448b 5424 
  0x000001f251e74b08: 3044 8954 | 2428 4c8b | 5424 404c | 8954 2430 | 448b 5424 | 5044 8954 | 2440 4c8b | 5424 604c 
  0x000001f251e74b28: 8954 2458 

  0x000001f251e74b2c: ;   {runtime_call UncommonTrapBlob}
  0x000001f251e74b2c: c5f8 77e8 

  0x000001f251e74b30: ; ImmutableOopMap {rbp=Oop [32]=Oop [40]=NarrowOop [64]=NarrowOop [84]=NarrowOop [88]=Oop [120]=NarrowOop [136]=Oop [240]=Oop }
                      ;*checkcast {reexecute=0 rethrow=0 return_oop=0}
                      ; - java.util.jar.JarFile::getManifestFromReference@14
                      ; - java.util.jar.JarFile::getManifest@1
                      ; - java.util.jar.JarFile::maybeInstantiateVerifier@31
                      ; - java.util.jar.JarFile::ensureInitialization@1
                      ; - java.util.jar.JavaUtilJarAccessImpl::ensureInitialization@1
                      ; - jdk.internal.loader.URLClassPath$JarLoader$2::getManifest@10
                      ; - java.net.URLClassLoader::defineClass@34
                      ; - java.net.URLClassLoader$1::run@43
                      ; - java.net.URLClassLoader$1::run@1
  0x000001f251e74b30: 4cf8 56ff 

  0x000001f251e74b34: ;   {other}
  0x000001f251e74b34: 0f1f 8400 | 247b 00a3 | ba97 ffff | ff48 8b6c | 2438 4c8b | 5424 484c | 8954 2430 | 4c8b 5424 
  0x000001f251e74b54: 404c 8954 | 2438 448b | 5424 5044 | 8954 2444 

  0x000001f251e74b64: ;   {runtime_call UncommonTrapBlob}
  0x000001f251e74b64: c5f8 77e8 

  0x000001f251e74b68: ; ImmutableOopMap {rbp=Oop [40]=NarrowOop [48]=Oop [68]=NarrowOop [104]=Oop [120]=NarrowOop [124]=NarrowOop }
                      ;*invokevirtual clone {reexecute=1 rethrow=0 return_oop=0}
                      ; - (reexecute) java.util.Arrays::copyOfRange@18
                      ; - java.lang.StringLatin1::newString@16
                      ; - java.lang.String::substring@41
                      ; - java.net.URLClassLoader::defineClass@28
                      ; - java.net.URLClassLoader$1::run@43
                      ; - java.net.URLClassLoader$1::run@1
  0x000001f251e74b68: 14f8 56ff 

  0x000001f251e74b6c: ;   {other}
  0x000001f251e74b6c: 0f1f 8400 | 5c7b 00a4 | baf6 ffff | ff48 8b6c | 2438 4c8b | 5424 484c | 8954 2420 | 448b 5424 
  0x000001f251e74b8c: 3044 8954 | 2428 4c8b | 5424 404c | 8954 2430 | 448b 5c24 | 7844 895c | 242c 448b | 5424 5044 
  0x000001f251e74bac: 8954 2440 | 4c8b 5424 | 604c 8954 | 2458 448b | 5c24 5444 | 895c 2450 | 4c8b 9424 | 9000 0000 
  0x000001f251e74bcc: 4c89 5424 | 7066 6690 

  0x000001f251e74bd4: ;   {runtime_call UncommonTrapBlob}
  0x000001f251e74bd4: c5f8 77e8 

  0x000001f251e74bd8: ; ImmutableOopMap {rbp=Oop [32]=Oop [40]=NarrowOop [44]=NarrowOop [64]=NarrowOop [80]=NarrowOop [88]=Oop [112]=Oop [136]=Oop [144]=Oop [160]=NarrowOop [176]=Oop [240]=Oop }
                      ;*arraylength {reexecute=0 rethrow=0 return_oop=0}
                      ; - java.io.ByteArrayInputStream::<init>@21
                      ; - java.util.jar.JarFile::getManifestFromReference@114
                      ; - java.util.jar.JarFile::getManifest@1
                      ; - java.util.jar.JarFile::maybeInstantiateVerifier@31
                      ; - java.util.jar.JarFile::ensureInitialization@1
                      ; - java.util.jar.JavaUtilJarAccessImpl::ensureInitialization@1
                      ; - jdk.internal.loader.URLClassPath$JarLoader$2::getManifest@10
                      ; - java.net.URLClassLoader::defineClass@34
                      ; - java.net.URLClassLoader$1::run@43
                      ; - java.net.URLClassLoader$1::run@1
  0x000001f251e74bd8: a4f7 56ff 

  0x000001f251e74bdc: ;   {other}
  0x000001f251e74bdc: 0f1f 8400 | cc7b 00a5 | ba45 ffff | ff48 8b6c | 2438 4c8b | 5424 484c | 8954 2420 | 448b 5424 
  0x000001f251e74bfc: 3044 8954 | 2428 4c8b | 5424 404c | 8954 2430 | 448b 5c24 | 7844 895c | 242c 448b | 5424 5044 
  0x000001f251e74c1c: 8954 2440 | 4c8b 5424 | 604c 8954 | 2458 4c8b | 9424 9000 | 0000 4c89 | 5424 7890 

  0x000001f251e74c38: ;   {runtime_call UncommonTrapBlob}
  0x000001f251e74c38: c5f8 77e8 

  0x000001f251e74c3c: ; ImmutableOopMap {rbp=Oop [32]=Oop [40]=NarrowOop [44]=NarrowOop [64]=NarrowOop [84]=NarrowOop [88]=Oop [120]=Oop [136]=Oop [144]=Oop [152]=Oop [240]=Oop }
                      ;*ifnull {reexecute=1 rethrow=0 return_oop=0}
                      ; - (reexecute) java.util.jar.JarFile::getManifestFromReference@148
                      ; - java.util.jar.JarFile::getManifest@1
                      ; - java.util.jar.JarFile::maybeInstantiateVerifier@31
                      ; - java.util.jar.JarFile::ensureInitialization@1
                      ; - java.util.jar.JavaUtilJarAccessImpl::ensureInitialization@1
                      ; - jdk.internal.loader.URLClassPath$JarLoader$2::getManifest@10
                      ; - java.net.URLClassLoader::defineClass@34
                      ; - java.net.URLClassLoader$1::run@43
                      ; - java.net.URLClassLoader$1::run@1
  0x000001f251e74c3c: 40f7 56ff 

  0x000001f251e74c40: ;   {other}
  0x000001f251e74c40: 0f1f 8400 | 307c 00a6 | 4c8b d0e9 | 3c03 0000 | 4c8b d0e9 | bc06 0000 | 488b d80f | 1f44 0000 
  0x000001f251e74c60: e9a3 0300 | 0048 8b94 | 2480 0000 | 004c 8bc0 

  0x000001f251e74c70: ;   {optimized virtual_call}
  0x000001f251e74c70: c5f8 77e8 

  0x000001f251e74c74: ; ImmutableOopMap {[40]=Oop [48]=NarrowOop [56]=Oop [72]=Oop [80]=NarrowOop [96]=Oop [104]=Oop [128]=Oop [240]=Oop }
                      ;*invokevirtual addSuppressed {reexecute=0 rethrow=0 return_oop=0}
                      ; - java.util.jar.JarFile::getManifestFromReference@177
                      ; - java.util.jar.JarFile::getManifest@1
                      ; - java.util.jar.JarFile::maybeInstantiateVerifier@31
                      ; - java.util.jar.JarFile::ensureInitialization@1
                      ; - java.util.jar.JavaUtilJarAccessImpl::ensureInitialization@1
                      ; - jdk.internal.loader.URLClassPath$JarLoader$2::getManifest@10
                      ; - java.net.URLClassLoader::defineClass@34
                      ; - java.net.URLClassLoader$1::run@43
                      ; - java.net.URLClassLoader$1::run@1
  0x000001f251e74c74: 089e 56ff 

  0x000001f251e74c78: ;   {other}
  0x000001f251e74c78: 0f1f 8400 | 687c 00a7 | e9ff 0200 | 00e9 c202 | 0000 4889 | 8424 8000 | 0000 e9bd | 0200 00e9 
  0x000001f251e74c98: b002 0000 | 0f1f 4000 | e9a7 0200 | 0048 8bd8 | e95b 0300 | 004c 8bd0 | e9d7 0200 | 004c 8bd0 
  0x000001f251e74cb8: e9cf 0200 | 004c 8bd0 | e9c7 0200 | 004c 8bd0 | e9bf 0200 | 004c 8bd0 | e9b7 0200 | 004c 8bd0 
  0x000001f251e74cd8: e9af 0200 | 004c 8bd0 | e9a7 0200 | 004c 8bd0 | e99f 0200 | 004c 8bd0 | e997 0200 | 004c 8bd0 
  0x000001f251e74cf8: e98f 0200 | 004c 8bd0 | e987 0200 | 004c 8bd0 | e97f 0200 | 004c 8bd0 | e977 0200 | 004c 8bd0 
  0x000001f251e74d18: e96f 0200 | 004c 8bd0 | e967 0200 | 004c 8bd0 | e95f 0200 | 004c 8bd0 | e957 0200 | 004c 8bd0 
  0x000001f251e74d38: e94f 0200 | 0048 8bd8 | e9c3 0200 | 008b 6c24 | 304c 8b5c | 2428 4c89 | 5c24 204c | 8b5c 2440 
  0x000001f251e74d58: 4c89 5c24 | 2848 8b54 | 2470 4c8b | c04c 8b54 | 2460 4c89 | 5424 5890 

  0x000001f251e74d70: ;   {optimized virtual_call}
  0x000001f251e74d70: c5f8 77e8 

  0x000001f251e74d74: ; ImmutableOopMap {rbp=NarrowOop [32]=Oop [56]=Oop [72]=Oop [80]=NarrowOop [88]=Oop [112]=Oop [240]=Oop }
                      ;*invokevirtual addSuppressed {reexecute=0 rethrow=0 return_oop=0}
                      ; - java.util.jar.JarFile::getManifestFromReference@177
                      ; - java.util.jar.JarFile::getManifest@1
                      ; - jdk.internal.loader.URLClassPath$JarLoader$2::getManifest@22
                      ; - java.net.URLClassLoader::defineClass@34
                      ; - java.net.URLClassLoader$1::run@43
                      ; - java.net.URLClassLoader$1::run@1
  0x000001f251e74d74: 089d 56ff 

  0x000001f251e74d78: ;   {other}
  0x000001f251e74d78: 0f1f 8400 | 687d 00a8 | e957 0500 | 004c 8bd0 | e9ff 0100 | 0048 8bd8 | 448b 5808 | 49ba 0000 
  0x000001f251e74d98: 005d f201 | 0000 4d03 | d3e9 2b06 | 0000 e902 | 0500 0048 | 8944 2470 | e9fd 0400 | 00e9 f304 
  0x000001f251e74db8: 0000 e9ee | 0400 004c | 8bd0 e94d | 0500 004c | 8bd0 e945 | 0500 004c | 8bd0 e93d | 0500 004c 
  0x000001f251e74dd8: 8bd0 e935 | 0500 004c | 8bd0 e92d | 0500 004c | 8bd0 e925 | 0500 004c | 8bd0 e91d | 0500 004c 
  0x000001f251e74df8: 8bd0 e915 | 0500 004c | 8bd0 e90d | 0500 004c | 8bd0 e905 | 0500 004c | 8bd0 e9fd | 0400 004c 
  0x000001f251e74e18: 8bd0 e9f5 | 0400 004c | 8bd0 e9ed | 0400 004c | 8bd0 e9e5 | 0400 004c | 8bd0 e9dd | 0400 004c 
  0x000001f251e74e38: 8bd0 e9d5 | 0400 004c | 8bd0 e9cd | 0400 004c | 8bd0 e9c5 | 0400 004c | 8bd0 e935 | 0100 004c 
  0x000001f251e74e58: 8bd0 e92d | 0100 004c | 8bd0 e925 | 0100 004c | 8bd0 e91d | 0100 004c | 8bd0 e915 

  0x000001f251e74e74: ;   {no_reloc}
  0x000001f251e74e74: 0100 004c | 8bd0 e90d | 0100 004c | 8bd0 e905 | 0100 004c | 8bd0 e9fd | 0000 004c | 8bd0 e9f5 
  0x000001f251e74e94: 0000 004c | 8bd0 e9ed | 0000 004c | 8bd0 e916 | 0100 0048 | 8bd8 e9c1 | 0500 0048 | 8bd8 e9b9 
  0x000001f251e74eb4: 0500 0048 | 8bd8 e9b1 | 0500 0048 | 8bd8 448b | 4008 49ba | 0000 005d | f201 0000 | 4d03 d0e9 
  0x000001f251e74ed4: f904 0000 | 4889 4424 | 588b 6c24 | 304c 8b54 | 2428 4c89 | 5424 204c | 8b54 2440 | 4c89 5424 
  0x000001f251e74ef4: 2848 8b94 | 2488 0000 | 0066 6690 

  0x000001f251e74f00: ;   {static_call}
  0x000001f251e74f00: c5f8 77e8 

  0x000001f251e74f04: ; ImmutableOopMap {rbp=NarrowOop [32]=Oop [56]=Oop [72]=Oop [80]=NarrowOop [88]=Oop [96]=Oop [104]=Oop [240]=Oop }
                      ;*invokestatic endInit {reexecute=0 rethrow=0 return_oop=0}
                      ; - java.util.jar.JarFile::ensureInitialization@53
                      ; - java.util.jar.JavaUtilJarAccessImpl::ensureInitialization@1
                      ; - jdk.internal.loader.URLClassPath$JarLoader$2::getManifest@10
                      ; - java.net.URLClassLoader::defineClass@34
                      ; - java.net.URLClassLoader$1::run@43
                      ; - java.net.URLClassLoader$1::run@1
  0x000001f251e74f04: 78a1 56ff 

  0x000001f251e74f08: ;   {other}
  0x000001f251e74f08: 0f1f 8400 | f87e 00a9 | 4c8b 5424 | 5849 8bda | e9eb 0000 | 0048 8bd8 | e9e3 0000 | 004c 8bd0 
  0x000001f251e74f28: eb03 4c8b | d049 8bda | 458b 5a08 | 49ba 0000 | 005d f201 | 0000 4d03 | d3e9 8b04 | 0000 eb04 
  0x000001f251e74f48: eb02 eb00 | 4889 8424 | 8000 0000 | 4c8b 9424 | 9000 0000 | 0f1f 4000 | 4d85 d274 | 1f49 8bd2 
  0x000001f251e74f68: 6690 c5f8 | 7748 b8ff | ffff ffff 

  0x000001f251e74f74: ;   {virtual_call}
  0x000001f251e74f74: ffff ffe8 

  0x000001f251e74f78: ; ImmutableOopMap {[40]=Oop [48]=NarrowOop [56]=Oop [72]=Oop [80]=NarrowOop [96]=Oop [104]=Oop [128]=Oop [240]=Oop }
                      ;*invokevirtual close {reexecute=0 rethrow=0 return_oop=0}
                      ; - java.util.jar.JarFile::getManifestFromReference@165
                      ; - java.util.jar.JarFile::getManifest@1
                      ; - java.util.jar.JarFile::maybeInstantiateVerifier@31
                      ; - java.util.jar.JarFile::ensureInitialization@1
                      ; - java.util.jar.JavaUtilJarAccessImpl::ensureInitialization@1
                      ; - jdk.internal.loader.URLClassPath$JarLoader$2::getManifest@10
                      ; - java.net.URLClassLoader::defineClass@34
                      ; - java.net.URLClassLoader$1::run@43
                      ; - java.net.URLClassLoader$1::run@1
  0x000001f251e74f78: 049e 56ff 

  0x000001f251e74f7c: ;   {other}
  0x000001f251e74f7c: 0f1f 8400 | 6c7f 00aa | 4c8b 9424 | 8000 0000 | 498b da45 | 8b52 0849 | bb00 0000 | 5df2 0100 
  0x000001f251e74f9c: 004d 03da | e9b4 0100 | 004c 8bd0 | eb03 4c8b | d049 8bda | e9bb 0400 | 004c 8bd0 | eb03 4c8b 
  0x000001f251e74fbc: d049 8bda | e9ab 0400 | 0048 8bd8 | 448b 5808 | 49ba 0000 | 005d f201 | 0000 4d03 | d34d 8b5a 
  0x000001f251e74fdc: 5066 6690 | 4c3b dd0f | 85e8 0300 | 0045 33c9 | e90a 0100 | 004c 8bd0 | e91b 0300 | 004c 8bd0 
  0x000001f251e74ffc: 0f1f 4000 | e9a2 0300 | 0048 8bd8 | 4c8b 5c24 | 6848 8d84 | 2400 0100 | 0048 8338 | 000f 8479 
  0x000001f251e7501c: 0000 004d | 8b13 41f6 | c202 0f84 | 6200 0000 | 4983 ba86 | 0000 0000 | 7409 49ff | 8a86 0000 
  0x000001f251e7503c: 00eb 4b49 | 8b82 9600 | 0000 490b | 828e 0000 | 0075 0a49 | c742 3e00 | 0000 00eb | 3d49 83ba 
  0x000001f251e7505c: 9e00 0000 | 0074 2248 | 33c0 49c7 | 423e 0000 | 0000 f083 | 0424 0049 | 83ba 9e00 

  0x000001f251e75078: ;   {no_reloc}
  0x000001f251e75078: 0000 0075 | 0df0 4d0f | b17a 3e75 | 0583 c801 | eb0c a800 | eb08 4c8b | 10f0 4d0f | b113 750a 
  0x000001f251e75098: 49ff 8f50 | 0500 0045 | 33d2 0f84 | 6f02 0000 | 488b 4c24 | 6848 8d94 | 2400 0100 | 004d 8bc7 
  0x000001f251e750b8: c5f8 7749 | ba40 d963 | daff 7f00 | 0041 ffd2 

  0x000001f251e750c8: ;   {other}
  0x000001f251e750c8: 0f1f 8400 | 0000 0000 | e942 0200 | 0048 8bd8 | 448b 5808 | 49ba 0000 | 005d f201 | 0000 4d03 
  0x000001f251e750e8: d34d 8b5a | 504c 3bdd | 0f85 db02 | 0000 4c8b | 4c24 5848 | 8b54 2450 | 4c8b 8424 | f000 0000 
  0x000001f251e75108: 488b 7c24 | 3066 6690 

  0x000001f251e75110: ;   {optimized virtual_call}
  0x000001f251e75110: c5f8 77e8 

  0x000001f251e75114: ; ImmutableOopMap {[32]=NarrowOop [36]=NarrowOop [40]=Oop [48]=Oop [56]=Oop [72]=Oop [80]=Oop [120]=NarrowOop [240]=Oop }
                      ;*invokevirtual getAndVerifyPackage {reexecute=0 rethrow=0 return_oop=1}
                      ; - java.net.URLClassLoader::defineClass@97
                      ; - java.net.URLClassLoader$1::run@43
                      ; - java.net.URLClassLoader$1::run@1
  0x000001f251e75114: 6899 56ff 

  0x000001f251e75118: ;   {other}
  0x000001f251e75118: 0f1f 8400 | 0881 00ab | 4885 c00f | 849c 0300 | 0048 8b7c | 2448 8b74 | 2420 488b | 5424 2844 
  0x000001f251e75138: 8b44 2424 | 0f1f 4000 | e9f7 94ff | ff48 8bd8 | 448b 5008 | 49bb 0000 | 005d f201 | 0000 4d03 
  0x000001f251e75158: da4d 8b53 

  0x000001f251e7515c: ;   {metadata('java/io/IOException')}
  0x000001f251e7515c: 4849 bbe0 | 5704 5ef2 | 0100 004d | 3bd3 0f85 | 98fe ffff | 4c8b db49 | 8b87 b801 | 0000 4c8b 
  0x000001f251e7517c: d049 83c2 | 284d 3b97 | c801 0000 | 0f83 0e03 | 0000 4d89 | 97b8 0100 | 0041 0f0d | 8ac0 0000 
  0x000001f251e7519c: 0048 c700 | 0100 0000 

  0x000001f251e751a4: ;   {metadata('java/lang/RuntimeException')}
  0x000001f251e751a4: c740 08a8 | b705 0044 | 8960 0c4c | 8960 104c | 8960 184c | 8960 2048 | 8be8 448b | 4424 3044 
  0x000001f251e751c4: 8944 2420 | 4c8b 5424 | 404c 8954 | 2430 488b | d54d 8bc3 | 448b 5424 | 5044 8954 | 2424 6690 
  0x000001f251e751e4: ;   {optimized virtual_call}
  0x000001f251e751e4: c5f8 77e8 

  0x000001f251e751e8: ; ImmutableOopMap {rbp=Oop [32]=NarrowOop [36]=NarrowOop [40]=Oop [56]=Oop [72]=Oop [96]=Oop [104]=Oop [240]=Oop }
                      ;*invokespecial <init> {reexecute=0 rethrow=0 return_oop=0}
                      ; - java.util.jar.JarFile::ensureInitialization@13
                      ; - java.util.jar.JavaUtilJarAccessImpl::ensureInitialization@1
                      ; - jdk.internal.loader.URLClassPath$JarLoader$2::getManifest@10
                      ; - java.net.URLClassLoader::defineClass@34
                      ; - java.net.URLClassLoader$1::run@43
                      ; - java.net.URLClassLoader$1::run@1
  0x000001f251e751e8: 9498 56ff 

  0x000001f251e751ec: ;   {other}
  0x000001f251e751ec: 0f1f 8400 | dc81 00ac | 4c8b 5c24 | 6848 8d84 | 2400 0100 | 0048 8338 | 000f 8479 | 0000 004d 
  0x000001f251e7520c: 8b13 41f6 | c202 0f84 | 6200 0000 | 4983 ba86 | 0000 0000 | 7409 49ff | 8a86 0000 | 00eb 4b49 
  0x000001f251e7522c: 8b82 9600 | 0000 490b | 828e 0000 | 0075 0a49 | c742 3e00 | 0000 00eb | 3d49 83ba | 9e00 0000 
  0x000001f251e7524c: 0074 2248 | 33c0 49c7 | 423e 0000 | 0000 f083 | 0424 0049 | 83ba 9e00 | 0000 0075 | 0df0 4d0f 
  0x000001f251e7526c: b17a 3e75 | 0583 c801 | eb0c a800 | eb08 4c8b | 10f0 4d0f | b113 750a | 49ff 8f50 | 0500 0045 
  0x000001f251e7528c: 33d2 0f85 | 4802 0000 | 488b d5e9 | d701 0000 | 4c8b d090 | e96f 0000 | 004c 8bd0 | e967 0000 
  0x000001f251e752ac: 0048 8944 | 2470 4c8b | 9424 8800 | 0000 4d85 | d274 1d49 | 8bd2 c5f8 | 7748 b8ff | ffff ffff 
  0x000001f251e752cc: ;   {virtual_call}
  0x000001f251e752cc: ffff ffe8 

  0x000001f251e752d0: ; ImmutableOopMap {[40]=Oop [48]=NarrowOop [56]=Oop [72]=Oop [80]=NarrowOop [96]=Oop [112]=Oop [240]=Oop }
                      ;*invokevirtual close {reexecute=0 rethrow=0 return_oop=0}
                      ; - java.util.jar.JarFile::getManifestFromReference@165
                      ; - java.util.jar.JarFile::getManifest@1
                      ; - jdk.internal.loader.URLClassPath$JarLoader$2::getManifest@22
                      ; - java.net.URLClassLoader::defineClass@34
                      ; - java.net.URLClassLoader$1::run@43
                      ; - java.net.URLClassLoader$1::run@1
  0x000001f251e752d0: ac9a 56ff 

  0x000001f251e752d4: ;   {other}
  0x000001f251e752d4: 0f1f 8400 | c482 00ad | 4c8b 5424 | 70e9 2e00 | 0000 4c8b | d0e9 2600 | 0000 4c8b | d0e9 1e00 
  0x000001f251e752f4: 0000 4c8b | d0eb 194c | 8bd0 6690 | eb12 4c8b | d0eb 0d4c | 8bd0 eb08 | 4c8b d0eb | 034c 8bd0 
  0x000001f251e75314: 498b da44 | 8b5b 0849 | ba00 0000 | 5df2 0100 | 004d 03d3 | e9a4 0000 | 0048 8bd8 | 448b 4008 
  0x000001f251e75334: 49ba 0000 | 005d f201 | 0000 4d03 | d0e9 8b00 | 0000 488b | d844 8b58 | 0849 ba00 | 0000 5df2 
  0x000001f251e75354: 0100 004d | 03d3 e972 | 0000 0048 | 8bd8 448b | 4008 49ba | 0000 005d | f201 0000 | 4d03 d0e9 
  0x000001f251e75374: 5900 0000 | 488b d844 | 8b40 0849 | ba00 0000 | 5df2 0100 | 004d 03d0 | eb43 488b | d844 8b40 
  0x000001f251e75394: 0849 ba00 | 0000 5df2 | 0100 004d | 03d0 eb2d | 4c8b d049 | 8bda 458b | 4208 49ba | 0000 005d 
  0x000001f251e753b4: f201 0000 | 4d03 d0eb | 1448 8bd8 | 448b 4008 | 49ba 0000 | 005d f201 | 0000 4d03 

  0x000001f251e753d0: ;   {no_reloc}
  0x000001f251e753d0: d04d 8b5a 

  0x000001f251e753d4: ;   {metadata('java/io/IOException')}
  0x000001f251e753d4: 4849 b8e0 | 5704 5ef2 | 0100 0090 | 4d3b d80f | 849a 0000 | 004d 8b52 

  0x000001f251e753ec: ;   {metadata('java/lang/ClassFormatError')}
  0x000001f251e753ec: 5049 bb98 | e62c 5ef2 | 0100 0066 | 0f1f 8400 | 0000 0000 | 4d3b d30f | 8567 0000 | 0048 8beb 
  0x000001f251e7540c: 488b 5424 | 4890 c5f8 | 7748 b8ff | ffff ffff 

  0x000001f251e7541c: ;   {virtual_call}
  0x000001f251e7541c: ffff ffe8 

  0x000001f251e75420: ; ImmutableOopMap {rbp=Oop [72]=Oop }
                      ;*invokevirtual getDataError {reexecute=0 rethrow=0 return_oop=1}
                      ; - java.net.URLClassLoader$1::run@63
                      ; - java.net.URLClassLoader$1::run@1
  0x000001f251e75420: 5c99 56ff 

  0x000001f251e75424: ;   {other}
  0x000001f251e75424: 0f1f 8400 | 1484 00ae | 4885 c074 | 3748 8b54 | 2448 c5f8 | 7748 b8ff | ffff ffff 

  0x000001f251e75440: ;   {virtual_call}
  0x000001f251e75440: ffff ffe8 

  0x000001f251e75444: ; ImmutableOopMap {rbp=Oop }
                      ;*invokevirtual getDataError {reexecute=0 rethrow=0 return_oop=1}
                      ; - java.net.URLClassLoader$1::run@71
                      ; - java.net.URLClassLoader$1::run@1
  0x000001f251e75444: 3899 56ff 

  0x000001f251e75448: ;   {other}
  0x000001f251e75448: 0f1f 8400 | 3884 00af | 488b d54c | 8bc0 6690 

  0x000001f251e75458: ;   {optimized virtual_call}
  0x000001f251e75458: c5f8 77e8 

  0x000001f251e7545c: ; ImmutableOopMap {rbp=Oop }
                      ;*invokevirtual addSuppressed {reexecute=0 rethrow=0 return_oop=0}
                      ; - java.net.URLClassLoader$1::run@74
                      ; - java.net.URLClassLoader$1::run@1
  0x000001f251e7545c: 2096 56ff 

  0x000001f251e75460: ;   {other}
  0x000001f251e75460: 0f1f 8400 | 5084 00b0 | 488b d5eb | 0648 8bd8 | 488b d3c5 | f877 4881 | c410 0100 

  0x000001f251e7547c: ;   {runtime_call _rethrow_Java}
  0x000001f251e7547c: 005d e97d | c759 ff48 | 8beb ba2f | 0000 0090 

  0x000001f251e7548c: ;   {runtime_call UncommonTrapBlob}
  0x000001f251e7548c: c5f8 77e8 

  0x000001f251e75490: ; ImmutableOopMap {rbp=Oop [56]=Oop }
                      ;*new {reexecute=0 rethrow=0 return_oop=0}
                      ; - java.net.URLClassLoader$1::run@48
                      ; - java.net.URLClassLoader$1::run@1
  0x000001f251e75490: ecee 56ff 

  0x000001f251e75494: ;   {other}
  0x000001f251e75494: 0f1f 8400 | 8484 00b1 

  0x000001f251e7549c: ;   {metadata('java/lang/RuntimeException')}
  0x000001f251e7549c: 498b eb48 | baa8 b705 | 5df2 0100 | 0066 6690 

  0x000001f251e754ac: ;   {runtime_call _new_instance_Java}
  0x000001f251e754ac: c5f8 77e8 

  0x000001f251e754b0: ; ImmutableOopMap {rbp=Oop [40]=Oop [48]=NarrowOop [56]=Oop [72]=Oop [80]=NarrowOop [96]=Oop [104]=Oop [240]=Oop }
                      ;*new {reexecute=0 rethrow=0 return_oop=1}
                      ; - java.util.jar.JarFile::ensureInitialization@8
                      ; - java.util.jar.JavaUtilJarAccessImpl::ensureInitialization@1
                      ; - jdk.internal.loader.URLClassPath$JarLoader$2::getManifest@10
                      ; - java.net.URLClassLoader::defineClass@34
                      ; - java.net.URLClassLoader$1::run@43
                      ; - java.net.URLClassLoader$1::run@1
  0x000001f251e754b0: 4c67 59ff 

  0x000001f251e754b4: ;   {other}
  0x000001f251e754b4: 0f1f 8400 | a484 00b2 | 4c8b dd90 | e9f6 fcff | ffba fd00 | 0000 6690 

  0x000001f251e754cc: ;   {runtime_call UncommonTrapBlob}
  0x000001f251e754cc: c5f8 77e8 

  0x000001f251e754d0: ; ImmutableOopMap {[56]=Oop [72]=Oop [240]=Oop }
                      ;*new {reexecute=0 rethrow=0 return_oop=0}
                      ; - java.net.URLClassLoader::defineClass@103
                      ; - java.net.URLClassLoader$1::run@43
                      ; - java.net.URLClassLoader$1::run@1
  0x000001f251e754d0: acee 56ff 

  0x000001f251e754d4: ;   {other}
  0x000001f251e754d4: 0f1f 8400 | c484 00b3 | 488b 4c24 | 6848 8d94 | 2400 0100 | 004d 8bc7 | c5f8 7749 | ba40 d963 
  0x000001f251e754f4: daff 7f00 | 0041 ffd2 

  0x000001f251e754fc: ;   {other}
  0x000001f251e754fc: 0f1f 8400 | 0000 0000 | e98b fdff 

  0x000001f251e75508: ;   {internal_word}
  0x000001f251e75508: ff49 baa3 | e7e6 51f2 | 0100 004d | 8997 6804 

  0x000001f251e75518: ;   {runtime_call SafepointBlob}
  0x000001f251e75518: 0000 e961 | ff56 ff48 | 83ec 08c5 | fb11 0424 

  0x000001f251e75528: ;   {runtime_call StubRoutines (initial stubs)}
  0x000001f251e75528: e86a bc51 | ff41 5ae9 | 1d8f ffff 

  0x000001f251e75534: ;   {runtime_call StubRoutines (final stubs)}
  0x000001f251e75534: e867 0f55 | ffe9 e083 | ffff f4f4 
[Stub Code]
  0x000001f251e75540: ;   {no_reloc}
  0x000001f251e75540: 48bb 0000 | 0000 0000 

  0x000001f251e75548: ;   {runtime_call nmethod}
  0x000001f251e75548: 0000 e9fb 

  0x000001f251e7554c: ;   {static_stub}
  0x000001f251e7554c: ffff ff48 | bb00 0000 | 0000 0000 

  0x000001f251e75558: ;   {runtime_call nmethod}
  0x000001f251e75558: 00e9 fbff 

  0x000001f251e7555c: ;   {static_stub}
  0x000001f251e7555c: ffff 48bb | 0000 0000 | 0000 0000 

  0x000001f251e75568: ;   {runtime_call nmethod}
  0x000001f251e75568: e9fb ffff 

  0x000001f251e7556c: ;   {static_stub}
  0x000001f251e7556c: ff48 bb00 | 0000 0000 

  0x000001f251e75574: ;   {runtime_call nmethod}
  0x000001f251e75574: 0000 00e9 | fbff ffff 

  0x000001f251e7557c: ;   {static_stub}
  0x000001f251e7557c: 48bb 0000 | 0000 0000 

  0x000001f251e75584: ;   {runtime_call nmethod}
  0x000001f251e75584: 0000 e9fb 

  0x000001f251e75588: ;   {static_stub}
  0x000001f251e75588: ffff ff48 | bb00 0000 | 0000 0000 

  0x000001f251e75594: ;   {runtime_call nmethod}
  0x000001f251e75594: 00e9 fbff 

  0x000001f251e75598: ;   {static_stub}
  0x000001f251e75598: ffff 48bb | 0000 0000 | 0000 0000 

  0x000001f251e755a4: ;   {runtime_call nmethod}
  0x000001f251e755a4: e9fb ffff 

  0x000001f251e755a8: ;   {static_stub}
  0x000001f251e755a8: ff48 bb00 | 0000 0000 

  0x000001f251e755b0: ;   {runtime_call nmethod}
  0x000001f251e755b0: 0000 00e9 | fbff ffff 

  0x000001f251e755b8: ;   {static_stub}
  0x000001f251e755b8: 48bb 0000 | 0000 0000 

  0x000001f251e755c0: ;   {runtime_call nmethod}
  0x000001f251e755c0: 0000 e9fb 

  0x000001f251e755c4: ;   {static_stub}
  0x000001f251e755c4: ffff ff48 | bb00 0000 | 0000 0000 

  0x000001f251e755d0: ;   {runtime_call nmethod}
  0x000001f251e755d0: 00e9 fbff 

  0x000001f251e755d4: ;   {static_stub}
  0x000001f251e755d4: ffff 48bb | 0000 0000 | 0000 0000 

  0x000001f251e755e0: ;   {runtime_call nmethod}
  0x000001f251e755e0: e9fb ffff 

  0x000001f251e755e4: ;   {static_stub}
  0x000001f251e755e4: ff48 bb00 | 0000 0000 

  0x000001f251e755ec: ;   {runtime_call nmethod}
  0x000001f251e755ec: 0000 00e9 | fbff ffff 

  0x000001f251e755f4: ;   {static_stub}
  0x000001f251e755f4: 48bb 0000 | 0000 0000 

  0x000001f251e755fc: ;   {runtime_call nmethod}
  0x000001f251e755fc: 0000 e9fb 

  0x000001f251e75600: ;   {static_stub}
  0x000001f251e75600: ffff ff48 | bb00 0000 | 0000 0000 

  0x000001f251e7560c: ;   {runtime_call nmethod}
  0x000001f251e7560c: 00e9 fbff 

  0x000001f251e75610: ;   {static_stub}
  0x000001f251e75610: ffff 48bb | 0000 0000 | 0000 0000 

  0x000001f251e7561c: ;   {runtime_call nmethod}
  0x000001f251e7561c: e9fb ffff 

  0x000001f251e75620: ;   {static_stub}
  0x000001f251e75620: ff48 bb00 | 0000 0000 

  0x000001f251e75628: ;   {runtime_call nmethod}
  0x000001f251e75628: 0000 00e9 | fbff ffff 

  0x000001f251e75630: ;   {static_stub}
  0x000001f251e75630: 48bb 0000 | 0000 0000 

  0x000001f251e75638: ;   {runtime_call nmethod}
  0x000001f251e75638: 0000 e9fb 

  0x000001f251e7563c: ;   {static_stub}
  0x000001f251e7563c: ffff ff48 | bb00 0000 | 0000 0000 

  0x000001f251e75648: ;   {runtime_call nmethod}
  0x000001f251e75648: 00e9 fbff 

  0x000001f251e7564c: ;   {static_stub}
  0x000001f251e7564c: ffff 48bb | 0000 0000 | 0000 0000 

  0x000001f251e75658: ;   {runtime_call nmethod}
  0x000001f251e75658: e9fb ffff 

  0x000001f251e7565c: ;   {static_stub}
  0x000001f251e7565c: ff48 bb00 | 0000 0000 

  0x000001f251e75664: ;   {runtime_call nmethod}
  0x000001f251e75664: 0000 00e9 | fbff ffff 

  0x000001f251e7566c: ;   {static_stub}
  0x000001f251e7566c: 48bb 0000 | 0000 0000 

  0x000001f251e75674: ;   {runtime_call nmethod}
  0x000001f251e75674: 0000 e9fb 

  0x000001f251e75678: ;   {static_stub}
  0x000001f251e75678: ffff ff48 | bb00 0000 | 0000 0000 

  0x000001f251e75684: ;   {runtime_call nmethod}
  0x000001f251e75684: 00e9 fbff 

  0x000001f251e75688: ;   {static_stub}
  0x000001f251e75688: ffff 48bb | 0000 0000 | 0000 0000 

  0x000001f251e75694: ;   {runtime_call nmethod}
  0x000001f251e75694: e9fb ffff 

  0x000001f251e75698: ;   {static_stub}
  0x000001f251e75698: ff48 bb00 | 0000 0000 

  0x000001f251e756a0: ;   {runtime_call nmethod}
  0x000001f251e756a0: 0000 00e9 | fbff ffff 

  0x000001f251e756a8: ;   {static_stub}
  0x000001f251e756a8: 48bb 0000 | 0000 0000 

  0x000001f251e756b0: ;   {runtime_call nmethod}
  0x000001f251e756b0: 0000 e9fb 

  0x000001f251e756b4: ;   {static_stub}
  0x000001f251e756b4: ffff ff48 | bb00 0000 | 0000 0000 

  0x000001f251e756c0: ;   {runtime_call nmethod}
  0x000001f251e756c0: 00e9 fbff 

  0x000001f251e756c4: ;   {static_stub}
  0x000001f251e756c4: ffff 48bb | 0000 0000 | 0000 0000 

  0x000001f251e756d0: ;   {runtime_call nmethod}
  0x000001f251e756d0: e9fb ffff 

  0x000001f251e756d4: ;   {static_stub}
  0x000001f251e756d4: ff48 bb00 | 0000 0000 

  0x000001f251e756dc: ;   {runtime_call nmethod}
  0x000001f251e756dc: 0000 00e9 | fbff ffff 

  0x000001f251e756e4: ;   {static_stub}
  0x000001f251e756e4: 48bb 0000 | 0000 0000 

  0x000001f251e756ec: ;   {runtime_call nmethod}
  0x000001f251e756ec: 0000 e9fb 

  0x000001f251e756f0: ;   {runtime_call ExceptionBlob}
  0x000001f251e756f0: ffff ffe9 | 0868 59ff 
[Deopt Handler Code]
  0x000001f251e756f8: e800 0000 | 0048 832c 

  0x000001f251e75700: ;   {runtime_call DeoptimizationBlob}
  0x000001f251e75700: 2405 e919 | f056 fff4 
[/MachCode]


---------------  P R O C E S S  ---------------

Threads class SMR info:
_java_thread_list=0x000001f2031e0d40, length=74, elements={
0x000001f246459050, 0x000001f25cf16400, 0x000001f25cf16e60, 0x000001f25cf198d0,
0x000001f25cf1c340, 0x000001f25cf1edb0, 0x000001f25cf1f810, 0x000001f25cf205a0,
0x000001f25cf89120, 0x000001f27c209ab0, 0x000001f27c216440, 0x000001f27c2f6340,
0x000001f27d7483c0, 0x000001f27da1cb90, 0x000001f27cd48810, 0x000001f27cd48e80,
0x000001f27c29a230, 0x000001f27cbaea10, 0x000001f27cbaf0a0, 0x000001f27cbacfd0,
0x000001f27cbad660, 0x000001f27cbadcf0, 0x000001f27cbae380, 0x000001f27cbabc20,
0x000001f201339970, 0x000001f2013378a0, 0x000001f2013385c0, 0x000001f201338c50,
0x000001f20133a690, 0x000001f2013392e0, 0x000001f201337f30, 0x000001f20133ad20,
0x000001f27d9a8330, 0x000001f27d9a4190, 0x000001f27d9a4820, 0x000001f27d9a3b00,
0x000001f27d9a20c0, 0x000001f27d9a5bd0, 0x000001f27d9a3470, 0x000001f27d9a68f0,
0x000001f27d9a6260, 0x000001f27d9a89c0, 0x000001f27d9a6f80, 0x000001f202916a70,
0x000001f2029191d0, 0x000001f20291b930, 0x000001f2029184b0, 0x000001f20291bfc0,
0x000001f20291c650, 0x000001f20291e090, 0x000001f20291cce0, 0x000001f202917100,
0x000001f202917e20, 0x000001f202918b40, 0x000001f201030010, 0x000001f2010313c0,
0x000001f201030d30, 0x000001f2010306a0, 0x000001f201031a50, 0x000001f2010320e0,
0x000001f201032e00, 0x000001f201033490, 0x000001f20291a580, 0x000001f20291ac10,
0x000001f20291d370, 0x000001f20291da00, 0x000001f27c69ba20, 0x000001f27c699fe0,
0x000001f27c69c0b0, 0x000001f27c69e810, 0x000001f27c69eea0, 0x000001f2012d60d0,
0x000001f2030eafa0, 0x000001f2030e53c0
}

Java Threads: ( => current thread )
  0x000001f246459050 JavaThread "main"                              [_thread_blocked, id=19904, stack(0x000000472c900000,0x000000472ca00000) (1024K)]
  0x000001f25cf16400 JavaThread "Reference Handler"          daemon [_thread_blocked, id=13936, stack(0x000000472d100000,0x000000472d200000) (1024K)]
  0x000001f25cf16e60 JavaThread "Finalizer"                  daemon [_thread_blocked, id=9200, stack(0x000000472d200000,0x000000472d300000) (1024K)]
  0x000001f25cf198d0 JavaThread "Signal Dispatcher"          daemon [_thread_blocked, id=16884, stack(0x000000472d300000,0x000000472d400000) (1024K)]
  0x000001f25cf1c340 JavaThread "Attach Listener"            daemon [_thread_blocked, id=13808, stack(0x000000472d400000,0x000000472d500000) (1024K)]
  0x000001f25cf1edb0 JavaThread "Service Thread"             daemon [_thread_blocked, id=9224, stack(0x000000472d500000,0x000000472d600000) (1024K)]
  0x000001f25cf1f810 JavaThread "Monitor Deflation Thread"   daemon [_thread_blocked, id=1496, stack(0x000000472d600000,0x000000472d700000) (1024K)]
  0x000001f25cf205a0 JavaThread "C2 CompilerThread0"         daemon [_thread_blocked, id=19288, stack(0x000000472d700000,0x000000472d800000) (1024K)]
  0x000001f25cf89120 JavaThread "C1 CompilerThread0"         daemon [_thread_blocked, id=12772, stack(0x000000472d800000,0x000000472d900000) (1024K)]
  0x000001f27c209ab0 JavaThread "Common-Cleaner"             daemon [_thread_blocked, id=17096, stack(0x000000472d900000,0x000000472da00000) (1024K)]
  0x000001f27c216440 JavaThread "Notification Thread"        daemon [_thread_blocked, id=11168, stack(0x000000472da00000,0x000000472db00000) (1024K)]
  0x000001f27c2f6340 JavaThread "Daemon health stats"               [_thread_blocked, id=9332, stack(0x000000472df00000,0x000000472e000000) (1024K)]
  0x000001f27d7483c0 JavaThread "Incoming local TCP Connector on port 8515"        [_thread_in_native, id=17216, stack(0x000000472de00000,0x000000472df00000) (1024K)]
  0x000001f27da1cb90 JavaThread "Daemon periodic checks"            [_thread_blocked, id=15064, stack(0x000000472e000000,0x000000472e100000) (1024K)]
  0x000001f27cd48810 JavaThread "Daemon"                            [_thread_blocked, id=14448, stack(0x000000472e200000,0x000000472e300000) (1024K)]
  0x000001f27cd48e80 JavaThread "Handler for socket connection from /127.0.0.1:8515 to /127.0.0.1:8516"        [_thread_in_native, id=5528, stack(0x000000472e300000,0x000000472e400000) (1024K)]
  0x000001f27c29a230 JavaThread "Cancel handler"                    [_thread_blocked, id=18680, stack(0x000000472e100000,0x000000472e200000) (1024K)]
=>0x000001f27cbaea10 JavaThread "Daemon worker"                     [_thread_in_vm, id=11724, stack(0x000000472e400000,0x000000472e500000) (1024K)]
  0x000001f27cbaf0a0 JavaThread "Asynchronous log dispatcher for DefaultDaemonConnection: socket connection from /127.0.0.1:8515 to /127.0.0.1:8516"        [_thread_blocked, id=12572, stack(0x000000472e500000,0x000000472e600000) (1024K)]
  0x000001f27cbacfd0 JavaThread "Stdin handler"                     [_thread_blocked, id=11800, stack(0x000000472e600000,0x000000472e700000) (1024K)]
  0x000001f27cbad660 JavaThread "Daemon client event forwarder"        [_thread_blocked, id=7172, stack(0x000000472e700000,0x000000472e800000) (1024K)]
  0x000001f27cbadcf0 JavaThread "Cache worker for journal cache (C:\Users\moner\.gradle\caches\journal-1)"        [_thread_blocked, id=11080, stack(0x000000472e800000,0x000000472e900000) (1024K)]
  0x000001f27cbae380 JavaThread "File lock request listener"        [_thread_in_native, id=4748, stack(0x000000472e900000,0x000000472ea00000) (1024K)]
  0x000001f27cbabc20 JavaThread "Cache worker for file hash cache (C:\Users\moner\.gradle\caches\9.3.1\fileHashes)"        [_thread_blocked, id=10176, stack(0x000000472ea00000,0x000000472eb00000) (1024K)]
  0x000001f201339970 JavaThread "Cache worker for file hash cache (D:\M\test\android\.gradle\9.3.1\fileHashes)"        [_thread_blocked, id=1932, stack(0x000000472ec00000,0x000000472ed00000) (1024K)]
  0x000001f2013378a0 JavaThread "Cache worker for Build Output Cleanup Cache (D:\M\test\android\.gradle\buildOutputCleanup)"        [_thread_blocked, id=16192, stack(0x000000472ed00000,0x000000472ee00000) (1024K)]
  0x000001f2013385c0 JavaThread "File watcher server"        daemon [_thread_in_native, id=9004, stack(0x000000472eb00000,0x000000472ec00000) (1024K)]
  0x000001f201338c50 JavaThread "File watcher consumer"      daemon [_thread_blocked, id=18232, stack(0x000000472ee00000,0x000000472ef00000) (1024K)]
  0x000001f20133a690 JavaThread "Cache worker for checksums cache (D:\M\test\android\.gradle\9.3.1\checksums)"        [_thread_blocked, id=9052, stack(0x000000472ef00000,0x000000472f000000) (1024K)]
  0x000001f2013392e0 JavaThread "Cache worker for file content cache (C:\Users\moner\.gradle\caches\9.3.1\fileContent)"        [_thread_blocked, id=20432, stack(0x000000472f000000,0x000000472f100000) (1024K)]
  0x000001f201337f30 JavaThread "Cache worker for cache directory md-supplier (C:\Users\moner\.gradle\caches\9.3.1\md-supplier)"        [_thread_blocked, id=9384, stack(0x000000472f100000,0x000000472f200000) (1024K)]
  0x000001f20133ad20 JavaThread "Cache worker for cache directory md-rule (C:\Users\moner\.gradle\caches\9.3.1\md-rule)"        [_thread_blocked, id=13884, stack(0x000000472f200000,0x000000472f300000) (1024K)]
  0x000001f27d9a8330 JavaThread "Cache worker for Build Output Cleanup Cache (D:\flutter_windows_3.47.5-stable\flutter\packages\flutter_tools\gradle\.gradle\buildOutputCleanup)"        [_thread_blocked, id=19112, stack(0x000000472f300000,0x000000472f400000) (1024K)]
  0x000001f27d9a4190 JavaThread "Unconstrained build operations"        [_thread_blocked, id=2844, stack(0x000000472f500000,0x000000472f600000) (1024K)]
  0x000001f27d9a4820 JavaThread "Unconstrained build operations Thread 2"        [_thread_blocked, id=4880, stack(0x000000472f600000,0x000000472f700000) (1024K)]
  0x000001f27d9a3b00 JavaThread "Unconstrained build operations Thread 3"        [_thread_blocked, id=16060, stack(0x000000472f700000,0x000000472f800000) (1024K)]
  0x000001f27d9a20c0 JavaThread "Unconstrained build operations Thread 4"        [_thread_blocked, id=1200, stack(0x000000472f400000,0x000000472f500000) (1024K)]
  0x000001f27d9a5bd0 JavaThread "Unconstrained build operations Thread 5"        [_thread_blocked, id=19952, stack(0x000000472f800000,0x000000472f900000) (1024K)]
  0x000001f27d9a3470 JavaThread "Unconstrained build operations Thread 6"        [_thread_blocked, id=5332, stack(0x000000472f900000,0x000000472fa00000) (1024K)]
  0x000001f27d9a68f0 JavaThread "Unconstrained build operations Thread 7"        [_thread_blocked, id=15084, stack(0x000000472fa00000,0x000000472fb00000) (1024K)]
  0x000001f27d9a6260 JavaThread "Unconstrained build operations Thread 8"        [_thread_blocked, id=5544, stack(0x000000472fb00000,0x000000472fc00000) (1024K)]
  0x000001f27d9a89c0 JavaThread "Unconstrained build operations Thread 9"        [_thread_blocked, id=19000, stack(0x000000472fc00000,0x000000472fd00000) (1024K)]
  0x000001f27d9a6f80 JavaThread "Memory manager"                    [_thread_blocked, id=14236, stack(0x000000472fd00000,0x000000472fe00000) (1024K)]
  0x000001f202916a70 JavaThread "build event listener"              [_thread_blocked, id=17892, stack(0x000000472fe00000,0x000000472ff00000) (1024K)]
  0x000001f2029191d0 JavaThread "File lock release action executor"        [_thread_blocked, id=17340, stack(0x000000472ff00000,0x0000004730000000) (1024K)]
  0x000001f20291b930 JavaThread "Execution worker"                  [_thread_blocked, id=2668, stack(0x0000004730000000,0x0000004730100000) (1024K)]
  0x000001f2029184b0 JavaThread "Execution worker Thread 2"         [_thread_blocked, id=10960, stack(0x0000004730100000,0x0000004730200000) (1024K)]
  0x000001f20291bfc0 JavaThread "Execution worker Thread 3"         [_thread_blocked, id=5484, stack(0x0000004730200000,0x0000004730300000) (1024K)]
  0x000001f20291c650 JavaThread "Cache worker for execution history cache (D:\flutter_windows_3.47.5-stable\flutter\packages\flutter_tools\gradle\.gradle\9.3.1\executionHistory)"        [_thread_blocked, id=16820, stack(0x0000004730300000,0x0000004730400000) (1024K)]
  0x000001f20291e090 JavaThread "Unconstrained build operations Thread 10"        [_thread_blocked, id=14900, stack(0x000000472c700000,0x000000472c800000) (1024K)]
  0x000001f20291cce0 JavaThread "Unconstrained build operations Thread 11"        [_thread_blocked, id=20224, stack(0x0000004730400000,0x0000004730500000) (1024K)]
  0x000001f202917100 JavaThread "Unconstrained build operations Thread 12"        [_thread_blocked, id=5784, stack(0x0000004730500000,0x0000004730600000) (1024K)]
  0x000001f202917e20 JavaThread "Unconstrained build operations Thread 13"        [_thread_blocked, id=4620, stack(0x0000004730600000,0x0000004730700000) (1024K)]
  0x000001f202918b40 JavaThread "Unconstrained build operations Thread 14"        [_thread_blocked, id=14424, stack(0x0000004730700000,0x0000004730800000) (1024K)]
  0x000001f201030010 JavaThread "Unconstrained build operations Thread 15"        [_thread_blocked, id=3372, stack(0x0000004730800000,0x0000004730900000) (1024K)]
  0x000001f2010313c0 JavaThread "Unconstrained build operations Thread 16"        [_thread_blocked, id=9156, stack(0x0000004730900000,0x0000004730a00000) (1024K)]
  0x000001f201030d30 JavaThread "Unconstrained build operations Thread 17"        [_thread_blocked, id=16188, stack(0x0000004730a00000,0x0000004730b00000) (1024K)]
  0x000001f2010306a0 JavaThread "Unconstrained build operations Thread 18"        [_thread_blocked, id=4724, stack(0x0000004730b00000,0x0000004730c00000) (1024K)]
  0x000001f201031a50 JavaThread "Unconstrained build operations Thread 19"        [_thread_blocked, id=2552, stack(0x0000004730c00000,0x0000004730d00000) (1024K)]
  0x000001f2010320e0 JavaThread "Unconstrained build operations Thread 20"        [_thread_blocked, id=19792, stack(0x0000004730d00000,0x0000004730e00000) (1024K)]
  0x000001f201032e00 JavaThread "Unconstrained build operations Thread 21"        [_thread_blocked, id=1936, stack(0x0000004730f00000,0x0000004731000000) (1024K)]
  0x000001f201033490 JavaThread "Unconstrained build operations Thread 22"        [_thread_blocked, id=8156, stack(0x0000004731000000,0x0000004731100000) (1024K)]
  0x000001f20291a580 JavaThread "Unconstrained build operations Thread 23"        [_thread_blocked, id=13968, stack(0x0000004731100000,0x0000004731200000) (1024K)]
  0x000001f20291ac10 JavaThread "Unconstrained build operations Thread 24"        [_thread_blocked, id=1012, stack(0x0000004730e00000,0x0000004730f00000) (1024K)]
  0x000001f20291d370 JavaThread "Unconstrained build operations Thread 25"        [_thread_blocked, id=17016, stack(0x0000004731200000,0x0000004731300000) (1024K)]
  0x000001f20291da00 JavaThread "Unconstrained build operations Thread 26"        [_thread_blocked, id=11772, stack(0x0000004731300000,0x0000004731400000) (1024K)]
  0x000001f27c69ba20 JavaThread "Unconstrained build operations Thread 27"        [_thread_blocked, id=6580, stack(0x0000004731400000,0x0000004731500000) (1024K)]
  0x000001f27c699fe0 JavaThread "Unconstrained build operations Thread 28"        [_thread_blocked, id=14628, stack(0x0000004731500000,0x0000004731600000) (1024K)]
  0x000001f27c69c0b0 JavaThread "Unconstrained build operations Thread 29"        [_thread_blocked, id=17276, stack(0x0000004731600000,0x0000004731700000) (1024K)]
  0x000001f27c69e810 JavaThread "File lock release action executor Thread 2"        [_thread_blocked, id=1656, stack(0x0000004731700000,0x0000004731800000) (1024K)]
  0x000001f27c69eea0 JavaThread "build event listener"              [_thread_blocked, id=15248, stack(0x0000004731800000,0x0000004731900000) (1024K)]
  0x000001f2012d60d0 JavaThread "build event listener"              [_thread_blocked, id=19004, stack(0x0000004731900000,0x0000004731a00000) (1024K)]
  0x000001f2030eafa0 JavaThread "File lock release action executor Thread 3"        [_thread_blocked, id=14244, stack(0x0000004731a00000,0x0000004731b00000) (1024K)]
  0x000001f2030e53c0 JavaThread "File lock release action executor Thread 4"        [_thread_blocked, id=16608, stack(0x0000004731b00000,0x0000004731c00000) (1024K)]
Total: 74

Other Threads:
  0x000001f25cef9030 VMThread "VM Thread"                           [id=19336, stack(0x000000472d000000,0x000000472d100000) (1024K)] _threads_hazard_ptr=0x000001f2031e0d40
  0x000001f24651eaa0 WatcherThread "VM Periodic Task Thread"        [id=2688, stack(0x000000472cf00000,0x000000472d000000) (1024K)]
  0x000001f246491aa0 WorkerThread "GC Thread#0"                     [id=15824, stack(0x000000472ca00000,0x000000472cb00000) (1024K)]
  0x000001f27c26f040 WorkerThread "GC Thread#1"                     [id=6752, stack(0x000000472db00000,0x000000472dc00000) (1024K)]
  0x000001f27c2a33f0 WorkerThread "GC Thread#2"                     [id=4376, stack(0x000000472dc00000,0x000000472dd00000) (1024K)]
  0x000001f27c57cc80 WorkerThread "GC Thread#3"                     [id=7484, stack(0x000000472dd00000,0x000000472de00000) (1024K)]
  0x000001f24649aa90 ConcurrentGCThread "G1 Main Marker"            [id=2272, stack(0x000000472cb00000,0x000000472cc00000) (1024K)]
  0x000001f24649c8c0 WorkerThread "G1 Conc#0"                       [id=5592, stack(0x000000472cc00000,0x000000472cd00000) (1024K)]
  0x000001f25cdb14a0 ConcurrentGCThread "G1 Refine#0"               [id=3888, stack(0x000000472cd00000,0x000000472ce00000) (1024K)]
  0x000001f2465161d0 ConcurrentGCThread "G1 Service"                [id=1820, stack(0x000000472ce00000,0x000000472cf00000) (1024K)]
Total: 10

Threads with active compile tasks:
Total: 0

VM state: synchronizing (normal execution)

VM Mutex/Monitor currently owned by a thread:  ([mutex/lock_event])
[0x00007fffdabbd530] Metaspace_lock - owner thread: 0x000001f27cbaea10
[0x00007fffdabbf5b0] Threads_lock - owner thread: 0x000001f25cef9030

Heap address: 0x00000000c0000000, size: 1024 MB, Compressed Oops mode: 32-bit

CDS archive(s) mapped at: [0x000001f25d000000-0x000001f25dba0000-0x000001f25dba0000), size 12189696, SharedBaseAddress: 0x000001f25d000000, ArchiveRelocationMode: 1.
Compressed class space mapped at: 0x000001f25e000000-0x000001f278000000, reserved size: 436207616
Narrow klass base: 0x000001f25d000000, Narrow klass shift: 0, Narrow klass range: 0x100000000

GC Precious Log:
 CardTable entry size: 512
 Card Set container configuration: InlinePtr #cards 5 size 8 Array Of Cards #cards 12 size 40 Howl #buckets 4 coarsen threshold 1843 Howl Bitmap #cards 512 size 80 coarsen threshold 460 Card regions per heap region 1 cards per card region 2048
 CPUs: 4 total, 4 available
 Memory: 8123M
 Large Page Support: Disabled
 NUMA Support: Disabled
 Compressed Oops: Enabled (32-bit)
 Heap Region Size: 1M
 Heap Min Capacity: 8M
 Heap Initial Capacity: 128M
 Heap Max Capacity: 1G
 Pre-touch: Disabled
 Parallel Workers: 4
 Concurrent Workers: 1
 Concurrent Refinement Workers: 4
 Periodic GC: Disabled

Heap:
 garbage-first heap   total 275456K, used 190351K [0x00000000c0000000, 0x0000000100000000)
  region size 1024K, 7 young (7168K), 5 survivors (5120K)
 Metaspace       used 144992K, committed 147328K, reserved 557056K
  class space    used 19445K, committed 20608K, reserved 425984K

Heap Regions: E=young(eden), S=young(survivor), O=old, HS=humongous(starts), HC=humongous(continues), CS=collection set, F=free, TAMS=top-at-mark-start, PB=parsable bottom
|   0|0x00000000c0000000, 0x00000000c0100000, 0x00000000c0100000|100%|HS|  |TAMS 0x00000000c0100000| PB 0x00000000c0000000| Complete 
|   1|0x00000000c0100000, 0x00000000c0200000, 0x00000000c0200000|100%|HC|  |TAMS 0x00000000c0200000| PB 0x00000000c0100000| Complete 
|   2|0x00000000c0200000, 0x00000000c0300000, 0x00000000c0300000|100%|HC|  |TAMS 0x00000000c0300000| PB 0x00000000c0200000| Complete 
|   3|0x00000000c0300000, 0x00000000c0400000, 0x00000000c0400000|100%|HC|  |TAMS 0x00000000c0400000| PB 0x00000000c0300000| Complete 
|   4|0x00000000c0400000, 0x00000000c0500000, 0x00000000c0500000|100%| O|  |TAMS 0x00000000c0500000| PB 0x00000000c0400000| Untracked 
|   5|0x00000000c0500000, 0x00000000c0600000, 0x00000000c0600000|100%| O|  |TAMS 0x00000000c0600000| PB 0x00000000c0500000| Untracked 
|   6|0x00000000c0600000, 0x00000000c0700000, 0x00000000c0700000|100%| O|  |TAMS 0x00000000c0700000| PB 0x00000000c0600000| Untracked 
|   7|0x00000000c0700000, 0x00000000c0800000, 0x00000000c0800000|100%| O|  |TAMS 0x00000000c0800000| PB 0x00000000c0700000| Untracked 
|   8|0x00000000c0800000, 0x00000000c0900000, 0x00000000c0900000|100%|HS|  |TAMS 0x00000000c0900000| PB 0x00000000c0800000| Complete 
|   9|0x00000000c0900000, 0x00000000c0a00000, 0x00000000c0a00000|100%| O|  |TAMS 0x00000000c0a00000| PB 0x00000000c0900000| Untracked 
|  10|0x00000000c0a00000, 0x00000000c0b00000, 0x00000000c0b00000|100%| O|  |TAMS 0x00000000c0b00000| PB 0x00000000c0a00000| Untracked 
|  11|0x00000000c0b00000, 0x00000000c0c00000, 0x00000000c0c00000|100%| O|  |TAMS 0x00000000c0c00000| PB 0x00000000c0b00000| Untracked 
|  12|0x00000000c0c00000, 0x00000000c0d00000, 0x00000000c0d00000|100%| O|  |TAMS 0x00000000c0d00000| PB 0x00000000c0c00000| Untracked 
|  13|0x00000000c0d00000, 0x00000000c0e00000, 0x00000000c0e00000|100%| O|  |TAMS 0x00000000c0e00000| PB 0x00000000c0d00000| Untracked 
|  14|0x00000000c0e00000, 0x00000000c0f00000, 0x00000000c0f00000|100%| O|  |TAMS 0x00000000c0f00000| PB 0x00000000c0e00000| Untracked 
|  15|0x00000000c0f00000, 0x00000000c1000000, 0x00000000c1000000|100%| O|  |TAMS 0x00000000c1000000| PB 0x00000000c0f00000| Untracked 
|  16|0x00000000c1000000, 0x00000000c1100000, 0x00000000c1100000|100%| O|  |TAMS 0x00000000c1100000| PB 0x00000000c1000000| Untracked 
|  17|0x00000000c1100000, 0x00000000c1200000, 0x00000000c1200000|100%| O|  |TAMS 0x00000000c1200000| PB 0x00000000c1100000| Untracked 
|  18|0x00000000c1200000, 0x00000000c1300000, 0x00000000c1300000|100%| O|  |TAMS 0x00000000c1300000| PB 0x00000000c1200000| Untracked 
|  19|0x00000000c1300000, 0x00000000c1400000, 0x00000000c1400000|100%| O|  |TAMS 0x00000000c1400000| PB 0x00000000c1300000| Untracked 
|  20|0x00000000c1400000, 0x00000000c1500000, 0x00000000c1500000|100%| O|  |TAMS 0x00000000c1500000| PB 0x00000000c1400000| Untracked 
|  21|0x00000000c1500000, 0x00000000c1600000, 0x00000000c1600000|100%| O|  |TAMS 0x00000000c1600000| PB 0x00000000c1500000| Untracked 
|  22|0x00000000c1600000, 0x00000000c1700000, 0x00000000c1700000|100%| O|  |TAMS 0x00000000c1700000| PB 0x00000000c1600000| Untracked 
|  23|0x00000000c1700000, 0x00000000c1800000, 0x00000000c1800000|100%| O|  |TAMS 0x00000000c1800000| PB 0x00000000c1700000| Untracked 
|  24|0x00000000c1800000, 0x00000000c1900000, 0x00000000c1900000|100%| O|  |TAMS 0x00000000c1900000| PB 0x00000000c1800000| Untracked 
|  25|0x00000000c1900000, 0x00000000c1a00000, 0x00000000c1a00000|100%| O|  |TAMS 0x00000000c1a00000| PB 0x00000000c1900000| Untracked 
|  26|0x00000000c1a00000, 0x00000000c1b00000, 0x00000000c1b00000|100%| O|  |TAMS 0x00000000c1b00000| PB 0x00000000c1a00000| Untracked 
|  27|0x00000000c1b00000, 0x00000000c1c00000, 0x00000000c1c00000|100%| O|  |TAMS 0x00000000c1c00000| PB 0x00000000c1b00000| Untracked 
|  28|0x00000000c1c00000, 0x00000000c1d00000, 0x00000000c1d00000|100%| O|  |TAMS 0x00000000c1d00000| PB 0x00000000c1c00000| Untracked 
|  29|0x00000000c1d00000, 0x00000000c1e00000, 0x00000000c1e00000|100%| O|  |TAMS 0x00000000c1e00000| PB 0x00000000c1d00000| Untracked 
|  30|0x00000000c1e00000, 0x00000000c1f00000, 0x00000000c1f00000|100%| O|  |TAMS 0x00000000c1f00000| PB 0x00000000c1e00000| Untracked 
|  31|0x00000000c1f00000, 0x00000000c2000000, 0x00000000c2000000|100%| O|  |TAMS 0x00000000c2000000| PB 0x00000000c1f00000| Untracked 
|  32|0x00000000c2000000, 0x00000000c2100000, 0x00000000c2100000|100%| O|  |TAMS 0x00000000c2100000| PB 0x00000000c2000000| Untracked 
|  33|0x00000000c2100000, 0x00000000c2200000, 0x00000000c2200000|100%| O|  |TAMS 0x00000000c2200000| PB 0x00000000c2100000| Untracked 
|  34|0x00000000c2200000, 0x00000000c2300000, 0x00000000c2300000|100%| O|  |TAMS 0x00000000c2300000| PB 0x00000000c2200000| Untracked 
|  35|0x00000000c2300000, 0x00000000c2400000, 0x00000000c2400000|100%|HS|  |TAMS 0x00000000c2400000| PB 0x00000000c2300000| Complete 
|  36|0x00000000c2400000, 0x00000000c2500000, 0x00000000c2500000|100%|HC|  |TAMS 0x00000000c2500000| PB 0x00000000c2400000| Complete 
|  37|0x00000000c2500000, 0x00000000c2600000, 0x00000000c2600000|100%| O|  |TAMS 0x00000000c2600000| PB 0x00000000c2500000| Untracked 
|  38|0x00000000c2600000, 0x00000000c2700000, 0x00000000c2700000|100%|HS|  |TAMS 0x00000000c2700000| PB 0x00000000c2600000| Complete 
|  39|0x00000000c2700000, 0x00000000c2800000, 0x00000000c2800000|100%|HC|  |TAMS 0x00000000c2800000| PB 0x00000000c2700000| Complete 
|  40|0x00000000c2800000, 0x00000000c2900000, 0x00000000c2900000|100%| O|  |TAMS 0x00000000c2900000| PB 0x00000000c2800000| Untracked 
|  41|0x00000000c2900000, 0x00000000c2a00000, 0x00000000c2a00000|100%| O|  |TAMS 0x00000000c2a00000| PB 0x00000000c2900000| Untracked 
|  42|0x00000000c2a00000, 0x00000000c2b00000, 0x00000000c2b00000|100%| O|  |TAMS 0x00000000c2b00000| PB 0x00000000c2a00000| Untracked 
|  43|0x00000000c2b00000, 0x00000000c2c00000, 0x00000000c2c00000|100%| O|  |TAMS 0x00000000c2c00000| PB 0x00000000c2b00000| Untracked 
|  44|0x00000000c2c00000, 0x00000000c2d00000, 0x00000000c2d00000|100%| O|  |TAMS 0x00000000c2d00000| PB 0x00000000c2c00000| Untracked 
|  45|0x00000000c2d00000, 0x00000000c2e00000, 0x00000000c2e00000|100%| O|  |TAMS 0x00000000c2e00000| PB 0x00000000c2d00000| Untracked 
|  46|0x00000000c2e00000, 0x00000000c2f00000, 0x00000000c2f00000|100%| O|  |TAMS 0x00000000c2f00000| PB 0x00000000c2e00000| Untracked 
|  47|0x00000000c2f00000, 0x00000000c3000000, 0x00000000c3000000|100%| O|  |TAMS 0x00000000c3000000| PB 0x00000000c2f00000| Untracked 
|  48|0x00000000c3000000, 0x00000000c3100000, 0x00000000c3100000|100%| O|  |TAMS 0x00000000c3100000| PB 0x00000000c3000000| Untracked 
|  49|0x00000000c3100000, 0x00000000c3200000, 0x00000000c3200000|100%| O|  |TAMS 0x00000000c3200000| PB 0x00000000c3100000| Untracked 
|  50|0x00000000c3200000, 0x00000000c3300000, 0x00000000c3300000|100%| O|  |TAMS 0x00000000c3300000| PB 0x00000000c3200000| Untracked 
|  51|0x00000000c3300000, 0x00000000c3400000, 0x00000000c3400000|100%| O|  |TAMS 0x00000000c3400000| PB 0x00000000c3300000| Untracked 
|  52|0x00000000c3400000, 0x00000000c3500000, 0x00000000c3500000|100%| O|  |TAMS 0x00000000c3500000| PB 0x00000000c3400000| Untracked 
|  53|0x00000000c3500000, 0x00000000c3600000, 0x00000000c3600000|100%| O|  |TAMS 0x00000000c3600000| PB 0x00000000c3500000| Untracked 
|  54|0x00000000c3600000, 0x00000000c3700000, 0x00000000c3700000|100%| O|  |TAMS 0x00000000c3700000| PB 0x00000000c3600000| Untracked 
|  55|0x00000000c3700000, 0x00000000c3800000, 0x00000000c3800000|100%| O|  |TAMS 0x00000000c3700000| PB 0x00000000c3700000| Untracked 
|  56|0x00000000c3800000, 0x00000000c3900000, 0x00000000c3900000|100%| O|  |TAMS 0x00000000c3900000| PB 0x00000000c3800000| Untracked 
|  57|0x00000000c3900000, 0x00000000c3a00000, 0x00000000c3a00000|100%|HS|  |TAMS 0x00000000c3a00000| PB 0x00000000c3900000| Complete 
|  58|0x00000000c3a00000, 0x00000000c3b00000, 0x00000000c3b00000|100%|HS|  |TAMS 0x00000000c3b00000| PB 0x00000000c3a00000| Complete 
|  59|0x00000000c3b00000, 0x00000000c3c00000, 0x00000000c3c00000|100%|HS|  |TAMS 0x00000000c3c00000| PB 0x00000000c3b00000| Complete 
|  60|0x00000000c3c00000, 0x00000000c3d00000, 0x00000000c3d00000|100%|HC|  |TAMS 0x00000000c3d00000| PB 0x00000000c3c00000| Complete 
|  61|0x00000000c3d00000, 0x00000000c3e00000, 0x00000000c3e00000|100%|HS|  |TAMS 0x00000000c3e00000| PB 0x00000000c3d00000| Complete 
|  62|0x00000000c3e00000, 0x00000000c3f00000, 0x00000000c3f00000|100%| O|  |TAMS 0x00000000c3f00000| PB 0x00000000c3e00000| Untracked 
|  63|0x00000000c3f00000, 0x00000000c4000000, 0x00000000c4000000|100%| O|  |TAMS 0x00000000c4000000| PB 0x00000000c3f00000| Untracked 
|  64|0x00000000c4000000, 0x00000000c4100000, 0x00000000c4100000|100%| O|  |TAMS 0x00000000c4000000| PB 0x00000000c4000000| Untracked 
|  65|0x00000000c4100000, 0x00000000c4200000, 0x00000000c4200000|100%| O|  |TAMS 0x00000000c4200000| PB 0x00000000c4100000| Untracked 
|  66|0x00000000c4200000, 0x00000000c4300000, 0x00000000c4300000|100%|HS|  |TAMS 0x00000000c4300000| PB 0x00000000c4200000| Complete 
|  67|0x00000000c4300000, 0x00000000c4400000, 0x00000000c4400000|100%|HS|  |TAMS 0x00000000c4400000| PB 0x00000000c4300000| Complete 
|  68|0x00000000c4400000, 0x00000000c4500000, 0x00000000c4500000|100%|HS|  |TAMS 0x00000000c4500000| PB 0x00000000c4400000| Complete 
|  69|0x00000000c4500000, 0x00000000c4600000, 0x00000000c4600000|100%| O|  |TAMS 0x00000000c4600000| PB 0x00000000c4500000| Untracked 
|  70|0x00000000c4600000, 0x00000000c4700000, 0x00000000c4700000|100%| O|  |TAMS 0x00000000c4700000| PB 0x00000000c4600000| Untracked 
|  71|0x00000000c4700000, 0x00000000c4800000, 0x00000000c4800000|100%| O|  |TAMS 0x00000000c4800000| PB 0x00000000c4700000| Untracked 
|  72|0x00000000c4800000, 0x00000000c4900000, 0x00000000c4900000|100%| O|  |TAMS 0x00000000c4900000| PB 0x00000000c4800000| Untracked 
|  73|0x00000000c4900000, 0x00000000c4a00000, 0x00000000c4a00000|100%| O|  |TAMS 0x00000000c4a00000| PB 0x00000000c4900000| Untracked 
|  74|0x00000000c4a00000, 0x00000000c4b00000, 0x00000000c4b00000|100%| O|  |TAMS 0x00000000c4b00000| PB 0x00000000c4a00000| Untracked 
|  75|0x00000000c4b00000, 0x00000000c4c00000, 0x00000000c4c00000|100%| O|  |TAMS 0x00000000c4c00000| PB 0x00000000c4b00000| Untracked 
|  76|0x00000000c4c00000, 0x00000000c4d00000, 0x00000000c4d00000|100%| O|  |TAMS 0x00000000c4d00000| PB 0x00000000c4c00000| Untracked 
|  77|0x00000000c4d00000, 0x00000000c4e00000, 0x00000000c4e00000|100%| O|  |TAMS 0x00000000c4e00000| PB 0x00000000c4d00000| Untracked 
|  78|0x00000000c4e00000, 0x00000000c4f00000, 0x00000000c4f00000|100%| O|  |TAMS 0x00000000c4f00000| PB 0x00000000c4e00000| Untracked 
|  79|0x00000000c4f00000, 0x00000000c5000000, 0x00000000c5000000|100%| O|  |TAMS 0x00000000c5000000| PB 0x00000000c4f00000| Untracked 
|  80|0x00000000c5000000, 0x00000000c5100000, 0x00000000c5100000|100%| O|  |TAMS 0x00000000c5100000| PB 0x00000000c5000000| Untracked 
|  81|0x00000000c5100000, 0x00000000c5200000, 0x00000000c5200000|100%| O|  |TAMS 0x00000000c5200000| PB 0x00000000c5100000| Untracked 
|  82|0x00000000c5200000, 0x00000000c5300000, 0x00000000c5300000|100%| O|  |TAMS 0x00000000c5300000| PB 0x00000000c5200000| Untracked 
|  83|0x00000000c5300000, 0x00000000c5400000, 0x00000000c5400000|100%|HS|  |TAMS 0x00000000c5400000| PB 0x00000000c5300000| Complete 
|  84|0x00000000c5400000, 0x00000000c5500000, 0x00000000c5500000|100%| O|  |TAMS 0x00000000c5500000| PB 0x00000000c5400000| Untracked 
|  85|0x00000000c5500000, 0x00000000c5600000, 0x00000000c5600000|100%|HS|  |TAMS 0x00000000c5600000| PB 0x00000000c5500000| Complete 
|  86|0x00000000c5600000, 0x00000000c5700000, 0x00000000c5700000|100%|HC|  |TAMS 0x00000000c5700000| PB 0x00000000c5600000| Complete 
|  87|0x00000000c5700000, 0x00000000c5800000, 0x00000000c5800000|100%| O|  |TAMS 0x00000000c5800000| PB 0x00000000c5700000| Untracked 
|  88|0x00000000c5800000, 0x00000000c5900000, 0x00000000c5900000|100%| O|  |TAMS 0x00000000c5900000| PB 0x00000000c5800000| Untracked 
|  89|0x00000000c5900000, 0x00000000c5a00000, 0x00000000c5a00000|100%| O|  |TAMS 0x00000000c5a00000| PB 0x00000000c5900000| Untracked 
|  90|0x00000000c5a00000, 0x00000000c5b00000, 0x00000000c5b00000|100%| O|  |TAMS 0x00000000c5b00000| PB 0x00000000c5a00000| Untracked 
|  91|0x00000000c5b00000, 0x00000000c5c00000, 0x00000000c5c00000|100%| O|  |TAMS 0x00000000c5c00000| PB 0x00000000c5b00000| Untracked 
|  92|0x00000000c5c00000, 0x00000000c5d00000, 0x00000000c5d00000|100%| O|  |TAMS 0x00000000c5d00000| PB 0x00000000c5c00000| Untracked 
|  93|0x00000000c5d00000, 0x00000000c5e00000, 0x00000000c5e00000|100%| O|  |TAMS 0x00000000c5e00000| PB 0x00000000c5d00000| Untracked 
|  94|0x00000000c5e00000, 0x00000000c5f00000, 0x00000000c5f00000|100%| O|  |TAMS 0x00000000c5f00000| PB 0x00000000c5e00000| Untracked 
|  95|0x00000000c5f00000, 0x00000000c6000000, 0x00000000c6000000|100%| O|  |TAMS 0x00000000c6000000| PB 0x00000000c5f00000| Untracked 
|  96|0x00000000c6000000, 0x00000000c6100000, 0x00000000c6100000|100%| O|  |TAMS 0x00000000c6100000| PB 0x00000000c6000000| Untracked 
|  97|0x00000000c6100000, 0x00000000c6200000, 0x00000000c6200000|100%| O|  |TAMS 0x00000000c6200000| PB 0x00000000c6100000| Untracked 
|  98|0x00000000c6200000, 0x00000000c6300000, 0x00000000c6300000|100%| O|  |TAMS 0x00000000c6300000| PB 0x00000000c6200000| Untracked 
|  99|0x00000000c6300000, 0x00000000c6400000, 0x00000000c6400000|100%| O|  |TAMS 0x00000000c6400000| PB 0x00000000c6300000| Untracked 
| 100|0x00000000c6400000, 0x00000000c6500000, 0x00000000c6500000|100%| O|  |TAMS 0x00000000c6500000| PB 0x00000000c6400000| Untracked 
| 101|0x00000000c6500000, 0x00000000c6600000, 0x00000000c6600000|100%| O|  |TAMS 0x00000000c6600000| PB 0x00000000c6500000| Untracked 
| 102|0x00000000c6600000, 0x00000000c6700000, 0x00000000c6700000|100%|HS|  |TAMS 0x00000000c6700000| PB 0x00000000c6600000| Complete 
| 103|0x00000000c6700000, 0x00000000c6800000, 0x00000000c6800000|100%| O|  |TAMS 0x00000000c6800000| PB 0x00000000c6700000| Untracked 
| 104|0x00000000c6800000, 0x00000000c6900000, 0x00000000c6900000|100%| O|  |TAMS 0x00000000c6900000| PB 0x00000000c6800000| Untracked 
| 105|0x00000000c6900000, 0x00000000c6a00000, 0x00000000c6a00000|100%| O|  |TAMS 0x00000000c6a00000| PB 0x00000000c6900000| Untracked 
| 106|0x00000000c6a00000, 0x00000000c6b00000, 0x00000000c6b00000|100%| O|  |TAMS 0x00000000c6b00000| PB 0x00000000c6a00000| Untracked 
| 107|0x00000000c6b00000, 0x00000000c6c00000, 0x00000000c6c00000|100%| O|  |TAMS 0x00000000c6c00000| PB 0x00000000c6b00000| Untracked 
| 108|0x00000000c6c00000, 0x00000000c6d00000, 0x00000000c6d00000|100%| O|  |TAMS 0x00000000c6d00000| PB 0x00000000c6c00000| Untracked 
| 109|0x00000000c6d00000, 0x00000000c6e00000, 0x00000000c6e00000|100%| O|  |TAMS 0x00000000c6e00000| PB 0x00000000c6d00000| Untracked 
| 110|0x00000000c6e00000, 0x00000000c6f00000, 0x00000000c6f00000|100%| O|  |TAMS 0x00000000c6f00000| PB 0x00000000c6e00000| Untracked 
| 111|0x00000000c6f00000, 0x00000000c7000000, 0x00000000c7000000|100%| O|  |TAMS 0x00000000c7000000| PB 0x00000000c6f00000| Untracked 
| 112|0x00000000c7000000, 0x00000000c7100000, 0x00000000c7100000|100%| O|  |TAMS 0x00000000c7100000| PB 0x00000000c7000000| Untracked 
| 113|0x00000000c7100000, 0x00000000c7200000, 0x00000000c7200000|100%| O|  |TAMS 0x00000000c7200000| PB 0x00000000c7100000| Untracked 
| 114|0x00000000c7200000, 0x00000000c7300000, 0x00000000c7300000|100%| O|  |TAMS 0x00000000c7300000| PB 0x00000000c7200000| Untracked 
| 115|0x00000000c7300000, 0x00000000c7400000, 0x00000000c7400000|100%| O|  |TAMS 0x00000000c7400000| PB 0x00000000c7300000| Untracked 
| 116|0x00000000c7400000, 0x00000000c7500000, 0x00000000c7500000|100%| O|  |TAMS 0x00000000c7500000| PB 0x00000000c7400000| Untracked 
| 117|0x00000000c7500000, 0x00000000c7600000, 0x00000000c7600000|100%| O|  |TAMS 0x00000000c7600000| PB 0x00000000c7500000| Untracked 
| 118|0x00000000c7600000, 0x00000000c7700000, 0x00000000c7700000|100%| O|  |TAMS 0x00000000c7700000| PB 0x00000000c7600000| Untracked 
| 119|0x00000000c7700000, 0x00000000c7800000, 0x00000000c7800000|100%| O|  |TAMS 0x00000000c7800000| PB 0x00000000c7700000| Untracked 
| 120|0x00000000c7800000, 0x00000000c7900000, 0x00000000c7900000|100%| O|  |TAMS 0x00000000c7900000| PB 0x00000000c7800000| Untracked 
| 121|0x00000000c7900000, 0x00000000c7a00000, 0x00000000c7a00000|100%| O|  |TAMS 0x00000000c7a00000| PB 0x00000000c7900000| Untracked 
| 122|0x00000000c7a00000, 0x00000000c7b00000, 0x00000000c7b00000|100%| O|  |TAMS 0x00000000c7b00000| PB 0x00000000c7a00000| Untracked 
| 123|0x00000000c7b00000, 0x00000000c7c00000, 0x00000000c7c00000|100%| O|  |TAMS 0x00000000c7c00000| PB 0x00000000c7b00000| Untracked 
| 124|0x00000000c7c00000, 0x00000000c7d00000, 0x00000000c7d00000|100%| O|  |TAMS 0x00000000c7d00000| PB 0x00000000c7c00000| Untracked 
| 125|0x00000000c7d00000, 0x00000000c7e00000, 0x00000000c7e00000|100%| O|  |TAMS 0x00000000c7e00000| PB 0x00000000c7d00000| Untracked 
| 126|0x00000000c7e00000, 0x00000000c7f00000, 0x00000000c7f00000|100%| O|  |TAMS 0x00000000c7f00000| PB 0x00000000c7e00000| Untracked 
| 127|0x00000000c7f00000, 0x00000000c8000000, 0x00000000c8000000|100%| O|  |TAMS 0x00000000c8000000| PB 0x00000000c7f00000| Untracked 
| 128|0x00000000c8000000, 0x00000000c8100000, 0x00000000c8100000|100%| O|  |TAMS 0x00000000c8100000| PB 0x00000000c8000000| Untracked 
| 129|0x00000000c8100000, 0x00000000c8200000, 0x00000000c8200000|100%| O|  |TAMS 0x00000000c8200000| PB 0x00000000c8100000| Untracked 
| 130|0x00000000c8200000, 0x00000000c8300000, 0x00000000c8300000|100%| O|  |TAMS 0x00000000c8300000| PB 0x00000000c8200000| Untracked 
| 131|0x00000000c8300000, 0x00000000c8400000, 0x00000000c8400000|100%| O|  |TAMS 0x00000000c8400000| PB 0x00000000c8300000| Untracked 
| 132|0x00000000c8400000, 0x00000000c8500000, 0x00000000c8500000|100%| O|  |TAMS 0x00000000c8500000| PB 0x00000000c8400000| Untracked 
| 133|0x00000000c8500000, 0x00000000c8600000, 0x00000000c8600000|100%| O|  |TAMS 0x00000000c8500000| PB 0x00000000c8500000| Untracked 
| 134|0x00000000c8600000, 0x00000000c8700000, 0x00000000c8700000|100%| O|  |TAMS 0x00000000c8700000| PB 0x00000000c8600000| Untracked 
| 135|0x00000000c8700000, 0x00000000c8800000, 0x00000000c8800000|100%| O|  |TAMS 0x00000000c8800000| PB 0x00000000c8700000| Untracked 
| 136|0x00000000c8800000, 0x00000000c8900000, 0x00000000c8900000|100%| O|  |TAMS 0x00000000c8900000| PB 0x00000000c8800000| Untracked 
| 137|0x00000000c8900000, 0x00000000c8a00000, 0x00000000c8a00000|100%| O|  |TAMS 0x00000000c8a00000| PB 0x00000000c8900000| Untracked 
| 138|0x00000000c8a00000, 0x00000000c8b00000, 0x00000000c8b00000|100%| O|  |TAMS 0x00000000c8b00000| PB 0x00000000c8a00000| Untracked 
| 139|0x00000000c8b00000, 0x00000000c8c00000, 0x00000000c8c00000|100%| O|  |TAMS 0x00000000c8c00000| PB 0x00000000c8b00000| Untracked 
| 140|0x00000000c8c00000, 0x00000000c8d00000, 0x00000000c8d00000|100%| O|  |TAMS 0x00000000c8d00000| PB 0x00000000c8c00000| Untracked 
| 141|0x00000000c8d00000, 0x00000000c8e00000, 0x00000000c8e00000|100%| O|  |TAMS 0x00000000c8e00000| PB 0x00000000c8d00000| Untracked 
| 142|0x00000000c8e00000, 0x00000000c8f00000, 0x00000000c8f00000|100%| O|  |TAMS 0x00000000c8f00000| PB 0x00000000c8e00000| Untracked 
| 143|0x00000000c8f00000, 0x00000000c9000000, 0x00000000c9000000|100%| O|  |TAMS 0x00000000c9000000| PB 0x00000000c8f00000| Untracked 
| 144|0x00000000c9000000, 0x00000000c9100000, 0x00000000c9100000|100%| O|  |TAMS 0x00000000c9000000| PB 0x00000000c9000000| Untracked 
| 145|0x00000000c9100000, 0x00000000c9200000, 0x00000000c9200000|100%| O|  |TAMS 0x00000000c9200000| PB 0x00000000c9100000| Untracked 
| 146|0x00000000c9200000, 0x00000000c9300000, 0x00000000c9300000|100%| O|  |TAMS 0x00000000c9300000| PB 0x00000000c9200000| Untracked 
| 147|0x00000000c9300000, 0x00000000c9400000, 0x00000000c9400000|100%| O|  |TAMS 0x00000000c9400000| PB 0x00000000c9300000| Untracked 
| 148|0x00000000c9400000, 0x00000000c9500000, 0x00000000c9500000|100%| O|  |TAMS 0x00000000c9500000| PB 0x00000000c9400000| Untracked 
| 149|0x00000000c9500000, 0x00000000c9600000, 0x00000000c9600000|100%| O|  |TAMS 0x00000000c9600000| PB 0x00000000c9500000| Untracked 
| 150|0x00000000c9600000, 0x00000000c9700000, 0x00000000c9700000|100%| O|  |TAMS 0x00000000c9700000| PB 0x00000000c9600000| Untracked 
| 151|0x00000000c9700000, 0x00000000c9800000, 0x00000000c9800000|100%|HS|  |TAMS 0x00000000c9800000| PB 0x00000000c9700000| Complete 
| 152|0x00000000c9800000, 0x00000000c9900000, 0x00000000c9900000|100%| O|  |TAMS 0x00000000c9900000| PB 0x00000000c9800000| Untracked 
| 153|0x00000000c9900000, 0x00000000c9a00000, 0x00000000c9a00000|100%| O|  |TAMS 0x00000000c9a00000| PB 0x00000000c9900000| Untracked 
| 154|0x00000000c9a00000, 0x00000000c9b00000, 0x00000000c9b00000|100%| O|  |TAMS 0x00000000c9b00000| PB 0x00000000c9a00000| Untracked 
| 155|0x00000000c9b00000, 0x00000000c9c00000, 0x00000000c9c00000|100%| O|  |TAMS 0x00000000c9c00000| PB 0x00000000c9b00000| Untracked 
| 156|0x00000000c9c00000, 0x00000000c9d00000, 0x00000000c9d00000|100%| O|  |TAMS 0x00000000c9d00000| PB 0x00000000c9c00000| Untracked 
| 157|0x00000000c9d00000, 0x00000000c9e00000, 0x00000000c9e00000|100%| O|  |TAMS 0x00000000c9e00000| PB 0x00000000c9d00000| Untracked 
| 158|0x00000000c9e00000, 0x00000000c9f00000, 0x00000000c9f00000|100%| O|  |TAMS 0x00000000c9f00000| PB 0x00000000c9e00000| Untracked 
| 159|0x00000000c9f00000, 0x00000000ca000000, 0x00000000ca000000|100%| O|  |TAMS 0x00000000ca000000| PB 0x00000000c9f00000| Untracked 
| 160|0x00000000ca000000, 0x00000000ca100000, 0x00000000ca100000|100%| O|  |TAMS 0x00000000ca100000| PB 0x00000000ca000000| Untracked 
| 161|0x00000000ca100000, 0x00000000ca200000, 0x00000000ca200000|100%| O|  |TAMS 0x00000000ca200000| PB 0x00000000ca100000| Untracked 
| 162|0x00000000ca200000, 0x00000000ca300000, 0x00000000ca300000|100%| O|  |TAMS 0x00000000ca300000| PB 0x00000000ca200000| Untracked 
| 163|0x00000000ca300000, 0x00000000ca400000, 0x00000000ca400000|100%| O|  |TAMS 0x00000000ca400000| PB 0x00000000ca300000| Untracked 
| 164|0x00000000ca400000, 0x00000000ca500000, 0x00000000ca500000|100%| O|  |TAMS 0x00000000ca500000| PB 0x00000000ca400000| Untracked 
| 165|0x00000000ca500000, 0x00000000ca600000, 0x00000000ca600000|100%| O|  |TAMS 0x00000000ca600000| PB 0x00000000ca500000| Untracked 
| 166|0x00000000ca600000, 0x00000000ca700000, 0x00000000ca700000|100%| O|  |TAMS 0x00000000ca700000| PB 0x00000000ca600000| Untracked 
| 167|0x00000000ca700000, 0x00000000ca800000, 0x00000000ca800000|100%| O|  |TAMS 0x00000000ca800000| PB 0x00000000ca700000| Untracked 
| 168|0x00000000ca800000, 0x00000000ca900000, 0x00000000ca900000|100%| O|  |TAMS 0x00000000ca900000| PB 0x00000000ca800000| Untracked 
| 169|0x00000000ca900000, 0x00000000caa00000, 0x00000000caa00000|100%| O|  |TAMS 0x00000000caa00000| PB 0x00000000ca900000| Untracked 
| 170|0x00000000caa00000, 0x00000000cab00000, 0x00000000cab00000|100%| O|  |TAMS 0x00000000caa00000| PB 0x00000000caa00000| Untracked 
| 171|0x00000000cab00000, 0x00000000cac00000, 0x00000000cac00000|100%| O|  |TAMS 0x00000000cab00000| PB 0x00000000cab00000| Untracked 
| 172|0x00000000cac00000, 0x00000000cacf3bd0, 0x00000000cad00000| 95%| O|  |TAMS 0x00000000cac00000| PB 0x00000000cac00000| Untracked 
| 173|0x00000000cad00000, 0x00000000cad00000, 0x00000000cae00000|  0%| F|  |TAMS 0x00000000cad00000| PB 0x00000000cad00000| Untracked 
| 174|0x00000000cae00000, 0x00000000cae00000, 0x00000000caf00000|  0%| F|  |TAMS 0x00000000cae00000| PB 0x00000000cae00000| Untracked 
| 175|0x00000000caf00000, 0x00000000caf00000, 0x00000000cb000000|  0%| F|  |TAMS 0x00000000caf00000| PB 0x00000000caf00000| Untracked 
| 176|0x00000000cb000000, 0x00000000cb000000, 0x00000000cb100000|  0%| F|  |TAMS 0x00000000cb000000| PB 0x00000000cb000000| Untracked 
| 177|0x00000000cb100000, 0x00000000cb100000, 0x00000000cb200000|  0%| F|  |TAMS 0x00000000cb100000| PB 0x00000000cb100000| Untracked 
| 178|0x00000000cb200000, 0x00000000cb200000, 0x00000000cb300000|  0%| F|  |TAMS 0x00000000cb200000| PB 0x00000000cb200000| Untracked 
| 179|0x00000000cb300000, 0x00000000cb300000, 0x00000000cb400000|  0%| F|  |TAMS 0x00000000cb300000| PB 0x00000000cb300000| Untracked 
| 180|0x00000000cb400000, 0x00000000cb400000, 0x00000000cb500000|  0%| F|  |TAMS 0x00000000cb400000| PB 0x00000000cb400000| Untracked 
| 181|0x00000000cb500000, 0x00000000cb500000, 0x00000000cb600000|  0%| F|  |TAMS 0x00000000cb500000| PB 0x00000000cb500000| Untracked 
| 182|0x00000000cb600000, 0x00000000cb600000, 0x00000000cb700000|  0%| F|  |TAMS 0x00000000cb600000| PB 0x00000000cb600000| Untracked 
| 183|0x00000000cb700000, 0x00000000cb700000, 0x00000000cb800000|  0%| F|  |TAMS 0x00000000cb700000| PB 0x00000000cb700000| Untracked 
| 184|0x00000000cb800000, 0x00000000cb800000, 0x00000000cb900000|  0%| F|  |TAMS 0x00000000cb800000| PB 0x00000000cb800000| Untracked 
| 185|0x00000000cb900000, 0x00000000cb900000, 0x00000000cba00000|  0%| F|  |TAMS 0x00000000cb900000| PB 0x00000000cb900000| Untracked 
| 186|0x00000000cba00000, 0x00000000cba00000, 0x00000000cbb00000|  0%| F|  |TAMS 0x00000000cba00000| PB 0x00000000cba00000| Untracked 
| 187|0x00000000cbb00000, 0x00000000cbb00000, 0x00000000cbc00000|  0%| F|  |TAMS 0x00000000cbb00000| PB 0x00000000cbb00000| Untracked 
| 188|0x00000000cbc00000, 0x00000000cbc00000, 0x00000000cbd00000|  0%| F|  |TAMS 0x00000000cbc00000| PB 0x00000000cbc00000| Untracked 
| 189|0x00000000cbd00000, 0x00000000cbd00000, 0x00000000cbe00000|  0%| F|  |TAMS 0x00000000cbd00000| PB 0x00000000cbd00000| Untracked 
| 190|0x00000000cbe00000, 0x00000000cbe00000, 0x00000000cbf00000|  0%| F|  |TAMS 0x00000000cbe00000| PB 0x00000000cbe00000| Untracked 
| 191|0x00000000cbf00000, 0x00000000cbf00000, 0x00000000cc000000|  0%| F|  |TAMS 0x00000000cbf00000| PB 0x00000000cbf00000| Untracked 
| 192|0x00000000cc000000, 0x00000000cc000000, 0x00000000cc100000|  0%| F|  |TAMS 0x00000000cc000000| PB 0x00000000cc000000| Untracked 
| 193|0x00000000cc100000, 0x00000000cc100000, 0x00000000cc200000|  0%| F|  |TAMS 0x00000000cc100000| PB 0x00000000cc100000| Untracked 
| 194|0x00000000cc200000, 0x00000000cc200000, 0x00000000cc300000|  0%| F|  |TAMS 0x00000000cc200000| PB 0x00000000cc200000| Untracked 
| 195|0x00000000cc300000, 0x00000000cc3f0078, 0x00000000cc400000| 93%| S|CS|TAMS 0x00000000cc300000| PB 0x00000000cc300000| Complete 
| 196|0x00000000cc400000, 0x00000000cc500000, 0x00000000cc500000|100%| S|CS|TAMS 0x00000000cc400000| PB 0x00000000cc400000| Complete 
| 197|0x00000000cc500000, 0x00000000cc600000, 0x00000000cc600000|100%| S|CS|TAMS 0x00000000cc500000| PB 0x00000000cc500000| Complete 
| 198|0x00000000cc600000, 0x00000000cc700000, 0x00000000cc700000|100%| S|CS|TAMS 0x00000000cc600000| PB 0x00000000cc600000| Complete 
| 199|0x00000000cc700000, 0x00000000cc800000, 0x00000000cc800000|100%| S|CS|TAMS 0x00000000cc700000| PB 0x00000000cc700000| Complete 
| 200|0x00000000cc800000, 0x00000000cc800000, 0x00000000cc900000|  0%| F|  |TAMS 0x00000000cc800000| PB 0x00000000cc800000| Untracked 
| 201|0x00000000cc900000, 0x00000000cc900000, 0x00000000cca00000|  0%| F|  |TAMS 0x00000000cc900000| PB 0x00000000cc900000| Untracked 
| 202|0x00000000cca00000, 0x00000000cca00000, 0x00000000ccb00000|  0%| F|  |TAMS 0x00000000cca00000| PB 0x00000000cca00000| Untracked 
| 203|0x00000000ccb00000, 0x00000000ccb00000, 0x00000000ccc00000|  0%| F|  |TAMS 0x00000000ccb00000| PB 0x00000000ccb00000| Untracked 
| 204|0x00000000ccc00000, 0x00000000ccc00000, 0x00000000ccd00000|  0%| F|  |TAMS 0x00000000ccc00000| PB 0x00000000ccc00000| Untracked 
| 205|0x00000000ccd00000, 0x00000000ccd00000, 0x00000000cce00000|  0%| F|  |TAMS 0x00000000ccd00000| PB 0x00000000ccd00000| Untracked 
| 206|0x00000000cce00000, 0x00000000cce00000, 0x00000000ccf00000|  0%| F|  |TAMS 0x00000000cce00000| PB 0x00000000cce00000| Untracked 
| 207|0x00000000ccf00000, 0x00000000ccf00000, 0x00000000cd000000|  0%| F|  |TAMS 0x00000000ccf00000| PB 0x00000000ccf00000| Untracked 
| 208|0x00000000cd000000, 0x00000000cd000000, 0x00000000cd100000|  0%| F|  |TAMS 0x00000000cd000000| PB 0x00000000cd000000| Untracked 
| 209|0x00000000cd100000, 0x00000000cd100000, 0x00000000cd200000|  0%| F|  |TAMS 0x00000000cd100000| PB 0x00000000cd100000| Untracked 
| 210|0x00000000cd200000, 0x00000000cd200000, 0x00000000cd300000|  0%| F|  |TAMS 0x00000000cd200000| PB 0x00000000cd200000| Untracked 
| 211|0x00000000cd300000, 0x00000000cd300000, 0x00000000cd400000|  0%| F|  |TAMS 0x00000000cd300000| PB 0x00000000cd300000| Untracked 
| 212|0x00000000cd400000, 0x00000000cd400000, 0x00000000cd500000|  0%| F|  |TAMS 0x00000000cd400000| PB 0x00000000cd400000| Untracked 
| 213|0x00000000cd500000, 0x00000000cd500000, 0x00000000cd600000|  0%| F|  |TAMS 0x00000000cd500000| PB 0x00000000cd500000| Untracked 
| 214|0x00000000cd600000, 0x00000000cd600000, 0x00000000cd700000|  0%| F|  |TAMS 0x00000000cd600000| PB 0x00000000cd600000| Untracked 
| 215|0x00000000cd700000, 0x00000000cd700000, 0x00000000cd800000|  0%| F|  |TAMS 0x00000000cd700000| PB 0x00000000cd700000| Untracked 
| 216|0x00000000cd800000, 0x00000000cd800000, 0x00000000cd900000|  0%| F|  |TAMS 0x00000000cd800000| PB 0x00000000cd800000| Untracked 
| 217|0x00000000cd900000, 0x00000000cd900000, 0x00000000cda00000|  0%| F|  |TAMS 0x00000000cd900000| PB 0x00000000cd900000| Untracked 
| 218|0x00000000cda00000, 0x00000000cda00000, 0x00000000cdb00000|  0%| F|  |TAMS 0x00000000cda00000| PB 0x00000000cda00000| Untracked 
| 219|0x00000000cdb00000, 0x00000000cdb00000, 0x00000000cdc00000|  0%| F|  |TAMS 0x00000000cdb00000| PB 0x00000000cdb00000| Untracked 
| 220|0x00000000cdc00000, 0x00000000cdc00000, 0x00000000cdd00000|  0%| F|  |TAMS 0x00000000cdc00000| PB 0x00000000cdc00000| Untracked 
| 221|0x00000000cdd00000, 0x00000000cdd00000, 0x00000000cde00000|  0%| F|  |TAMS 0x00000000cdd00000| PB 0x00000000cdd00000| Untracked 
| 222|0x00000000cde00000, 0x00000000cde00000, 0x00000000cdf00000|  0%| F|  |TAMS 0x00000000cde00000| PB 0x00000000cde00000| Untracked 
| 223|0x00000000cdf00000, 0x00000000cdf00000, 0x00000000ce000000|  0%| F|  |TAMS 0x00000000cdf00000| PB 0x00000000cdf00000| Untracked 
| 224|0x00000000ce000000, 0x00000000ce000000, 0x00000000ce100000|  0%| F|  |TAMS 0x00000000ce000000| PB 0x00000000ce000000| Untracked 
| 225|0x00000000ce100000, 0x00000000ce100000, 0x00000000ce200000|  0%| F|  |TAMS 0x00000000ce100000| PB 0x00000000ce100000| Untracked 
| 226|0x00000000ce200000, 0x00000000ce200000, 0x00000000ce300000|  0%| F|  |TAMS 0x00000000ce200000| PB 0x00000000ce200000| Untracked 
| 227|0x00000000ce300000, 0x00000000ce300000, 0x00000000ce400000|  0%| F|  |TAMS 0x00000000ce300000| PB 0x00000000ce300000| Untracked 
| 228|0x00000000ce400000, 0x00000000ce400000, 0x00000000ce500000|  0%| F|  |TAMS 0x00000000ce400000| PB 0x00000000ce400000| Untracked 
| 229|0x00000000ce500000, 0x00000000ce500000, 0x00000000ce600000|  0%| F|  |TAMS 0x00000000ce500000| PB 0x00000000ce500000| Untracked 
| 230|0x00000000ce600000, 0x00000000ce600000, 0x00000000ce700000|  0%| F|  |TAMS 0x00000000ce600000| PB 0x00000000ce600000| Untracked 
| 231|0x00000000ce700000, 0x00000000ce700000, 0x00000000ce800000|  0%| F|  |TAMS 0x00000000ce700000| PB 0x00000000ce700000| Untracked 
| 232|0x00000000ce800000, 0x00000000ce800000, 0x00000000ce900000|  0%| F|  |TAMS 0x00000000ce800000| PB 0x00000000ce800000| Untracked 
| 233|0x00000000ce900000, 0x00000000ce900000, 0x00000000cea00000|  0%| F|  |TAMS 0x00000000ce900000| PB 0x00000000ce900000| Untracked 
| 234|0x00000000cea00000, 0x00000000cea00000, 0x00000000ceb00000|  0%| F|  |TAMS 0x00000000cea00000| PB 0x00000000cea00000| Untracked 
| 235|0x00000000ceb00000, 0x00000000ceb00000, 0x00000000cec00000|  0%| F|  |TAMS 0x00000000ceb00000| PB 0x00000000ceb00000| Untracked 
| 236|0x00000000cec00000, 0x00000000cec00000, 0x00000000ced00000|  0%| F|  |TAMS 0x00000000cec00000| PB 0x00000000cec00000| Untracked 
| 237|0x00000000ced00000, 0x00000000ced00000, 0x00000000cee00000|  0%| F|  |TAMS 0x00000000ced00000| PB 0x00000000ced00000| Untracked 
| 238|0x00000000cee00000, 0x00000000cee00000, 0x00000000cef00000|  0%| F|  |TAMS 0x00000000cee00000| PB 0x00000000cee00000| Untracked 
| 239|0x00000000cef00000, 0x00000000cef00000, 0x00000000cf000000|  0%| F|  |TAMS 0x00000000cef00000| PB 0x00000000cef00000| Untracked 
| 240|0x00000000cf000000, 0x00000000cf000000, 0x00000000cf100000|  0%| F|  |TAMS 0x00000000cf000000| PB 0x00000000cf000000| Untracked 
| 241|0x00000000cf100000, 0x00000000cf100000, 0x00000000cf200000|  0%| F|  |TAMS 0x00000000cf100000| PB 0x00000000cf100000| Untracked 
| 242|0x00000000cf200000, 0x00000000cf200000, 0x00000000cf300000|  0%| F|  |TAMS 0x00000000cf200000| PB 0x00000000cf200000| Untracked 
| 243|0x00000000cf300000, 0x00000000cf300000, 0x00000000cf400000|  0%| F|  |TAMS 0x00000000cf300000| PB 0x00000000cf300000| Untracked 
| 244|0x00000000cf400000, 0x00000000cf400000, 0x00000000cf500000|  0%| F|  |TAMS 0x00000000cf400000| PB 0x00000000cf400000| Untracked 
| 245|0x00000000cf500000, 0x00000000cf500000, 0x00000000cf600000|  0%| F|  |TAMS 0x00000000cf500000| PB 0x00000000cf500000| Untracked 
| 246|0x00000000cf600000, 0x00000000cf600000, 0x00000000cf700000|  0%| F|  |TAMS 0x00000000cf600000| PB 0x00000000cf600000| Untracked 
| 247|0x00000000cf700000, 0x00000000cf700000, 0x00000000cf800000|  0%| F|  |TAMS 0x00000000cf700000| PB 0x00000000cf700000| Untracked 
| 248|0x00000000cf800000, 0x00000000cf800000, 0x00000000cf900000|  0%| F|  |TAMS 0x00000000cf800000| PB 0x00000000cf800000| Untracked 
| 249|0x00000000cf900000, 0x00000000cf900000, 0x00000000cfa00000|  0%| F|  |TAMS 0x00000000cf900000| PB 0x00000000cf900000| Untracked 
| 250|0x00000000cfa00000, 0x00000000cfa00000, 0x00000000cfb00000|  0%| F|  |TAMS 0x00000000cfa00000| PB 0x00000000cfa00000| Untracked 
| 251|0x00000000cfb00000, 0x00000000cfb00000, 0x00000000cfc00000|  0%| F|  |TAMS 0x00000000cfb00000| PB 0x00000000cfb00000| Untracked 
| 252|0x00000000cfc00000, 0x00000000cfc00000, 0x00000000cfd00000|  0%| F|  |TAMS 0x00000000cfc00000| PB 0x00000000cfc00000| Untracked 
| 253|0x00000000cfd00000, 0x00000000cfd00000, 0x00000000cfe00000|  0%| F|  |TAMS 0x00000000cfd00000| PB 0x00000000cfd00000| Untracked 
| 254|0x00000000cfe00000, 0x00000000cfe00000, 0x00000000cff00000|  0%| F|  |TAMS 0x00000000cfe00000| PB 0x00000000cfe00000| Untracked 
| 255|0x00000000cff00000, 0x00000000cff00000, 0x00000000d0000000|  0%| F|  |TAMS 0x00000000cff00000| PB 0x00000000cff00000| Untracked 
| 256|0x00000000d0000000, 0x00000000d0000000, 0x00000000d0100000|  0%| F|  |TAMS 0x00000000d0000000| PB 0x00000000d0000000| Untracked 
| 257|0x00000000d0100000, 0x00000000d0100000, 0x00000000d0200000|  0%| F|  |TAMS 0x00000000d0100000| PB 0x00000000d0100000| Untracked 
| 258|0x00000000d0200000, 0x00000000d0200000, 0x00000000d0300000|  0%| F|  |TAMS 0x00000000d0200000| PB 0x00000000d0200000| Untracked 
|1014|0x00000000ff600000, 0x00000000ff700000, 0x00000000ff700000|100%| O|  |TAMS 0x00000000ff700000| PB 0x00000000ff600000| Untracked 
|1015|0x00000000ff700000, 0x00000000ff800000, 0x00000000ff800000|100%| O|  |TAMS 0x00000000ff800000| PB 0x00000000ff700000| Untracked 
|1016|0x00000000ff800000, 0x00000000ff900000, 0x00000000ff900000|100%| O|  |TAMS 0x00000000ff900000| PB 0x00000000ff800000| Untracked 
|1017|0x00000000ff900000, 0x00000000ff900000, 0x00000000ffa00000|  0%| F|  |TAMS 0x00000000ff900000| PB 0x00000000ff900000| Untracked 
|1018|0x00000000ffa00000, 0x00000000ffb00000, 0x00000000ffb00000|100%| O|  |TAMS 0x00000000ffb00000| PB 0x00000000ffa00000| Untracked 
|1019|0x00000000ffb00000, 0x00000000ffb03480, 0x00000000ffc00000|  1%| E|  |TAMS 0x00000000ffb00000| PB 0x00000000ffb00000| Complete 
|1020|0x00000000ffc00000, 0x00000000ffd00000, 0x00000000ffd00000|100%| O|  |TAMS 0x00000000ffd00000| PB 0x00000000ffc00000| Untracked 
|1021|0x00000000ffd00000, 0x00000000ffe00000, 0x00000000ffe00000|100%| E|CS|TAMS 0x00000000ffd00000| PB 0x00000000ffd00000| Complete 
|1022|0x00000000ffe00000, 0x00000000fff00000, 0x00000000fff00000|100%| O|  |TAMS 0x00000000fff00000| PB 0x00000000ffe00000| Untracked 
|1023|0x00000000fff00000, 0x0000000100000000, 0x0000000100000000|100%| O|  |TAMS 0x0000000100000000| PB 0x00000000fff00000| Untracked 

Card table byte_map: [0x000001f259860000,0x000001f259a60000] _byte_map_base: 0x000001f259260000

Marking Bits: (CMBitMap*) 0x000001f2464921b0
 Bits: [0x000001f259a60000, 0x000001f25aa60000)

Polling page: 0x000001f244440000

Metaspace:

Usage:
  Non-class:    122.60 MB used.
      Class:     18.99 MB used.
       Both:    141.59 MB used.

Virtual space:
  Non-class space:      128.00 MB reserved,     123.75 MB ( 97%) committed,  2 nodes.
      Class space:      416.00 MB reserved,      20.12 MB (  5%) committed,  1 nodes.
             Both:      544.00 MB reserved,     143.88 MB ( 26%) committed. 

Chunk freelists:
   Non-Class:  3.67 MB
       Class:  11.91 MB
        Both:  15.58 MB

MaxMetaspaceSize: 512.00 MB
CompressedClassSpaceSize: 416.00 MB
Initial GC threshold: 21.00 MB
Current GC threshold: 214.00 MB
CDS: on
 - commit_granule_bytes: 65536.
 - commit_granule_words: 8192.
 - virtual_space_node_default_size: 8388608.
 - enlarge_chunks_in_place: 1.
 - use_allocation_guard: 0.


Internal statistics:

num_allocs_failed_limit: 6.
num_arena_births: 4208.
num_arena_deaths: 0.
num_vsnodes_births: 3.
num_vsnodes_deaths: 0.
num_space_committed: 2301.
num_space_uncommitted: 0.
num_chunks_returned_to_freelist: 6.
num_chunks_taken_from_freelist: 10412.
num_chunk_merges: 3.
num_chunk_splits: 7223.
num_chunks_enlarged: 5033.
num_inconsistent_stats: 0.

CodeHeap 'non-profiled nmethods': size=128192Kb used=8145Kb max_used=8145Kb free=120046Kb
 bounds [0x000001f251930000, 0x000001f252130000, 0x000001f259660000]
CodeHeap 'profiled nmethods': size=128192Kb used=27505Kb max_used=27505Kb free=100686Kb
 bounds [0x000001f249660000, 0x000001f24b140000, 0x000001f251390000]
CodeHeap 'non-nmethods': size=5760Kb used=2244Kb max_used=2340Kb free=3515Kb
 bounds [0x000001f251390000, 0x000001f251600000, 0x000001f251930000]
CodeCache: size=262144Kb, used=37894Kb, max_used=37990Kb, free=224247Kb
 total_blobs=14336, nmethods=13259, adapters=981, full_count=0
Compilation: enabled, stopped_count=0, restarted_count=0

Compilation events (20 events):
Event: 154.931 Thread 0x000001f25cf89120 15562       3       org.jetbrains.kotlin.ir.visitors.IrVisitorVoid::visitGetValue (13 bytes)
Event: 154.933 Thread 0x000001f25cf89120 nmethod 15562 0x000001f24b131990 code [0x000001f24b131d80, 0x000001f24b133750]
Event: 154.934 Thread 0x000001f25cf89120 15563       3       org.jetbrains.kotlin.ir.visitors.IrVisitorVoid::visitGetValue (16 bytes)
Event: 154.937 Thread 0x000001f25cf89120 nmethod 15563 0x000001f24b133f90 code [0x000001f24b134320, 0x000001f24b135880]
Event: 154.980 Thread 0x000001f25cf89120 15564       3       org.jetbrains.kotlin.ir.visitors.IrElementTransformerVoid::visitExpression (18 bytes)
Event: 154.981 Thread 0x000001f25cf89120 nmethod 15564 0x000001f24b135f10 code [0x000001f24b136140, 0x000001f24b1367d8]
Event: 154.984 Thread 0x000001f25cf89120 15565       3       org.jetbrains.kotlin.ir.declarations.IrValueParameter::accept (13 bytes)
Event: 154.985 Thread 0x000001f25cf89120 nmethod 15565 0x000001f24b136a90 code [0x000001f24b136cc0, 0x000001f24b137360]
Event: 154.987 Thread 0x000001f25cf89120 15566       3       org.jetbrains.kotlin.ir.visitors.IrTransformer::visitMemberAccess (20 bytes)
Event: 154.988 Thread 0x000001f25cf89120 nmethod 15566 0x000001f24b137610 code [0x000001f24b137840, 0x000001f24b137ee0]
Event: 154.988 Thread 0x000001f25cf89120 15567       3       org.jetbrains.kotlin.ir.expressions.impl.IrCallImpl::getSymbol (8 bytes)
Event: 154.988 Thread 0x000001f25cf89120 nmethod 15567 0x000001f24b138190 code [0x000001f24b138340, 0x000001f24b138570]
Event: 154.988 Thread 0x000001f25cf89120 15569       3       org.jetbrains.kotlin.ir.util.TransformKt::transformInPlace (70 bytes)
Event: 154.991 Thread 0x000001f25cf89120 nmethod 15569 0x000001f24b138610 code [0x000001f24b1389c0, 0x000001f24b13a120]
Event: 154.991 Thread 0x000001f25cf89120 15568       3       org.jetbrains.kotlin.ir.expressions.IrBlockBody::accept (13 bytes)
Event: 154.992 Thread 0x000001f25cf89120 nmethod 15568 0x000001f24b13a910 code [0x000001f24b13ab40, 0x000001f24b13b1e0]
Event: 154.995 Thread 0x000001f25cf89120 15570       1       org.jetbrains.kotlin.ir.expressions.impl.IrGetValueImpl::getSymbol (5 bytes)
Event: 154.995 Thread 0x000001f25cf89120 nmethod 15570 0x000001f252124310 code [0x000001f2521244a0, 0x000001f252124568]
Event: 154.995 Thread 0x000001f25cf89120 15571       3       org.jetbrains.kotlin.ir.visitors.IrElementTransformerVoid::visitDeclarationReference (16 bytes)
Event: 154.997 Thread 0x000001f25cf89120 nmethod 15571 0x000001f24b13b490 code [0x000001f24b13b740, 0x000001f24b13c318]

GC Heap History (20 events):
Event: 115.004 GC heap before
{Heap before GC invocations=48 (full 0):
 garbage-first heap   total 174080K, used 153485K [0x00000000c0000000, 0x0000000100000000)
  region size 1024K, 28 young (28672K), 6 survivors (6144K)
 Metaspace       used 103821K, committed 106176K, reserved 557056K
  class space    used 15054K, committed 16192K, reserved 425984K
}
Event: 115.046 GC heap after
{Heap after GC invocations=49 (full 0):
 garbage-first heap   total 174080K, used 141312K [0x00000000c0000000, 0x0000000100000000)
  region size 1024K, 4 young (4096K), 4 survivors (4096K)
 Metaspace       used 103821K, committed 106176K, reserved 557056K
  class space    used 15054K, committed 16192K, reserved 425984K
}
Event: 117.588 GC heap before
{Heap before GC invocations=50 (full 0):
 garbage-first heap   total 235520K, used 155648K [0x00000000c0000000, 0x0000000100000000)
  region size 1024K, 19 young (19456K), 4 survivors (4096K)
 Metaspace       used 104852K, committed 107200K, reserved 557056K
  class space    used 15172K, committed 16320K, reserved 425984K
}
Event: 117.607 GC heap after
{Heap after GC invocations=51 (full 0):
 garbage-first heap   total 235520K, used 144553K [0x00000000c0000000, 0x0000000100000000)
  region size 1024K, 2 young (2048K), 2 survivors (2048K)
 Metaspace       used 104852K, committed 107200K, reserved 557056K
  class space    used 15172K, committed 16320K, reserved 425984K
}
Event: 123.302 GC heap before
{Heap before GC invocations=51 (full 0):
 garbage-first heap   total 235520K, used 193705K [0x00000000c0000000, 0x0000000100000000)
  region size 1024K, 51 young (52224K), 2 survivors (2048K)
 Metaspace       used 110352K, committed 112640K, reserved 557056K
  class space    used 15755K, committed 16896K, reserved 425984K
}
Event: 123.321 GC heap after
{Heap after GC invocations=52 (full 0):
 garbage-first heap   total 235520K, used 146045K [0x00000000c0000000, 0x0000000100000000)
  region size 1024K, 4 young (4096K), 4 survivors (4096K)
 Metaspace       used 110352K, committed 112640K, reserved 557056K
  class space    used 15755K, committed 16896K, reserved 425984K
}
Event: 128.119 GC heap before
{Heap before GC invocations=52 (full 0):
 garbage-first heap   total 235520K, used 198269K [0x00000000c0000000, 0x0000000100000000)
  region size 1024K, 56 young (57344K), 4 survivors (4096K)
 Metaspace       used 115467K, committed 117824K, reserved 557056K
  class space    used 16225K, committed 17408K, reserved 425984K
}
Event: 128.144 GC heap after
{Heap after GC invocations=53 (full 0):
 garbage-first heap   total 235520K, used 150240K [0x00000000c0000000, 0x0000000100000000)
  region size 1024K, 7 young (7168K), 7 survivors (7168K)
 Metaspace       used 115467K, committed 117824K, reserved 557056K
  class space    used 16225K, committed 17408K, reserved 425984K
}
Event: 132.780 GC heap before
{Heap before GC invocations=54 (full 0):
 garbage-first heap   total 250880K, used 203488K [0x00000000c0000000, 0x0000000100000000)
  region size 1024K, 60 young (61440K), 7 survivors (7168K)
 Metaspace       used 122238K, committed 124608K, reserved 557056K
  class space    used 16945K, committed 18112K, reserved 425984K
}
Event: 132.809 GC heap after
{Heap after GC invocations=55 (full 0):
 garbage-first heap   total 250880K, used 153383K [0x00000000c0000000, 0x0000000100000000)
  region size 1024K, 7 young (7168K), 7 survivors (7168K)
 Metaspace       used 122238K, committed 124608K, reserved 557056K
  class space    used 16945K, committed 18112K, reserved 425984K
}
Event: 136.761 GC heap before
{Heap before GC invocations=55 (full 0):
 garbage-first heap   total 250880K, used 217895K [0x00000000c0000000, 0x0000000100000000)
  region size 1024K, 70 young (71680K), 7 survivors (7168K)
 Metaspace       used 126298K, committed 128640K, reserved 557056K
  class space    used 17358K, committed 18496K, reserved 425984K
}
Event: 136.825 GC heap after
{Heap after GC invocations=56 (full 0):
 garbage-first heap   total 250880K, used 160768K [0x00000000c0000000, 0x0000000100000000)
  region size 1024K, 9 young (9216K), 9 survivors (9216K)
 Metaspace       used 126298K, committed 128640K, reserved 557056K
  class space    used 17358K, committed 18496K, reserved 425984K
}
Event: 138.963 GC heap before
{Heap before GC invocations=56 (full 0):
 garbage-first heap   total 250880K, used 182272K [0x00000000c0000000, 0x0000000100000000)
  region size 1024K, 31 young (31744K), 9 survivors (9216K)
 Metaspace       used 129018K, committed 131392K, reserved 557056K
  class space    used 17705K, committed 18880K, reserved 425984K
}
Event: 138.998 GC heap after
{Heap after GC invocations=57 (full 0):
 garbage-first heap   total 250880K, used 163161K [0x00000000c0000000, 0x0000000100000000)
  region size 1024K, 2 young (2048K), 2 survivors (2048K)
 Metaspace       used 129018K, committed 131392K, reserved 557056K
  class space    used 17705K, committed 18880K, reserved 425984K
}
Event: 144.867 GC heap before
{Heap before GC invocations=58 (full 0):
 garbage-first heap   total 275456K, used 226649K [0x00000000c0000000, 0x0000000100000000)
  region size 1024K, 63 young (64512K), 2 survivors (2048K)
 Metaspace       used 131617K, committed 133952K, reserved 557056K
  class space    used 18012K, committed 19136K, reserved 425984K
}
Event: 144.904 GC heap after
{Heap after GC invocations=59 (full 0):
 garbage-first heap   total 275456K, used 178176K [0x00000000c0000000, 0x0000000100000000)
  region size 1024K, 8 young (8192K), 8 survivors (8192K)
 Metaspace       used 131617K, committed 133952K, reserved 557056K
  class space    used 18012K, committed 19136K, reserved 425984K
}
Event: 150.511 GC heap before
{Heap before GC invocations=59 (full 0):
 garbage-first heap   total 275456K, used 242688K [0x00000000c0000000, 0x0000000100000000)
  region size 1024K, 72 young (73728K), 8 survivors (8192K)
 Metaspace       used 137782K, committed 140096K, reserved 557056K
  class space    used 18585K, committed 19712K, reserved 425984K
}
Event: 150.567 GC heap after
{Heap after GC invocations=60 (full 0):
 garbage-first heap   total 275456K, used 183981K [0x00000000c0000000, 0x0000000100000000)
  region size 1024K, 7 young (7168K), 7 survivors (7168K)
 Metaspace       used 137782K, committed 140096K, reserved 557056K
  class space    used 18585K, committed 19712K, reserved 425984K
}
Event: 154.939 GC heap before
{Heap before GC invocations=60 (full 0):
 garbage-first heap   total 275456K, used 247469K [0x00000000c0000000, 0x0000000100000000)
  region size 1024K, 69 young (70656K), 7 survivors (7168K)
 Metaspace       used 144906K, committed 147264K, reserved 557056K
  class space    used 19438K, committed 20608K, reserved 425984K
}
Event: 154.968 GC heap after
{Heap after GC invocations=61 (full 0):
 garbage-first heap   total 275456K, used 189327K [0x00000000c0000000, 0x0000000100000000)
  region size 1024K, 5 young (5120K), 5 survivors (5120K)
 Metaspace       used 144906K, committed 147264K, reserved 557056K
  class space    used 19438K, committed 20608K, reserved 425984K
}

Dll operation events (20 events):
Event: 0.827 Attempting to load shared library C:\Users\moner\.vscode\extensions\redhat.java-1.56.0-win32-x64\jre\21.0.12.1-win32-x86_64\bin\nio.dll
Event: 0.828 Loaded shared library C:\Users\moner\.vscode\extensions\redhat.java-1.56.0-win32-x64\jre\21.0.12.1-win32-x86_64\bin\nio.dll
Event: 0.838 Attempting to load shared library C:\Users\moner\.vscode\extensions\redhat.java-1.56.0-win32-x64\jre\21.0.12.1-win32-x86_64\bin\zip.dll
Event: 0.838 Loaded shared library C:\Users\moner\.vscode\extensions\redhat.java-1.56.0-win32-x64\jre\21.0.12.1-win32-x86_64\bin\zip.dll
Event: 3.184 Attempting to load shared library C:\Users\moner\.vscode\extensions\redhat.java-1.56.0-win32-x64\jre\21.0.12.1-win32-x86_64\bin\jimage.dll
Event: 3.184 Loaded shared library C:\Users\moner\.vscode\extensions\redhat.java-1.56.0-win32-x64\jre\21.0.12.1-win32-x86_64\bin\jimage.dll
Event: 5.930 Attempting to load shared library C:\Users\moner\.vscode\extensions\redhat.java-1.56.0-win32-x64\jre\21.0.12.1-win32-x86_64\bin\verify.dll
Event: 5.990 Loaded shared library C:\Users\moner\.vscode\extensions\redhat.java-1.56.0-win32-x64\jre\21.0.12.1-win32-x86_64\bin\verify.dll
Event: 6.498 Attempting to load shared library C:\Users\moner\.gradle\native\660c5614fbf4a5f2a75b1949f50a0caf5cd603558e7d8a26e50b933a0cfb79d1\windows-amd64\native-platform.dll
Event: 6.501 Loaded shared library C:\Users\moner\.gradle\native\660c5614fbf4a5f2a75b1949f50a0caf5cd603558e7d8a26e50b933a0cfb79d1\windows-amd64\native-platform.dll
Event: 6.676 Attempting to load shared library C:\Users\moner\.gradle\native\0.2.8\x86_64-windows-gnu\gradle-fileevents.dll
Event: 6.678 Loaded shared library C:\Users\moner\.gradle\native\0.2.8\x86_64-windows-gnu\gradle-fileevents.dll
Event: 15.415 Attempting to load shared library C:\Users\moner\.vscode\extensions\redhat.java-1.56.0-win32-x64\jre\21.0.12.1-win32-x86_64\bin\management.dll
Event: 15.415 Loaded shared library C:\Users\moner\.vscode\extensions\redhat.java-1.56.0-win32-x64\jre\21.0.12.1-win32-x86_64\bin\management.dll
Event: 15.421 Attempting to load shared library C:\Users\moner\.vscode\extensions\redhat.java-1.56.0-win32-x64\jre\21.0.12.1-win32-x86_64\bin\management_ext.dll
Event: 15.423 Loaded shared library C:\Users\moner\.vscode\extensions\redhat.java-1.56.0-win32-x64\jre\21.0.12.1-win32-x86_64\bin\management_ext.dll
Event: 16.147 Attempting to load shared library C:\Users\moner\.vscode\extensions\redhat.java-1.56.0-win32-x64\jre\21.0.12.1-win32-x86_64\bin\extnet.dll
Event: 16.148 Loaded shared library C:\Users\moner\.vscode\extensions\redhat.java-1.56.0-win32-x64\jre\21.0.12.1-win32-x86_64\bin\extnet.dll
Event: 17.738 Attempting to load shared library C:\Users\moner\.vscode\extensions\redhat.java-1.56.0-win32-x64\jre\21.0.12.1-win32-x86_64\bin\sunmscapi.dll
Event: 17.742 Loaded shared library C:\Users\moner\.vscode\extensions\redhat.java-1.56.0-win32-x64\jre\21.0.12.1-win32-x86_64\bin\sunmscapi.dll

Deoptimization events (20 events):
Event: 152.965 Thread 0x000001f27cbaea10 Uncommon trap: trap_request=0xffffffde fr.pc=0x000001f2520227d8 relative=0x00000000000016d8
Event: 152.965 Thread 0x000001f27cbaea10 Uncommon trap: reason=class_check action=maybe_recompile pc=0x000001f2520227d8 method=org.jetbrains.org.objectweb.asm.ClassReader.readElementValue(Lorg/jetbrains/org/objectweb/asm/AnnotationVisitor;ILjava/lang/String;[C)I @ 398 c2
Event: 152.965 Thread 0x000001f27cbaea10 DEOPT PACKING pc=0x000001f2520227d8 sp=0x000000472e4efdc0
Event: 152.965 Thread 0x000001f27cbaea10 DEOPT UNPACKING pc=0x000001f2513e4422 sp=0x000000472e4efd50 mode 2
Event: 152.965 Thread 0x000001f27cbaea10 Uncommon trap: trap_request=0xffffffde fr.pc=0x000001f2520227d8 relative=0x00000000000016d8
Event: 152.965 Thread 0x000001f27cbaea10 Uncommon trap: reason=class_check action=maybe_recompile pc=0x000001f2520227d8 method=org.jetbrains.org.objectweb.asm.ClassReader.readElementValue(Lorg/jetbrains/org/objectweb/asm/AnnotationVisitor;ILjava/lang/String;[C)I @ 398 c2
Event: 152.965 Thread 0x000001f27cbaea10 DEOPT PACKING pc=0x000001f2520227d8 sp=0x000000472e4efdc0
Event: 152.965 Thread 0x000001f27cbaea10 DEOPT UNPACKING pc=0x000001f2513e4422 sp=0x000000472e4efd50 mode 2
Event: 152.996 Thread 0x000001f27cbaea10 Uncommon trap: trap_request=0xfffffff4 fr.pc=0x000001f2520c48b0 relative=0x0000000000000950
Event: 152.996 Thread 0x000001f27cbaea10 Uncommon trap: reason=null_check action=make_not_entrant pc=0x000001f2520c48b0 method=org.jetbrains.kotlin.fir.resolve.ToSymbolUtilsKt.toSymbol(Lorg/jetbrains/kotlin/fir/types/ConeClassLikeLookupTag;Lorg/jetbrains/kotlin/fir/FirSession;)Lorg/jetbrains/kot
Event: 152.996 Thread 0x000001f27cbaea10 DEOPT PACKING pc=0x000001f2520c48b0 sp=0x000000472e4f0b00
Event: 152.996 Thread 0x000001f27cbaea10 DEOPT UNPACKING pc=0x000001f2513e4422 sp=0x000000472e4f0aa0 mode 2
Event: 153.363 Thread 0x000001f27cbaea10 Uncommon trap: trap_request=0xffffff45 fr.pc=0x000001f2519f34c8 relative=0x0000000000000308
Event: 153.364 Thread 0x000001f27cbaea10 Uncommon trap: reason=unstable_if action=reinterpret pc=0x000001f2519f34c8 method=sun.invoke.util.VerifyType.isNullType(Ljava/lang/Class;)Z @ 3 c2
Event: 153.364 Thread 0x000001f27cbaea10 DEOPT PACKING pc=0x000001f2519f34c8 sp=0x000000472e4f15b0
Event: 153.364 Thread 0x000001f27cbaea10 DEOPT UNPACKING pc=0x000001f2513e4422 sp=0x000000472e4f14f0 mode 2
Event: 153.695 Thread 0x000001f27cbaea10 DEOPT PACKING pc=0x000001f249ca2940 sp=0x000000472e4f1110
Event: 153.695 Thread 0x000001f27cbaea10 DEOPT UNPACKING pc=0x000001f2513e4bc2 sp=0x000000472e4f0600 mode 0
Event: 153.697 Thread 0x000001f27cbaea10 DEOPT PACKING pc=0x000001f249ca2940 sp=0x000000472e4f1110
Event: 153.697 Thread 0x000001f27cbaea10 DEOPT UNPACKING pc=0x000001f2513e4bc2 sp=0x000000472e4f0600 mode 0

Classes loaded (20 events):
Event: 131.253 Loading class java/text/CharacterIterator done
Event: 131.253 Loading class java/text/StringCharacterIterator done
Event: 132.340 Loading class java/util/PriorityQueue
Event: 132.341 Loading class java/util/PriorityQueue done
Event: 137.188 Loading class java/util/AbstractList$SubList
Event: 137.189 Loading class java/util/AbstractList$SubList done
Event: 137.189 Loading class java/util/AbstractList$SubList$1
Event: 137.189 Loading class java/util/AbstractList$SubList$1 done
Event: 137.500 Loading class java/util/EnumMap$EntrySet
Event: 137.501 Loading class java/util/EnumMap$EntrySet done
Event: 137.501 Loading class java/util/EnumMap$EntryIterator
Event: 137.502 Loading class java/util/EnumMap$EnumMapIterator
Event: 137.502 Loading class java/util/EnumMap$EnumMapIterator done
Event: 137.502 Loading class java/util/EnumMap$EntryIterator done
Event: 137.502 Loading class java/util/EnumMap$EntryIterator$Entry
Event: 137.502 Loading class java/util/EnumMap$EntryIterator$Entry done
Event: 138.935 Loading class java/util/AbstractList$RandomAccessSubList
Event: 138.935 Loading class java/util/AbstractList$RandomAccessSubList done
Event: 151.742 Loading class java/lang/Short$ShortCache
Event: 151.742 Loading class java/lang/Short$ShortCache done

Classes unloaded (0 events):
No events

Classes redefined (0 events):
No events

Internal exceptions (20 events):
Event: 112.465 Thread 0x000001f27cbaea10 Exception <a 'java/lang/NoSuchMethodError'{0x00000000c8c0cb98}: 'java.lang.Object java.lang.invoke.Invokers$Holder.invokeExact_MT(java.lang.Object, java.lang.Object, long, java.lang.Object)'> (0x00000000c8c0cb98) 
thrown [s\src\hotspot\share\interpreter\linkResolver.cpp, line 773]
Event: 113.102 Thread 0x000001f27cbaea10 Exception <a 'java/lang/NoSuchMethodError'{0x00000000c8668fd8}: 'java.lang.Object java.lang.invoke.DirectMethodHandle$Holder.invokeStatic(java.lang.Object, java.lang.Object, long, long)'> (0x00000000c8668fd8) 
thrown [s\src\hotspot\share\interpreter\linkResolver.cpp, line 773]
Event: 113.117 Thread 0x000001f27cbaea10 Exception <a 'java/lang/NoSuchMethodError'{0x00000000c86c0bf8}: 'java.lang.Object java.lang.invoke.DirectMethodHandle$Holder.invokeStatic(java.lang.Object, java.lang.Object, java.lang.Object, long, java.lang.Object)'> (0x00000000c86c0bf8) 
thrown [s\src\hotspot\share\interpreter\linkResolver.cpp, line 773]
Event: 113.118 Thread 0x000001f27cbaea10 Exception <a 'java/lang/NoSuchMethodError'{0x00000000c86c9830}: 'java.lang.Object java.lang.invoke.DirectMethodHandle$Holder.newInvokeSpecial(java.lang.Object, java.lang.Object, java.lang.Object, long)'> (0x00000000c86c9830) 
thrown [s\src\hotspot\share\interpreter\linkResolver.cpp, line 773]
Event: 113.119 Thread 0x000001f27cbaea10 Exception <a 'java/lang/NoSuchMethodError'{0x00000000c86cf2f8}: 'java.lang.Object java.lang.invoke.Invokers$Holder.linkToTargetMethod(java.lang.Object, java.lang.Object, long, java.lang.Object)'> (0x00000000c86cf2f8) 
thrown [s\src\hotspot\share\interpreter\linkResolver.cpp, line 773]
Event: 113.898 Thread 0x000001f27cbaea10 Implicit null exception at 0x000001f251f339f6 to 0x000001f251f33e20
Event: 116.210 Thread 0x000001f27cbaea10 Exception <a 'java/lang/NoSuchMethodError'{0x00000000cd206a10}: 'int java.lang.invoke.DirectMethodHandle$Holder.invokeSpecial(java.lang.Object, java.lang.Object, int, int)'> (0x00000000cd206a10) 
thrown [s\src\hotspot\share\interpreter\linkResolver.cpp, line 773]
Event: 142.007 Thread 0x000001f27cbaea10 Exception <a 'java/lang/NoSuchMethodError'{0x00000000cedfa560}: 'java.lang.Object java.lang.invoke.DirectMethodHandle$Holder.invokeStatic(java.lang.Object, java.lang.Object, java.lang.Object, java.lang.Object, int, java.lang.Object, java.lang.Object)'> (0x00000000cedfa560) 
thrown [s\src\hotspot\share\interpreter\linkResolver.cpp, line 773]
Event: 142.009 Thread 0x000001f27cbaea10 Exception <a 'java/lang/NoSuchMethodError'{0x00000000cec057e8}: 'java.lang.Object java.lang.invoke.DirectMethodHandle$Holder.newInvokeSpecial(java.lang.Object, java.lang.Object, java.lang.Object, java.lang.Object, int, java.lang.Object, java.lang.Object)'> (0x00000000cec057e8) 
thrown [s\src\hotspot\share\interpreter\linkResolver.cpp, line 773]
Event: 143.879 Thread 0x000001f27cbaea10 Exception <a 'java/lang/NoSuchMethodError'{0x00000000cd19bab0}: 'java.lang.Object java.lang.invoke.DirectMethodHandle$Holder.invokeStatic(java.lang.Object, int, java.lang.Object, java.lang.Object, java.lang.Object)'> (0x00000000cd19bab0) 
thrown [s\src\hotspot\share\interpreter\linkResolver.cpp, line 773]
Event: 143.881 Thread 0x000001f27cbaea10 Exception <a 'java/lang/NoSuchMethodError'{0x00000000cd1a5400}: 'java.lang.Object java.lang.invoke.DirectMethodHandle$Holder.newInvokeSpecial(java.lang.Object, int, java.lang.Object, java.lang.Object)'> (0x00000000cd1a5400) 
thrown [s\src\hotspot\share\interpreter\linkResolver.cpp, line 773]
Event: 143.882 Thread 0x000001f27cbaea10 Exception <a 'java/lang/NoSuchMethodError'{0x00000000cd1ab700}: 'java.lang.Object java.lang.invoke.DirectMethodHandle$Holder.invokeSpecial(java.lang.Object, java.lang.Object, int, java.lang.Object, java.lang.Object)'> (0x00000000cd1ab700) 
thrown [s\src\hotspot\share\interpreter\linkResolver.cpp, line 773]
Event: 145.032 Thread 0x000001f27cbaea10 Exception <a 'java/lang/NoSuchMethodError'{0x00000000ffbb4738}: 'java.lang.Object java.lang.invoke.DirectMethodHandle$Holder.invokeStatic(java.lang.Object, int, java.lang.Object, java.lang.Object)'> (0x00000000ffbb4738) 
thrown [s\src\hotspot\share\interpreter\linkResolver.cpp, line 773]
Event: 150.476 Thread 0x000001f27cbaea10 Exception <a 'java/lang/NoSuchMethodError'{0x00000000cbe1bff0}: 'java.lang.Object java.lang.invoke.DirectMethodHandle$Holder.newInvokeSpecial(java.lang.Object, java.lang.Object, java.lang.Object, java.lang.Object, java.lang.Object, java.lang.Object, java.lang.Object, java.lang.Object, int)'> (0x00000000cbe1bff0) 
thrown [s\src\hotspot\share\interpreter\linkResolver.cpp, line 773]
Event: 150.476 Thread 0x000001f27cbaea10 Exception <a 'java/lang/NoSuchMethodError'{0x00000000cbe22a28}: 'java.lang.Object java.lang.invoke.DirectMethodHandle$Holder.invokeSpecial(java.lang.Object, java.lang.Object, java.lang.Object, java.lang.Object, java.lang.Object, java.lang.Object, java.lang.Object, java.lang.Object, java.lang.Object, int)'> (0x00000000cbe22a28) 
thrown [s\src\hotspot\share\interpreter\linkResolver.cpp, line 773]
Event: 152.996 Thread 0x000001f27cbaea10 Implicit null exception at 0x000001f2520c4000 to 0x000001f2520c48a4
Event: 153.577 Thread 0x000001f27cbaea10 Exception <a 'java/lang/NoSuchMethodError'{0x00000000ce1743d8}: 'java.lang.Object java.lang.invoke.DirectMethodHandle$Holder.newInvokeSpecial(java.lang.Object, int, java.lang.Object, int, int)'> (0x00000000ce1743d8) 
thrown [s\src\hotspot\share\interpreter\linkResolver.cpp, line 773]
Event: 153.668 Thread 0x000001f27cbaea10 Exception <a 'java/lang/NoSuchMethodError'{0x00000000ce0ef3e8}: 'java.lang.Object java.lang.invoke.DirectMethodHandle$Holder.newInvokeSpecial(java.lang.Object, int, java.lang.Object, int)'> (0x00000000ce0ef3e8) 
thrown [s\src\hotspot\share\interpreter\linkResolver.cpp, line 773]
Event: 153.669 Thread 0x000001f27cbaea10 Exception <a 'java/lang/NoSuchMethodError'{0x00000000ce0f4e08}: 'java.lang.Object java.lang.invoke.DirectMethodHandle$Holder.invokeSpecial(java.lang.Object, java.lang.Object, int, java.lang.Object, int)'> (0x00000000ce0f4e08) 
thrown [s\src\hotspot\share\interpreter\linkResolver.cpp, line 773]
Event: 154.541 Thread 0x000001f27cbaea10 Exception <a 'java/lang/NoSuchMethodError'{0x00000000ccec23e8}: 'java.lang.Object java.lang.invoke.DirectMethodHandle$Holder.invokeStaticInit(java.lang.Object, int, java.lang.Object, java.lang.Object, java.lang.Object)'> (0x00000000ccec23e8) 
thrown [s\src\hotspot\share\interpreter\linkResolver.cpp, line 773]

ZGC Phase Switch (0 events):
No events

VM Operations (20 events):
Event: 150.511 Executing safepoint VM operation: G1CollectForAllocation (G1 Evacuation Pause)
Event: 150.567 Executing safepoint VM operation: G1CollectForAllocation (G1 Evacuation Pause) done
Event: 150.586 Executing non-safepoint VM operation: HandshakeAllThreads (Deoptimize)
Event: 150.587 Executing non-safepoint VM operation: HandshakeAllThreads (Deoptimize) done
Event: 150.810 Executing non-safepoint VM operation: HandshakeAllThreads (Deoptimize)
Event: 150.811 Executing non-safepoint VM operation: HandshakeAllThreads (Deoptimize) done
Event: 151.823 Executing safepoint VM operation: Cleanup
Event: 151.863 Executing safepoint VM operation: Cleanup done
Event: 152.188 Executing non-safepoint VM operation: HandshakeAllThreads (Deoptimize)
Event: 152.189 Executing non-safepoint VM operation: HandshakeAllThreads (Deoptimize) done
Event: 153.111 Executing non-safepoint VM operation: HandshakeAllThreads (Deoptimize)
Event: 153.111 Executing non-safepoint VM operation: HandshakeAllThreads (Deoptimize) done
Event: 153.111 Executing safepoint VM operation: Cleanup
Event: 153.112 Executing safepoint VM operation: Cleanup done
Event: 153.309 Executing non-safepoint VM operation: HandshakeAllThreads (Deoptimize)
Event: 153.309 Executing non-safepoint VM operation: HandshakeAllThreads (Deoptimize) done
Event: 154.318 Executing safepoint VM operation: Cleanup
Event: 154.334 Executing safepoint VM operation: Cleanup done
Event: 154.939 Executing safepoint VM operation: G1CollectForAllocation (G1 Evacuation Pause)
Event: 154.968 Executing safepoint VM operation: G1CollectForAllocation (G1 Evacuation Pause) done

Memory protections (0 events):
No events

Nmethod flushes (20 events):
Event: 140.013 Thread 0x000001f25cef9030 flushing  nmethod 0x000001f249795b10
Event: 140.013 Thread 0x000001f25cef9030 flushing  nmethod 0x000001f24979eb90
Event: 140.013 Thread 0x000001f25cef9030 flushing  nmethod 0x000001f2497a2890
Event: 140.013 Thread 0x000001f25cef9030 flushing  nmethod 0x000001f24982cf10
Event: 140.013 Thread 0x000001f25cef9030 flushing  nmethod 0x000001f249832010
Event: 140.013 Thread 0x000001f25cef9030 flushing  nmethod 0x000001f249ae4610
Event: 140.013 Thread 0x000001f25cef9030 flushing  nmethod 0x000001f249bb3490
Event: 140.013 Thread 0x000001f25cef9030 flushing  nmethod 0x000001f249dbfc10
Event: 140.013 Thread 0x000001f25cef9030 flushing  nmethod 0x000001f249dc1690
Event: 140.013 Thread 0x000001f25cef9030 flushing  nmethod 0x000001f249fd9590
Event: 140.013 Thread 0x000001f25cef9030 flushing  nmethod 0x000001f24a032f10
Event: 140.013 Thread 0x000001f25cef9030 flushing  nmethod 0x000001f24a069690
Event: 140.013 Thread 0x000001f25cef9030 flushing  nmethod 0x000001f24a18a590
Event: 140.013 Thread 0x000001f25cef9030 flushing  nmethod 0x000001f24a345090
Event: 140.013 Thread 0x000001f25cef9030 flushing  nmethod 0x000001f24a3a2510
Event: 140.013 Thread 0x000001f25cef9030 flushing  nmethod 0x000001f24a56ca90
Event: 140.013 Thread 0x000001f25cef9030 flushing  nmethod 0x000001f24a582890
Event: 140.013 Thread 0x000001f25cef9030 flushing  nmethod 0x000001f24a5e5a90
Event: 140.013 Thread 0x000001f25cef9030 flushing  nmethod 0x000001f24a72c210
Event: 140.013 Thread 0x000001f25cef9030 flushing  nmethod 0x000001f24a922490

Events (20 events):
Event: 70.289 Thread 0x000001f27cbaea10 Thread added: 0x000001f20291a580
Event: 70.552 Thread 0x000001f20242a570 Thread exited: 0x000001f20242a570
Event: 71.134 Thread 0x000001f27cbaea10 Thread added: 0x000001f20291ac10
Event: 71.136 Thread 0x000001f27cbaea10 Thread added: 0x000001f20291d370
Event: 71.138 Thread 0x000001f27cbaea10 Thread added: 0x000001f20291da00
Event: 73.888 Thread 0x000001f27cbaea10 Thread added: 0x000001f27c69ba20
Event: 73.889 Thread 0x000001f27cbaea10 Thread added: 0x000001f27c699fe0
Event: 73.890 Thread 0x000001f27cbaea10 Thread added: 0x000001f27c69c0b0
Event: 86.996 Thread 0x000001f27cbae380 Thread added: 0x000001f27c69e810
Event: 90.777 Thread 0x000001f25cf205a0 Thread added: 0x000001f201faf940
Event: 92.469 Thread 0x000001f201faf940 Thread exited: 0x000001f201faf940
Event: 98.090 Thread 0x000001f27cbaea10 Thread added: 0x000001f27c69eea0
Event: 99.191 Thread 0x000001f27cbaea10 Thread added: 0x000001f2012d60d0
Event: 118.736 Thread 0x000001f27cbae380 Thread added: 0x000001f2030eafa0
Event: 122.364 Thread 0x000001f27cbae380 Thread added: 0x000001f2030e53c0
Event: 129.449 Thread 0x000001f202917790 Thread exited: 0x000001f202917790
Event: 139.634 Thread 0x000001f25cf205a0 Thread added: 0x000001f2034badf0
Event: 141.845 Thread 0x000001f2034badf0 Thread exited: 0x000001f2034badf0
Event: 148.190 Thread 0x000001f25cf205a0 Thread added: 0x000001f21dcdeb10
Event: 148.334 Thread 0x000001f21dcdeb10 Thread exited: 0x000001f21dcdeb10


Dynamic libraries:
0x00007ff781300000 - 0x00007ff78130e000 	C:\Users\moner\.vscode\extensions\redhat.java-1.56.0-win32-x64\jre\21.0.12.1-win32-x86_64\bin\java.exe
0x00007ff850930000 - 0x00007ff850b44000 	C:\WINDOWS\SYSTEM32\ntdll.dll
0x00007ff84f650000 - 0x00007ff84f713000 	C:\WINDOWS\System32\KERNEL32.DLL
0x00007ff84e1d0000 - 0x00007ff84e56c000 	C:\WINDOWS\System32\KERNELBASE.dll
0x00007ff84e0b0000 - 0x00007ff84e1c1000 	C:\WINDOWS\System32\ucrtbase.dll
0x00007ff846430000 - 0x00007ff846448000 	C:\Users\moner\.vscode\extensions\redhat.java-1.56.0-win32-x64\jre\21.0.12.1-win32-x86_64\bin\jli.dll
0x00007ff84f2b0000 - 0x00007ff84f45d000 	C:\WINDOWS\System32\USER32.dll
0x00007ff84e710000 - 0x00007ff84e736000 	C:\WINDOWS\System32\win32u.dll
0x00007ff84f8a0000 - 0x00007ff84f8c9000 	C:\WINDOWS\System32\GDI32.dll
0x00007ff84e5f0000 - 0x00007ff84e702000 	C:\WINDOWS\System32\gdi32full.dll
0x00007ff84df50000 - 0x00007ff84dfea000 	C:\WINDOWS\System32\msvcp_win.dll
0x00007ff83c890000 - 0x00007ff83c8ae000 	C:\Users\moner\.vscode\extensions\redhat.java-1.56.0-win32-x64\jre\21.0.12.1-win32-x86_64\bin\VCRUNTIME140.dll
0x00007ff83b860000 - 0x00007ff83baee000 	C:\WINDOWS\WinSxS\amd64_microsoft.windows.common-controls_6595b64144ccf1df_6.0.22621.608_none_a9444ca7c10bb01d\COMCTL32.dll
0x00007ff84e740000 - 0x00007ff84e7e7000 	C:\WINDOWS\System32\msvcrt.dll
0x00007ff84f270000 - 0x00007ff84f2a2000 	C:\WINDOWS\System32\IMM32.DLL
0x00007ff84abb0000 - 0x00007ff84abbc000 	C:\Users\moner\.vscode\extensions\redhat.java-1.56.0-win32-x64\jre\21.0.12.1-win32-x86_64\bin\vcruntime140_1.dll
0x00007ff817750000 - 0x00007ff8177dd000 	C:\Users\moner\.vscode\extensions\redhat.java-1.56.0-win32-x64\jre\21.0.12.1-win32-x86_64\bin\msvcp140.dll
0x00007fffd9f00000 - 0x00007fffdaca2000 	C:\Users\moner\.vscode\extensions\redhat.java-1.56.0-win32-x64\jre\21.0.12.1-win32-x86_64\bin\server\jvm.dll
0x00007ff84f5a0000 - 0x00007ff84f64e000 	C:\WINDOWS\System32\ADVAPI32.dll
0x00007ff84f4f0000 - 0x00007ff84f594000 	C:\WINDOWS\System32\sechost.dll
0x00007ff84ef50000 - 0x00007ff84f065000 	C:\WINDOWS\System32\RPCRT4.dll
0x00007ff84e7f0000 - 0x00007ff84e861000 	C:\WINDOWS\System32\WS2_32.dll
0x00007ff84cc80000 - 0x00007ff84cccd000 	C:\WINDOWS\SYSTEM32\POWRPROF.dll
0x00007ff846220000 - 0x00007ff846254000 	C:\WINDOWS\SYSTEM32\WINMM.dll
0x00007ff84ba40000 - 0x00007ff84ba4a000 	C:\WINDOWS\SYSTEM32\VERSION.dll
0x00007ff84cc60000 - 0x00007ff84cc73000 	C:\WINDOWS\SYSTEM32\UMPDC.dll
0x00007ff84ceb0000 - 0x00007ff84cec8000 	C:\WINDOWS\SYSTEM32\kernel.appcore.dll
0x00007ff83fe00000 - 0x00007ff83fe0a000 	C:\Users\moner\.vscode\extensions\redhat.java-1.56.0-win32-x64\jre\21.0.12.1-win32-x86_64\bin\jimage.dll
0x00007ff837810000 - 0x00007ff837a3e000 	C:\WINDOWS\SYSTEM32\DBGHELP.DLL
0x00007ff84fa20000 - 0x00007ff84fdaa000 	C:\WINDOWS\System32\combase.dll
0x00007ff84f8f0000 - 0x00007ff84f9c7000 	C:\WINDOWS\System32\OLEAUT32.dll
0x00007ff8377d0000 - 0x00007ff837802000 	C:\WINDOWS\SYSTEM32\dbgcore.DLL
0x00007ff84e570000 - 0x00007ff84e5eb000 	C:\WINDOWS\System32\bcryptPrimitives.dll
0x00007ff839b20000 - 0x00007ff839b2f000 	C:\Users\moner\.vscode\extensions\redhat.java-1.56.0-win32-x64\jre\21.0.12.1-win32-x86_64\bin\instrument.dll
0x00007ff832020000 - 0x00007ff832040000 	C:\Users\moner\.vscode\extensions\redhat.java-1.56.0-win32-x64\jre\21.0.12.1-win32-x86_64\bin\java.dll
0x00007ff84fdb0000 - 0x00007ff85059f000 	C:\WINDOWS\System32\SHELL32.dll
0x00007ff84bda0000 - 0x00007ff84c668000 	C:\WINDOWS\SYSTEM32\windows.storage.dll
0x00007ff84bc60000 - 0x00007ff84bd9e000 	C:\WINDOWS\SYSTEM32\wintypes.dll
0x00007ff84f720000 - 0x00007ff84f811000 	C:\WINDOWS\System32\SHCORE.dll
0x00007ff84ea40000 - 0x00007ff84ea9e000 	C:\WINDOWS\System32\shlwapi.dll
0x00007ff84dca0000 - 0x00007ff84dcc1000 	C:\WINDOWS\SYSTEM32\profapi.dll
0x00007ff824aa0000 - 0x00007ff824ab8000 	C:\Users\moner\.vscode\extensions\redhat.java-1.56.0-win32-x64\jre\21.0.12.1-win32-x86_64\bin\zip.dll
0x00007ff83e880000 - 0x00007ff83e890000 	C:\Users\moner\.vscode\extensions\redhat.java-1.56.0-win32-x64\jre\21.0.12.1-win32-x86_64\bin\net.dll
0x00007ff84b810000 - 0x00007ff84b93f000 	C:\WINDOWS\SYSTEM32\WINHTTP.dll
0x00007ff84d320000 - 0x00007ff84d389000 	C:\WINDOWS\system32\mswsock.dll
0x00007ff8217c0000 - 0x00007ff8217d6000 	C:\Users\moner\.vscode\extensions\redhat.java-1.56.0-win32-x64\jre\21.0.12.1-win32-x86_64\bin\nio.dll
0x00007ff83db10000 - 0x00007ff83db20000 	C:\Users\moner\.vscode\extensions\redhat.java-1.56.0-win32-x64\jre\21.0.12.1-win32-x86_64\bin\verify.dll
0x00007ff831a40000 - 0x00007ff831a67000 	C:\Users\moner\.gradle\native\660c5614fbf4a5f2a75b1949f50a0caf5cd603558e7d8a26e50b933a0cfb79d1\windows-amd64\native-platform.dll
0x00007ffffc960000 - 0x00007ffffc9d7000 	C:\Users\moner\.gradle\native\0.2.8\x86_64-windows-gnu\gradle-fileevents.dll
0x00007ff83c880000 - 0x00007ff83c88a000 	C:\Users\moner\.vscode\extensions\redhat.java-1.56.0-win32-x64\jre\21.0.12.1-win32-x86_64\bin\management.dll
0x00007ff831a30000 - 0x00007ff831a3c000 	C:\Users\moner\.vscode\extensions\redhat.java-1.56.0-win32-x64\jre\21.0.12.1-win32-x86_64\bin\management_ext.dll
0x00007ff84f8e0000 - 0x00007ff84f8e8000 	C:\WINDOWS\System32\PSAPI.DLL
0x00007ff84c930000 - 0x00007ff84c95d000 	C:\WINDOWS\SYSTEM32\IPHLPAPI.DLL
0x00007ff84f8d0000 - 0x00007ff84f8d9000 	C:\WINDOWS\System32\NSI.dll
0x00007ff844ca0000 - 0x00007ff844ca9000 	C:\Users\moner\.vscode\extensions\redhat.java-1.56.0-win32-x64\jre\21.0.12.1-win32-x86_64\bin\extnet.dll
0x00007ff84d570000 - 0x00007ff84d58b000 	C:\WINDOWS\SYSTEM32\CRYPTSP.dll
0x00007ff84ce20000 - 0x00007ff84ce55000 	C:\WINDOWS\system32\rsaenh.dll
0x00007ff84d410000 - 0x00007ff84d438000 	C:\WINDOWS\SYSTEM32\USERENV.dll
0x00007ff84d730000 - 0x00007ff84d758000 	C:\WINDOWS\SYSTEM32\bcrypt.dll
0x00007ff84d590000 - 0x00007ff84d59c000 	C:\WINDOWS\SYSTEM32\CRYPTBASE.dll
0x00007ff82ec50000 - 0x00007ff82ec5e000 	C:\Users\moner\.vscode\extensions\redhat.java-1.56.0-win32-x64\jre\21.0.12.1-win32-x86_64\bin\sunmscapi.dll
0x00007ff84dde0000 - 0x00007ff84df46000 	C:\WINDOWS\System32\CRYPT32.dll
0x00007ff84d700000 - 0x00007ff84d72d000 	C:\WINDOWS\SYSTEM32\ncrypt.dll
0x00007ff84d6c0000 - 0x00007ff84d6f7000 	C:\WINDOWS\SYSTEM32\NTASN1.dll
0x00007ff839b30000 - 0x00007ff839b38000 	C:\WINDOWS\system32\wshunix.dll

JVMTI agents:
C:\Users\moner\.gradle\wrapper\dists\gradle-9.3.1-all\9ot9r568e8zfvvd4mn8rbu1j0\gradle-9.3.1\lib\agents\gradle-instrumentation-agent-9.3.1.jar path:C:\Users\moner\.vscode\extensions\redhat.java-1.56.0-win32-x64\jre\21.0.12.1-win32-x86_64\bin\instrument.dll, loaded, initialized, instrumentlib options:none

dbghelp: loaded successfully - version: 4.0.5 - missing functions: none
symbol engine: initialized successfully - sym options: 0x614 - pdb path: .;C:\Users\moner\.vscode\extensions\redhat.java-1.56.0-win32-x64\jre\21.0.12.1-win32-x86_64\bin;C:\WINDOWS\SYSTEM32;C:\WINDOWS\WinSxS\amd64_microsoft.windows.common-controls_6595b64144ccf1df_6.0.22621.608_none_a9444ca7c10bb01d;C:\Users\moner\.vscode\extensions\redhat.java-1.56.0-win32-x64\jre\21.0.12.1-win32-x86_64\bin\server;C:\Users\moner\.gradle\native\660c5614fbf4a5f2a75b1949f50a0caf5cd603558e7d8a26e50b933a0cfb79d1\windows-amd64;C:\Users\moner\.gradle\native\0.2.8\x86_64-windows-gnu

VM Arguments:
jvm_args: --add-opens=java.base/java.lang=ALL-UNNAMED --add-opens=java.base/java.lang.invoke=ALL-UNNAMED --add-opens=java.base/java.util=ALL-UNNAMED --add-opens=java.prefs/java.util.prefs=ALL-UNNAMED --add-exports=jdk.compiler/com.sun.tools.javac.api=ALL-UNNAMED --add-exports=jdk.compiler/com.sun.tools.javac.util=ALL-UNNAMED --add-opens=java.base/java.util=ALL-UNNAMED --add-opens=java.prefs/java.util.prefs=ALL-UNNAMED --add-opens=java.base/java.nio.charset=ALL-UNNAMED --add-opens=java.base/java.net=ALL-UNNAMED --add-opens=java.base/java.util.concurrent=ALL-UNNAMED --add-opens=java.base/java.util.concurrent.atomic=ALL-UNNAMED --add-opens=java.xml/javax.xml.namespace=ALL-UNNAMED --add-opens=java.base/java.time=ALL-UNNAMED -XX:MaxMetaspaceSize=512m -XX:ReservedCodeCacheSize=256m -XX:+HeapDumpOnOutOfMemoryError -Xmx1G -Dfile.encoding=UTF-8 -Duser.country=LY -Duser.language=ar -Duser.variant -javaagent:C:\Users\moner\.gradle\wrapper\dists\gradle-9.3.1-all\9ot9r568e8zfvvd4mn8rbu1j0\gradle-9.3.1\lib\agents\gradle-instrumentation-agent-9.3.1.jar 
java_command: org.gradle.launcher.daemon.bootstrap.GradleDaemon 9.3.1
java_class_path (initial): C:\Users\moner\.gradle\wrapper\dists\gradle-9.3.1-all\9ot9r568e8zfvvd4mn8rbu1j0\gradle-9.3.1\lib\gradle-daemon-main-9.3.1.jar
Launcher Type: SUN_STANDARD

[Global flags]
     intx CICompilerCount                          = 3                                         {product} {ergonomic}
   size_t CompressedClassSpaceSize                 = 436207616                                 {product} {ergonomic}
     uint ConcGCThreads                            = 1                                         {product} {ergonomic}
     uint G1ConcRefinementThreads                  = 4                                         {product} {ergonomic}
   size_t G1HeapRegionSize                         = 1048576                                   {product} {ergonomic}
    uintx GCDrainStackTargetSize                   = 64                                        {product} {ergonomic}
     bool HeapDumpOnOutOfMemoryError               = true                                   {manageable} {command line}
   size_t InitialHeapSize                          = 134217728                                 {product} {ergonomic}
   size_t MarkStackSize                            = 4194304                                   {product} {ergonomic}
   size_t MaxHeapSize                              = 1073741824                                {product} {command line}
   size_t MaxMetaspaceSize                         = 536870912                                 {product} {command line}
   size_t MaxNewSize                               = 643825664                                 {product} {ergonomic}
   size_t MinHeapDeltaBytes                        = 1048576                                   {product} {ergonomic}
   size_t MinHeapSize                              = 8388608                                   {product} {ergonomic}
    uintx NonNMethodCodeHeapSize                   = 5832780                                {pd product} {ergonomic}
    uintx NonProfiledCodeHeapSize                  = 131301338                              {pd product} {ergonomic}
    uintx ProfiledCodeHeapSize                     = 131301338                              {pd product} {ergonomic}
    uintx ReservedCodeCacheSize                    = 268435456                              {pd product} {command line}
     bool SegmentedCodeCache                       = true                                      {product} {ergonomic}
   size_t SoftMaxHeapSize                          = 1073741824                             {manageable} {ergonomic}
     bool UseCompressedOops                        = true                           {product lp64_product} {ergonomic}
     bool UseG1GC                                  = true                                      {product} {ergonomic}
     bool UseLargePagesIndividualAllocation        = false                                  {pd product} {ergonomic}

Logging:
Log output configuration:
 #0: stdout all=warning uptime,level,tags foldmultilines=false
 #1: stderr all=off uptime,level,tags foldmultilines=false

Release file:
JAVA_VERSION="21.0.12.1" 
MODULES="java.base java.compiler java.datatransfer java.xml java.prefs java.desktop java.instrument java.logging java.management java.security.sasl java.naming java.rmi java.management.rmi java.net.http java.scripting java.security.jgss java.transaction.xa java.sql java.sql.rowset java.xml.crypto java.se java.smartcardio jdk.accessibility jdk.internal.jvmstat jdk.attach jdk.charsets jdk.internal.opt jdk.zipfs jdk.compiler jdk.crypto.ec jdk.crypto.cryptoki jdk.crypto.mscapi jdk.dynalink jdk.internal.ed jdk.editpad jdk.hotspot.agent jdk.httpserver jdk.internal.le jdk.internal.vm.ci jdk.internal.vm.compiler jdk.internal.vm.compiler.management jdk.jartool jdk.javadoc jdk.jcmd jdk.management jdk.management.agent jdk.jconsole jdk.jdeps jdk.jdwp.agent jdk.jdi jdk.jfr jdk.jshell jdk.jsobject jdk.jstatd jdk.localedata jdk.management.jfr jdk.naming.dns jdk.naming.rmi jdk.net jdk.nio.mapmode jdk.random jdk.sctp jdk.security.auth jdk.security.jgss jdk.unsupported jdk.unsupported.desktop jdk.xml.dom" 

Environment Variables:
PATH=C:\Python314\Scripts\;C:\Python314\;C:\Program Files\Common Files\Oracle\Java\javapath;C:\Program Files (x86)\Common Files\Oracle\Java\java8path;C:\Program Files (x86)\Common Files\Oracle\Java\javapath;C:\WINDOWS\system32;C:\WINDOWS;C:\WINDOWS\System32\Wbem;C:\WINDOWS\System32\WindowsPowerShell\v1.0\;C:\WINDOWS\System32\OpenSSH\;C:\Program Files\Java\jdk-23\bin;C:\Program Files\Git\cmd;C:\Program Files\dotnet\;C:\Program Files (x86)\Microsoft SQL Server\160\Tools\Binn\;C:\Program Files\Microsoft SQL Server\160\Tools\Binn\;C:\Program Files\Microsoft SQL Server\Client SDK\ODBC\170\Tools\Binn\;C:\Program Files\Microsoft SQL Server\160\DTS\Binn\;C:\Program Files\nodejs\;C:\ProgramData\chocolatey\bin;C:\Users\moner\AppData\Local\Microsoft\WindowsApps;C:\development\flutter\bin;C:\Users\moner\.dotnet\tools;C:\Users\moner\AppData\Roaming\npm;C:\Users\moner\AppData\Local\Programs\Microsoft VS Code\bin
USERNAME=moner
OS=Windows_NT
PROCESSOR_IDENTIFIER=Intel64 Family 6 Model 78 Stepping 3, GenuineIntel
TMP=C:\Users\moner\AppData\Local\Temp
TEMP=C:\Users\moner\AppData\Local\Temp




Periodic native trim disabled

---------------  S Y S T E M  ---------------

OS:
 Windows 11 , 64 bit Build 22621 (10.0.22621.1194)
OS uptime: 15 days 22:55 hours

CPU: total 4 (initial active 4) (2 cores per cpu, 2 threads per core) family 6 model 78 stepping 3 microcode 0xd6, cx8, cmov, fxsr, ht, mmx, 3dnowpref, sse, sse2, sse3, ssse3, sse4.1, sse4.2, popcnt, lzcnt, tsc, tscinvbit, avx, avx2, aes, erms, clmul, bmi1, bmi2, adx, fma, vzeroupper, clflush, clflushopt, rdtscp, f16c
Processor Information for the first 4 processors :
  Max Mhz: 1501, Current Mhz: 1100, Mhz Limit: 1095

Memory: 4k page, system-wide physical 8123M (351M free)
TotalPageFile size 14213M (AvailPageFile size 50M)
current process WorkingSet (physical memory assigned to process): 631M, peak: 633M
current process commit charge ("private bytes"): 666M, peak: 668M

vm_info: OpenJDK 64-Bit Server VM (21.0.12.1+1-LTS) for windows-amd64 JRE (21.0.12.1+1-LTS), built on 2026-08-18T00:00:00Z by "admin" with MS VC++ 17.12 (VS2022)

END.
