#
# There is insufficient memory for the Java Runtime Environment to continue.
# Native memory allocation (malloc) failed to allocate 1641936 bytes. Error detail: Chunk::new
# Possible reasons:
#   The system is out of physical RAM or swap space
#   This process is running with CompressedOops enabled, and the Java Heap may be blocking the growth of the native heap
# Possible solutions:
#   Reduce memory load on the system
#   Increase physical memory or swap space
#   Check if swap backing store is full
#   Decrease Java heap size (-Xmx/-Xms)
#   Decrease number of Java threads
#   Decrease Java thread stack sizes (-Xss)
#   Set larger code cache with -XX:ReservedCodeCacheSize=
#   JVM is running with Zero Based Compressed Oops mode in which the Java heap is
#     placed in the first 32GB address space. The Java Heap base address is the
#     maximum limit for the native heap growth. Please use -XX:HeapBaseMinAddress
#     to set the Java Heap base and to place the Java Heap above 32GB virtual address.
# This output file may be truncated or incomplete.
#
#  Out of Memory Error (arena.cpp:168), pid=15100, tid=7832
#
# JRE version: OpenJDK Runtime Environment (21.0.3) (build 21.0.3+-12282718-b509.11)
# Java VM: OpenJDK 64-Bit Server VM (21.0.3+-12282718-b509.11, mixed mode, tiered, compressed oops, compressed class ptrs, g1 gc, windows-amd64)
# No core dump will be written. Minidumps are not enabled by default on client versions of Windows
#

---------------  S U M M A R Y ------------

Command Line: -Dstdout.encoding=UTF-8 -Dstderr.encoding=UTF-8 --add-opens=java.base/java.lang=ALL-UNNAMED --add-opens=java.base/java.lang.invoke=ALL-UNNAMED --add-opens=java.base/java.util=ALL-UNNAMED --add-opens=java.prefs/java.util.prefs=ALL-UNNAMED --add-exports=jdk.compiler/com.sun.tools.javac.api=ALL-UNNAMED --add-exports=jdk.compiler/com.sun.tools.javac.util=ALL-UNNAMED --add-opens=java.base/java.util=ALL-UNNAMED --add-opens=java.prefs/java.util.prefs=ALL-UNNAMED --add-opens=java.base/java.nio.charset=ALL-UNNAMED --add-opens=java.base/java.net=ALL-UNNAMED --add-opens=java.base/java.util.concurrent=ALL-UNNAMED --add-opens=java.base/java.util.concurrent.atomic=ALL-UNNAMED --add-opens=java.xml/javax.xml.namespace=ALL-UNNAMED --add-opens=java.base/java.time=ALL-UNNAMED -XX:MaxMetaspaceSize=4G -XX:ReservedCodeCacheSize=512m -XX:+HeapDumpOnOutOfMemoryError -Xmx8G -Dfile.encoding=UTF-8 -Duser.country=LY -Duser.language=ar -Duser.variant -javaagent:C:\Users\moner\.gradle\wrapper\dists\gradle-9.3.1-all\9ot9r568e8zfvvd4mn8rbu1j0\gradle-9.3.1\lib\agents\gradle-instrumentation-agent-9.3.1.jar org.gradle.launcher.daemon.bootstrap.GradleDaemon 9.3.1

Host: Intel(R) Core(TM) m5-6Y54 CPU @ 1.10GHz, 4 cores, 7G,  Windows 11 , 64 bit Build 22621 (10.0.22621.1194)
Time: Tue Sep 22 00:02:10 2026  Windows 11 , 64 bit Build 22621 (10.0.22621.1194) elapsed time: 4686.425226 seconds (0d 1h 18m 6s)

---------------  T H R E A D  ---------------

Current thread (0x000001e8748bf190):  JavaThread "C2 CompilerThread0" daemon [_thread_in_native, id=7832, stack(0x000000325a500000,0x000000325a600000) (1024K)]


Current CompileTask:
C2:4686425 39108   !   4       kotlin.SynchronizedLazyImpl::getValue (87 bytes)

Stack: [0x000000325a500000,0x000000325a600000]
Native frames: (J=compiled Java code, j=interpreted, Vv=VM code, C=native code)
V  [jvm.dll+0x6cafb9]
V  [jvm.dll+0x858523]
V  [jvm.dll+0x85aa7e]
V  [jvm.dll+0x85b163]
V  [jvm.dll+0x27d356]
V  [jvm.dll+0xbf93d]
V  [jvm.dll+0xbfe73]
V  [jvm.dll+0x3b1cb1]
V  [jvm.dll+0x37e787]
V  [jvm.dll+0x37dbfa]
V  [jvm.dll+0x246b02]
V  [jvm.dll+0x2460d1]
V  [jvm.dll+0x1c5804]
V  [jvm.dll+0x25575c]
V  [jvm.dll+0x253c36]
V  [jvm.dll+0x3ec996]
V  [jvm.dll+0x800d78]
V  [jvm.dll+0x6c98cd]
C  [ucrtbase.dll+0x29363]
C  [KERNEL32.DLL+0x126bd]
C  [ntdll.dll+0x5dfb8]


---------------  P R O C E S S  ---------------

Threads class SMR info:
_java_thread_list=0x000001e806823700, length=88, elements={
0x000001e842c06e30, 0x000001e8748d4eb0, 0x000001e8748d5910, 0x000001e8748d7e00,
0x000001e8748d8860, 0x000001e8748bd9a0, 0x000001e8748be400, 0x000001e8748bf190,
0x000001e8748c1d70, 0x000001e874a2efa0, 0x000001e874b89e70, 0x000001e87a7b81a0,
0x000001e87a7ce5d0, 0x000001e87a97a690, 0x000001e87a96ebe0, 0x000001e87a9719d0,
0x000001e87a96f270, 0x000001e87b4e3050, 0x000001e87b4dfbd0, 0x000001e87b4e4a90,
0x000001e87e8a3ab0, 0x000001e8007898c0, 0x000001e80078cd40, 0x000001e800788ba0,
0x000001e800785db0, 0x000001e8007877f0, 0x000001e800789230, 0x000001e80078d3d0,
0x000001e800789f50, 0x000001e800787e80, 0x000001e80078a5e0, 0x000001e800786440,
0x000001e80078ac70, 0x000001e80078b300, 0x000001e800786ad0, 0x000001e80078b990,
0x000001e80078c020, 0x000001e800788510, 0x000001e800787160, 0x000001e806b4b8b0,
0x000001e806b47710, 0x000001e806b47080, 0x000001e806b4cc60, 0x000001e806b49150,
0x000001e806b4d2f0, 0x000001e806b48ac0, 0x000001e806b497e0, 0x000001e806b4d980,
0x000001e806b49e70, 0x000001e806b4a500, 0x000001e806b4b220, 0x000001e806b4ab90,
0x000001e806b4c5d0, 0x000001e87e8a82e0, 0x000001e87e8a5b80, 0x000001e87e8a4140,
0x000001e87e8a68a0, 0x000001e87e8a9000, 0x000001e87e8a47d0, 0x000001e87a96ff90,
0x000001e87a972060, 0x000001e87a971340, 0x000001e87b4e29c0, 0x000001e87b4e3d70,
0x000001e87ded3210, 0x000001e87ded52e0, 0x000001e87bc9df30, 0x000001e87bc9b7d0,
0x000001e801014130, 0x000001e806b4e010, 0x000001e806b4bf40, 0x000001e87b4e64d0,
0x000001e8008b9d60, 0x000001e801016f20, 0x000001e87dd11830, 0x000001e87dd166f0,
0x000001e87dd159d0, 0x000001e87dd13900, 0x000001e87dd18130, 0x000001e87dd187c0,
0x000001e87dd13f90, 0x000001e87dd18e50, 0x000001e87dd14620, 0x000001e87dd17aa0,
0x000001e87dd1a890, 0x000001e87dd194e0, 0x000001e87dd15340, 0x000001e87dd14cb0
}

Java Threads: ( => current thread )
  0x000001e842c06e30 JavaThread "main"                              [_thread_blocked, id=6692, stack(0x0000003259600000,0x0000003259700000) (1024K)]
  0x000001e8748d4eb0 JavaThread "Reference Handler"          daemon [_thread_blocked, id=11772, stack(0x0000003259f00000,0x000000325a000000) (1024K)]
  0x000001e8748d5910 JavaThread "Finalizer"                  daemon [_thread_blocked, id=14540, stack(0x000000325a000000,0x000000325a100000) (1024K)]
  0x000001e8748d7e00 JavaThread "Signal Dispatcher"          daemon [_thread_blocked, id=7672, stack(0x000000325a100000,0x000000325a200000) (1024K)]
  0x000001e8748d8860 JavaThread "Attach Listener"            daemon [_thread_blocked, id=7468, stack(0x000000325a200000,0x000000325a300000) (1024K)]
  0x000001e8748bd9a0 JavaThread "Service Thread"             daemon [_thread_blocked, id=17676, stack(0x000000325a300000,0x000000325a400000) (1024K)]
  0x000001e8748be400 JavaThread "Monitor Deflation Thread"   daemon [_thread_blocked, id=12800, stack(0x000000325a400000,0x000000325a500000) (1024K)]
=>0x000001e8748bf190 JavaThread "C2 CompilerThread0"         daemon [_thread_in_native, id=7832, stack(0x000000325a500000,0x000000325a600000) (1024K)]
  0x000001e8748c1d70 JavaThread "C1 CompilerThread0"         daemon [_thread_blocked, id=17212, stack(0x000000325a600000,0x000000325a700000) (1024K)]
  0x000001e874a2efa0 JavaThread "Common-Cleaner"             daemon [_thread_blocked, id=8428, stack(0x000000325a700000,0x000000325a800000) (1024K)]
  0x000001e874b89e70 JavaThread "Notification Thread"        daemon [_thread_blocked, id=15184, stack(0x000000325a800000,0x000000325a900000) (1024K)]
  0x000001e87a7b81a0 JavaThread "Daemon health stats"               [_thread_blocked, id=18340, stack(0x000000325ad00000,0x000000325ae00000) (1024K)]
  0x000001e87a7ce5d0 JavaThread "Incoming local TCP Connector on port 10970"        [_thread_in_native, id=6108, stack(0x000000325ac00000,0x000000325ad00000) (1024K)]
  0x000001e87a97a690 JavaThread "Daemon periodic checks"            [_thread_blocked, id=13044, stack(0x000000325ae00000,0x000000325af00000) (1024K)]
  0x000001e87a96ebe0 JavaThread "Cache worker for journal cache (C:\Users\moner\.gradle\caches\journal-1)"        [_thread_blocked, id=18256, stack(0x000000325af00000,0x000000325b000000) (1024K)]
  0x000001e87a9719d0 JavaThread "File lock request listener"        [_thread_in_native, id=12324, stack(0x000000325b700000,0x000000325b800000) (1024K)]
  0x000001e87a96f270 JavaThread "Cache worker for file hash cache (C:\Users\moner\.gradle\caches\9.3.1\fileHashes)"        [_thread_blocked, id=17084, stack(0x000000325b900000,0x000000325ba00000) (1024K)]
  0x000001e87b4e3050 JavaThread "File watcher server"        daemon [_thread_in_native, id=15672, stack(0x000000325bc00000,0x000000325bd00000) (1024K)]
  0x000001e87b4dfbd0 JavaThread "File watcher consumer"      daemon [_thread_blocked, id=13368, stack(0x000000325bd00000,0x000000325be00000) (1024K)]
  0x000001e87b4e4a90 JavaThread "Cache worker for file content cache (C:\Users\moner\.gradle\caches\9.3.1\fileContent)"        [_thread_blocked, id=4428, stack(0x000000325be00000,0x000000325bf00000) (1024K)]
  0x000001e87e8a3ab0 JavaThread "Memory manager"                    [_thread_blocked, id=10732, stack(0x000000325c600000,0x000000325c700000) (1024K)]
  0x000001e8007898c0 JavaThread "Daemon Thread 3"                   [_thread_blocked, id=10088, stack(0x0000003259400000,0x0000003259500000) (1024K)]
  0x000001e80078cd40 JavaThread "Handler for socket connection from /127.0.0.1:10970 to /127.0.0.1:3519"        [_thread_in_native, id=15448, stack(0x0000003259500000,0x0000003259600000) (1024K)]
  0x000001e800788ba0 JavaThread "Cancel handler"                    [_thread_blocked, id=15036, stack(0x0000003259e00000,0x0000003259f00000) (1024K)]
  0x000001e800785db0 JavaThread "Daemon worker Thread 3"            [_thread_blocked, id=12508, stack(0x000000325b000000,0x000000325b100000) (1024K)]
  0x000001e8007877f0 JavaThread "Asynchronous log dispatcher for DefaultDaemonConnection: socket connection from /127.0.0.1:10970 to /127.0.0.1:3519"        [_thread_blocked, id=7860, stack(0x000000325b100000,0x000000325b200000) (1024K)]
  0x000001e800789230 JavaThread "Stdin handler"                     [_thread_blocked, id=2184, stack(0x000000325b200000,0x000000325b300000) (1024K)]
  0x000001e80078d3d0 JavaThread "Daemon client event forwarder"        [_thread_blocked, id=14124, stack(0x000000325b300000,0x000000325b400000) (1024K)]
  0x000001e800789f50 JavaThread "Cache worker for file hash cache (D:\M\test\android\.gradle\9.3.1\fileHashes)"        [_thread_blocked, id=16824, stack(0x000000325b400000,0x000000325b500000) (1024K)]
  0x000001e800787e80 JavaThread "Cache worker for Build Output Cleanup Cache (D:\M\test\android\.gradle\buildOutputCleanup)"        [_thread_blocked, id=17720, stack(0x000000325b500000,0x000000325b600000) (1024K)]
  0x000001e80078a5e0 JavaThread "Cache worker for checksums cache (D:\M\test\android\.gradle\9.3.1\checksums)"        [_thread_blocked, id=8860, stack(0x000000325b600000,0x000000325b700000) (1024K)]
  0x000001e800786440 JavaThread "Cache worker for cache directory md-supplier (C:\Users\moner\.gradle\caches\9.3.1\md-supplier)"        [_thread_blocked, id=4732, stack(0x000000325b800000,0x000000325b900000) (1024K)]
  0x000001e80078ac70 JavaThread "Cache worker for cache directory md-rule (C:\Users\moner\.gradle\caches\9.3.1\md-rule)"        [_thread_blocked, id=16776, stack(0x000000325ba00000,0x000000325bb00000) (1024K)]
  0x000001e80078b300 JavaThread "Cache worker for Build Output Cleanup Cache (D:\flutter_windows_3.47.5-stable\flutter\packages\flutter_tools\gradle\.gradle\buildOutputCleanup)"        [_thread_blocked, id=14220, stack(0x000000325bf00000,0x000000325c000000) (1024K)]
  0x000001e800786ad0 JavaThread "Unconstrained build operations"        [_thread_blocked, id=9140, stack(0x000000325bb00000,0x000000325bc00000) (1024K)]
  0x000001e80078b990 JavaThread "Unconstrained build operations Thread 2"        [_thread_blocked, id=14016, stack(0x000000325c000000,0x000000325c100000) (1024K)]
  0x000001e80078c020 JavaThread "Unconstrained build operations Thread 3"        [_thread_blocked, id=5028, stack(0x000000325c100000,0x000000325c200000) (1024K)]
  0x000001e800788510 JavaThread "Unconstrained build operations Thread 4"        [_thread_blocked, id=9112, stack(0x000000325c200000,0x000000325c300000) (1024K)]
  0x000001e800787160 JavaThread "Unconstrained build operations Thread 5"        [_thread_blocked, id=13576, stack(0x000000325c300000,0x000000325c400000) (1024K)]
  0x000001e806b4b8b0 JavaThread "Unconstrained build operations Thread 6"        [_thread_blocked, id=14516, stack(0x000000325c400000,0x000000325c500000) (1024K)]
  0x000001e806b47710 JavaThread "build event listener"              [_thread_blocked, id=6540, stack(0x000000325c500000,0x000000325c600000) (1024K)]
  0x000001e806b47080 JavaThread "Execution worker"                  [_thread_blocked, id=4940, stack(0x000000325c800000,0x000000325c900000) (1024K)]
  0x000001e806b4cc60 JavaThread "Execution worker Thread 2"         [_thread_blocked, id=5876, stack(0x000000325c900000,0x000000325ca00000) (1024K)]
  0x000001e806b49150 JavaThread "Execution worker Thread 3"         [_thread_blocked, id=3232, stack(0x000000325ca00000,0x000000325cb00000) (1024K)]
  0x000001e806b4d2f0 JavaThread "Cache worker for execution history cache (D:\flutter_windows_3.47.5-stable\flutter\packages\flutter_tools\gradle\.gradle\9.3.1\executionHistory)"        [_thread_blocked, id=8060, stack(0x000000325cb00000,0x000000325cc00000) (1024K)]
  0x000001e806b48ac0 JavaThread "Unconstrained build operations Thread 7"        [_thread_blocked, id=17428, stack(0x000000325cc00000,0x000000325cd00000) (1024K)]
  0x000001e806b497e0 JavaThread "Unconstrained build operations Thread 8"        [_thread_blocked, id=14992, stack(0x000000325cd00000,0x000000325ce00000) (1024K)]
  0x000001e806b4d980 JavaThread "Unconstrained build operations Thread 9"        [_thread_blocked, id=13016, stack(0x000000325ce00000,0x000000325cf00000) (1024K)]
  0x000001e806b49e70 JavaThread "Unconstrained build operations Thread 10"        [_thread_blocked, id=7524, stack(0x000000325d200000,0x000000325d300000) (1024K)]
  0x000001e806b4a500 JavaThread "Unconstrained build operations Thread 11"        [_thread_blocked, id=7988, stack(0x000000325d300000,0x000000325d400000) (1024K)]
  0x000001e806b4b220 JavaThread "Unconstrained build operations Thread 12"        [_thread_blocked, id=9316, stack(0x000000325d400000,0x000000325d500000) (1024K)]
  0x000001e806b4ab90 JavaThread "Unconstrained build operations Thread 13"        [_thread_blocked, id=16484, stack(0x000000325d600000,0x000000325d700000) (1024K)]
  0x000001e806b4c5d0 JavaThread "Unconstrained build operations Thread 14"        [_thread_blocked, id=4684, stack(0x000000325d700000,0x000000325d800000) (1024K)]
  0x000001e87e8a82e0 JavaThread "Unconstrained build operations Thread 15"        [_thread_blocked, id=5268, stack(0x000000325d800000,0x000000325d900000) (1024K)]
  0x000001e87e8a5b80 JavaThread "Unconstrained build operations Thread 16"        [_thread_blocked, id=1416, stack(0x000000325d500000,0x000000325d600000) (1024K)]
  0x000001e87e8a4140 JavaThread "Unconstrained build operations Thread 17"        [_thread_blocked, id=6884, stack(0x000000325d900000,0x000000325da00000) (1024K)]
  0x000001e87e8a68a0 JavaThread "Unconstrained build operations Thread 18"        [_thread_blocked, id=14216, stack(0x000000325da00000,0x000000325db00000) (1024K)]
  0x000001e87e8a9000 JavaThread "Unconstrained build operations Thread 19"        [_thread_blocked, id=6704, stack(0x000000325db00000,0x000000325dc00000) (1024K)]
  0x000001e87e8a47d0 JavaThread "Unconstrained build operations Thread 20"        [_thread_blocked, id=16936, stack(0x000000325dc00000,0x000000325dd00000) (1024K)]
  0x000001e87a96ff90 JavaThread "Unconstrained build operations Thread 21"        [_thread_blocked, id=4744, stack(0x000000325d100000,0x000000325d200000) (1024K)]
  0x000001e87a972060 JavaThread "Unconstrained build operations Thread 22"        [_thread_blocked, id=1304, stack(0x000000325dd00000,0x000000325de00000) (1024K)]
  0x000001e87a971340 JavaThread "Unconstrained build operations Thread 23"        [_thread_blocked, id=17964, stack(0x000000325de00000,0x000000325df00000) (1024K)]
  0x000001e87b4e29c0 JavaThread "Unconstrained build operations Thread 24"        [_thread_blocked, id=15152, stack(0x000000325df00000,0x000000325e000000) (1024K)]
  0x000001e87b4e3d70 JavaThread "Unconstrained build operations Thread 25"        [_thread_blocked, id=15764, stack(0x000000325e100000,0x000000325e200000) (1024K)]
  0x000001e87ded3210 JavaThread "Unconstrained build operations Thread 26"        [_thread_blocked, id=10596, stack(0x000000325e300000,0x000000325e400000) (1024K)]
  0x000001e87ded52e0 JavaThread "Unconstrained build operations Thread 27"        [_thread_blocked, id=6304, stack(0x000000325e400000,0x000000325e500000) (1024K)]
  0x000001e87bc9df30 JavaThread "WorkerExecutor Queue"              [_thread_blocked, id=17256, stack(0x000000325e500000,0x000000325e600000) (1024K)]
  0x000001e87bc9b7d0 JavaThread "RMI Scheduler(0)"           daemon [_thread_blocked, id=4808, stack(0x000000325e200000,0x000000325e300000) (1024K)]
  0x000001e801014130 JavaThread "RMI GC Daemon"              daemon [_thread_blocked, id=16904, stack(0x000000325e700000,0x000000325e800000) (1024K)]
  0x000001e806b4e010 JavaThread "RMI TCP Accept-0"           daemon [_thread_in_native, id=16312, stack(0x000000325e800000,0x000000325e900000) (1024K)]
  0x000001e806b4bf40 JavaThread "RMI Reaper"                        [_thread_blocked, id=12760, stack(0x000000325e900000,0x000000325ea00000) (1024K)]
  0x000001e87b4e64d0 JavaThread "Unconstrained build operations Thread 28"        [_thread_blocked, id=18236, stack(0x000000325e000000,0x000000325e100000) (1024K)]
  0x000001e8008b9d60 JavaThread "Unconstrained build operations Thread 29"        [_thread_blocked, id=13872, stack(0x000000325ea00000,0x000000325eb00000) (1024K)]
  0x000001e801016f20 JavaThread "Unconstrained build operations Thread 30"        [_thread_blocked, id=8900, stack(0x000000325eb00000,0x000000325ec00000) (1024K)]
  0x000001e87dd11830 JavaThread "Unconstrained build operations Thread 31"        [_thread_blocked, id=12952, stack(0x000000325ec00000,0x000000325ed00000) (1024K)]
  0x000001e87dd166f0 JavaThread "Unconstrained build operations Thread 32"        [_thread_blocked, id=9764, stack(0x000000325ed00000,0x000000325ee00000) (1024K)]
  0x000001e87dd159d0 JavaThread "Unconstrained build operations Thread 33"        [_thread_blocked, id=7292, stack(0x000000325ee00000,0x000000325ef00000) (1024K)]
  0x000001e87dd13900 JavaThread "Unconstrained build operations Thread 34"        [_thread_blocked, id=2328, stack(0x000000325ef00000,0x000000325f000000) (1024K)]
  0x000001e87dd18130 JavaThread "Unconstrained build operations Thread 35"        [_thread_blocked, id=10280, stack(0x000000325f000000,0x000000325f100000) (1024K)]
  0x000001e87dd187c0 JavaThread "Unconstrained build operations Thread 36"        [_thread_blocked, id=11020, stack(0x000000325f100000,0x000000325f200000) (1024K)]
  0x000001e87dd13f90 JavaThread "Unconstrained build operations Thread 37"        [_thread_blocked, id=8984, stack(0x000000325f200000,0x000000325f300000) (1024K)]
  0x000001e87dd18e50 JavaThread "Unconstrained build operations Thread 38"        [_thread_blocked, id=9212, stack(0x000000325f300000,0x000000325f400000) (1024K)]
  0x000001e87dd14620 JavaThread "Unconstrained build operations Thread 39"        [_thread_blocked, id=9172, stack(0x000000325f400000,0x000000325f500000) (1024K)]
  0x000001e87dd17aa0 JavaThread "Unconstrained build operations Thread 40"        [_thread_blocked, id=16092, stack(0x000000325f500000,0x000000325f600000) (1024K)]
  0x000001e87dd1a890 JavaThread "File lock release action executor Thread 9"        [_thread_blocked, id=2912, stack(0x000000325c700000,0x000000325c800000) (1024K)]
  0x000001e87dd194e0 JavaThread "File lock release action executor Thread 10"        [_thread_blocked, id=12692, stack(0x000000325d000000,0x000000325d100000) (1024K)]
  0x000001e87dd15340 JavaThread "File lock release action executor Thread 11"        [_thread_blocked, id=6720, stack(0x000000325f700000,0x000000325f800000) (1024K)]
  0x000001e87dd14cb0 JavaThread "File lock release action executor Thread 12"        [_thread_blocked, id=9992, stack(0x000000325e600000,0x000000325e700000) (1024K)]
Total: 88

Other Threads:
  0x000001e87450eb60 VMThread "VM Thread"                           [id=7856, stack(0x0000003259d00000,0x0000003259e00000) (1024K)]
  0x000001e874477840 WatcherThread "VM Periodic Task Thread"        [id=18104, stack(0x0000003259c00000,0x0000003259d00000) (1024K)]
  0x000001e844f43c30 WorkerThread "GC Thread#0"                     [id=17016, stack(0x0000003259700000,0x0000003259800000) (1024K)]
  0x000001e87907eb70 WorkerThread "GC Thread#1"                     [id=6272, stack(0x000000325a900000,0x000000325aa00000) (1024K)]
  0x000001e879060ed0 WorkerThread "GC Thread#2"                     [id=3568, stack(0x000000325aa00000,0x000000325ab00000) (1024K)]
  0x000001e87910d3a0 WorkerThread "GC Thread#3"                     [id=12432, stack(0x000000325ab00000,0x000000325ac00000) (1024K)]
  0x000001e844f54c20 ConcurrentGCThread "G1 Main Marker"            [id=8276, stack(0x0000003259800000,0x0000003259900000) (1024K)]
  0x000001e844f55d60 WorkerThread "G1 Conc#0"                       [id=944, stack(0x0000003259900000,0x0000003259a00000) (1024K)]
  0x000001e8743458b0 ConcurrentGCThread "G1 Refine#0"               [id=16924, stack(0x0000003259a00000,0x0000003259b00000) (1024K)]
  0x000001e8743486d0 ConcurrentGCThread "G1 Service"                [id=11552, stack(0x0000003259b00000,0x0000003259c00000) (1024K)]
Total: 10

Threads with active compile tasks:
C2 CompilerThread0  4686635 39108   !   4       kotlin.SynchronizedLazyImpl::getValue (87 bytes)
Total: 1

VM state: not at safepoint (normal execution)

VM Mutex/Monitor currently owned by a thread: None

Heap address: 0x0000000600000000, size: 8192 MB, Compressed Oops mode: Zero based, Oop shift amount: 3

CDS archive(s) not mapped
Compressed class space mapped at: 0x0000000800000000-0x0000000840000000, reserved size: 1073741824
Narrow klass base: 0x0000000800000000, Narrow klass shift: 0, Narrow klass range: 0x40000000

GC Precious Log:
 CardTable entry size: 512
 Card Set container configuration: InlinePtr #cards 4 size 8 Array Of Cards #cards 32 size 80 Howl #buckets 8 coarsen threshold 7372 Howl Bitmap #cards 1024 size 144 coarsen threshold 921 Card regions per heap region 1 cards per card region 8192
 CPUs: 4 total, 4 available
 Memory: 8123M
 Large Page Support: Disabled
 NUMA Support: Disabled
 Compressed Oops: Enabled (Zero based)
 Heap Region Size: 4M
 Heap Min Capacity: 8M
 Heap Initial Capacity: 128M
 Heap Max Capacity: 8G
 Pre-touch: Disabled
 Parallel Workers: 4
 Concurrent Workers: 1
 Concurrent Refinement Workers: 4
 Periodic GC: Disabled

Heap:
 garbage-first heap   total 602112K, used 435595K [0x0000000600000000, 0x0000000800000000)
  region size 4096K, 74 young (303104K), 4 survivors (16384K)
 Metaspace       used 183583K, committed 185920K, reserved 1245184K
  class space    used 22791K, committed 23936K, reserved 1048576K

Heap Regions: E=young(eden), S=young(survivor), O=old, HS=humongous(starts), HC=humongous(continues), CS=collection set, F=free, TAMS=top-at-mark-start, PB=parsable bottom
|   0|0x0000000600000000, 0x0000000600400000, 0x0000000600400000|100%|HS|  |TAMS 0x0000000600000000| PB 0x0000000600000000| Complete 
|   1|0x0000000600400000, 0x0000000600800000, 0x0000000600800000|100%| O|  |TAMS 0x0000000600400000| PB 0x0000000600400000| Untracked 
|   2|0x0000000600800000, 0x0000000600c00000, 0x0000000600c00000|100%| O|  |TAMS 0x0000000600800000| PB 0x0000000600800000| Untracked 
|   3|0x0000000600c00000, 0x0000000601000000, 0x0000000601000000|100%| O|  |TAMS 0x0000000600c00000| PB 0x0000000600c00000| Untracked 
|   4|0x0000000601000000, 0x0000000601400000, 0x0000000601400000|100%| O|  |TAMS 0x0000000601000000| PB 0x0000000601000000| Untracked 
|   5|0x0000000601400000, 0x0000000601800000, 0x0000000601800000|100%| O|  |TAMS 0x0000000601400000| PB 0x0000000601400000| Untracked 
|   6|0x0000000601800000, 0x0000000601c00000, 0x0000000601c00000|100%| O|  |TAMS 0x0000000601800000| PB 0x0000000601800000| Untracked 
|   7|0x0000000601c00000, 0x0000000602000000, 0x0000000602000000|100%| O|  |TAMS 0x0000000601c00000| PB 0x0000000601c00000| Untracked 
|   8|0x0000000602000000, 0x0000000602400000, 0x0000000602400000|100%| O|  |TAMS 0x0000000602000000| PB 0x0000000602000000| Untracked 
|   9|0x0000000602400000, 0x00000006027bfda0, 0x0000000602800000| 93%| O|  |TAMS 0x0000000602400000| PB 0x0000000602400000| Untracked 
|  10|0x0000000602800000, 0x0000000602c00000, 0x0000000602c00000|100%| O|  |TAMS 0x0000000602800000| PB 0x0000000602800000| Untracked 
|  11|0x0000000602c00000, 0x0000000603000000, 0x0000000603000000|100%| O|Cm|TAMS 0x0000000602c00000| PB 0x0000000602c00000| Complete 
|  12|0x0000000603000000, 0x0000000603400000, 0x0000000603400000|100%|HS|  |TAMS 0x0000000603000000| PB 0x0000000603000000| Complete 
|  13|0x0000000603400000, 0x0000000603800000, 0x0000000603800000|100%| O|  |TAMS 0x0000000603400000| PB 0x0000000603400000| Untracked 
|  14|0x0000000603800000, 0x0000000603c00000, 0x0000000603c00000|100%| O|  |TAMS 0x0000000603800000| PB 0x0000000603800000| Untracked 
|  15|0x0000000603c00000, 0x0000000604000000, 0x0000000604000000|100%| O|  |TAMS 0x0000000603c00000| PB 0x0000000603c00000| Untracked 
|  16|0x0000000604000000, 0x0000000604400000, 0x0000000604400000|100%| O|  |TAMS 0x0000000604000000| PB 0x0000000604000000| Untracked 
|  17|0x0000000604400000, 0x0000000604800000, 0x0000000604800000|100%| O|  |TAMS 0x0000000604400000| PB 0x0000000604400000| Untracked 
|  18|0x0000000604800000, 0x0000000604c00000, 0x0000000604c00000|100%| O|  |TAMS 0x0000000604800000| PB 0x0000000604800000| Untracked 
|  19|0x0000000604c00000, 0x0000000605000000, 0x0000000605000000|100%| O|  |TAMS 0x0000000604c00000| PB 0x0000000604c00000| Untracked 
|  20|0x0000000605000000, 0x0000000605400000, 0x0000000605400000|100%| O|  |TAMS 0x0000000605000000| PB 0x0000000605000000| Untracked 
|  21|0x0000000605400000, 0x0000000605800000, 0x0000000605800000|100%| O|  |TAMS 0x0000000605400000| PB 0x0000000605400000| Untracked 
|  22|0x0000000605800000, 0x0000000605c00000, 0x0000000605c00000|100%| O|  |TAMS 0x0000000605800000| PB 0x0000000605800000| Untracked 
|  23|0x0000000605c00000, 0x0000000606000000, 0x0000000606000000|100%| O|  |TAMS 0x0000000605c00000| PB 0x0000000605c00000| Untracked 
|  24|0x0000000606000000, 0x0000000606000000, 0x0000000606400000|  0%| F|  |TAMS 0x0000000606000000| PB 0x0000000606000000| Untracked 
|  25|0x0000000606400000, 0x0000000606800000, 0x0000000606800000|100%| O|  |TAMS 0x0000000606400000| PB 0x0000000606400000| Untracked 
|  26|0x0000000606800000, 0x000000060687ce00, 0x0000000606c00000| 12%| O|Cm|TAMS 0x0000000606800000| PB 0x0000000606800000| Complete 
|  27|0x0000000606c00000, 0x0000000607000000, 0x0000000607000000|100%| O|  |TAMS 0x0000000606c00000| PB 0x0000000606c00000| Untracked 
|  28|0x0000000607000000, 0x0000000607400000, 0x0000000607400000|100%| O|  |TAMS 0x0000000607000000| PB 0x0000000607000000| Untracked 
|  29|0x0000000607400000, 0x0000000607400000, 0x0000000607800000|  0%| F|  |TAMS 0x0000000607400000| PB 0x0000000607400000| Untracked 
|  30|0x0000000607800000, 0x0000000607800000, 0x0000000607c00000|  0%| F|  |TAMS 0x0000000607800000| PB 0x0000000607800000| Untracked 
|  31|0x0000000607c00000, 0x0000000608000000, 0x0000000608000000|100%| O|  |TAMS 0x0000000607c00000| PB 0x0000000607c00000| Untracked 
|  32|0x0000000608000000, 0x0000000608400000, 0x0000000608400000|100%| O|  |TAMS 0x0000000608000000| PB 0x0000000608000000| Untracked 
|  33|0x0000000608400000, 0x0000000608400000, 0x0000000608800000|  0%| F|  |TAMS 0x0000000608400000| PB 0x0000000608400000| Untracked 
|  34|0x0000000608800000, 0x0000000608800000, 0x0000000608c00000|  0%| F|  |TAMS 0x0000000608800000| PB 0x0000000608800000| Untracked 
|  35|0x0000000608c00000, 0x0000000609000000, 0x0000000609000000|100%| O|  |TAMS 0x0000000608c00000| PB 0x0000000608c00000| Untracked 
|  36|0x0000000609000000, 0x0000000609400000, 0x0000000609400000|100%| O|  |TAMS 0x0000000609000000| PB 0x0000000609000000| Untracked 
|  37|0x0000000609400000, 0x0000000609800000, 0x0000000609800000|100%| O|  |TAMS 0x0000000609400000| PB 0x0000000609400000| Untracked 
|  38|0x0000000609800000, 0x0000000609c00000, 0x0000000609c00000|100%| O|  |TAMS 0x0000000609800000| PB 0x0000000609800000| Untracked 
|  39|0x0000000609c00000, 0x000000060a000000, 0x000000060a000000|100%| O|  |TAMS 0x0000000609c00000| PB 0x0000000609c00000| Untracked 
|  40|0x000000060a000000, 0x000000060a000000, 0x000000060a400000|  0%| F|  |TAMS 0x000000060a000000| PB 0x000000060a000000| Untracked 
|  41|0x000000060a400000, 0x000000060a400000, 0x000000060a800000|  0%| F|  |TAMS 0x000000060a400000| PB 0x000000060a400000| Untracked 
|  42|0x000000060a800000, 0x000000060a800000, 0x000000060ac00000|  0%| F|  |TAMS 0x000000060a800000| PB 0x000000060a800000| Untracked 
|  43|0x000000060ac00000, 0x000000060ac00000, 0x000000060b000000|  0%| F|  |TAMS 0x000000060ac00000| PB 0x000000060ac00000| Untracked 
|  44|0x000000060b000000, 0x000000060b000000, 0x000000060b400000|  0%| F|  |TAMS 0x000000060b000000| PB 0x000000060b000000| Untracked 
|  45|0x000000060b400000, 0x000000060b400000, 0x000000060b800000|  0%| F|  |TAMS 0x000000060b400000| PB 0x000000060b400000| Untracked 
|  46|0x000000060b800000, 0x000000060b800000, 0x000000060bc00000|  0%| F|  |TAMS 0x000000060b800000| PB 0x000000060b800000| Untracked 
|  47|0x000000060bc00000, 0x000000060bc00000, 0x000000060c000000|  0%| F|  |TAMS 0x000000060bc00000| PB 0x000000060bc00000| Untracked 
|  48|0x000000060c000000, 0x000000060c000000, 0x000000060c400000|  0%| F|  |TAMS 0x000000060c000000| PB 0x000000060c000000| Untracked 
|  49|0x000000060c400000, 0x000000060c400000, 0x000000060c800000|  0%| F|  |TAMS 0x000000060c400000| PB 0x000000060c400000| Untracked 
|  50|0x000000060c800000, 0x000000060c800000, 0x000000060cc00000|  0%| F|  |TAMS 0x000000060c800000| PB 0x000000060c800000| Untracked 
|  51|0x000000060cc00000, 0x000000060cc00000, 0x000000060d000000|  0%| F|  |TAMS 0x000000060cc00000| PB 0x000000060cc00000| Untracked 
|  52|0x000000060d000000, 0x000000060d000000, 0x000000060d400000|  0%| F|  |TAMS 0x000000060d000000| PB 0x000000060d000000| Untracked 
|  53|0x000000060d400000, 0x000000060d400000, 0x000000060d800000|  0%| F|  |TAMS 0x000000060d400000| PB 0x000000060d400000| Untracked 
|  54|0x000000060d800000, 0x000000060d800000, 0x000000060dc00000|  0%| F|  |TAMS 0x000000060d800000| PB 0x000000060d800000| Untracked 
|  55|0x000000060dc00000, 0x000000060dd26120, 0x000000060e000000| 28%| S|CS|TAMS 0x000000060dc00000| PB 0x000000060dc00000| Complete 
|  56|0x000000060e000000, 0x000000060e400000, 0x000000060e400000|100%| S|CS|TAMS 0x000000060e000000| PB 0x000000060e000000| Complete 
|  57|0x000000060e400000, 0x000000060e800000, 0x000000060e800000|100%| S|CS|TAMS 0x000000060e400000| PB 0x000000060e400000| Complete 
|  58|0x000000060e800000, 0x000000060ec00000, 0x000000060ec00000|100%| S|CS|TAMS 0x000000060e800000| PB 0x000000060e800000| Complete 
|  59|0x000000060ec00000, 0x000000060ec00000, 0x000000060f000000|  0%| F|  |TAMS 0x000000060ec00000| PB 0x000000060ec00000| Untracked 
|  60|0x000000060f000000, 0x000000060f000000, 0x000000060f400000|  0%| F|  |TAMS 0x000000060f000000| PB 0x000000060f000000| Untracked 
|  61|0x000000060f400000, 0x000000060f400000, 0x000000060f800000|  0%| F|  |TAMS 0x000000060f400000| PB 0x000000060f400000| Untracked 
|  62|0x000000060f800000, 0x000000060f800000, 0x000000060fc00000|  0%| F|  |TAMS 0x000000060f800000| PB 0x000000060f800000| Untracked 
|  63|0x000000060fc00000, 0x000000060fc00000, 0x0000000610000000|  0%| F|  |TAMS 0x000000060fc00000| PB 0x000000060fc00000| Untracked 
|  64|0x0000000610000000, 0x0000000610000000, 0x0000000610400000|  0%| F|  |TAMS 0x0000000610000000| PB 0x0000000610000000| Untracked 
|  65|0x0000000610400000, 0x0000000610400000, 0x0000000610800000|  0%| F|  |TAMS 0x0000000610400000| PB 0x0000000610400000| Untracked 
|  66|0x0000000610800000, 0x0000000610800000, 0x0000000610c00000|  0%| F|  |TAMS 0x0000000610800000| PB 0x0000000610800000| Untracked 
|  67|0x0000000610c00000, 0x0000000610c00000, 0x0000000611000000|  0%| F|  |TAMS 0x0000000610c00000| PB 0x0000000610c00000| Untracked 
|  68|0x0000000611000000, 0x0000000611000000, 0x0000000611400000|  0%| F|  |TAMS 0x0000000611000000| PB 0x0000000611000000| Untracked 
|  69|0x0000000611400000, 0x0000000611400000, 0x0000000611800000|  0%| F|  |TAMS 0x0000000611400000| PB 0x0000000611400000| Untracked 
|  70|0x0000000611800000, 0x0000000611800000, 0x0000000611c00000|  0%| F|  |TAMS 0x0000000611800000| PB 0x0000000611800000| Untracked 
|  71|0x0000000611c00000, 0x0000000611c00000, 0x0000000612000000|  0%| F|  |TAMS 0x0000000611c00000| PB 0x0000000611c00000| Untracked 
|  72|0x0000000612000000, 0x0000000612000000, 0x0000000612400000|  0%| F|  |TAMS 0x0000000612000000| PB 0x0000000612000000| Untracked 
|  73|0x0000000612400000, 0x0000000612400000, 0x0000000612800000|  0%| F|  |TAMS 0x0000000612400000| PB 0x0000000612400000| Untracked 
|  74|0x0000000612800000, 0x0000000612800000, 0x0000000612c00000|  0%| F|  |TAMS 0x0000000612800000| PB 0x0000000612800000| Untracked 
|  75|0x0000000612c00000, 0x0000000612c00000, 0x0000000613000000|  0%| F|  |TAMS 0x0000000612c00000| PB 0x0000000612c00000| Untracked 
|  76|0x0000000613000000, 0x0000000613000000, 0x0000000613400000|  0%| F|  |TAMS 0x0000000613000000| PB 0x0000000613000000| Untracked 
|  77|0x0000000613400000, 0x00000006134499a8, 0x0000000613800000|  7%| E|  |TAMS 0x0000000613400000| PB 0x0000000613400000| Complete 
|  78|0x0000000613800000, 0x0000000613c00000, 0x0000000613c00000|100%| E|CS|TAMS 0x0000000613800000| PB 0x0000000613800000| Complete 
|  79|0x0000000613c00000, 0x0000000614000000, 0x0000000614000000|100%| E|CS|TAMS 0x0000000613c00000| PB 0x0000000613c00000| Complete 
|  80|0x0000000614000000, 0x0000000614400000, 0x0000000614400000|100%| E|CS|TAMS 0x0000000614000000| PB 0x0000000614000000| Complete 
|  81|0x0000000614400000, 0x0000000614800000, 0x0000000614800000|100%| E|CS|TAMS 0x0000000614400000| PB 0x0000000614400000| Complete 
|  82|0x0000000614800000, 0x0000000614c00000, 0x0000000614c00000|100%| E|CS|TAMS 0x0000000614800000| PB 0x0000000614800000| Complete 
|  83|0x0000000614c00000, 0x0000000615000000, 0x0000000615000000|100%| E|CS|TAMS 0x0000000614c00000| PB 0x0000000614c00000| Complete 
|  84|0x0000000615000000, 0x0000000615400000, 0x0000000615400000|100%| E|CS|TAMS 0x0000000615000000| PB 0x0000000615000000| Complete 
|  85|0x0000000615400000, 0x0000000615800000, 0x0000000615800000|100%| E|CS|TAMS 0x0000000615400000| PB 0x0000000615400000| Complete 
|  86|0x0000000615800000, 0x0000000615c00000, 0x0000000615c00000|100%| E|CS|TAMS 0x0000000615800000| PB 0x0000000615800000| Complete 
|  87|0x0000000615c00000, 0x0000000616000000, 0x0000000616000000|100%| E|CS|TAMS 0x0000000615c00000| PB 0x0000000615c00000| Complete 
|  88|0x0000000616000000, 0x0000000616400000, 0x0000000616400000|100%| E|CS|TAMS 0x0000000616000000| PB 0x0000000616000000| Complete 
|  89|0x0000000616400000, 0x0000000616800000, 0x0000000616800000|100%| E|CS|TAMS 0x0000000616400000| PB 0x0000000616400000| Complete 
|  90|0x0000000616800000, 0x0000000616c00000, 0x0000000616c00000|100%| E|CS|TAMS 0x0000000616800000| PB 0x0000000616800000| Complete 
|  91|0x0000000616c00000, 0x0000000617000000, 0x0000000617000000|100%| E|CS|TAMS 0x0000000616c00000| PB 0x0000000616c00000| Complete 
|  92|0x0000000617000000, 0x0000000617400000, 0x0000000617400000|100%| E|CS|TAMS 0x0000000617000000| PB 0x0000000617000000| Complete 
|  93|0x0000000617400000, 0x0000000617800000, 0x0000000617800000|100%| E|CS|TAMS 0x0000000617400000| PB 0x0000000617400000| Complete 
|  94|0x0000000617800000, 0x0000000617c00000, 0x0000000617c00000|100%| E|CS|TAMS 0x0000000617800000| PB 0x0000000617800000| Complete 
|  95|0x0000000617c00000, 0x0000000618000000, 0x0000000618000000|100%| E|CS|TAMS 0x0000000617c00000| PB 0x0000000617c00000| Complete 
|  96|0x0000000618000000, 0x0000000618400000, 0x0000000618400000|100%| E|CS|TAMS 0x0000000618000000| PB 0x0000000618000000| Complete 
|  97|0x0000000618400000, 0x0000000618800000, 0x0000000618800000|100%| E|CS|TAMS 0x0000000618400000| PB 0x0000000618400000| Complete 
|  98|0x0000000618800000, 0x0000000618c00000, 0x0000000618c00000|100%| E|CS|TAMS 0x0000000618800000| PB 0x0000000618800000| Complete 
|  99|0x0000000618c00000, 0x0000000619000000, 0x0000000619000000|100%| E|CS|TAMS 0x0000000618c00000| PB 0x0000000618c00000| Complete 
| 100|0x0000000619000000, 0x0000000619400000, 0x0000000619400000|100%| E|CS|TAMS 0x0000000619000000| PB 0x0000000619000000| Complete 
| 101|0x0000000619400000, 0x0000000619800000, 0x0000000619800000|100%| E|CS|TAMS 0x0000000619400000| PB 0x0000000619400000| Complete 
| 102|0x0000000619800000, 0x0000000619c00000, 0x0000000619c00000|100%| E|CS|TAMS 0x0000000619800000| PB 0x0000000619800000| Complete 
| 103|0x0000000619c00000, 0x000000061a000000, 0x000000061a000000|100%| E|CS|TAMS 0x0000000619c00000| PB 0x0000000619c00000| Complete 
| 104|0x000000061a000000, 0x000000061a400000, 0x000000061a400000|100%| E|CS|TAMS 0x000000061a000000| PB 0x000000061a000000| Complete 
| 105|0x000000061a400000, 0x000000061a800000, 0x000000061a800000|100%| E|CS|TAMS 0x000000061a400000| PB 0x000000061a400000| Complete 
| 106|0x000000061a800000, 0x000000061ac00000, 0x000000061ac00000|100%| E|CS|TAMS 0x000000061a800000| PB 0x000000061a800000| Complete 
| 107|0x000000061ac00000, 0x000000061b000000, 0x000000061b000000|100%| E|CS|TAMS 0x000000061ac00000| PB 0x000000061ac00000| Complete 
| 108|0x000000061b000000, 0x000000061b400000, 0x000000061b400000|100%| E|CS|TAMS 0x000000061b000000| PB 0x000000061b000000| Complete 
| 109|0x000000061b400000, 0x000000061b800000, 0x000000061b800000|100%| E|CS|TAMS 0x000000061b400000| PB 0x000000061b400000| Complete 
| 110|0x000000061b800000, 0x000000061bc00000, 0x000000061bc00000|100%| E|CS|TAMS 0x000000061b800000| PB 0x000000061b800000| Complete 
| 111|0x000000061bc00000, 0x000000061c000000, 0x000000061c000000|100%| E|CS|TAMS 0x000000061bc00000| PB 0x000000061bc00000| Complete 
| 112|0x000000061c000000, 0x000000061c400000, 0x000000061c400000|100%| E|CS|TAMS 0x000000061c000000| PB 0x000000061c000000| Complete 
| 113|0x000000061c400000, 0x000000061c800000, 0x000000061c800000|100%| E|CS|TAMS 0x000000061c400000| PB 0x000000061c400000| Complete 
| 114|0x000000061c800000, 0x000000061cc00000, 0x000000061cc00000|100%| E|CS|TAMS 0x000000061c800000| PB 0x000000061c800000| Complete 
| 115|0x000000061cc00000, 0x000000061d000000, 0x000000061d000000|100%| E|CS|TAMS 0x000000061cc00000| PB 0x000000061cc00000| Complete 
| 116|0x000000061d000000, 0x000000061d400000, 0x000000061d400000|100%| E|CS|TAMS 0x000000061d000000| PB 0x000000061d000000| Complete 
| 117|0x000000061d400000, 0x000000061d800000, 0x000000061d800000|100%| E|CS|TAMS 0x000000061d400000| PB 0x000000061d400000| Complete 
| 118|0x000000061d800000, 0x000000061dc00000, 0x000000061dc00000|100%| E|CS|TAMS 0x000000061d800000| PB 0x000000061d800000| Complete 
| 119|0x000000061dc00000, 0x000000061e000000, 0x000000061e000000|100%| E|CS|TAMS 0x000000061dc00000| PB 0x000000061dc00000| Complete 
| 120|0x000000061e000000, 0x000000061e400000, 0x000000061e400000|100%| E|CS|TAMS 0x000000061e000000| PB 0x000000061e000000| Complete 
| 121|0x000000061e400000, 0x000000061e800000, 0x000000061e800000|100%| E|CS|TAMS 0x000000061e400000| PB 0x000000061e400000| Complete 
| 122|0x000000061e800000, 0x000000061ec00000, 0x000000061ec00000|100%| E|CS|TAMS 0x000000061e800000| PB 0x000000061e800000| Complete 
| 123|0x000000061ec00000, 0x000000061f000000, 0x000000061f000000|100%| E|CS|TAMS 0x000000061ec00000| PB 0x000000061ec00000| Complete 
| 124|0x000000061f000000, 0x000000061f400000, 0x000000061f400000|100%| E|CS|TAMS 0x000000061f000000| PB 0x000000061f000000| Complete 
| 125|0x000000061f400000, 0x000000061f800000, 0x000000061f800000|100%| E|CS|TAMS 0x000000061f400000| PB 0x000000061f400000| Complete 
| 126|0x000000061f800000, 0x000000061fc00000, 0x000000061fc00000|100%| E|CS|TAMS 0x000000061f800000| PB 0x000000061f800000| Complete 
| 127|0x000000061fc00000, 0x0000000620000000, 0x0000000620000000|100%| E|CS|TAMS 0x000000061fc00000| PB 0x000000061fc00000| Complete 
| 128|0x0000000620000000, 0x0000000620400000, 0x0000000620400000|100%| E|CS|TAMS 0x0000000620000000| PB 0x0000000620000000| Complete 
| 129|0x0000000620400000, 0x0000000620800000, 0x0000000620800000|100%| E|CS|TAMS 0x0000000620400000| PB 0x0000000620400000| Complete 
| 130|0x0000000620800000, 0x0000000620c00000, 0x0000000620c00000|100%| E|CS|TAMS 0x0000000620800000| PB 0x0000000620800000| Complete 
| 131|0x0000000620c00000, 0x0000000621000000, 0x0000000621000000|100%| E|CS|TAMS 0x0000000620c00000| PB 0x0000000620c00000| Complete 
| 132|0x0000000621000000, 0x0000000621400000, 0x0000000621400000|100%| E|CS|TAMS 0x0000000621000000| PB 0x0000000621000000| Complete 
| 133|0x0000000621400000, 0x0000000621800000, 0x0000000621800000|100%| E|CS|TAMS 0x0000000621400000| PB 0x0000000621400000| Complete 
| 134|0x0000000621800000, 0x0000000621c00000, 0x0000000621c00000|100%| E|CS|TAMS 0x0000000621800000| PB 0x0000000621800000| Complete 
| 135|0x0000000621c00000, 0x0000000622000000, 0x0000000622000000|100%| E|CS|TAMS 0x0000000621c00000| PB 0x0000000621c00000| Complete 
| 136|0x0000000622000000, 0x0000000622400000, 0x0000000622400000|100%| E|CS|TAMS 0x0000000622000000| PB 0x0000000622000000| Complete 
| 137|0x0000000622400000, 0x0000000622800000, 0x0000000622800000|100%| E|CS|TAMS 0x0000000622400000| PB 0x0000000622400000| Complete 
| 138|0x0000000622800000, 0x0000000622c00000, 0x0000000622c00000|100%| E|CS|TAMS 0x0000000622800000| PB 0x0000000622800000| Complete 
| 139|0x0000000622c00000, 0x0000000623000000, 0x0000000623000000|100%| E|CS|TAMS 0x0000000622c00000| PB 0x0000000622c00000| Complete 
| 140|0x0000000623000000, 0x0000000623400000, 0x0000000623400000|100%| E|CS|TAMS 0x0000000623000000| PB 0x0000000623000000| Complete 
| 141|0x0000000623400000, 0x0000000623800000, 0x0000000623800000|100%| E|CS|TAMS 0x0000000623400000| PB 0x0000000623400000| Complete 
| 142|0x0000000623800000, 0x0000000623c00000, 0x0000000623c00000|100%| E|CS|TAMS 0x0000000623800000| PB 0x0000000623800000| Complete 
| 157|0x0000000627400000, 0x0000000627800000, 0x0000000627800000|100%| E|CS|TAMS 0x0000000627400000| PB 0x0000000627400000| Complete 
| 158|0x0000000627800000, 0x0000000627c00000, 0x0000000627c00000|100%| E|CS|TAMS 0x0000000627800000| PB 0x0000000627800000| Complete 
| 279|0x0000000645c00000, 0x0000000646000000, 0x0000000646000000|100%| E|CS|TAMS 0x0000000645c00000| PB 0x0000000645c00000| Complete 
|2047|0x00000007ffc00000, 0x0000000800000000, 0x0000000800000000|100%| E|CS|TAMS 0x00000007ffc00000| PB 0x00000007ffc00000| Complete 

Card table byte_map: [0x000001e8690f0000,0x000001e86a0f0000] _byte_map_base: 0x000001e8660f0000

Marking Bits: (CMBitMap*) 0x000001e844f441d0
 Bits: [0x000001e86a0f0000, 0x000001e8720f0000)

Polling page: 0x000001e842e80000

Metaspace:

Usage:
  Non-class:    157.02 MB used.
      Class:     22.26 MB used.
       Both:    179.28 MB used.

Virtual space:
  Non-class space:      192.00 MB reserved,     158.19 MB ( 82%) committed,  3 nodes.
      Class space:        1.00 GB reserved,      23.38 MB (  2%) committed,  1 nodes.
             Both:        1.19 GB reserved,     181.56 MB ( 15%) committed. 

Chunk freelists:
   Non-Class:  1.41 MB
       Class:  8.51 MB
        Both:  9.92 MB

MaxMetaspaceSize: 4.00 GB
CompressedClassSpaceSize: 1.00 GB
Initial GC threshold: 21.00 MB
Current GC threshold: 302.50 MB
CDS: off
 - commit_granule_bytes: 65536.
 - commit_granule_words: 8192.
 - virtual_space_node_default_size: 8388608.
 - enlarge_chunks_in_place: 1.
 - use_allocation_guard: 0.


Internal statistics:

num_allocs_failed_limit: 33.
num_arena_births: 4476.
num_arena_deaths: 0.
num_vsnodes_births: 4.
num_vsnodes_deaths: 0.
num_space_committed: 2903.
num_space_uncommitted: 0.
num_chunks_returned_to_freelist: 33.
num_chunks_taken_from_freelist: 11602.
num_chunk_merges: 33.
num_chunk_splits: 8090.
num_chunks_enlarged: 5709.
num_inconsistent_stats: 0.

CodeHeap 'non-profiled nmethods': size=259264Kb used=8710Kb max_used=17375Kb free=250553Kb
 bounds [0x000001e8582b0000, 0x000001e8593f0000, 0x000001e867fe0000]
CodeHeap 'profiled nmethods': size=259264Kb used=8513Kb max_used=42623Kb free=250750Kb
 bounds [0x000001e847fe0000, 0x000001e84a9e0000, 0x000001e857d10000]
CodeHeap 'non-nmethods': size=5760Kb used=2539Kb max_used=2637Kb free=3221Kb
 bounds [0x000001e857d10000, 0x000001e857fb0000, 0x000001e8582b0000]
 total_blobs=6847 nmethods=5672 adapters=1077
 compilation: enabled
              stopped_count=0, restarted_count=0
 full_count=0

Compilation events (20 events):
Event: 4684.621 Thread 0x000001e8748c1d70 39152       1       java.net.URL::getProtocol (5 bytes)
Event: 4684.621 Thread 0x000001e8748c1d70 nmethod 39152 0x000001e858c2ff90 code [0x000001e858c30120, 0x000001e858c301f0]
Event: 4685.727 Thread 0x000001e8748bf190 nmethod 39078 0x000001e8584c6190 code [0x000001e8584c69e0, 0x000001e8584cf548]
Event: 4685.727 Thread 0x000001e8748bf190 39139       4       com.google.common.collect.ImmutableCollection$Builder::addAll (34 bytes)
Event: 4685.732 Thread 0x000001e8748bf190 nmethod 39139 0x000001e858e5f610 code [0x000001e858e5f7c0, 0x000001e858e5f920]
Event: 4685.732 Thread 0x000001e8748bf190 39168 %     4       java.io.WinNTFileSystem::normalize @ 22 (143 bytes)
Event: 4685.750 Thread 0x000001e8748bf190 nmethod 39168% 0x000001e858a2dd10 code [0x000001e858a2df00, 0x000001e858a2e338]
Event: 4685.750 Thread 0x000001e8748bf190 39107       4       kotlin.jvm.internal.Intrinsics::checkNotNullParameter (9 bytes)
Event: 4685.751 Thread 0x000001e8748bf190 nmethod 39107 0x000001e858c31090 code [0x000001e858c31220, 0x000001e858c312b0]
Event: 4685.751 Thread 0x000001e8748bf190 39115       4       java.util.AbstractCollection::<init> (5 bytes)
Event: 4685.752 Thread 0x000001e8748bf190 nmethod 39115 0x000001e858c32e10 code [0x000001e858c32fa0, 0x000001e858c33028]
Event: 4685.752 Thread 0x000001e8748bf190 39155       4       kotlin.jvm.internal.Intrinsics::areEqual (22 bytes)
Event: 4685.753 Thread 0x000001e8748bf190 nmethod 39155 0x000001e858c55290 code [0x000001e858c55420, 0x000001e858c554c8]
Event: 4685.753 Thread 0x000001e8748bf190 39142       4       kotlin.jvm.internal.Intrinsics::checkNotNull (8 bytes)
Event: 4685.754 Thread 0x000001e8748bf190 nmethod 39142 0x000001e858c5b110 code [0x000001e858c5b2a0, 0x000001e858c5b328]
Event: 4685.754 Thread 0x000001e8748bf190 39116       4       java.util.AbstractList$Itr::hasNext (20 bytes)
Event: 4685.755 Thread 0x000001e8748bf190 nmethod 39116 0x000001e858cc9f10 code [0x000001e858cca0a0, 0x000001e858cca168]
Event: 4685.755 Thread 0x000001e8748bf190 39120       4       org.gradle.internal.classpath.DefaultClassPath$ImmutableUniqueList::get (57 bytes)
Event: 4685.758 Thread 0x000001e8748bf190 nmethod 39120 0x000001e858da8990 code [0x000001e858da8b20, 0x000001e858da8c20]
Event: 4685.758 Thread 0x000001e8748bf190 39108   !   4       kotlin.SynchronizedLazyImpl::getValue (87 bytes)

GC Heap History (20 events):
Event: 4539.850 GC heap before
{Heap before GC invocations=150 (full 0):
 garbage-first heap   total 659456K, used 538723K [0x0000000600000000, 0x0000000800000000)
  region size 4096K, 96 young (393216K), 4 survivors (16384K)
 Metaspace       used 183339K, committed 185728K, reserved 1245184K
  class space    used 22765K, committed 23936K, reserved 1048576K
}
Event: 4539.904 GC heap after
{Heap after GC invocations=151 (full 0):
 garbage-first heap   total 659456K, used 160325K [0x0000000600000000, 0x0000000800000000)
  region size 4096K, 4 young (16384K), 4 survivors (16384K)
 Metaspace       used 183339K, committed 185728K, reserved 1245184K
  class space    used 22765K, committed 23936K, reserved 1048576K
}
Event: 4549.423 GC heap before
{Heap before GC invocations=151 (full 0):
 garbage-first heap   total 659456K, used 533061K [0x0000000600000000, 0x0000000800000000)
  region size 4096K, 96 young (393216K), 4 survivors (16384K)
 Metaspace       used 183341K, committed 185728K, reserved 1245184K
  class space    used 22765K, committed 23936K, reserved 1048576K
}
Event: 4549.483 GC heap after
{Heap after GC invocations=152 (full 0):
 garbage-first heap   total 659456K, used 163180K [0x0000000600000000, 0x0000000800000000)
  region size 4096K, 5 young (20480K), 5 survivors (20480K)
 Metaspace       used 183341K, committed 185728K, reserved 1245184K
  class space    used 22765K, committed 23936K, reserved 1048576K
}
Event: 4555.197 GC heap before
{Heap before GC invocations=152 (full 0):
 garbage-first heap   total 659456K, used 535916K [0x0000000600000000, 0x0000000800000000)
  region size 4096K, 96 young (393216K), 5 survivors (20480K)
 Metaspace       used 183342K, committed 185728K, reserved 1245184K
  class space    used 22765K, committed 23936K, reserved 1048576K
}
Event: 4555.258 GC heap after
{Heap after GC invocations=153 (full 0):
 garbage-first heap   total 659456K, used 166046K [0x0000000600000000, 0x0000000800000000)
  region size 4096K, 5 young (20480K), 5 survivors (20480K)
 Metaspace       used 183342K, committed 185728K, reserved 1245184K
  class space    used 22765K, committed 23936K, reserved 1048576K
}
Event: 4560.883 GC heap before
{Heap before GC invocations=154 (full 0):
 garbage-first heap   total 659456K, used 538782K [0x0000000600000000, 0x0000000800000000)
  region size 4096K, 97 young (397312K), 5 survivors (20480K)
 Metaspace       used 183345K, committed 185728K, reserved 1245184K
  class space    used 22765K, committed 23936K, reserved 1048576K
}
Event: 4560.935 GC heap after
{Heap after GC invocations=155 (full 0):
 garbage-first heap   total 659456K, used 167798K [0x0000000600000000, 0x0000000800000000)
  region size 4096K, 6 young (24576K), 6 survivors (24576K)
 Metaspace       used 183345K, committed 185728K, reserved 1245184K
  class space    used 22765K, committed 23936K, reserved 1048576K
}
Event: 4565.958 GC heap before
{Heap before GC invocations=155 (full 0):
 garbage-first heap   total 659456K, used 536438K [0x0000000600000000, 0x0000000800000000)
  region size 4096K, 97 young (397312K), 6 survivors (24576K)
 Metaspace       used 183350K, committed 185728K, reserved 1245184K
  class space    used 22765K, committed 23936K, reserved 1048576K
}
Event: 4566.058 GC heap after
{Heap after GC invocations=156 (full 0):
 garbage-first heap   total 659456K, used 162961K [0x0000000600000000, 0x0000000800000000)
  region size 4096K, 5 young (20480K), 5 survivors (20480K)
 Metaspace       used 183350K, committed 185728K, reserved 1245184K
  class space    used 22765K, committed 23936K, reserved 1048576K
}
Event: 4571.141 GC heap before
{Heap before GC invocations=156 (full 0):
 garbage-first heap   total 659456K, used 535697K [0x0000000600000000, 0x0000000800000000)
  region size 4096K, 96 young (393216K), 5 survivors (20480K)
 Metaspace       used 183355K, committed 185728K, reserved 1245184K
  class space    used 22765K, committed 23936K, reserved 1048576K
}
Event: 4571.194 GC heap after
{Heap after GC invocations=157 (full 0):
 garbage-first heap   total 659456K, used 165613K [0x0000000600000000, 0x0000000800000000)
  region size 4096K, 6 young (24576K), 6 survivors (24576K)
 Metaspace       used 183355K, committed 185728K, reserved 1245184K
  class space    used 22765K, committed 23936K, reserved 1048576K
}
Event: 4581.156 GC heap before
{Heap before GC invocations=158 (full 0):
 garbage-first heap   total 659456K, used 530157K [0x0000000600000000, 0x0000000800000000)
  region size 4096K, 96 young (393216K), 6 survivors (24576K)
 Metaspace       used 183466K, committed 185856K, reserved 1245184K
  class space    used 22780K, committed 23936K, reserved 1048576K
}
Event: 4581.209 GC heap after
{Heap after GC invocations=159 (full 0):
 garbage-first heap   total 659456K, used 167783K [0x0000000600000000, 0x0000000800000000)
  region size 4096K, 6 young (24576K), 6 survivors (24576K)
 Metaspace       used 183466K, committed 185856K, reserved 1245184K
  class space    used 22780K, committed 23936K, reserved 1048576K
}
Event: 4591.576 GC heap before
{Heap before GC invocations=159 (full 0):
 garbage-first heap   total 659456K, used 536423K [0x0000000600000000, 0x0000000800000000)
  region size 4096K, 96 young (393216K), 6 survivors (24576K)
 Metaspace       used 183484K, committed 185856K, reserved 1245184K
  class space    used 22780K, committed 23936K, reserved 1048576K
}
Event: 4591.649 GC heap after
{Heap after GC invocations=160 (full 0):
 garbage-first heap   total 659456K, used 155050K [0x0000000600000000, 0x0000000800000000)
  region size 4096K, 4 young (16384K), 4 survivors (16384K)
 Metaspace       used 183484K, committed 185856K, reserved 1245184K
  class space    used 22780K, committed 23936K, reserved 1048576K
}
Event: 4612.535 GC heap before
{Heap before GC invocations=160 (full 0):
 garbage-first heap   total 659456K, used 527786K [0x0000000600000000, 0x0000000800000000)
  region size 4096K, 96 young (393216K), 4 survivors (16384K)
 Metaspace       used 183539K, committed 185856K, reserved 1245184K
  class space    used 22785K, committed 23936K, reserved 1048576K
}
Event: 4612.577 GC heap after
{Heap after GC invocations=161 (full 0):
 garbage-first heap   total 659456K, used 157219K [0x0000000600000000, 0x0000000800000000)
  region size 4096K, 5 young (20480K), 5 survivors (20480K)
 Metaspace       used 183539K, committed 185856K, reserved 1245184K
  class space    used 22785K, committed 23936K, reserved 1048576K
}
Event: 4669.690 GC heap before
{Heap before GC invocations=162 (full 0):
 garbage-first heap   total 602112K, used 497187K [0x0000000600000000, 0x0000000800000000)
  region size 4096K, 88 young (360448K), 5 survivors (20480K)
 Metaspace       used 183540K, committed 185856K, reserved 1245184K
  class space    used 22785K, committed 23936K, reserved 1048576K
}
Event: 4669.729 GC heap after
{Heap after GC invocations=163 (full 0):
 garbage-first heap   total 602112K, used 152971K [0x0000000600000000, 0x0000000800000000)
  region size 4096K, 4 young (16384K), 4 survivors (16384K)
 Metaspace       used 183540K, committed 185856K, reserved 1245184K
  class space    used 22785K, committed 23936K, reserved 1048576K
}

Dll operation events (3 events):
Event: 0.038 Loaded shared library C:\Program Files\Android\Android Studio\jbr\bin\java.dll
Event: 0.054 Loaded shared library C:\Program Files\Android\Android Studio\jbr\bin\zip.dll
Event: 2.633 Loaded shared library C:\Program Files\Android\Android Studio\jbr\bin\verify.dll

Deoptimization events (20 events):
Event: 4592.322 Thread 0x000001e800785db0 Uncommon trap: trap_request=0xffffffbe fr.pc=0x000001e858b3a368 relative=0x00000000000010e8
Event: 4592.322 Thread 0x000001e800785db0 Uncommon trap: reason=profile_predicate action=maybe_recompile pc=0x000001e858b3a368 method=org.gradle.api.internal.attributes.DefaultAttributesFactory.concat(Lorg/gradle/api/internal/attributes/ImmutableAttributes;Lorg/gradle/api/internal/attributes/Immu
Event: 4592.322 Thread 0x000001e800785db0 DEOPT PACKING pc=0x000001e858b3a368 sp=0x000000325b0f82a0
Event: 4592.322 Thread 0x000001e800785db0 DEOPT UNPACKING pc=0x000001e857d646a2 sp=0x000000325b0f8288 mode 2
Event: 4592.323 Thread 0x000001e800785db0 Uncommon trap: trap_request=0xffffffbe fr.pc=0x000001e858b3a368 relative=0x00000000000010e8
Event: 4592.323 Thread 0x000001e800785db0 Uncommon trap: reason=profile_predicate action=maybe_recompile pc=0x000001e858b3a368 method=org.gradle.api.internal.attributes.DefaultAttributesFactory.concat(Lorg/gradle/api/internal/attributes/ImmutableAttributes;Lorg/gradle/api/internal/attributes/Immu
Event: 4592.323 Thread 0x000001e800785db0 DEOPT PACKING pc=0x000001e858b3a368 sp=0x000000325b0f82a0
Event: 4592.323 Thread 0x000001e800785db0 DEOPT UNPACKING pc=0x000001e857d646a2 sp=0x000000325b0f8288 mode 2
Event: 4592.323 Thread 0x000001e800785db0 Uncommon trap: trap_request=0xffffffbe fr.pc=0x000001e858b3a368 relative=0x00000000000010e8
Event: 4592.323 Thread 0x000001e800785db0 Uncommon trap: reason=profile_predicate action=maybe_recompile pc=0x000001e858b3a368 method=org.gradle.api.internal.attributes.DefaultAttributesFactory.concat(Lorg/gradle/api/internal/attributes/ImmutableAttributes;Lorg/gradle/api/internal/attributes/Immu
Event: 4592.323 Thread 0x000001e800785db0 DEOPT PACKING pc=0x000001e858b3a368 sp=0x000000325b0f82a0
Event: 4592.323 Thread 0x000001e800785db0 DEOPT UNPACKING pc=0x000001e857d646a2 sp=0x000000325b0f8288 mode 2
Event: 4605.407 Thread 0x000001e800785db0 DEOPT PACKING pc=0x000001e8485812f1 sp=0x000000325b0f8d80
Event: 4605.407 Thread 0x000001e800785db0 DEOPT UNPACKING pc=0x000001e857d64e42 sp=0x000000325b0f81c8 mode 0
Event: 4605.413 Thread 0x000001e800785db0 DEOPT PACKING pc=0x000001e8490d54ec sp=0x000000325b0f8c80
Event: 4605.413 Thread 0x000001e800785db0 DEOPT UNPACKING pc=0x000001e857d64e42 sp=0x000000325b0f8128 mode 0
Event: 4682.427 Thread 0x000001e800785db0 Uncommon trap: trap_request=0xffffff45 fr.pc=0x000001e858459634 relative=0x00000000000004f4
Event: 4682.427 Thread 0x000001e800785db0 Uncommon trap: reason=unstable_if action=reinterpret pc=0x000001e858459634 method=org.gradle.tooling.internal.provider.runner.PluginApplicationTracker.started(Lorg/gradle/internal/operations/BuildOperationDescriptor;Lorg/gradle/internal/operations/Operati
Event: 4682.427 Thread 0x000001e800785db0 DEOPT PACKING pc=0x000001e858459634 sp=0x000000325b0f8cd0
Event: 4682.427 Thread 0x000001e800785db0 DEOPT UNPACKING pc=0x000001e857d646a2 sp=0x000000325b0f8c70 mode 2

Classes loaded (20 events):
Event: 3942.714 Loading class sun/rmi/transport/DGCAckHandler$1
Event: 3942.715 Loading class sun/rmi/transport/DGCAckHandler$1 done
Event: 3942.901 Loading class sun/rmi/transport/tcp/TCPTransport$ConnectionHandler
Event: 3942.902 Loading class sun/rmi/transport/tcp/TCPTransport$ConnectionHandler done
Event: 3942.921 Loading class sun/rmi/transport/Transport$1
Event: 3942.921 Loading class sun/rmi/transport/Transport$1 done
Event: 3942.924 Loading class sun/rmi/transport/DGCImpl$LeaseInfo
Event: 3942.924 Loading class sun/rmi/transport/DGCImpl$LeaseInfo done
Event: 3942.924 Loading class sun/rmi/transport/DGCImpl$1
Event: 3942.924 Loading class sun/rmi/transport/DGCImpl$1 done
Event: 3942.924 Loading class sun/rmi/transport/SequenceEntry
Event: 3942.925 Loading class sun/rmi/transport/SequenceEntry done
Event: 4122.604 Loading class java/nio/file/Files$2
Event: 4122.604 Loading class java/nio/file/Files$2 done
Event: 4147.061 Loading class com/sun/org/apache/xerces/internal/util/EncodingMap
Event: 4147.071 Loading class com/sun/org/apache/xerces/internal/util/EncodingMap done
Event: 4147.074 Loading class sun/nio/cs/ISO_8859_1$Decoder
Event: 4147.076 Loading class sun/nio/cs/ISO_8859_1$Decoder done
Event: 4153.947 Loading class sun/rmi/transport/DGCClient$EndpointEntry$CleanRequest
Event: 4153.948 Loading class sun/rmi/transport/DGCClient$EndpointEntry$CleanRequest done

Classes unloaded (0 events):
No events

Classes redefined (0 events):
No events

Internal exceptions (20 events):
Event: 4591.506 Thread 0x000001e87dd13f90 Exception <a 'sun/nio/fs/WindowsException'{0x000000061262d620}> (0x000000061262d620) 
thrown [s\src\hotspot\share\prims\jni.cpp, line 535]
Event: 4591.544 Thread 0x000001e87dd187c0 Exception <a 'sun/nio/fs/WindowsException'{0x0000000613dcb590}> (0x0000000613dcb590) 
thrown [s\src\hotspot\share\prims\jni.cpp, line 535]
Event: 4591.545 Thread 0x000001e800785db0 Exception <a 'sun/nio/fs/WindowsException'{0x00000006120bfca8}> (0x00000006120bfca8) 
thrown [s\src\hotspot\share\prims\jni.cpp, line 535]
Event: 4591.567 Thread 0x000001e87dd187c0 Exception <a 'sun/nio/fs/WindowsException'{0x0000000613e08468}> (0x0000000613e08468) 
thrown [s\src\hotspot\share\prims\jni.cpp, line 535]
Event: 4591.650 Thread 0x000001e87dd13f90 Exception <a 'sun/nio/fs/WindowsException'{0x00000007ffe04d08}> (0x00000007ffe04d08) 
thrown [s\src\hotspot\share\prims\jni.cpp, line 535]
Event: 4591.665 Thread 0x000001e87dd13f90 Exception <a 'sun/nio/fs/WindowsException'{0x00000007ffe16c38}> (0x00000007ffe16c38) 
thrown [s\src\hotspot\share\prims\jni.cpp, line 535]
Event: 4591.675 Thread 0x000001e87dd18130 Exception <a 'sun/nio/fs/WindowsException'{0x0000000645c19918}> (0x0000000645c19918) 
thrown [s\src\hotspot\share\prims\jni.cpp, line 535]
Event: 4591.694 Thread 0x000001e800785db0 Exception <a 'sun/nio/fs/WindowsException'{0x0000000645f95218}> (0x0000000645f95218) 
thrown [s\src\hotspot\share\prims\jni.cpp, line 535]
Event: 4591.695 Thread 0x000001e87dd187c0 Exception <a 'sun/nio/fs/WindowsException'{0x00000007ffc0b118}> (0x00000007ffc0b118) 
thrown [s\src\hotspot\share\prims\jni.cpp, line 535]
Event: 4591.706 Thread 0x000001e87dd187c0 Exception <a 'sun/nio/fs/WindowsException'{0x00000007ffc1d0a0}> (0x00000007ffc1d0a0) 
thrown [s\src\hotspot\share\prims\jni.cpp, line 535]
Event: 4591.711 Thread 0x000001e800785db0 Exception <a 'sun/nio/fs/WindowsException'{0x0000000645fc9040}> (0x0000000645fc9040) 
thrown [s\src\hotspot\share\prims\jni.cpp, line 535]
Event: 4591.735 Thread 0x000001e800785db0 Exception <a 'sun/nio/fs/WindowsException'{0x0000000627817680}> (0x0000000627817680) 
thrown [s\src\hotspot\share\prims\jni.cpp, line 535]
Event: 4591.770 Thread 0x000001e800785db0 Exception <a 'sun/nio/fs/WindowsException'{0x000000062784c518}> (0x000000062784c518) 
thrown [s\src\hotspot\share\prims\jni.cpp, line 535]
Event: 4591.779 Thread 0x000001e800785db0 Exception <a 'sun/nio/fs/WindowsException'{0x000000062785f710}> (0x000000062785f710) 
thrown [s\src\hotspot\share\prims\jni.cpp, line 535]
Event: 4591.794 Thread 0x000001e87dd187c0 Exception <a 'sun/nio/fs/WindowsException'{0x000000062799b9b8}> (0x000000062799b9b8) 
thrown [s\src\hotspot\share\prims\jni.cpp, line 535]
Event: 4591.992 Thread 0x000001e800785db0 Exception <a 'sun/nio/fs/WindowsException'{0x00000006268e0f60}> (0x00000006268e0f60) 
thrown [s\src\hotspot\share\prims\jni.cpp, line 535]
Event: 4592.280 Thread 0x000001e87dd13f90 Exception <a 'sun/nio/fs/WindowsException'{0x0000000625f74eb0}> (0x0000000625f74eb0) 
thrown [s\src\hotspot\share\prims\jni.cpp, line 535]
Event: 4592.546 Thread 0x000001e800785db0 Exception <a 'sun/nio/fs/WindowsException'{0x0000000625a1a788}> (0x0000000625a1a788) 
thrown [s\src\hotspot\share\prims\jni.cpp, line 535]
Event: 4592.695 Thread 0x000001e800785db0 Exception <a 'sun/nio/fs/WindowsException'{0x0000000625a47a90}> (0x0000000625a47a90) 
thrown [s\src\hotspot\share\prims\jni.cpp, line 535]
Event: 4592.831 Thread 0x000001e800785db0 Exception <a 'sun/nio/fs/WindowsException'{0x000000062510bd70}> (0x000000062510bd70) 
thrown [s\src\hotspot\share\prims\jni.cpp, line 535]

ZGC Phase Switch (0 events):
No events

VM Operations (20 events):
Event: 4656.465 Executing VM operation: Cleanup
Event: 4656.466 Executing VM operation: Cleanup done
Event: 4666.559 Executing VM operation: Cleanup
Event: 4666.559 Executing VM operation: Cleanup done
Event: 4669.690 Executing VM operation: G1CollectForAllocation (G1 Evacuation Pause)
Event: 4669.729 Executing VM operation: G1CollectForAllocation (G1 Evacuation Pause) done
Event: 4674.788 Executing VM operation: Cleanup
Event: 4674.788 Executing VM operation: Cleanup done
Event: 4678.830 Executing VM operation: Cleanup
Event: 4678.830 Executing VM operation: Cleanup done
Event: 4679.841 Executing VM operation: Cleanup
Event: 4679.841 Executing VM operation: Cleanup done
Event: 4681.855 Executing VM operation: HandshakeAllThreads (Deoptimize)
Event: 4681.856 Executing VM operation: HandshakeAllThreads (Deoptimize) done
Event: 4681.856 Executing VM operation: Cleanup
Event: 4681.856 Executing VM operation: Cleanup done
Event: 4682.857 Executing VM operation: Cleanup
Event: 4682.903 Executing VM operation: Cleanup done
Event: 4685.913 Executing VM operation: Cleanup
Event: 4685.913 Executing VM operation: Cleanup done

Events (20 events):
Event: 4613.640 Thread 0x000001e87450eb60 flushing nmethod 0x000001e84856e490
Event: 4613.640 Thread 0x000001e87450eb60 flushing nmethod 0x000001e848498810
Event: 4613.640 Thread 0x000001e87450eb60 flushing nmethod 0x000001e84846c590
Event: 4613.640 Thread 0x000001e87450eb60 flushing nmethod 0x000001e84843a090
Event: 4613.640 Thread 0x000001e87450eb60 flushing nmethod 0x000001e8483a1690
Event: 4613.640 Thread 0x000001e87450eb60 flushing nmethod 0x000001e84832af90
Event: 4613.640 Thread 0x000001e87450eb60 flushing nmethod 0x000001e848230790
Event: 4613.640 Thread 0x000001e87450eb60 flushing nmethod 0x000001e848229e90
Event: 4613.640 Thread 0x000001e87450eb60 flushing nmethod 0x000001e8481a5410
Event: 4613.640 Thread 0x000001e87450eb60 flushing nmethod 0x000001e8480b7010
Event: 4613.640 Thread 0x000001e87450eb60 flushing nmethod 0x000001e848029b90
Event: 4613.640 Thread 0x000001e87450eb60 flushing nmethod 0x000001e848020f90
Event: 4613.640 Thread 0x000001e87450eb60 flushing nmethod 0x000001e84800a890
Event: 4613.640 Thread 0x000001e87450eb60 flushing nmethod 0x000001e858bd2f90
Event: 4613.640 Thread 0x000001e87450eb60 flushing nmethod 0x000001e858b6fc90
Event: 4613.640 Thread 0x000001e87450eb60 flushing nmethod 0x000001e85831f010
Event: 4613.663 Thread 0x000001e87ee6e420 Thread added: 0x000001e87ee6e420
Event: 4618.233 Thread 0x000001e87dd13270 Thread exited: 0x000001e87dd13270
Event: 4618.416 Thread 0x000001e87ee6e420 Thread exited: 0x000001e87ee6e420
Event: 4629.532 Thread 0x000001e87dd14cb0 Thread added: 0x000001e87dd14cb0


Dynamic libraries:
0x00007ff6a9180000 - 0x00007ff6a918a000 	C:\Program Files\Android\Android Studio\jbr\bin\java.exe
0x00007ff850930000 - 0x00007ff850b44000 	C:\WINDOWS\SYSTEM32\ntdll.dll
0x00007ff84f650000 - 0x00007ff84f713000 	C:\WINDOWS\System32\KERNEL32.DLL
0x00007ff84e1d0000 - 0x00007ff84e56c000 	C:\WINDOWS\System32\KERNELBASE.dll
0x00007ff84e0b0000 - 0x00007ff84e1c1000 	C:\WINDOWS\System32\ucrtbase.dll
0x00007ff84a4b0000 - 0x00007ff84a4c8000 	C:\Program Files\Android\Android Studio\jbr\bin\jli.dll
0x00007ff84f2b0000 - 0x00007ff84f45d000 	C:\WINDOWS\System32\USER32.dll
0x00007ff84e710000 - 0x00007ff84e736000 	C:\WINDOWS\System32\win32u.dll
0x00007ff847a20000 - 0x00007ff847a3b000 	C:\Program Files\Android\Android Studio\jbr\bin\VCRUNTIME140.dll
0x00007ff83b860000 - 0x00007ff83baee000 	C:\WINDOWS\WinSxS\amd64_microsoft.windows.common-controls_6595b64144ccf1df_6.0.22621.608_none_a9444ca7c10bb01d\COMCTL32.dll
0x00007ff84e740000 - 0x00007ff84e7e7000 	C:\WINDOWS\System32\msvcrt.dll
0x00007ff84f8a0000 - 0x00007ff84f8c9000 	C:\WINDOWS\System32\GDI32.dll
0x00007ff84e5f0000 - 0x00007ff84e702000 	C:\WINDOWS\System32\gdi32full.dll
0x00007ff84df50000 - 0x00007ff84dfea000 	C:\WINDOWS\System32\msvcp_win.dll
0x00007ff84f270000 - 0x00007ff84f2a2000 	C:\WINDOWS\System32\IMM32.DLL
0x00007ff84aad0000 - 0x00007ff84aadc000 	C:\Program Files\Android\Android Studio\jbr\bin\vcruntime140_1.dll
0x00007ff826e80000 - 0x00007ff826f0d000 	C:\Program Files\Android\Android Studio\jbr\bin\msvcp140.dll
0x00007fffcf580000 - 0x00007fffd01fd000 	C:\Program Files\Android\Android Studio\jbr\bin\server\jvm.dll
0x00007ff84f5a0000 - 0x00007ff84f64e000 	C:\WINDOWS\System32\ADVAPI32.dll
0x00007ff84f4f0000 - 0x00007ff84f594000 	C:\WINDOWS\System32\sechost.dll
0x00007ff84ef50000 - 0x00007ff84f065000 	C:\WINDOWS\System32\RPCRT4.dll
0x00007ff84e7f0000 - 0x00007ff84e861000 	C:\WINDOWS\System32\WS2_32.dll
0x00007ff84cc80000 - 0x00007ff84cccd000 	C:\WINDOWS\SYSTEM32\POWRPROF.dll
0x00007ff846220000 - 0x00007ff846254000 	C:\WINDOWS\SYSTEM32\WINMM.dll
0x00007ff84ba40000 - 0x00007ff84ba4a000 	C:\WINDOWS\SYSTEM32\VERSION.dll
0x00007ff84cc60000 - 0x00007ff84cc73000 	C:\WINDOWS\SYSTEM32\UMPDC.dll
0x00007ff84ceb0000 - 0x00007ff84cec8000 	C:\WINDOWS\SYSTEM32\kernel.appcore.dll
0x00007ff849030000 - 0x00007ff84903a000 	C:\Program Files\Android\Android Studio\jbr\bin\jimage.dll
0x00007ff837810000 - 0x00007ff837a3e000 	C:\WINDOWS\SYSTEM32\DBGHELP.DLL
0x00007ff84fa20000 - 0x00007ff84fdaa000 	C:\WINDOWS\System32\combase.dll
0x00007ff84f8f0000 - 0x00007ff84f9c7000 	C:\WINDOWS\System32\OLEAUT32.dll
0x00007ff8377d0000 - 0x00007ff837802000 	C:\WINDOWS\SYSTEM32\dbgcore.DLL
0x00007ff84e570000 - 0x00007ff84e5eb000 	C:\WINDOWS\System32\bcryptPrimitives.dll
0x00007ff83b480000 - 0x00007ff83b48e000 	C:\Program Files\Android\Android Studio\jbr\bin\instrument.dll
0x00007ff847890000 - 0x00007ff8478af000 	C:\Program Files\Android\Android Studio\jbr\bin\java.dll
0x00007ff83b300000 - 0x00007ff83b318000 	C:\Program Files\Android\Android Studio\jbr\bin\zip.dll
0x00007ff84fdb0000 - 0x00007ff85059f000 	C:\WINDOWS\System32\SHELL32.dll
0x00007ff84bda0000 - 0x00007ff84c668000 	C:\WINDOWS\SYSTEM32\windows.storage.dll
0x00007ff84bc60000 - 0x00007ff84bd9e000 	C:\WINDOWS\SYSTEM32\wintypes.dll
0x00007ff84f720000 - 0x00007ff84f811000 	C:\WINDOWS\System32\SHCORE.dll
0x00007ff84ea40000 - 0x00007ff84ea9e000 	C:\WINDOWS\System32\shlwapi.dll
0x00007ff84dca0000 - 0x00007ff84dcc1000 	C:\WINDOWS\SYSTEM32\profapi.dll
0x00007ff848a30000 - 0x00007ff848a40000 	C:\Program Files\Android\Android Studio\jbr\bin\net.dll
0x00007ff84b810000 - 0x00007ff84b93f000 	C:\WINDOWS\SYSTEM32\WINHTTP.dll
0x00007ff84d320000 - 0x00007ff84d389000 	C:\WINDOWS\system32\mswsock.dll
0x00007ff830060000 - 0x00007ff830076000 	C:\Program Files\Android\Android Studio\jbr\bin\nio.dll
0x00007ff847a10000 - 0x00007ff847a20000 	C:\Program Files\Android\Android Studio\jbr\bin\verify.dll
0x00007ff82a600000 - 0x00007ff82a627000 	C:\Users\moner\.gradle\native\660c5614fbf4a5f2a75b1949f50a0caf5cd603558e7d8a26e50b933a0cfb79d1\windows-amd64\native-platform.dll
0x00007ff8059d0000 - 0x00007ff805a47000 	C:\Users\moner\.gradle\native\0.2.8\x86_64-windows-gnu\gradle-fileevents.dll
0x00007ff83cc20000 - 0x00007ff83cc29000 	C:\Program Files\Android\Android Studio\jbr\bin\management.dll
0x00007ff83b4a0000 - 0x00007ff83b4ab000 	C:\Program Files\Android\Android Studio\jbr\bin\management_ext.dll
0x00007ff84f8e0000 - 0x00007ff84f8e8000 	C:\WINDOWS\System32\PSAPI.DLL
0x00007ff84c930000 - 0x00007ff84c95d000 	C:\WINDOWS\SYSTEM32\IPHLPAPI.DLL
0x00007ff84f8d0000 - 0x00007ff84f8d9000 	C:\WINDOWS\System32\NSI.dll
0x00007ff847850000 - 0x00007ff847859000 	C:\Program Files\Android\Android Studio\jbr\bin\extnet.dll
0x00007ff84d570000 - 0x00007ff84d58b000 	C:\WINDOWS\SYSTEM32\CRYPTSP.dll
0x00007ff84ce20000 - 0x00007ff84ce55000 	C:\WINDOWS\system32\rsaenh.dll
0x00007ff84d410000 - 0x00007ff84d438000 	C:\WINDOWS\SYSTEM32\USERENV.dll
0x00007ff84d730000 - 0x00007ff84d758000 	C:\WINDOWS\SYSTEM32\bcrypt.dll
0x00007ff84d590000 - 0x00007ff84d59c000 	C:\WINDOWS\SYSTEM32\CRYPTBASE.dll
0x00007ff839b30000 - 0x00007ff839b38000 	C:\WINDOWS\system32\wshunix.dll
0x00007ff84c9a0000 - 0x00007ff84ca93000 	C:\WINDOWS\SYSTEM32\DNSAPI.dll
0x00007ff837ea0000 - 0x00007ff837eaa000 	C:\Windows\System32\rasadhlp.dll
0x00007ff840110000 - 0x00007ff840193000 	C:\WINDOWS\System32\fwpuclnt.dll
0x00007ff8478d0000 - 0x00007ff8478d7000 	C:\Program Files\Android\Android Studio\jbr\bin\rmi.dll
0x00007ff84ced0000 - 0x00007ff84cf04000 	C:\WINDOWS\SYSTEM32\ntmarta.dll

dbghelp: loaded successfully - version: 4.0.5 - missing functions: none
symbol engine: initialized successfully - sym options: 0x614 - pdb path: .;C:\Program Files\Android\Android Studio\jbr\bin;C:\WINDOWS\SYSTEM32;C:\WINDOWS\WinSxS\amd64_microsoft.windows.common-controls_6595b64144ccf1df_6.0.22621.608_none_a9444ca7c10bb01d;C:\Program Files\Android\Android Studio\jbr\bin\server;C:\Users\moner\.gradle\native\660c5614fbf4a5f2a75b1949f50a0caf5cd603558e7d8a26e50b933a0cfb79d1\windows-amd64;C:\Users\moner\.gradle\native\0.2.8\x86_64-windows-gnu

VM Arguments:
jvm_args: -Dstdout.encoding=UTF-8 -Dstderr.encoding=UTF-8 --add-opens=java.base/java.lang=ALL-UNNAMED --add-opens=java.base/java.lang.invoke=ALL-UNNAMED --add-opens=java.base/java.util=ALL-UNNAMED --add-opens=java.prefs/java.util.prefs=ALL-UNNAMED --add-exports=jdk.compiler/com.sun.tools.javac.api=ALL-UNNAMED --add-exports=jdk.compiler/com.sun.tools.javac.util=ALL-UNNAMED --add-opens=java.base/java.util=ALL-UNNAMED --add-opens=java.prefs/java.util.prefs=ALL-UNNAMED --add-opens=java.base/java.nio.charset=ALL-UNNAMED --add-opens=java.base/java.net=ALL-UNNAMED --add-opens=java.base/java.util.concurrent=ALL-UNNAMED --add-opens=java.base/java.util.concurrent.atomic=ALL-UNNAMED --add-opens=java.xml/javax.xml.namespace=ALL-UNNAMED --add-opens=java.base/java.time=ALL-UNNAMED -XX:MaxMetaspaceSize=4G -XX:ReservedCodeCacheSize=512m -XX:+HeapDumpOnOutOfMemoryError -Xmx8G -Dfile.encoding=UTF-8 -Duser.country=LY -Duser.language=ar -Duser.variant -javaagent:C:\Users\moner\.gradle\wrapper\dists\gradle-9.3.1-all\9ot9r568e8zfvvd4mn8rbu1j0\gradle-9.3.1\lib\agents\gradle-instrumentation-agent-9.3.1.jar 
java_command: org.gradle.launcher.daemon.bootstrap.GradleDaemon 9.3.1
java_class_path (initial): C:\Users\moner\.gradle\wrapper\dists\gradle-9.3.1-all\9ot9r568e8zfvvd4mn8rbu1j0\gradle-9.3.1\lib\gradle-daemon-main-9.3.1.jar
Launcher Type: SUN_STANDARD

[Global flags]
     intx CICompilerCount                          = 3                                         {product} {ergonomic}
     uint ConcGCThreads                            = 1                                         {product} {ergonomic}
     uint G1ConcRefinementThreads                  = 4                                         {product} {ergonomic}
   size_t G1HeapRegionSize                         = 4194304                                   {product} {ergonomic}
    uintx GCDrainStackTargetSize                   = 64                                        {product} {ergonomic}
     bool HeapDumpOnOutOfMemoryError               = true                                   {manageable} {command line}
   size_t InitialHeapSize                          = 134217728                                 {product} {ergonomic}
   size_t MarkStackSize                            = 4194304                                   {product} {ergonomic}
   size_t MaxHeapSize                              = 8589934592                                {product} {command line}
   size_t MaxMetaspaceSize                         = 4294967296                                {product} {command line}
   size_t MaxNewSize                               = 5150605312                                {product} {ergonomic}
   size_t MinHeapDeltaBytes                        = 4194304                                   {product} {ergonomic}
   size_t MinHeapSize                              = 8388608                                   {product} {ergonomic}
    uintx NonNMethodCodeHeapSize                   = 5832780                                {pd product} {ergonomic}
    uintx NonProfiledCodeHeapSize                  = 265519066                              {pd product} {ergonomic}
    uintx ProfiledCodeHeapSize                     = 265519066                              {pd product} {ergonomic}
    uintx ReservedCodeCacheSize                    = 536870912                              {pd product} {command line}
     bool SegmentedCodeCache                       = true                                      {product} {ergonomic}
   size_t SoftMaxHeapSize                          = 8589934592                             {manageable} {ergonomic}
     bool UseCompressedOops                        = true                           {product lp64_product} {ergonomic}
     bool UseG1GC                                  = true                                      {product} {ergonomic}
     bool UseLargePagesIndividualAllocation        = false                                  {pd product} {ergonomic}

Logging:
Log output configuration:
 #0: stdout all=warning uptime,level,tags foldmultilines=false
 #1: stderr all=off uptime,level,tags foldmultilines=false

Environment Variables:
JAVA_HOME=C:\Program Files\Android\Android Studio\jbr
JAVA_TOOL_OPTIONS=-Dstdout.encoding=UTF-8 -Dstderr.encoding=UTF-8
CLASSPATH=D:\M\test\android\\gradle\wrapper\gradle-wrapper.jar
PATH=C:\Program Files\Android\Android Studio\jbr\bin;D:\flutter_windows_3.47.5-stable\flutter\bin\;c:\Users\moner\AppData\Roaming\Code\User\globalStorage\github.copilot-chat\debugCommand;c:\Users\moner\AppData\Roaming\Code\User\globalStorage\github.copilot-chat\copilotCli;C:\Users\moner\AppData\Roaming\Code\User\globalStorage\pleiades.java-extension-pack-jdk\gradle\latest\bin;C:\Users\moner\AppData\Roaming\Code\User\globalStorage\pleiades.java-extension-pack-jdk\maven\latest\bin;C:\Program Files\Java\jdk-24\bin;C:\Users\moner\AppData\Local\Programs\Microsoft VS Code;C:\Python314\Scripts\;C:\Python314\;C:\Program Files\Common Files\Oracle\Java\javapath;C:\Program Files (x86)\Common Files\Oracle\Java\java8path;C:\Program Files (x86)\Common Files\Oracle\Java\javapath;C:\WINDOWS\system32;C:\WINDOWS;C:\WINDOWS\System32\Wbem;C:\WINDOWS\System32\WindowsPowerShell\v1.0\;C:\WINDOWS\System32\OpenSSH\;C:\Program Files\Java\jdk-23\bin;C:\Program Files\Git\cmd;C:\Program Files\dotnet\;C:\Program Files (x86)\Microsoft SQL Server\160\Tools\Binn\;C:\Program Files\Microsoft SQL Server\160\Tools\Binn\;C:\Program Files\Microsoft SQL Server\Client SDK\ODBC\170\Tools\Binn\;C:\Program Files\Microsoft SQL Server\160\DTS\Binn\;C:\Program Files\nodejs\;C:\ProgramData\chocolatey\bin;C:\Users\moner\AppData\Local\Microsoft\WindowsApps;C:\development\flutter\bin;C:\Users\moner\.dotnet\tools;C:\Users\moner\AppData\Local\Programs\Microsoft VS Code\bin;C:\Users\moner\AppData\Roaming\npm;c:\Users\moner\.vscode\extensions\vscjava.vscode-java-debug-0.59.0\bundled\scripts\noConfigScripts;D:\flutter_windows_3.47.5-stable\flutter\bin\mingit\cmd
USERNAME=moner
LANG=en_US.UTF-8
OS=Windows_NT
PROCESSOR_IDENTIFIER=Intel64 Family 6 Model 78 Stepping 3, GenuineIntel
TMP=C:\Users\moner\AppData\Local\Temp
TEMP=C:\Users\moner\AppData\Local\Temp




Periodic native trim disabled

JNI global refs:
JNI global refs: 29, weak refs: 9

JNI global refs memory usage: 835, weak refs: 833

Process memory usage:
Resident Set Size: 771236K (9% of 8318776K total physical memory with 245744K free physical memory)

OOME stack traces (most recent first):
Classloader memory used:
Loader org.gradle.internal.classloader.VisitableURLClassLoader                         : 117M
Loader bootstrap                                                                       : 34182K
Loader org.gradle.initialization.MixInLegacyTypesClassLoader                           : 13123K
Loader org.gradle.internal.classloader.VisitableURLClassLoader$InstrumentingVisitableURLClassLoader: 8628K
Loader java.net.URLClassLoader                                                         : 5501K
Loader jdk.internal.loader.ClassLoaders$PlatformClassLoader                            : 529K
Loader jdk.internal.reflect.DelegatingClassLoader                                      : 399K
Loader jdk.internal.jrtfs.JrtFileSystemProvider$JrtFsLoader                            : 341K
Loader jdk.internal.loader.ClassLoaders$AppClassLoader                                 : 230K
Loader org.gradle.internal.classloader.VisitableURLClassLoader                         : 91104B
Loader sun.reflect.misc.MethodUtil                                                     : 2960B

Classes loaded by more than one classloader:
Class Program                                                                         : loaded 4 times (x 69B)
Class org.jetbrains.kotlin.build.report.metrics.GradleBuildTime$Companion             : loaded 3 times (x 68B)
Class org.jetbrains.kotlin.build.report.metrics.BuildTime                             : loaded 3 times (x 67B)
Class [Lorg.jetbrains.kotlin.build.report.metrics.GradleBuildTime;                    : loaded 3 times (x 66B)
Class org.jetbrains.kotlin.build.report.metrics.BuildMetricsReporter                  : loaded 3 times (x 67B)
Class org.jetbrains.kotlin.build.report.metrics.DoNothingBuildMetricsReporter         : loaded 3 times (x 84B)
Class [Lorg.jetbrains.kotlin.build.report.metrics.BuildTime;                          : loaded 3 times (x 66B)
Class org.jetbrains.kotlin.build.report.metrics.GradleBuildTime                       : loaded 3 times (x 85B)
Class kotlin.jvm.internal.CollectionToArray                                           : loaded 2 times (x 68B)
Class [Lorg.jetbrains.kotlin.metadata.ProtoBuf$Visibility;                            : loaded 2 times (x 66B)
Class org.jetbrains.kotlin.metadata.ProtoBuf$ContractOrBuilder                        : loaded 2 times (x 67B)
Class org.jetbrains.kotlin.load.kotlin.FileBasedKotlinClass$OuterAndInnerName         : loaded 2 times (x 69B)
Class kotlin.io.FilesKt__FileTreeWalkKt                                               : loaded 2 times (x 68B)
Class kotlin.sequences.FilteringSequence$iterator$1                                   : loaded 2 times (x 76B)
Class kotlin.sequences.SequencesKt__SequenceBuilderKt                                 : loaded 2 times (x 68B)
Class kotlin.collections.CollectionsKt__ReversedViewsKt                               : loaded 2 times (x 68B)
Class org.jetbrains.kotlin.incremental.classpathDiff.DirectoryOrJarReader             : loaded 2 times (x 67B)
Class jdk.internal.jimage.BasicImageReader                                            : loaded 2 times (x 92B)
Class org.gradle.internal.classloader.ClassLoaderHierarchy                            : loaded 2 times (x 67B)
Class [Lorg.jetbrains.kotlin.metadata.ProtoBuf$Modality;                              : loaded 2 times (x 66B)
Class org.jetbrains.kotlin.inline.InlineUtilKt                                        : loaded 2 times (x 68B)
Class org.jetbrains.org.objectweb.asm.tree.Util                                       : loaded 2 times (x 68B)
Class org.jetbrains.kotlin.metadata.deserialization.MetadataVersion$Companion         : loaded 2 times (x 68B)
Class org.gradle.api.internal.classpath.ManifestUtil                                  : loaded 2 times (x 68B)
Class org.jetbrains.kotlin.metadata.ProtoBuf$Effect$InvocationKind$1                  : loaded 2 times (x 71B)
Class org.jetbrains.kotlin.incremental.storage.ProtoMapValue                          : loaded 2 times (x 69B)
Class org.jetbrains.kotlin.protobuf.GeneratedMessageLite$1                            : loaded 2 times (x 68B)
Class org.jetbrains.kotlin.metadata.ProtoBuf$FunctionOrBuilder                        : loaded 2 times (x 67B)
Class org.jetbrains.kotlin.protobuf.GeneratedMessageLite$ExtendableMessageOrBuilder   : loaded 2 times (x 67B)
Class org.jetbrains.kotlin.incremental.classpathDiff.impl.BasicClassInfo              : loaded 2 times (x 69B)
Class org.jetbrains.kotlin.incremental.classpathDiff.impl.ClassListSnapshotterKt      : loaded 2 times (x 68B)
Class org.jetbrains.kotlin.protobuf.ByteString$Output                                 : loaded 2 times (x 83B)
Class org.jetbrains.kotlin.incremental.classpathDiff.impl.ClassListSnapshotterKt$WhenMappings: loaded 2 times (x 68B)
Class org.jetbrains.org.objectweb.asm.tree.FieldInsnNode                              : loaded 2 times (x 76B)
Class jdk.internal.jimage.decompressor.StringSharingDecompressorFactory               : loaded 2 times (x 71B)
Class org.jetbrains.kotlin.metadata.ProtoBuf$Effect$EffectType                        : loaded 2 times (x 79B)
Class org.jetbrains.kotlin.buildtools.internal.CompilationServiceProxy                : loaded 2 times (x 79B)
Class org.gradle.internal.classloader.DefaultClassLoaderFactory                       : loaded 2 times (x 79B)
Class org.jetbrains.kotlin.metadata.jvm.deserialization.JvmNameResolver               : loaded 2 times (x 77B)
Class org.jetbrains.org.objectweb.asm.ClassVisitor                                    : loaded 2 times (x 85B)
Class kotlin.sequences.SequencesKt___SequencesKt                                      : loaded 2 times (x 68B)
Class kotlin.collections.AbstractList$Companion                                       : loaded 2 times (x 68B)
Class org.gradle.internal.classloader.ClassLoaderVisitor                              : loaded 2 times (x 73B)
Class org.jetbrains.kotlin.inline.InlinePropertyAccessor                              : loaded 2 times (x 72B)
Class org.jetbrains.kotlin.metadata.deserialization.Flags$EnumLiteFlagField           : loaded 2 times (x 73B)
Class org.jetbrains.kotlin.metadata.ProtoBuf$Type$Argument$1                          : loaded 2 times (x 141B)
Class org.jetbrains.kotlin.metadata.jvm.JvmProtoBuf$StringTableTypesOrBuilder         : loaded 2 times (x 67B)
Class org.jetbrains.kotlin.com.intellij.util.io.IOUtil                                : loaded 2 times (x 68B)
Class org.jetbrains.org.objectweb.asm.tree.FrameNode                                  : loaded 2 times (x 76B)
Class org.jetbrains.org.objectweb.asm.ClassReader                                     : loaded 2 times (x 89B)
Class org.gradle.api.internal.classpath.EffectiveClassPath                            : loaded 2 times (x 87B)
Class org.jetbrains.org.objectweb.asm.Handle                                          : loaded 2 times (x 69B)
Class org.jetbrains.kotlin.metadata.ProtoBuf$EnumEntry                                : loaded 2 times (x 118B)
Class [Lorg.jetbrains.kotlin.descriptors.CallableMemberDescriptor$Kind;               : loaded 2 times (x 66B)
Class org.jetbrains.kotlin.incremental.classpathDiff.impl.SingleClassSnapshotter      : loaded 2 times (x 68B)
Class kotlin.text.StringsKt__AppendableKt                                             : loaded 2 times (x 68B)
Class [Lorg.jetbrains.kotlin.buildtools.api.internal.KotlinCompilerVersion$Maturity;  : loaded 2 times (x 66B)
Class org.jetbrains.kotlin.buildtools.api.internal.KotlinCompilerVersion$Maturity     : loaded 2 times (x 76B)
Class [Lkotlin.reflect.KCallable;                                                     : loaded 2 times (x 66B)
Class org.jetbrains.kotlin.util.ModuleVisibilityHelper                                : loaded 2 times (x 67B)
Class org.jetbrains.kotlin.descriptors.DescriptorVisibilities$1                       : loaded 2 times (x 76B)
Class org.jetbrains.kotlin.protobuf.CodedOutputStream$ByteBufferOutputStream          : loaded 2 times (x 83B)
Class org.jetbrains.kotlin.incremental.classpathDiff.impl.ClassFile                   : loaded 2 times (x 69B)
Class org.jetbrains.kotlin.buildtools.api.jvm.ClassSnapshotGranularity                : loaded 2 times (x 76B)
Class org.gradle.api.internal.DefaultClassPathProvider                                : loaded 2 times (x 73B)
Class org.jetbrains.kotlin.descriptors.DescriptorVisibilities$2                       : loaded 2 times (x 76B)
Class org.jetbrains.kotlin.metadata.ProtoBuf$Modality                                 : loaded 2 times (x 79B)
Class org.jetbrains.kotlin.metadata.jvm.JvmProtoBuf$JvmFieldSignature                 : loaded 2 times (x 105B)
Class org.jetbrains.kotlin.protobuf.ExtensionRegistryLite                             : loaded 2 times (x 71B)
Class org.jetbrains.kotlin.incremental.classpathDiff.impl.ClassListSnapshotter        : loaded 2 times (x 67B)
Class kotlin.sequences.Sequence                                                       : loaded 2 times (x 67B)
Class kotlin.text.StringsKt__StringNumberConversionsJVMKt                             : loaded 2 times (x 68B)
Class [Lorg.gradle.api.internal.ClassPathProvider;                                    : loaded 2 times (x 66B)
Class org.gradle.api.internal.ClassPathProvider                                       : loaded 2 times (x 67B)
Class org.jetbrains.kotlin.metadata.jvm.deserialization.ClassMapperLite               : loaded 2 times (x 68B)
Class org.jetbrains.kotlin.descriptors.DescriptorVisibilities$3                       : loaded 2 times (x 76B)
Class org.jetbrains.kotlin.metadata.ProtoBuf$MemberKind                               : loaded 2 times (x 79B)
Class org.jetbrains.kotlin.metadata.jvm.deserialization.JvmNameResolverBase$Companion : loaded 2 times (x 68B)
Class org.jetbrains.kotlin.load.java.JvmAnnotationNames                               : loaded 2 times (x 68B)
Class org.jetbrains.kotlin.cli.common.CompilerSystemProperties                        : loaded 2 times (x 77B)
Class org.gradle.internal.service.UnknownServiceException                             : loaded 2 times (x 80B)
Class org.jetbrains.kotlin.descriptors.DescriptorVisibilities$4                       : loaded 2 times (x 76B)
Class [Lorg.jetbrains.kotlin.protobuf.WireFormat$JavaType;                            : loaded 2 times (x 66B)
Class org.jetbrains.org.objectweb.asm.tree.TableSwitchInsnNode                        : loaded 2 times (x 76B)
Class [Lorg.jetbrains.org.objectweb.asm.Attribute;                                    : loaded 2 times (x 66B)
Class org.jetbrains.kotlin.descriptors.DescriptorVisibilities$5                       : loaded 2 times (x 76B)
Class org.jetbrains.kotlin.metadata.jvm.JvmProtoBuf$JvmPropertySignatureOrBuilder     : loaded 2 times (x 67B)
Class org.jetbrains.kotlin.protobuf.GeneratedMessageLite$ExtendableMessage            : loaded 2 times (x 110B)
Class org.jetbrains.kotlin.incremental.classpathDiff.MultifileClassKotlinClassSnapshot: loaded 2 times (x 73B)
Class org.jetbrains.kotlin.incremental.storage.ExternalizersKt                        : loaded 2 times (x 68B)
Class org.jetbrains.kotlin.cli.common.messages.CompilerMessageSeverity                : loaded 2 times (x 76B)
Class org.jetbrains.kotlin.descriptors.DescriptorVisibilities$6                       : loaded 2 times (x 76B)
Class org.jetbrains.kotlin.protobuf.CodedOutputStream$OutOfSpaceException             : loaded 2 times (x 79B)
Class org.jetbrains.kotlin.metadata.ProtoBuf$Annotation$Argument$Value                : loaded 2 times (x 124B)
Class kotlin.collections.ArraysKt___ArraysJvmKt                                       : loaded 2 times (x 68B)
Class kotlin.collections.CollectionsKt__CollectionsKt                                 : loaded 2 times (x 68B)
Class kotlin.text.StringsKt__RegexExtensionsJVMKt                                     : loaded 2 times (x 68B)
Class org.jetbrains.kotlin.descriptors.DescriptorVisibilities$7                       : loaded 2 times (x 76B)
Class kotlin._Assertions                                                              : loaded 2 times (x 68B)
Class org.gradle.internal.classpath.TransformedClassPath                              : loaded 2 times (x 93B)
Class org.gradle.internal.classloader.InstrumentingClassLoader                        : loaded 2 times (x 67B)
Class org.jetbrains.kotlin.incremental.storage.DoubleExternalizer                     : loaded 2 times (x 72B)
Class kotlin.jvm.internal.FunctionReference                                           : loaded 2 times (x 119B)
Class kotlin.jvm.internal.FunctionBase                                                : loaded 2 times (x 67B)
Class org.jetbrains.kotlin.descriptors.DescriptorVisibilities$8                       : loaded 2 times (x 76B)
Class org.jetbrains.kotlin.metadata.ProtoBuf$MemberKind$1                             : loaded 2 times (x 71B)
Class org.jetbrains.kotlin.metadata.jvm.JvmProtoBuf$StringTableTypes$RecordOrBuilder  : loaded 2 times (x 67B)
Class [Lorg.jetbrains.org.objectweb.asm.SymbolTable$Entry;                            : loaded 2 times (x 66B)
Class org.jetbrains.kotlin.resolve.jvm.JvmClassName                                   : loaded 2 times (x 73B)
Class kotlin.enums.EnumEntriesList                                                    : loaded 2 times (x 220B)
Class org.jetbrains.kotlin.buildtools.api.jvm.ClasspathEntrySnapshot                  : loaded 2 times (x 67B)
Class org.jetbrains.kotlin.com.google.common.base.Preconditions                       : loaded 2 times (x 68B)
Class org.jetbrains.kotlin.protobuf.GeneratedMessageLite$ExtendableBuilder            : loaded 2 times (x 135B)
Class org.jetbrains.kotlin.descriptors.DescriptorVisibilities$9                       : loaded 2 times (x 76B)
Class org.jetbrains.kotlin.metadata.jvm.JvmProtoBuf$StringTableTypes                  : loaded 2 times (x 107B)
Class kotlin.comparisons.ComparisonsKt___ComparisonsJvmKt                             : loaded 2 times (x 68B)
Class kotlin.collections.CollectionsKt__IteratorsJVMKt                                : loaded 2 times (x 68B)
Class org.jetbrains.kotlin.utils.CollectionsKt                                        : loaded 2 times (x 68B)
Class org.jetbrains.kotlin.metadata.jvm.JvmProtoBuf$StringTableTypes$1                : loaded 2 times (x 141B)
Class org.jetbrains.kotlin.metadata.ProtoBuf$PropertyOrBuilder                        : loaded 2 times (x 67B)
Class org.jetbrains.kotlin.metadata.ProtoBuf$Constructor$1                            : loaded 2 times (x 141B)
Class [Lorg.jetbrains.kotlin.com.intellij.openapi.diagnostic.LogLevel;                : loaded 2 times (x 66B)
Class org.jetbrains.org.objectweb.asm.tree.LabelNode                                  : loaded 2 times (x 77B)
Class org.jetbrains.org.objectweb.asm.TypeReference                                   : loaded 2 times (x 77B)
Class org.gradle.internal.service.ServiceLocator                                      : loaded 2 times (x 67B)
Class org.jetbrains.kotlin.incremental.storage.FloatExternalizer                      : loaded 2 times (x 72B)
Class org.jetbrains.kotlin.load.kotlin.header.ReadKotlinClassHeaderAnnotationVisitor$CollectStringArrayAnnotationVisitor: loaded 2 times (x 82B)
Class kotlin.Pair                                                                     : loaded 2 times (x 69B)
Class org.jetbrains.kotlin.incremental.impl.UtilsKt                                   : loaded 2 times (x 68B)
Class [Lkotlin.Function;                                                              : loaded 2 times (x 66B)
Class org.jetbrains.kotlin.incremental.classpathDiff.impl.KotlinClassHeaderClassVisitor: loaded 2 times (x 85B)
Class jdk.internal.jrtfs.JrtFileSystemProvider                                        : loaded 2 times (x 98B)
Class [Lorg.jetbrains.org.objectweb.asm.tree.AbstractInsnNode;                        : loaded 2 times (x 66B)
Class org.jetbrains.kotlin.incremental.classpathDiff.ExtraInfoExternalizer            : loaded 2 times (x 72B)
Class kotlin.io.CloseableKt                                                           : loaded 2 times (x 68B)
Class org.jetbrains.kotlin.incremental.classpathDiff.ClasspathEntrySnapshot           : loaded 2 times (x 69B)
Class kotlin.collections.CollectionsKt__MutableCollectionsKt                          : loaded 2 times (x 68B)
Class org.jetbrains.kotlin.buildtools.api.SharedApiClassesClassLoader                 : loaded 2 times (x 68B)
Class kotlin.reflect.KCallable                                                        : loaded 2 times (x 67B)
Class org.jetbrains.kotlin.metadata.deserialization.ProtoBufUtilKt                    : loaded 2 times (x 68B)
Class kotlin.io.TerminateException                                                    : loaded 2 times (x 79B)
Class kotlin.io.FilesKt__FilePathComponentsKt                                         : loaded 2 times (x 68B)
Class org.jetbrains.kotlin.protobuf.AbstractMessageLite$Builder                       : loaded 2 times (x 119B)
Class org.jetbrains.kotlin.protobuf.Internal$EnumLiteMap                              : loaded 2 times (x 67B)
Class org.jetbrains.kotlin.protobuf.GeneratedMessageLite                              : loaded 2 times (x 98B)
Class org.jetbrains.org.objectweb.asm.tree.InsnList                                   : loaded 2 times (x 100B)
Class org.jetbrains.org.objectweb.asm.tree.ModuleNode                                 : loaded 2 times (x 80B)
Class org.jetbrains.kotlin.metadata.deserialization.MetadataVersion                   : loaded 2 times (x 71B)
Class org.jetbrains.kotlin.incremental.classpathDiff.impl.InstanceBasedSnapshotter    : loaded 2 times (x 69B)
Class org.jetbrains.kotlin.cli.common.messages.MessageCollector$Companion             : loaded 2 times (x 68B)
Class org.jetbrains.kotlin.descriptors.Visibilities$Unknown                           : loaded 2 times (x 76B)
Class org.jetbrains.kotlin.descriptors.Visibilities$Inherited                         : loaded 2 times (x 76B)
Class org.jetbrains.kotlin.protobuf.Parser                                            : loaded 2 times (x 67B)
Class org.jetbrains.org.objectweb.asm.tree.MethodInsnNode                             : loaded 2 times (x 76B)
Class org.jetbrains.org.objectweb.asm.tree.MethodNode                                 : loaded 2 times (x 107B)
Class org.jetbrains.kotlin.load.kotlin.KotlinJvmBinaryClass                           : loaded 2 times (x 67B)
Class org.gradle.internal.classloader.FilteringClassLoader                            : loaded 2 times (x 102B)
Class org.jetbrains.kotlin.config.KotlinCompilerVersion                               : loaded 2 times (x 68B)
Class jdk.internal.jimage.ImageLocation                                               : loaded 2 times (x 87B)
Class [Lorg.jetbrains.kotlin.metadata.ProtoBuf$VersionRequirement$Level;              : loaded 2 times (x 66B)
Class org.jetbrains.kotlin.protobuf.WireFormat$JavaType                               : loaded 2 times (x 76B)
Class org.jetbrains.kotlin.incremental.classpathDiff.KotlinClassSnapshot              : loaded 2 times (x 71B)
Class org.jetbrains.org.objectweb.asm.ClassTooLargeException                          : loaded 2 times (x 80B)
Class org.jetbrains.kotlin.metadata.jvm.deserialization.JvmMemberSignature$Method     : loaded 2 times (x 72B)
Class org.jetbrains.kotlin.metadata.ProtoBuf$Property$Builder                         : loaded 2 times (x 194B)
Class org.jetbrains.kotlin.descriptors.Visibilities$PrivateToThis                     : loaded 2 times (x 76B)
Class org.jetbrains.kotlin.protobuf.SmallSortedMap$1                                  : loaded 2 times (x 127B)
Class org.jetbrains.kotlin.incremental.classpathDiff.impl.ExtraInfoGeneratorWithInlinedClassSnapshotting: loaded 2 times (x 71B)
Class org.jetbrains.org.objectweb.asm.tree.IntInsnNode                                : loaded 2 times (x 75B)
Class kotlin.collections.EmptyList                                                    : loaded 2 times (x 171B)
Class kotlin.collections.MapsKt__MapsJVMKt                                            : loaded 2 times (x 68B)
Class jdk.internal.jimage.ImageBufferCache$1                                          : loaded 2 times (x 80B)
Class org.gradle.internal.classloader.ClasspathUtil$1                                 : loaded 2 times (x 73B)
Class org.jetbrains.kotlin.metadata.ProtoBuf$Effect$EffectType$1                      : loaded 2 times (x 71B)
Class org.jetbrains.kotlin.metadata.ProtoBuf$EffectOrBuilder                          : loaded 2 times (x 67B)
Class org.jetbrains.kotlin.incremental.KotlinClassInfo$Companion                      : loaded 2 times (x 68B)
Class org.jetbrains.kotlin.protobuf.BoundedByteString                                 : loaded 2 times (x 109B)
Class org.jetbrains.kotlin.incremental.storage.DelegateDataExternalizer               : loaded 2 times (x 73B)
Class jdk.internal.jimage.ImageBufferCache$2                                          : loaded 2 times (x 88B)
Class org.gradle.api.internal.classpath.DefaultModuleRegistry$DefaultModule           : loaded 2 times (x 83B)
Class org.jetbrains.kotlin.incremental.classpathDiff.JavaClassMemberLevelSnapshot     : loaded 2 times (x 69B)
Class org.jetbrains.org.objectweb.asm.tree.TryCatchBlockNode                          : loaded 2 times (x 71B)
Class org.jetbrains.kotlin.descriptors.Visibilities$InvisibleFake                     : loaded 2 times (x 76B)
Class org.jetbrains.kotlin.protobuf.UninitializedMessageException                     : loaded 2 times (x 81B)
Class org.jetbrains.kotlin.metadata.jvm.deserialization.JvmNameResolverKt             : loaded 2 times (x 68B)
Class org.jetbrains.kotlin.metadata.ProtoBuf$TypeParameter$Variance                   : loaded 2 times (x 79B)
Class org.jetbrains.kotlin.metadata.ProtoBuf$Annotation$Argument$Value$1              : loaded 2 times (x 141B)
Class org.jetbrains.kotlin.incremental.impl.SelectiveClassVisitor                     : loaded 2 times (x 85B)
Class org.jetbrains.kotlin.name.ClassId                                               : loaded 2 times (x 69B)
Class kotlin.text.StringsKt__StringsKt                                                : loaded 2 times (x 68B)
Class [Lorg.jetbrains.kotlin.metadata.ProtoBuf$Effect$EffectConditionKind;            : loaded 2 times (x 66B)
Class [Lorg.jetbrains.kotlin.metadata.ProtoBuf$Effect$InvocationKind;                 : loaded 2 times (x 66B)
Class org.jetbrains.kotlin.descriptors.Named                                          : loaded 2 times (x 67B)
Class org.jetbrains.kotlin.serialization.deserialization.ProtoEnumFlagsUtilsKt        : loaded 2 times (x 68B)
Class org.jetbrains.kotlin.metadata.ProtoBuf$Visibility$1                             : loaded 2 times (x 71B)
Class org.jetbrains.kotlin.metadata.jvm.JvmProtoBuf$StringTableTypes$Record$Operation$1: loaded 2 times (x 71B)
Class kotlin.collections.IndexingIterable                                             : loaded 2 times (x 76B)
Class org.jetbrains.kotlin.metadata.deserialization.NameResolver                      : loaded 2 times (x 67B)
Class org.jetbrains.kotlin.protobuf.GeneratedMessageLite$ExtensionDescriptor          : loaded 2 times (x 81B)
Class org.jetbrains.kotlin.protobuf.InvalidProtocolBufferException                    : loaded 2 times (x 81B)
Class org.jetbrains.org.objectweb.asm.tree.JumpInsnNode                               : loaded 2 times (x 75B)
Class org.jetbrains.org.objectweb.asm.FieldVisitor                                    : loaded 2 times (x 74B)
Class kotlin.collections.ArraysKt__ArraysKt                                           : loaded 2 times (x 68B)
Class org.jetbrains.kotlin.buildtools.api.CompilationService$Companion                : loaded 2 times (x 68B)
Class org.jetbrains.kotlin.metadata.ProtoBuf$Effect$EffectConditionKind$1             : loaded 2 times (x 71B)
Class org.jetbrains.kotlin.protobuf.ByteString$ByteIterator                           : loaded 2 times (x 67B)
Class org.jetbrains.kotlin.incremental.classpathDiff.impl.ClassFileWithContents       : loaded 2 times (x 69B)
Class kotlin.collections.SetsKt__SetsJVMKt                                            : loaded 2 times (x 68B)
Class kotlin.Function                                                                 : loaded 2 times (x 67B)
Class org.gradle.api.internal.classpath.Module                                        : loaded 2 times (x 67B)
Class kotlin.internal.ProgressionUtilKt                                               : loaded 2 times (x 68B)
Class org.jetbrains.kotlin.metadata.deserialization.Flags$FlagField                   : loaded 2 times (x 70B)
Class kotlin.io.FileAlreadyExistsException                                            : loaded 2 times (x 79B)
Class org.gradle.api.internal.classpath.UnknownModuleException                        : loaded 2 times (x 79B)
Class org.jetbrains.kotlin.metadata.ProtoBuf$TypeAliasOrBuilder                       : loaded 2 times (x 67B)
Class org.jetbrains.kotlin.incremental.classpathDiff.KotlinClassInfoExternalizer      : loaded 2 times (x 72B)
Class [Lorg.jetbrains.kotlin.metadata.ProtoBuf$Class$Kind;                            : loaded 2 times (x 66B)
Class org.jetbrains.kotlin.incremental.storage.LongExternalizer                       : loaded 2 times (x 72B)
Class org.jetbrains.kotlin.incremental.classpathDiff.AccessibleClassSnapshot          : loaded 2 times (x 70B)
Class jdk.internal.jimage.ImageHeader                                                 : loaded 2 times (x 68B)
Class kotlin.collections.IndexingIterator                                             : loaded 2 times (x 76B)
Class org.jetbrains.kotlin.protobuf.LiteralByteString                                 : loaded 2 times (x 109B)
Class org.jetbrains.kotlin.protobuf.LazyFieldLite                                     : loaded 2 times (x 79B)
Class kotlin.NotImplementedError                                                      : loaded 2 times (x 79B)
Class [Lkotlin.reflect.KAnnotatedElement;                                             : loaded 2 times (x 66B)
Class org.jetbrains.kotlin.incremental.storage.JvmMethodSignatureExternalizer         : loaded 2 times (x 72B)
Class org.jetbrains.org.objectweb.asm.FieldWriter                                     : loaded 2 times (x 75B)
Class org.jetbrains.org.objectweb.asm.tree.VarInsnNode                                : loaded 2 times (x 75B)
Class org.jetbrains.org.objectweb.asm.MethodVisitor                                   : loaded 2 times (x 102B)
Class kotlin.io.ByteStreamsKt                                                         : loaded 2 times (x 68B)
Class org.gradle.api.internal.DefaultClassPathRegistry                                : loaded 2 times (x 73B)
Class org.jetbrains.kotlin.metadata.ProtoBuf$Type$Argument$Projection$1               : loaded 2 times (x 71B)
Class org.jetbrains.kotlin.protobuf.SmallSortedMap$EmptySet$1                         : loaded 2 times (x 75B)
Class org.jetbrains.kotlin.protobuf.AbstractMessageLite$Builder$LimitedInputStream    : loaded 2 times (x 89B)
Class org.jetbrains.kotlin.cli.common.messages.MessageCollector                       : loaded 2 times (x 67B)
Class org.gradle.api.internal.ClassPathRegistry                                       : loaded 2 times (x 67B)
Class org.gradle.internal.classpath.DefaultClassPath$ImmutableUniqueList              : loaded 2 times (x 196B)
Class org.jetbrains.kotlin.descriptors.Visibilities$Protected                         : loaded 2 times (x 76B)
Class org.jetbrains.kotlin.metadata.ProtoBuf$PackageOrBuilder                         : loaded 2 times (x 67B)
Class org.jetbrains.kotlin.metadata.jvm.JvmProtoBuf$JvmPropertySignature              : loaded 2 times (x 111B)
Class org.jetbrains.kotlin.metadata.ProtoBuf$ValueParameterOrBuilder                  : loaded 2 times (x 67B)
Class org.jetbrains.kotlin.protobuf.SmallSortedMap$EmptySet$2                         : loaded 2 times (x 75B)
Class org.jetbrains.org.objectweb.asm.ByteVector                                      : loaded 2 times (x 75B)
Class kotlin.text.StringsKt__StringsJVMKt                                             : loaded 2 times (x 68B)
Class org.jetbrains.kotlin.buildtools.api.KotlinBuildToolsException                   : loaded 2 times (x 79B)
Class jdk.internal.jimage.decompressor.ResourceDecompressor                           : loaded 2 times (x 67B)
Class [Lorg.jetbrains.org.objectweb.asm.tree.LabelNode;                               : loaded 2 times (x 66B)
Class org.jetbrains.kotlin.incremental.storage.InlinePropertyAccessorExternalizer     : loaded 2 times (x 72B)
Class org.jetbrains.kotlin.descriptors.DeclarationDescriptor                          : loaded 2 times (x 67B)
Class org.jetbrains.kotlin.descriptors.DescriptorVisibilities                         : loaded 2 times (x 68B)
Class org.jetbrains.kotlin.load.kotlin.KotlinJvmBinaryClass$AnnotationArrayArgumentVisitor: loaded 2 times (x 67B)
Class [Lorg.jetbrains.org.objectweb.asm.AnnotationWriter;                             : loaded 2 times (x 66B)
Class org.jetbrains.org.objectweb.asm.tree.LookupSwitchInsnNode                       : loaded 2 times (x 75B)
Class org.jetbrains.org.objectweb.asm.tree.FieldNode                                  : loaded 2 times (x 77B)
Class org.jetbrains.kotlin.name.FqNameUnsafe$Companion                                : loaded 2 times (x 68B)
Class kotlin.collections.SetsKt                                                       : loaded 2 times (x 68B)
Class kotlin.text.StringsKt__IndentKt                                                 : loaded 2 times (x 68B)
Class org.jetbrains.kotlin.descriptors.SourceElement                                  : loaded 2 times (x 67B)
Class org.jetbrains.kotlin.cli.common.messages.CompilerMessageSourceLocation          : loaded 2 times (x 67B)
Class org.jetbrains.kotlin.cli.common.arguments.K2JVMCompilerArgumentsConfigurator    : loaded 2 times (x 71B)
Class Settings_gradle$1                                                               : loaded 2 times (x 71B)
Class org.gradle.internal.classpath.ClassPath                                         : loaded 2 times (x 67B)
Class kotlin.reflect.KFunction                                                        : loaded 2 times (x 67B)
Class org.jetbrains.kotlin.metadata.deserialization.TypeTable                         : loaded 2 times (x 69B)
Class org.jetbrains.kotlin.load.kotlin.FileBasedKotlinClass$1                         : loaded 2 times (x 85B)
Class org.jetbrains.kotlin.incremental.classpathDiff.impl.InnerClassesClassVisitor    : loaded 2 times (x 85B)
Class kotlin.sequences.SequencesKt__SequencesKt$asSequence$$inlined$Sequence$1        : loaded 2 times (x 72B)
Class org.jetbrains.kotlin.buildtools.api.internal.KotlinCompilerVersion              : loaded 2 times (x 72B)
Class org.jetbrains.kotlin.metadata.ProtoBuf$Type$ArgumentOrBuilder                   : loaded 2 times (x 67B)
Class org.jetbrains.kotlin.protobuf.GeneratedMessageLite$GeneratedExtension           : loaded 2 times (x 76B)
Class org.jetbrains.kotlin.com.intellij.openapi.diagnostic.Logger                     : loaded 2 times (x 96B)
Class org.jetbrains.kotlin.load.kotlin.FileBasedKotlinClass$2                         : loaded 2 times (x 85B)
Class kotlin.collections.MapsKt__MapsKt                                               : loaded 2 times (x 68B)
Class org.jetbrains.kotlin.incremental.classpathDiff.ClasspathEntrySnapshotter$Settings: loaded 2 times (x 69B)
Class org.jetbrains.kotlin.cli.common.arguments.Freezable                             : loaded 2 times (x 69B)
Class org.jetbrains.kotlin.metadata.ProtoBuf$Class                                    : loaded 2 times (x 174B)
Class org.jetbrains.kotlin.metadata.ProtoBuf$Property$1                               : loaded 2 times (x 141B)
Class org.jetbrains.kotlin.metadata.ProtoBuf$Type                                     : loaded 2 times (x 142B)
Class org.jetbrains.org.objectweb.asm.ClassWriter                                     : loaded 2 times (x 103B)
Class org.jetbrains.kotlin.load.kotlin.FileBasedKotlinClass$3                         : loaded 2 times (x 75B)
Class jdk.internal.jimage.ImageStringsReader                                          : loaded 2 times (x 77B)
Class org.jetbrains.kotlin.incremental.DifferenceCalculatorForPackageFacade$Companion$membersResolvers$1: loaded 2 times (x 122B)
Class org.jetbrains.kotlin.incremental.storage.StringExternalizer                     : loaded 2 times (x 72B)
Class org.jetbrains.kotlin.load.kotlin.FileBasedKotlinClass$4                         : loaded 2 times (x 85B)
Class kotlin.UninitializedPropertyAccessException                                     : loaded 2 times (x 79B)
Class org.jetbrains.kotlin.metadata.ProtoBuf$Annotation$Argument                      : loaded 2 times (x 105B)
Class org.jetbrains.kotlin.incremental.DifferenceCalculatorForPackageFacade$Companion$membersResolvers$2: loaded 2 times (x 122B)
Class org.jetbrains.org.objectweb.asm.tree.LocalVariableNode                          : loaded 2 times (x 70B)
Class org.jetbrains.kotlin.metadata.ProtoBuf$Class$Kind                               : loaded 2 times (x 79B)
Class org.jetbrains.kotlin.protobuf.GeneratedMessageLite$Builder                      : loaded 2 times (x 125B)
Class org.jetbrains.kotlin.protobuf.WireFormat$FieldType$1                            : loaded 2 times (x 80B)
Class org.jetbrains.kotlin.metadata.jvm.JvmProtoBuf$JvmMethodSignatureOrBuilder       : loaded 2 times (x 67B)
Class org.jetbrains.kotlin.protobuf.ByteString                                        : loaded 2 times (x 105B)
Class [Lorg.jetbrains.kotlin.cli.common.messages.CompilerMessageSeverity;             : loaded 2 times (x 66B)
Class [Lorg.jetbrains.kotlin.buildtools.api.jvm.ClassSnapshotGranularity;             : loaded 2 times (x 66B)
Class jdk.internal.jimage.ImageReader                                                 : loaded 2 times (x 72B)
Class org.jetbrains.kotlin.incremental.DifferenceCalculatorForPackageFacade$Companion$membersResolvers$3: loaded 2 times (x 122B)
Class org.jetbrains.kotlin.metadata.ProtoBuf$TypeParameter                            : loaded 2 times (x 127B)
Class org.jetbrains.kotlin.metadata.ProtoBuf$ValueParameter$1                         : loaded 2 times (x 141B)
Class [Lorg.jetbrains.kotlin.protobuf.WireFormat$FieldType;                           : loaded 2 times (x 66B)
Class org.jetbrains.kotlin.protobuf.WireFormat$FieldType$2                            : loaded 2 times (x 80B)
Class jdk.internal.jimage.ImageReader$SharedImageReader                               : loaded 2 times (x 92B)
Class org.gradle.api.internal.classpath.ModuleRegistry                                : loaded 2 times (x 67B)
Class org.gradle.internal.installation.GradleInstallation$1                           : loaded 2 times (x 72B)
Class org.jetbrains.kotlin.protobuf.WireFormat$FieldType$3                            : loaded 2 times (x 80B)
Class org.jetbrains.org.objectweb.asm.AnnotationVisitor                               : loaded 2 times (x 75B)
Class jdk.internal.jimage.decompressor.ResourceDecompressorFactory                    : loaded 2 times (x 71B)
Class org.jetbrains.kotlin.metadata.ProtoBuf$VersionRequirement$Level                 : loaded 2 times (x 79B)
Class org.jetbrains.kotlin.metadata.ProtoBuf$VersionRequirementOrBuilder              : loaded 2 times (x 67B)
Class org.jetbrains.kotlin.descriptors.Visibilities$Internal                          : loaded 2 times (x 76B)
Class [Lorg.jetbrains.kotlin.metadata.ProtoBuf$Annotation$Argument$Value$Type;        : loaded 2 times (x 66B)
Class org.jetbrains.kotlin.metadata.ProtoBuf$Contract$1                               : loaded 2 times (x 141B)
Class org.jetbrains.kotlin.metadata.ProtoBuf$Type$1                                   : loaded 2 times (x 141B)
Class org.jetbrains.kotlin.protobuf.WireFormat$FieldType$4                            : loaded 2 times (x 80B)
Class org.jetbrains.kotlin.metadata.jvm.JvmProtoBuf$JvmMethodSignature$1              : loaded 2 times (x 141B)
Class org.jetbrains.kotlin.load.kotlin.FileBasedKotlinClass$3$1                       : loaded 2 times (x 75B)
Class org.jetbrains.kotlin.name.FqNameUnsafe                                          : loaded 2 times (x 69B)
Class org.jetbrains.kotlin.metadata.ProtoBuf$Expression                               : loaded 2 times (x 117B)
Class org.jetbrains.kotlin.incremental.classpathDiff.impl.PrefixBasedSnapshotter$getRangeByPredicate$1: loaded 2 times (x 76B)
Class org.jetbrains.kotlin.incremental.storage.CollectionExternalizerV2               : loaded 2 times (x 77B)
Class kotlin.io.FilesKt__UtilsKt                                                      : loaded 2 times (x 68B)
Class kotlin.collections.CollectionsKt__CollectionsJVMKt                              : loaded 2 times (x 68B)
Class jdk.internal.jimage.ImageReader$Node                                            : loaded 2 times (x 81B)
Class org.gradle.api.internal.classpath.DefaultModuleRegistry                         : loaded 2 times (x 83B)
Class org.jetbrains.kotlin.metadata.ProtoBuf$Annotation$Argument$1                    : loaded 2 times (x 141B)
Class org.jetbrains.kotlin.metadata.deserialization.Flags$BooleanFlagField            : loaded 2 times (x 73B)
Class kotlin.collections.IndexedValue                                                 : loaded 2 times (x 69B)
Class org.jetbrains.kotlin.metadata.ProtoBuf$Function$1                               : loaded 2 times (x 141B)
Class org.jetbrains.kotlin.metadata.jvm.deserialization.JvmProtoBufUtil               : loaded 2 times (x 68B)
Class org.jetbrains.org.objectweb.asm.AnnotationWriter                                : loaded 2 times (x 76B)
Class org.jetbrains.kotlin.load.kotlin.KotlinJvmBinaryClass$AnnotationVisitor         : loaded 2 times (x 67B)
Class kotlin.sequences.SequencesKt                                                    : loaded 2 times (x 68B)
Class kotlin.collections.CollectionsKt__IteratorsKt                                   : loaded 2 times (x 68B)
Class org.jetbrains.org.objectweb.asm.tree.MethodNode$1                               : loaded 2 times (x 206B)
Class jdk.internal.jimage.BasicImageReader$1                                          : loaded 2 times (x 74B)
Class org.jetbrains.kotlin.com.intellij.openapi.diagnostic.Logger$DefaultFactory      : loaded 2 times (x 71B)
Class kotlin.text.StringsKt                                                           : loaded 2 times (x 68B)
Class org.jetbrains.kotlin.descriptors.Visibilities$Private                           : loaded 2 times (x 76B)
Class kotlin.LazyKt__LazyJVMKt                                                        : loaded 2 times (x 68B)
Class org.jetbrains.kotlin.metadata.ProtoBuf$VersionRequirement$VersionKind$1         : loaded 2 times (x 71B)
Class org.jetbrains.kotlin.metadata.ProtoBuf$Annotation$1                             : loaded 2 times (x 141B)
Class org.jetbrains.kotlin.protobuf.AbstractParser                                    : loaded 2 times (x 141B)
Class org.jetbrains.kotlin.incremental.storage.ListExternalizer                       : loaded 2 times (x 77B)
Class kotlin.io.FilesKt__FileReadWriteKt                                              : loaded 2 times (x 68B)
Class kotlin.text.StringsKt__StringNumberConversionsKt                                : loaded 2 times (x 68B)
Class org.jetbrains.kotlin.cli.common.CompilerSystemProperties$value$1                : loaded 2 times (x 122B)
Class org.jetbrains.kotlin.buildtools.api.CompilerArgumentsParseException             : loaded 2 times (x 79B)
Class jdk.internal.jimage.decompressor.Decompressor                                   : loaded 2 times (x 69B)
Class org.gradle.internal.service.ServiceLookupException                              : loaded 2 times (x 79B)
Class org.jetbrains.kotlin.metadata.ProtoBuf$Expression$ConstantValue                 : loaded 2 times (x 79B)
Class [Lorg.jetbrains.kotlin.protobuf.Internal$EnumLite;                              : loaded 2 times (x 66B)
Class org.jetbrains.kotlin.com.intellij.openapi.diagnostic.LogLevel                   : loaded 2 times (x 76B)
Class org.jetbrains.kotlin.incremental.classpathDiff.InaccessibleClassSnapshot        : loaded 2 times (x 68B)
Class org.gradle.internal.classloader.ClassLoaderFactory                              : loaded 2 times (x 67B)
Class org.jetbrains.org.objectweb.asm.tree.ParameterNode                              : loaded 2 times (x 70B)
Class org.jetbrains.kotlin.incremental.classpathDiff.impl.PrefixBasedSnapshotter      : loaded 2 times (x 69B)
Class org.jetbrains.kotlin.incremental.classpathDiff.impl.ClassListSnapshotterWithInlinedClassSupport$ClassDescriptorForProcessing: loaded 2 times (x 69B)
Class org.gradle.internal.service.CachingServiceLocator                               : loaded 2 times (x 79B)
Class kotlin.jvm.internal.CallableReference                                           : loaded 2 times (x 103B)
Class org.jetbrains.kotlin.descriptors.Visibilities$Public                            : loaded 2 times (x 76B)
Class org.jetbrains.kotlin.protobuf.ExtensionRegistryLite$ObjectIntPair               : loaded 2 times (x 69B)
Class org.jetbrains.kotlin.metadata.ProtoBuf$Class$1                                  : loaded 2 times (x 141B)
Class org.jetbrains.kotlin.load.kotlin.header.ReadKotlinClassHeaderAnnotationVisitor$KotlinMetadataArgumentVisitor$1: loaded 2 times (x 82B)
Class org.jetbrains.kotlin.com.intellij.util.io.IOUtil$1                              : loaded 2 times (x 80B)
Class org.jetbrains.kotlin.metadata.ProtoBuf$VersionRequirement$1                     : loaded 2 times (x 141B)
Class [Lkotlin.reflect.KFunction;                                                     : loaded 2 times (x 66B)
Class org.jetbrains.kotlin.metadata.jvm.JvmProtoBuf$StringTableTypes$Record$1         : loaded 2 times (x 141B)
Class org.jetbrains.kotlin.load.kotlin.header.ReadKotlinClassHeaderAnnotationVisitor$KotlinMetadataArgumentVisitor$2: loaded 2 times (x 82B)
Class org.jetbrains.kotlin.com.intellij.util.io.IOUtil$2                              : loaded 2 times (x 73B)
Class org.jetbrains.kotlin.incremental.classpathDiff.ClassSnapshot                    : loaded 2 times (x 68B)
Class org.jetbrains.org.objectweb.asm.tree.AnnotationNode                             : loaded 2 times (x 77B)
Class org.jetbrains.kotlin.metadata.ProtoBuf$Annotation$Argument$Value$Type           : loaded 2 times (x 79B)
Class org.jetbrains.kotlin.descriptors.CallableMemberDescriptor$Kind                  : loaded 2 times (x 76B)
Class org.jetbrains.kotlin.metadata.ProtoBuf$TypeParameterOrBuilder                   : loaded 2 times (x 67B)
Class org.jetbrains.kotlin.metadata.ProtoBuf$Property                                 : loaded 2 times (x 169B)
Class org.jetbrains.org.objectweb.asm.Type                                            : loaded 2 times (x 69B)
Class org.jetbrains.kotlin.name.FqName                                                : loaded 2 times (x 69B)
Class kotlin.enums.EnumEntries                                                        : loaded 2 times (x 67B)
Class org.jetbrains.kotlin.metadata.ProtoBuf$VersionRequirement$VersionKind           : loaded 2 times (x 79B)
Class org.jetbrains.kotlin.buildtools.api.internal.KotlinCompilerVersionKt            : loaded 2 times (x 68B)
Class org.jetbrains.org.objectweb.asm.TypePath                                        : loaded 2 times (x 69B)
Class org.jetbrains.kotlin.metadata.jvm.deserialization.UtfEncodingKt                 : loaded 2 times (x 68B)
Class org.jetbrains.kotlin.metadata.jvm.JvmProtoBuf$JvmFieldSignature$1               : loaded 2 times (x 141B)
Class org.jetbrains.kotlin.metadata.ProtoBuf$TypeTable                                : loaded 2 times (x 106B)
Class org.jetbrains.kotlin.metadata.jvm.JvmProtoBuf$JvmMethodSignature                : loaded 2 times (x 105B)
Class org.jetbrains.kotlin.protobuf.MessageLiteOrBuilder                              : loaded 2 times (x 67B)
Class org.jetbrains.kotlin.load.kotlin.header.ReadKotlinClassHeaderAnnotationVisitor$KotlinMetadataArgumentVisitor: loaded 2 times (x 83B)
Class org.jetbrains.kotlin.name.ClassId$Companion                                     : loaded 2 times (x 68B)
Class [Lorg.jetbrains.kotlin.cli.common.CompilerSystemProperties;                     : loaded 2 times (x 66B)
Class org.jetbrains.kotlin.incremental.storage.InlineFunctionExternalizer             : loaded 2 times (x 72B)
Class org.jetbrains.kotlin.metadata.ProtoBuf$AnnotationOrBuilder                      : loaded 2 times (x 67B)
Class org.jetbrains.kotlin.protobuf.WireFormat$FieldType                              : loaded 2 times (x 80B)
Class org.jetbrains.kotlin.com.intellij.openapi.diagnostic.Logger$Factory             : loaded 2 times (x 67B)
Class org.jetbrains.kotlin.load.kotlin.FileBasedKotlinClass                           : loaded 2 times (x 87B)
Class org.jetbrains.kotlin.buildtools.internal.ClasspathEntrySnapshotImpl             : loaded 2 times (x 73B)
Class jdk.internal.jimage.ImageBufferCache                                            : loaded 2 times (x 68B)
Class jdk.internal.jrtfs.JrtPath                                                      : loaded 2 times (x 115B)
Class org.gradle.internal.classloader.ClasspathUtil                                   : loaded 2 times (x 68B)
Class org.jetbrains.kotlin.metadata.ProtoBuf$TypeAlias                                : loaded 2 times (x 137B)
Class [Lorg.jetbrains.kotlin.metadata.ProtoBuf$TypeParameter$Variance;                : loaded 2 times (x 66B)
Class org.jetbrains.kotlin.metadata.ProtoBuf$Constructor                              : loaded 2 times (x 127B)
Class org.jetbrains.kotlin.inline.InlineUtilKt$WhenMappings                           : loaded 2 times (x 68B)
Class org.jetbrains.kotlin.metadata.jvm.deserialization.JvmMemberSignature            : loaded 2 times (x 71B)
Class org.jetbrains.kotlin.load.kotlin.header.KotlinClassHeader$Kind                  : loaded 2 times (x 76B)
Class org.jetbrains.kotlin.load.kotlin.KotlinJvmBinaryClass$AnnotationArgumentVisitor : loaded 2 times (x 67B)
Class kotlin.io.FileSystemException                                                   : loaded 2 times (x 79B)
Class org.jetbrains.kotlin.incremental.storage.IntExternalizer                        : loaded 2 times (x 72B)
Class org.jetbrains.kotlin.resolve.scopes.receivers.ReceiverValue                     : loaded 2 times (x 67B)
Class org.jetbrains.kotlin.metadata.jvm.JvmProtoBuf$JvmMethodSignature$Builder        : loaded 2 times (x 131B)
Class org.jetbrains.kotlin.metadata.ProtoBuf$VersionRequirementTableOrBuilder         : loaded 2 times (x 67B)
Class org.jetbrains.kotlin.metadata.jvm.JvmProtoBuf$JvmFieldSignatureOrBuilder        : loaded 2 times (x 67B)
Class kotlin.jvm.internal.DefaultConstructorMarker                                    : loaded 2 times (x 68B)
Class org.jetbrains.org.objectweb.asm.ModuleVisitor                                   : loaded 2 times (x 78B)
Class org.gradle.api.specs.Spec                                                       : loaded 2 times (x 67B)
Class org.jetbrains.kotlin.descriptors.DelegatedDescriptorVisibility                  : loaded 2 times (x 76B)
Class org.jetbrains.kotlin.serialization.deserialization.ProtoEnumFlagsUtilsKt$WhenMappings: loaded 2 times (x 68B)
Class org.jetbrains.kotlin.load.kotlin.header.KotlinClassHeader                       : loaded 2 times (x 69B)
Class org.jetbrains.kotlin.incremental.storage.MapExternalizer                        : loaded 2 times (x 77B)
Class org.jetbrains.kotlin.name.Name                                                  : loaded 2 times (x 72B)
Class org.jetbrains.kotlin.incremental.KotlinClassInfo$ExtraInfo                      : loaded 2 times (x 69B)
Class org.jetbrains.kotlin.metadata.deserialization.Flags                             : loaded 2 times (x 68B)
Class org.jetbrains.kotlin.metadata.ProtoBuf$TypeTable$1                              : loaded 2 times (x 141B)
Class org.jetbrains.org.objectweb.asm.Symbol                                          : loaded 2 times (x 70B)
Class org.jetbrains.kotlin.incremental.ClassProtoData                                 : loaded 2 times (x 69B)
Class kotlin.collections.EmptyIterator                                                : loaded 2 times (x 86B)
Class org.jetbrains.kotlin.inline.InlineFunctionOrAccessor                            : loaded 2 times (x 67B)
Class org.jetbrains.kotlin.metadata.ProtoBuf$Function                                 : loaded 2 times (x 158B)
Class org.jetbrains.kotlin.incremental.classpathDiff.impl.BasicClassInfoClassVisitor  : loaded 2 times (x 85B)
Class kotlin.SynchronizedLazyImpl                                                     : loaded 2 times (x 73B)
Class kotlin.text.StringsKt__RegexExtensionsKt                                        : loaded 2 times (x 68B)
Class jdk.internal.jimage.decompressor.ResourceDecompressorRepository                 : loaded 2 times (x 68B)
Class org.jetbrains.kotlin.metadata.ProtoBuf$Effect$InvocationKind                    : loaded 2 times (x 79B)
Class org.jetbrains.kotlin.metadata.ProtoBuf$VersionRequirementTable                  : loaded 2 times (x 104B)
Class org.jetbrains.kotlin.protobuf.LazyField                                         : loaded 2 times (x 80B)
Class org.jetbrains.kotlin.load.kotlin.header.ReadKotlinClassHeaderAnnotationVisitor  : loaded 2 times (x 77B)
Class kotlin.sequences.SequencesKt__SequencesJVMKt                                    : loaded 2 times (x 68B)
Class kotlin.collections.AbstractList                                                 : loaded 2 times (x 194B)
Class kotlin.collections.AbstractCollection                                           : loaded 2 times (x 114B)
Class jdk.internal.jimage.ImageReader$Directory                                       : loaded 2 times (x 81B)
Class org.jetbrains.kotlin.metadata.ProtoBuf$Expression$ConstantValue$1               : loaded 2 times (x 71B)
Class kotlin.collections.ArrayAsCollection                                            : loaded 2 times (x 102B)
Class org.jetbrains.kotlin.descriptors.DescriptorVisibilities$10                      : loaded 2 times (x 73B)
Class org.jetbrains.kotlin.metadata.ProtoBuf$TypeParameter$1                          : loaded 2 times (x 141B)
Class org.jetbrains.org.objectweb.asm.tree.LineNumberNode                             : loaded 2 times (x 76B)
Class kotlin.LazyKt__LazyKt                                                           : loaded 2 times (x 68B)
Class kotlin.text.StringsKt__StringBuilderJVMKt                                       : loaded 2 times (x 68B)
Class org.jetbrains.kotlin.com.google.common.base.Function                            : loaded 2 times (x 67B)
Class org.jetbrains.kotlin.descriptors.DescriptorVisibilities$11                      : loaded 2 times (x 73B)
Class org.jetbrains.kotlin.metadata.deserialization.BinaryVersion$Companion           : loaded 2 times (x 68B)
Class kotlin.UNINITIALIZED_VALUE                                                      : loaded 2 times (x 68B)
Class org.jetbrains.kotlin.buildtools.api.CompilationService                          : loaded 2 times (x 67B)
Class org.gradle.internal.classloader.VisitableURLClassLoader$InstrumentingVisitableURLClassLoader: loaded 2 times (x 120B)
Class org.jetbrains.kotlin.descriptors.DescriptorVisibilities$12                      : loaded 2 times (x 73B)
Class org.jetbrains.kotlin.metadata.ProtoBuf$ClassOrBuilder                           : loaded 2 times (x 67B)
Class org.jetbrains.kotlin.metadata.ProtoBuf$ValueParameter                           : loaded 2 times (x 130B)
Class kotlin.comparisons.ComparisonsKt__ComparisonsKt                                 : loaded 2 times (x 68B)
Class kotlin.ranges.RangesKt__RangesKt                                                : loaded 2 times (x 68B)
Class kotlin.collections.SetsKt___SetsKt                                              : loaded 2 times (x 68B)
Class kotlin.sequences.SequencesKt__SequencesKt                                       : loaded 2 times (x 68B)
Class org.gradle.internal.classloader.VisitableURLClassLoader$Spec                    : loaded 2 times (x 71B)
Class org.gradle.internal.classpath.DefaultClassPath                                  : loaded 2 times (x 87B)
Class org.jetbrains.kotlin.metadata.ProtoBuf$TypeAlias$1                              : loaded 2 times (x 141B)
Class org.jetbrains.kotlin.incremental.DifferenceCalculator                           : loaded 2 times (x 70B)
Class org.jetbrains.org.objectweb.asm.Handler                                         : loaded 2 times (x 69B)
Class org.jetbrains.kotlin.metadata.ProtoBuf$Annotation$Argument$ValueOrBuilder       : loaded 2 times (x 67B)
Class org.jetbrains.kotlin.incremental.impl.ExtraClassInfoGenerator                   : loaded 2 times (x 70B)
Class org.jetbrains.kotlin.com.intellij.util.io.DataExternalizer                      : loaded 2 times (x 67B)
Class kotlin.comparisons.ComparisonsKt                                                : loaded 2 times (x 68B)
Class kotlin.comparisons.ComparisonsKt___ComparisonsKt                                : loaded 2 times (x 68B)
Class kotlin.sequences.FilteringSequence                                              : loaded 2 times (x 72B)
Class org.jetbrains.kotlin.metadata.ProtoBuf$TypeParameter$Variance$1                 : loaded 2 times (x 71B)
Class jdk.internal.jimage.decompressor.ZipDecompressorFactory                         : loaded 2 times (x 71B)
Class org.jetbrains.kotlin.metadata.ProtoBuf$Effect$1                                 : loaded 2 times (x 141B)
Class org.jetbrains.kotlin.metadata.ProtoBuf$Visibility                               : loaded 2 times (x 79B)
Class org.jetbrains.kotlin.metadata.ProtoBuf$ConstructorOrBuilder                     : loaded 2 times (x 67B)
Class org.jetbrains.kotlin.metadata.jvm.JvmProtoBuf                                   : loaded 2 times (x 68B)
Class org.jetbrains.kotlin.metadata.jvm.deserialization.JvmMemberSignature$Field      : loaded 2 times (x 72B)
Class org.gradle.internal.classloader.ClassLoaderSpec                                 : loaded 2 times (x 68B)
Class kotlin.jvm.internal.FunctionReferenceImpl                                       : loaded 2 times (x 119B)
Class org.jetbrains.kotlin.descriptors.DeclarationDescriptorWithVisibility            : loaded 2 times (x 67B)
Class org.jetbrains.kotlin.protobuf.SmallSortedMap                                    : loaded 2 times (x 127B)
Class org.jetbrains.org.objectweb.asm.tree.AbstractInsnNode                           : loaded 2 times (x 75B)
Class org.jetbrains.org.objectweb.asm.tree.InnerClassNode                             : loaded 2 times (x 70B)
Class kotlin.collections.CollectionsKt___CollectionsJvmKt                             : loaded 2 times (x 68B)
Class org.jetbrains.kotlin.protobuf.SmallSortedMap$EmptySet                           : loaded 2 times (x 68B)
Class org.jetbrains.kotlin.protobuf.MessageLite                                       : loaded 2 times (x 67B)
Class kotlin.Unit                                                                     : loaded 2 times (x 68B)
Class kotlin.TuplesKt                                                                 : loaded 2 times (x 68B)
Class org.jetbrains.kotlin.incremental.IncrementalJvmCacheKt                          : loaded 2 times (x 68B)
Class org.jetbrains.kotlin.load.kotlin.header.KotlinClassHeader$Kind$Companion        : loaded 2 times (x 68B)
Class org.jetbrains.kotlin.incremental.classpathDiff.impl.InlinedClassSnapshotter     : loaded 2 times (x 72B)
Class kotlin.sequences.SequencesKt___SequencesJvmKt                                   : loaded 2 times (x 68B)
Class Settings_gradle$1$1                                                             : loaded 2 times (x 71B)
Class org.jetbrains.kotlin.cli.common.ModuleVisibilityHelperImpl                      : loaded 2 times (x 71B)
Class org.jetbrains.kotlin.incremental.classpathDiff.impl.PrefixBasedSnapshotter$special$$inlined$sortedBy$1: loaded 2 times (x 86B)
Class kotlin.ranges.RangesKt                                                          : loaded 2 times (x 68B)
Class org.gradle.internal.classloader.VisitableURLClassLoader                         : loaded 2 times (x 114B)
Class org.jetbrains.kotlin.load.kotlin.header.ReadKotlinClassHeaderAnnotationVisitor$1: loaded 2 times (x 68B)
Class org.jetbrains.kotlin.inline.InlineFunction                                      : loaded 2 times (x 72B)
Class kotlin.collections.ArraysUtilJVM                                                : loaded 2 times (x 68B)
Class kotlin.jvm.functions.Function0                                                  : loaded 2 times (x 67B)
Class Settings_gradle                                                                 : loaded 2 times (x 121B)
Class org.gradle.internal.Cast                                                        : loaded 2 times (x 68B)
Class org.gradle.api.Action                                                           : loaded 2 times (x 67B)
Class [Lorg.jetbrains.kotlin.metadata.ProtoBuf$VersionRequirement$VersionKind;        : loaded 2 times (x 66B)
Class org.jetbrains.kotlin.metadata.ProtoBuf$Effect$EffectConditionKind               : loaded 2 times (x 79B)
Class org.jetbrains.kotlin.protobuf.CodedOutputStream                                 : loaded 2 times (x 69B)
Class org.jetbrains.kotlin.metadata.ProtoBuf$Annotation                               : loaded 2 times (x 106B)
Class org.jetbrains.org.objectweb.asm.tree.TypeInsnNode                               : loaded 2 times (x 75B)
Class kotlin.jvm.functions.Function1                                                  : loaded 2 times (x 67B)
Class jdk.internal.jimage.decompressor.ZipDecompressor                                : loaded 2 times (x 72B)
Class org.jetbrains.kotlin.incremental.impl.InstanceOwnerRecordingClassVisitor$visitMethod$1: loaded 2 times (x 102B)
Class [Lorg.jetbrains.kotlin.metadata.jvm.JvmProtoBuf$StringTableTypes$Record$Operation;: loaded 2 times (x 66B)
Class [Lorg.jetbrains.kotlin.load.kotlin.header.KotlinClassHeader$Kind;               : loaded 2 times (x 66B)
Class kotlin.jvm.functions.Function2                                                  : loaded 2 times (x 67B)
Class org.gradle.internal.classpath.DefaultClassPath$ImmutableUniqueList$Builder      : loaded 2 times (x 72B)
Class org.jetbrains.org.objectweb.asm.tree.ModuleExportNode                           : loaded 2 times (x 70B)
Class org.jetbrains.kotlin.serialization.deserialization.ProtoEnumFlags               : loaded 2 times (x 68B)
Class org.jetbrains.kotlin.protobuf.Internal$EnumLite                                 : loaded 2 times (x 67B)
Class org.jetbrains.kotlin.incremental.classpathDiff.PackageFacadeKotlinClassSnapshot : loaded 2 times (x 73B)
Class kotlin.jvm.functions.Function3                                                  : loaded 2 times (x 67B)
Class kotlin.collections.MapsKt___MapsJvmKt                                           : loaded 2 times (x 68B)
Class org.jetbrains.kotlin.incremental.classpathDiff.impl.ClassListSnapshotterWithInlinedClassSupport: loaded 2 times (x 72B)
Class org.jetbrains.kotlin.incremental.impl.ConstantValueExternalizer                 : loaded 2 times (x 73B)
Class org.jetbrains.kotlin.protobuf.RopeByteString                                    : loaded 2 times (x 107B)
Class kotlin.collections.EmptySet                                                     : loaded 2 times (x 119B)
Class org.jetbrains.kotlin.metadata.jvm.deserialization.JvmNameResolverBase           : loaded 2 times (x 77B)
Class org.jetbrains.org.objectweb.asm.tree.IincInsnNode                               : loaded 2 times (x 75B)
Class org.jetbrains.org.objectweb.asm.tree.MultiANewArrayInsnNode                     : loaded 2 times (x 76B)
Class org.jetbrains.kotlin.incremental.classpathDiff.impl.BasicClassInfo$Companion    : loaded 2 times (x 68B)
Class org.jetbrains.kotlin.incremental.classpathDiff.impl.ClassMultiHashProvider      : loaded 2 times (x 67B)
Class kotlin.collections.CollectionsKt___CollectionsKt                                : loaded 2 times (x 68B)
Class org.jetbrains.kotlin.cli.common.arguments.K2JVMCompilerArguments                : loaded 2 times (x 73B)
Class org.gradle.api.GradleException                                                  : loaded 2 times (x 79B)
Class org.jetbrains.kotlin.incremental.PackagePartProtoData                           : loaded 2 times (x 69B)
Class kotlin.reflect.KDeclarationContainer                                            : loaded 2 times (x 67B)
Class org.jetbrains.org.objectweb.asm.SymbolTable$Entry                               : loaded 2 times (x 71B)
Class org.jetbrains.org.objectweb.asm.tree.LocalVariableAnnotationNode                : loaded 2 times (x 79B)
Class org.jetbrains.kotlin.metadata.deserialization.BinaryVersion                     : loaded 2 times (x 71B)
Class kotlin.text.StringsKt___StringsJvmKt                                            : loaded 2 times (x 68B)
Class jdk.internal.jimage.ImageStrings                                                : loaded 2 times (x 67B)
Class org.jetbrains.kotlin.metadata.ProtoBuf$EnumEntry$1                              : loaded 2 times (x 141B)
Class org.jetbrains.kotlin.metadata.ProtoBuf$Type$Argument$Projection                 : loaded 2 times (x 79B)
Class org.jetbrains.org.objectweb.asm.tree.InvokeDynamicInsnNode                      : loaded 2 times (x 75B)
Class kotlin.collections.MapsKt___MapsKt                                              : loaded 2 times (x 68B)
Class kotlin.io.FilesKt                                                               : loaded 2 times (x 68B)
Class kotlin.collections.ArraysKt___ArraysKt                                          : loaded 2 times (x 68B)
Class org.jetbrains.kotlin.metadata.jvm.JvmProtoBuf$JvmPropertySignature$Builder      : loaded 2 times (x 138B)
Class org.jetbrains.kotlin.incremental.classpathDiff.impl.PrefixBasedSnapshotter$getRangeByPredicate$1$iterator$1$special$$inlined$binarySearchBy$default$1: loaded 2 times (x 72B)
Class org.jetbrains.kotlin.incremental.classpathDiff.impl.PrefixBasedSnapshotter$getRangeByPredicate$1$iterator$1: loaded 2 times (x 76B)
Class [Lorg.jetbrains.org.objectweb.asm.Symbol;                                       : loaded 2 times (x 66B)
Class kotlin.collections.MapsKt__MapWithDefaultKt                                     : loaded 2 times (x 68B)
Class org.jetbrains.kotlin.cli.common.arguments.CommonCompilerArguments               : loaded 2 times (x 72B)
Class org.jetbrains.kotlin.incremental.ProtoData                                      : loaded 2 times (x 68B)
Class org.jetbrains.kotlin.metadata.ProtoBuf$VersionRequirementTable$1                : loaded 2 times (x 141B)
Class org.jetbrains.kotlin.metadata.ProtoBuf$Contract                                 : loaded 2 times (x 104B)
Class kotlin.collections.CollectionsKt__MutableCollectionsJVMKt                       : loaded 2 times (x 68B)
Class kotlin.enums.EnumEntriesKt                                                      : loaded 2 times (x 68B)
Class kotlin.text.StringsKt___StringsKt                                               : loaded 2 times (x 68B)
Class org.jetbrains.kotlin.cli.common.arguments.CommonCompilerArgumentsConfigurator   : loaded 2 times (x 71B)
Class org.gradle.internal.IoActions                                                   : loaded 2 times (x 68B)
Class org.jetbrains.kotlin.incremental.ProtoDifferenceUtilsKt                         : loaded 2 times (x 68B)
Class org.jetbrains.kotlin.metadata.jvm.deserialization.JvmNameResolverBase$WhenMappings: loaded 2 times (x 68B)
Class org.jetbrains.kotlin.descriptors.Visibilities$Local                             : loaded 2 times (x 76B)
Class org.jetbrains.kotlin.protobuf.WireFormat                                        : loaded 2 times (x 68B)
Class org.jetbrains.kotlin.metadata.jvm.deserialization.BitEncoding                   : loaded 2 times (x 68B)
Class [Lorg.jetbrains.kotlin.com.intellij.util.io.DataExternalizer;                   : loaded 2 times (x 66B)
Class org.jetbrains.org.objectweb.asm.Attribute                                       : loaded 2 times (x 72B)
Class org.jetbrains.org.objectweb.asm.Label                                           : loaded 2 times (x 69B)
Class org.gradle.internal.classloader.SystemClassLoaderSpec                           : loaded 2 times (x 68B)
Class [Lorg.jetbrains.kotlin.metadata.ProtoBuf$Effect$EffectType;                     : loaded 2 times (x 66B)
Class kotlin.reflect.KAnnotatedElement                                                : loaded 2 times (x 67B)
Class org.jetbrains.org.objectweb.asm.Frame                                           : loaded 2 times (x 70B)
Class org.jetbrains.kotlin.incremental.classpathDiff.DirectoryOrJarReader$Companion   : loaded 2 times (x 68B)
Class kotlin.jvm.internal.Intrinsics                                                  : loaded 2 times (x 68B)
Class org.jetbrains.kotlin.incremental.KotlinClassInfo                                : loaded 2 times (x 69B)
Class org.jetbrains.kotlin.metadata.ProtoBuf$Type$Argument                            : loaded 2 times (x 107B)
Class org.jetbrains.org.objectweb.asm.tree.ClassNode                                  : loaded 2 times (x 88B)
Class org.jetbrains.kotlin.load.kotlin.FileBasedKotlinClass$InnerClassesInfo          : loaded 2 times (x 71B)
Class kotlin.collections.MapsKt                                                       : loaded 2 times (x 68B)
Class kotlin.collections.CollectionsKt__IterablesKt                                   : loaded 2 times (x 68B)
Class jdk.internal.jrtfs.JrtFileSystem                                                : loaded 2 times (x 99B)
Class org.jetbrains.kotlin.resolve.scopes.receivers.Receiver                          : loaded 2 times (x 67B)
Class org.jetbrains.kotlin.metadata.ProtoBuf$Modality$1                               : loaded 2 times (x 71B)
Class org.jetbrains.org.objectweb.asm.tree.TypeAnnotationNode                         : loaded 2 times (x 78B)
Class kotlin.KotlinNullPointerException                                               : loaded 2 times (x 80B)
Class org.jetbrains.kotlin.cli.common.CompilerSystemProperties$Companion              : loaded 2 times (x 68B)
Class jdk.internal.jimage.decompressor.CompressedResourceHeader                       : loaded 2 times (x 68B)
Class org.jetbrains.kotlin.metadata.jvm.JvmProtoBuf$1                                 : loaded 2 times (x 68B)
Class org.jetbrains.kotlin.metadata.ProtoBuf$VersionRequirement                       : loaded 2 times (x 113B)
Class kotlin.ranges.RangesKt___RangesKt                                               : loaded 2 times (x 68B)
Class org.jetbrains.org.objectweb.asm.Opcodes                                         : loaded 2 times (x 67B)
Class org.jetbrains.kotlin.incremental.DifferenceCalculatorForPackageFacade           : loaded 2 times (x 71B)
Class org.jetbrains.kotlin.descriptors.annotations.Annotated                          : loaded 2 times (x 67B)
Class [Lorg.jetbrains.org.objectweb.asm.AnnotationVisitor;                            : loaded 2 times (x 66B)
Class org.jetbrains.kotlin.com.intellij.openapi.diagnostic.Attachment                 : loaded 2 times (x 69B)
Class org.jetbrains.kotlin.descriptors.SourceElement$1                                : loaded 2 times (x 71B)
Class kotlin.collections.ArraysKt                                                     : loaded 2 times (x 68B)
Class org.jetbrains.kotlin.cli.common.arguments.CommonToolArguments                   : loaded 2 times (x 70B)
Class org.jetbrains.kotlin.metadata.ProtoBuf$Expression$1                             : loaded 2 times (x 141B)
Class org.jetbrains.kotlin.descriptors.DescriptorVisibility                           : loaded 2 times (x 75B)
Class org.jetbrains.kotlin.incremental.classpathDiff.RegularKotlinClassSnapshot       : loaded 2 times (x 73B)
Class org.jetbrains.kotlin.incremental.impl.ClassNodeSnapshotter                      : loaded 2 times (x 68B)
Class kotlin.collections.SetsKt__SetsKt                                               : loaded 2 times (x 68B)
Class kotlin.LazyKt                                                                   : loaded 2 times (x 68B)
Class org.jetbrains.kotlin.metadata.ProtoBuf$ExpressionOrBuilder                      : loaded 2 times (x 67B)
Class org.jetbrains.kotlin.incremental.classpathDiff.impl.SingleClassSnapshotter$WhenMappings: loaded 2 times (x 68B)
Class [Lorg.jetbrains.kotlin.metadata.ProtoBuf$Type$Argument$Projection;              : loaded 2 times (x 66B)
Class org.jetbrains.kotlin.incremental.classpathDiff.JavaClassSnapshot                : loaded 2 times (x 72B)
Class org.jetbrains.org.objectweb.asm.RecordComponentWriter                           : loaded 2 times (x 75B)
Class kotlin.collections.ArraysKt__ArraysJVMKt                                        : loaded 2 times (x 68B)
Class org.jetbrains.kotlin.cli.common.messages.MessageCollector$Companion$NONE$1      : loaded 2 times (x 73B)
Class org.jetbrains.kotlin.metadata.ProtoBuf$EnumEntryOrBuilder                       : loaded 2 times (x 67B)
Class kotlin.jvm.internal.CallableReference$NoReceiver                                : loaded 2 times (x 68B)
Class org.jetbrains.kotlin.incremental.impl.InstanceOwnerRecordingClassVisitor        : loaded 2 times (x 85B)
Class org.jetbrains.kotlin.descriptors.ValidateableDescriptor                         : loaded 2 times (x 67B)
Class org.jetbrains.kotlin.metadata.jvm.JvmProtoBuf$JvmPropertySignature$1            : loaded 2 times (x 141B)
Class org.jetbrains.org.objectweb.asm.MethodWriter                                    : loaded 2 times (x 103B)
Class kotlin.text.StringsKt__StringBuilderKt                                          : loaded 2 times (x 68B)
Class org.gradle.api.internal.classpath.GlobalCacheRootsProvider                      : loaded 2 times (x 67B)
Class org.jetbrains.kotlin.incremental.storage.FqNameExternalizer                     : loaded 2 times (x 72B)
Class kotlin.Lazy                                                                     : loaded 2 times (x 67B)
Class kotlin.NoWhenBranchMatchedException                                             : loaded 2 times (x 79B)
Class [Lorg.jetbrains.kotlin.metadata.ProtoBuf$Expression$ConstantValue;              : loaded 2 times (x 66B)
Class org.jetbrains.kotlin.metadata.ProtoBuf$Effect                                   : loaded 2 times (x 112B)
Class org.jetbrains.kotlin.incremental.storage.ClassIdExternalizer                    : loaded 2 times (x 72B)
Class org.jetbrains.org.objectweb.asm.tree.InsnNode                                   : loaded 2 times (x 75B)
Class [Lkotlin.jvm.functions.Function1;                                               : loaded 2 times (x 66B)
Class org.jetbrains.org.objectweb.asm.RecordComponentVisitor                          : loaded 2 times (x 74B)
Class org.jetbrains.kotlin.descriptors.Visibility                                     : loaded 2 times (x 76B)
Class org.jetbrains.kotlin.protobuf.RopeByteString$RopeInputStream                    : loaded 2 times (x 89B)
Class org.jetbrains.kotlin.protobuf.CodedInputStream                                  : loaded 2 times (x 69B)
Class org.jetbrains.kotlin.incremental.storage.NullableValueExternalizer              : loaded 2 times (x 73B)
Class org.jetbrains.org.objectweb.asm.MethodTooLargeException                         : loaded 2 times (x 80B)
Class org.jetbrains.org.objectweb.asm.Context                                         : loaded 2 times (x 69B)
Class kotlin.sequences.ConstrainedOnceSequence                                        : loaded 2 times (x 72B)
Class org.jetbrains.kotlin.metadata.ProtoBuf$1                                        : loaded 2 times (x 68B)
Class org.jetbrains.kotlin.mpp.DeclarationSymbolMarker                                : loaded 2 times (x 67B)
Class org.jetbrains.kotlin.protobuf.MessageLite$Builder                               : loaded 2 times (x 67B)
Class org.jetbrains.org.objectweb.asm.CurrentFrame                                    : loaded 2 times (x 70B)
Class kotlin.jvm.internal.markers.KMappedMarker                                       : loaded 2 times (x 67B)
Class Build_gradle                                                                    : loaded 2 times (x 123B)
Class org.gradle.internal.installation.CurrentGradleInstallationLocator               : loaded 2 times (x 68B)
Class org.jetbrains.kotlin.metadata.ProtoBuf$VersionRequirement$Level$1               : loaded 2 times (x 71B)
Class org.jetbrains.kotlin.protobuf.FieldSet$1                                        : loaded 2 times (x 68B)
Class org.jetbrains.kotlin.com.intellij.openapi.util.ThreadLocalCachedValue           : loaded 2 times (x 72B)
Class org.jetbrains.org.objectweb.asm.tree.LdcInsnNode                                : loaded 2 times (x 75B)
Class org.jetbrains.kotlin.incremental.classpathDiff.ClasspathEntrySnapshotter        : loaded 2 times (x 68B)
Class org.jetbrains.kotlin.cli.common.messages.CompilerMessageSeverity$Companion      : loaded 2 times (x 68B)
Class org.gradle.internal.service.DefaultServiceLocator                               : loaded 2 times (x 80B)
Class org.jetbrains.kotlin.metadata.ProtoBuf$Class$Kind$1                             : loaded 2 times (x 71B)
Class org.jetbrains.kotlin.protobuf.SmallSortedMap$Entry                              : loaded 2 times (x 85B)
Class org.jetbrains.kotlin.metadata.ProtoBuf$Package$1                                : loaded 2 times (x 141B)
Class org.jetbrains.org.objectweb.asm.SymbolTable                                     : loaded 2 times (x 69B)
Class org.jetbrains.org.objectweb.asm.tree.UnsupportedClassVersionException           : loaded 2 times (x 79B)
Class org.jetbrains.org.objectweb.asm.tree.RecordComponentNode                        : loaded 2 times (x 76B)
Class org.jetbrains.kotlin.name.FqName$Companion                                      : loaded 2 times (x 68B)
Class org.jetbrains.kotlin.util.capitalizeDecapitalize.CapitalizeDecapitalizeKt       : loaded 2 times (x 68B)
Class org.gradle.internal.installation.CurrentGradleInstallation                      : loaded 2 times (x 70B)
Class org.jetbrains.kotlin.metadata.ProtoBuf$Annotation$ArgumentOrBuilder             : loaded 2 times (x 67B)
Class org.jetbrains.kotlin.protobuf.FieldSet$FieldDescriptorLite                      : loaded 2 times (x 67B)
Class org.jetbrains.kotlin.protobuf.AbstractMessageLite                               : loaded 2 times (x 95B)
Class org.jetbrains.org.objectweb.asm.ModuleWriter                                    : loaded 2 times (x 79B)
Class org.jetbrains.kotlin.incremental.classpathDiff.JarReader                        : loaded 2 times (x 79B)
Class org.gradle.util.internal.GUtil                                                  : loaded 2 times (x 68B)
Class org.jetbrains.kotlin.metadata.jvm.JvmProtoBuf$StringTableTypes$Record           : loaded 2 times (x 116B)
Class org.jetbrains.kotlin.protobuf.FieldSet                                          : loaded 2 times (x 69B)
Class [Lorg.jetbrains.org.objectweb.asm.Label;                                        : loaded 2 times (x 66B)
Class kotlin.io.NoSuchFileException                                                   : loaded 2 times (x 79B)
Class kotlin.collections.CollectionsKt                                                : loaded 2 times (x 68B)
Class org.jetbrains.kotlin.incremental.DifferenceCalculatorForPackageFacade$Companion : loaded 2 times (x 68B)
Class [Lorg.jetbrains.kotlin.metadata.ProtoBuf$MemberKind;                            : loaded 2 times (x 66B)
Class org.jetbrains.kotlin.metadata.ProtoBuf$Package                                  : loaded 2 times (x 126B)
Class org.jetbrains.kotlin.metadata.ProtoBuf$Annotation$Argument$Value$Type$1         : loaded 2 times (x 71B)
Class org.jetbrains.kotlin.metadata.ProtoBuf$TypeTableOrBuilder                       : loaded 2 times (x 67B)
Class org.jetbrains.kotlin.metadata.ProtoBuf$TypeOrBuilder                            : loaded 2 times (x 67B)
Class org.jetbrains.kotlin.buildtools.internal.CompilationServiceImpl                 : loaded 2 times (x 78B)
Class org.gradle.internal.installation.GradleInstallation                             : loaded 2 times (x 72B)
Class org.jetbrains.kotlin.metadata.deserialization.ProtoTypeTableUtilKt              : loaded 2 times (x 68B)
Class org.jetbrains.kotlin.incremental.storage.InlineFunctionOrAccessorExternalizer   : loaded 2 times (x 73B)
Class [Lorg.jetbrains.kotlin.descriptors.DescriptorVisibility;                        : loaded 2 times (x 66B)
Class org.jetbrains.kotlin.incremental.classpathDiff.impl.ClassFileWithContentsProvider: loaded 2 times (x 69B)
Class kotlin.collections.CollectionsKt__IteratorsJVMKt$iterator$1                     : loaded 2 times (x 76B)
Class jdk.internal.jimage.decompressor.ResourceDecompressor$StringsProvider           : loaded 2 times (x 67B)
Class org.jetbrains.org.objectweb.asm.tree.ModuleRequireNode                          : loaded 2 times (x 70B)
Class org.jetbrains.kotlin.metadata.ProtoBuf$Annotation$Builder                       : loaded 2 times (x 133B)
Class kotlin.jvm.KotlinReflectionNotSupportedError                                    : loaded 2 times (x 79B)
Class org.jetbrains.kotlin.metadata.jvm.JvmProtoBuf$StringTableTypes$Record$Operation : loaded 2 times (x 79B)
Class org.jetbrains.kotlin.com.intellij.openapi.diagnostic.DefaultLogger              : loaded 2 times (x 97B)

---------------  S Y S T E M  ---------------

OS:
 Windows 11 , 64 bit Build 22621 (10.0.22621.1194)
OS uptime: 14 days 7:05 hours

CPU: total 4 (initial active 4) (2 cores per cpu, 2 threads per core) family 6 model 78 stepping 3 microcode 0xd6, cx8, cmov, fxsr, ht, mmx, 3dnowpref, sse, sse2, sse3, ssse3, sse4.1, sse4.2, popcnt, lzcnt, tsc, tscinvbit, avx, avx2, aes, erms, clmul, bmi1, bmi2, adx, fma, vzeroupper, clflush, clflushopt, rdtscp, f16c
Processor Information for all 4 processors :
  Max Mhz: 1501, Current Mhz: 1100, Mhz Limit: 1095

Memory: 4k page, system-wide physical 8123M (248M free)
TotalPageFile size 14213M (AvailPageFile size 11M)
current process WorkingSet (physical memory assigned to process): 759M, peak: 1089M
current process commit charge ("private bytes"): 1065M, peak: 1615M

vm_info: OpenJDK 64-Bit Server VM (21.0.3+-12282718-b509.11) for windows-amd64 JRE (21.0.3+-12282718-b509.11), built on 2024-08-27T17:34:15Z by "builder" with MS VC++ 16.10 / 16.11 (VS2019)

END.
